1
2932
5863
8794
11725
14656
17587
20518
23449
26380
29311
32242
35173
38104
41035
43966
46897
49828
52759
55690
58621
61552
64483
67414
70345
73276
76207
79138
82069
85000
87931
90862
93793
96724
99655
-1
-1
-1
-1
-1
-1
172
3103
6034
8965
11896
14827
17758
20689
23620
26551
29482
32413
35344
38275
41206
44137
47068
49999
52930
55861
58792
61723
64654
67585
70516
73447
76378
79309
82240
85171
88102
91033
93964
96895
99826
-1
-1
-1
-1
-1
-1
343
3274
6205
9136
12067
14998
17929
20860
23791
26722
29653
32584
35515
38446
41377
44308
47239
50170
53101
56032
58963
61894
64825
67756
70687
73618
76549
79480
82411
85342
88273
91204
94135
97066
99997
-1
-1
-1
-1
-1
-1
514
3445
6376
9307
12238
15169
18100
21031
23962
26893
29824
32755
35686
38617
41548
44479
47410
50341
53272
56203
59134
62065
64996
67927
70858
73789
76720
79651
82582
85513
88444
91375
94306
97237
-1
-1
-1
-1
-1
-1
-1
685
3616
6547
9478
12409
15340
18271
21202
24133
27064
29995
32926
35857
38788
41719
44650
47581
50512
53443
56374
59305
62236
65167
68098
71029
73960
76891
79822
82753
85684
88615
91546
94477
97408
-1
-1
-1
-1
-1
-1
-1
856
3787
6718
9649
12580
15511
18442
21373
24304
27235
30166
33097
36028
38959
41890
44821
47752
50683
53614
56545
59476
62407
65338
68269
71200
74131
77062
79993
82924
85855
88786
91717
94648
97579
-1
-1
-1
-1
-1
-1
-1
1027
3958
6889
9820
12751
15682
18613
21544
24475
27406
30337
33268
36199
39130
42061
44992
47923
50854
53785
56716
59647
62578
65509
68440
71371
74302
77233
80164
83095
86026
88957
91888
94819
97750
-1
-1
-1
-1
-1
-1
-1
1198
4129
7060
9991
12922
15853
18784
21715
24646
27577
30508
33439
36370
39301
42232
45163
48094
51025
53956
56887
59818
62749
65680
68611
71542
74473
77404
80335
83266
86197
89128
92059
94990
97921
-1
-1
-1
-1
-1
-1
-1
1369
4300
7231
10162
13093
16024
18955
21886
24817
27748
30679
33610
36541
39472
42403
45334
48265
51196
54127
57058
59989
62920
65851
68782
71713
74644
77575
80506
83437
86368
89299
92230
95161
98092
-1
-1
-1
-1
-1
-1
-1
1540
4471
7402
10333
13264
16195
19126
22057
24988
27919
30850
33781
36712
39643
42574
45505
48436
51367
54298
57229
60160
63091
66022
68953
71884
74815
77746
80677
83608
86539
89470
92401
95332
98263
-1
-1
-1
-1
-1
-1
-1
1711
4642
7573
10504
13435
16366
19297
22228
25159
28090
31021
33952
36883
39814
42745
45676
48607
51538
54469
57400
60331
63262
66193
69124
72055
74986
77917
80848
83779
86710
89641
92572
95503
98434
-1
-1
-1
-1
-1
-1
-1
1882
4813
7744
10675
13606
16537
19468
22399
25330
28261
31192
34123
37054
39985
42916
45847
48778
51709
54640
57571
60502
63433
66364
69295
72226
75157
78088
81019
83950
86881
89812
92743
95674
98605
-1
-1
-1
-1
-1
-1
-1
2053
4984
7915
10846
13777
16708
19639
22570
25501
28432
31363
34294
37225
40156
43087
46018
48949
51880
54811
57742
60673
63604
66535
69466
72397
75328
78259
81190
84121
87052
89983
92914
95845
98776
-1
-1
-1
-1
-1
-1
-1
2224
5155
8086
11017
13948
16879
19810
22741
25672
28603
31534
34465
37396
40327
43258
46189
49120
52051
54982
57913
60844
63775
66706
69637
72568
75499
78430
81361
84292
87223
90154
93085
96016
98947
-1
-1
-1
-1
-1
-1
-1
2395
5326
8257
11188
14119
17050
19981
22912
25843
28774
31705
34636
37567
40498
43429
46360
49291
52222
55153
58084
61015
63946
66877
69808
72739
75670
78601
81532
84463
87394
90325
93256
96187
99118
-1
-1
-1
-1
-1
-1
-1
2566
5497
8428
11359
14290
17221
20152
23083
26014
28945
31876
34807
37738
40669
43600
46531
49462
52393
55324
58255
61186
64117
67048
69979
72910
75841
78772
81703
84634
87565
90496
93427
96358
99289
-1
-1
-1
-1
-1
-1
-1
2737
5668
8599
11530
14461
17392
20323
23254
26185
29116
32047
34978
37909
40840
43771
46702
49633
52564
55495
58426
61357
64288
67219
70150
73081
76012
78943
81874
84805
87736
90667
93598
96529
99460
-1
-1
-1
-1
-1
-1
-1
2908
5839
8770
11701
14632
17563
20494
23425
26356
29287
32218
35149
38080
41011
43942
46873
49804
52735
55666
58597
61528
64459
67390
70321
73252
76183
79114
82045
84976
87907
90838
93769
96700
99631
-1
-1
-1
-1
-1
-1
148
3079
6010
8941
11872
14803
17734
20665
23596
26527
29458
32389
35320
38251
41182
44113
47044
49975
52906
55837
58768
61699
64630
67561
70492
73423
76354
79285
82216
85147
88078
91009
93940
96871
99802
-1
-1
-1
-1
-1
-1
319
3250
6181
9112
12043
14974
17905
20836
23767
26698
29629
32560
35491
38422
41353
44284
47215
50146
53077
56008
58939
61870
64801
67732
70663
73594
76525
79456
82387
85318
88249
91180
94111
97042
99973
-1
-1
-1
-1
-1
-1
490
3421
6352
9283
12214
15145
18076
21007
23938
26869
29800
32731
35662
38593
41524
44455
47386
50317
53248
56179
59110
62041
64972
67903
70834
73765
76696
79627
82558
85489
88420
91351
94282
97213
-1
-1
-1
-1
-1
-1
-1
661
3592
6523
9454
12385
15316
18247
21178
24109
27040
29971
32902
35833
38764
41695
44626
47557
50488
53419
56350
59281
62212
65143
68074
71005
73936
76867
79798
82729
85660
88591
91522
94453
97384
-1
-1
-1
-1
-1
-1
-1
832
3763
6694
9625
12556
15487
18418
21349
24280
27211
30142
33073
36004
38935
41866
44797
47728
50659
53590
56521
59452
62383
65314
68245
71176
74107
77038
79969
82900
85831
88762
91693
94624
97555
-1
-1
-1
-1
-1
-1
-1
1003
3934
6865
9796
12727
15658
18589
21520
24451
27382
30313
33244
36175
39106
42037
44968
47899
50830
53761
56692
59623
62554
65485
68416
71347
74278
77209
80140
83071
86002
88933
91864
94795
97726
-1
-1
-1
-1
-1
-1
-1
1174
4105
7036
9967
12898
15829
18760
21691
24622
27553
30484
33415
36346
39277
42208
45139
48070
51001
53932
56863
59794
62725
65656
68587
71518
74449
77380
80311
83242
86173
89104
92035
94966
97897
-1
-1
-1
-1
-1
-1
-1
1345
4276
7207
10138
13069
16000
18931
21862
24793
27724
30655
33586
36517
39448
42379
45310
48241
51172
54103
57034
59965
62896
65827
68758
71689
74620
77551
80482
83413
86344
89275
92206
95137
98068
-1
-1
-1
-1
-1
-1
-1
1516
4447
7378
10309
13240
16171
19102
22033
24964
27895
30826
33757
36688
39619
42550
45481
48412
51343
54274
57205
60136
63067
65998
68929
71860
74791
77722
80653
83584
86515
89446
92377
95308
98239
-1
-1
-1
-1
-1
-1
-1
1687
4618
7549
10480
13411
16342
19273
22204
25135
28066
30997
33928
36859
39790
42721
45652
48583
51514
54445
57376
60307
63238
66169
69100
72031
74962
77893
80824
83755
86686
89617
92548
95479
98410
-1
-1
-1
-1
-1
-1
-1
1858
4789
7720
10651
13582
16513
19444
22375
25306
28237
31168
34099
37030
39961
42892
45823
48754
51685
54616
57547
60478
63409
66340
69271
72202
75133
78064
80995
83926
86857
89788
92719
95650
98581
-1
-1
-1
-1
-1
-1
-1
2029
4960
7891
10822
13753
16684
19615
22546
25477
28408
31339
34270
37201
40132
43063
45994
48925
51856
54787
57718
60649
63580
66511
69442
72373
75304
78235
81166
84097
87028
89959
92890
95821
98752
-1
-1
-1
-1
-1
-1
-1
2200
5131
8062
10993
13924
16855
19786
22717
25648
28579
31510
34441
37372
40303
43234
46165
49096
52027
54958
57889
60820
63751
66682
69613
72544
75475
78406
81337
84268
87199
90130
93061
95992
98923
-1
-1
-1
-1
-1
-1
-1
2371
5302
8233
11164
14095
17026
19957
22888
25819
28750
31681
34612
37543
40474
43405
46336
49267
52198
55129
58060
60991
63922
66853
69784
72715
75646
78577
81508
84439
87370
90301
93232
96163
99094
-1
-1
-1
-1
-1
-1
-1
2542
5473
8404
11335
14266
17197
20128
23059
25990
28921
31852
34783
37714
40645
43576
46507
49438
52369
55300
58231
61162
64093
67024
69955
72886
75817
78748
81679
84610
87541
90472
93403
96334
99265
-1
-1
-1
-1
-1
-1
-1
2713
5644
8575
11506
14437
17368
20299
23230
26161
29092
32023
34954
37885
40816
43747
46678
49609
52540
55471
58402
61333
64264
67195
70126
73057
75988
78919
81850
84781
87712
90643
93574
96505
99436
-1
-1
-1
-1
-1
-1
-1
2884
5815
8746
11677
14608
17539
20470
23401
26332
29263
32194
35125
38056
40987
43918
46849
49780
52711
55642
58573
61504
64435
67366
70297
73228
76159
79090
82021
84952
87883
90814
93745
96676
99607
-1
-1
-1
-1
-1
-1
124
3055
5986
8917
11848
14779
17710
20641
23572
26503
29434
32365
35296
38227
41158
44089
47020
49951
52882
55813
58744
61675
64606
67537
70468
73399
76330
79261
82192
85123
88054
90985
93916
96847
99778
-1
-1
-1
-1
-1
-1
295
3226
6157
9088
12019
14950
17881
20812
23743
26674
29605
32536
35467
38398
41329
44260
47191
50122
53053
55984
58915
61846
64777
67708
70639
73570
76501
79432
82363
85294
88225
91156
94087
97018
99949
-1
-1
-1
-1
-1
-1
466
3397
6328
9259
12190
15121
18052
20983
23914
26845
29776
32707
35638
38569
41500
44431
47362
50293
53224
56155
59086
62017
64948
67879
70810
73741
76672
79603
82534
85465
88396
91327
94258
97189
-1
-1
-1
-1
-1
-1
-1
637
3568
6499
9430
12361
15292
18223
21154
24085
27016
29947
32878
35809
38740
41671
44602
47533
50464
53395
56326
59257
62188
65119
68050
70981
73912
76843
79774
82705
85636
88567
91498
94429
97360
-1
-1
-1
-1
-1
-1
-1
808
3739
6670
9601
12532
15463
18394
21325
24256
27187
30118
33049
35980
38911
41842
44773
47704
50635
53566
56497
59428
62359
65290
68221
71152
74083
77014
79945
82876
85807
88738
91669
94600
97531
-1
-1
-1
-1
-1
-1
-1
979
3910
6841
9772
12703
15634
18565
21496
24427
27358
30289
33220
36151
39082
42013
44944
47875
50806
53737
56668
59599
62530
65461
68392
71323
74254
77185
80116
83047
85978
88909
91840
94771
97702
-1
-1
-1
-1
-1
-1
-1
1150
4081
7012
9943
12874
15805
18736
21667
24598
27529
30460
33391
36322
39253
42184
45115
48046
50977
53908
56839
59770
62701
65632
68563
71494
74425
77356
80287
83218
86149
89080
92011
94942
97873
-1
-1
-1
-1
-1
-1
-1
1321
4252
7183
10114
13045
15976
18907
21838
24769
27700
30631
33562
36493
39424
42355
45286
48217
51148
54079
57010
59941
62872
65803
68734
71665
74596
77527
80458
83389
86320
89251
92182
95113
98044
-1
-1
-1
-1
-1
-1
-1
1492
4423
7354
10285
13216
16147
19078
22009
24940
27871
30802
33733
36664
39595
42526
45457
48388
51319
54250
57181
60112
63043
65974
68905
71836
74767
77698
80629
83560
86491
89422
92353
95284
98215
-1
-1
-1
-1
-1
-1
-1
1663
4594
7525
10456
13387
16318
19249
22180
25111
28042
30973
33904
36835
39766
42697
45628
48559
51490
54421
57352
60283
63214
66145
69076
72007
74938
77869
80800
83731
86662
89593
92524
95455
98386
-1
-1
-1
-1
-1
-1
-1
1834
4765
7696
10627
13558
16489
19420
22351
25282
28213
31144
34075
37006
39937
42868
45799
48730
51661
54592
57523
60454
63385
66316
69247
72178
75109
78040
80971
83902
86833
89764
92695
95626
98557
-1
-1
-1
-1
-1
-1
-1
2005
4936
7867
10798
13729
16660
19591
22522
25453
28384
31315
34246
37177
40108
43039
45970
48901
51832
54763
57694
60625
63556
66487
69418
72349
75280
78211
81142
84073
87004
89935
92866
95797
98728
-1
-1
-1
-1
-1
-1
-1
2176
5107
8038
10969
13900
16831
19762
22693
25624
28555
31486
34417
37348
40279
43210
46141
49072
52003
54934
57865
60796
63727
66658
69589
72520
75451
78382
81313
84244
87175
90106
93037
95968
98899
-1
-1
-1
-1
-1
-1
-1
2347
5278
8209
11140
14071
17002
19933
22864
25795
28726
31657
34588
37519
40450
43381
46312
49243
52174
55105
58036
60967
63898
66829
69760
72691
75622
78553
81484
84415
87346
90277
93208
96139
99070
-1
-1
-1
-1
-1
-1
-1
2518
5449
8380
11311
14242
17173
20104
23035
25966
28897
31828
34759
37690
40621
43552
46483
49414
52345
55276
58207
61138
64069
67000
69931
72862
75793
78724
81655
84586
87517
90448
93379
96310
99241
-1
-1
-1
-1
-1
-1
-1
2689
5620
8551
11482
14413
17344
20275
23206
26137
29068
31999
34930
37861
40792
43723
46654
49585
52516
55447
58378
61309
64240
67171
70102
73033
75964
78895
81826
84757
87688
90619
93550
96481
99412
-1
-1
-1
-1
-1
-1
-1
2860
5791
8722
11653
14584
17515
20446
23377
26308
29239
32170
35101
38032
40963
43894
46825
49756
52687
55618
58549
61480
64411
67342
70273
73204
76135
79066
81997
84928
87859
90790
93721
96652
99583
-1
-1
-1
-1
-1
-1
100
3031
5962
8893
11824
14755
17686
20617
23548
26479
29410
32341
35272
38203
41134
44065
46996
49927
52858
55789
58720
61651
64582
67513
70444
73375
76306
79237
82168
85099
88030
90961
93892
96823
99754
-1
-1
-1
-1
-1
-1
271
3202
6133
9064
11995
14926
17857
20788
23719
26650
29581
32512
35443
38374
41305
44236
47167
50098
53029
55960
58891
61822
64753
67684
70615
73546
76477
79408
82339
85270
88201
91132
94063
96994
99925
-1
-1
-1
-1
-1
-1
442
3373
6304
9235
12166
15097
18028
20959
23890
26821
29752
32683
35614
38545
41476
44407
47338
50269
53200
56131
59062
61993
64924
67855
70786
73717
76648
79579
82510
85441
88372
91303
94234
97165
-1
-1
-1
-1
-1
-1
-1
613
3544
6475
9406
12337
15268
18199
21130
24061
26992
29923
32854
35785
38716
41647
44578
47509
50440
53371
56302
59233
62164
65095
68026
70957
73888
76819
79750
82681
85612
88543
91474
94405
97336
-1
-1
-1
-1
-1
-1
-1
784
3715
6646
9577
12508
15439
18370
21301
24232
27163
30094
33025
35956
38887
41818
44749
47680
50611
53542
56473
59404
62335
65266
68197
71128
74059
76990
79921
82852
85783
88714
91645
94576
97507
-1
-1
-1
-1
-1
-1
-1
955
3886
6817
9748
12679
15610
18541
21472
24403
27334
30265
33196
36127
39058
41989
44920
47851
50782
53713
56644
59575
62506
65437
68368
71299
74230
77161
80092
83023
85954
88885
91816
94747
97678
-1
-1
-1
-1
-1
-1
-1
1126
4057
6988
9919
12850
15781
18712
21643
24574
27505
30436
33367
36298
39229
42160
45091
48022
50953
53884
56815
59746
62677
65608
68539
71470
74401
77332
80263
83194
86125
89056
91987
94918
97849
-1
-1
-1
-1
-1
-1
-1
1297
4228
7159
10090
13021
15952
18883
21814
24745
27676
30607
33538
36469
39400
42331
45262
48193
51124
54055
56986
59917
62848
65779
68710
71641
74572
77503
80434
83365
86296
89227
92158
95089
98020
-1
-1
-1
-1
-1
-1
-1
1468
4399
7330
10261
13192
16123
19054
21985
24916
27847
30778
33709
36640
39571
42502
45433
48364
51295
54226
57157
60088
63019
65950
68881
71812
74743
77674
80605
83536
86467
89398
92329
95260
98191
-1
-1
-1
-1
-1
-1
-1
1639
4570
7501
10432
13363
16294
19225
22156
25087
28018
30949
33880
36811
39742
42673
45604
48535
51466
54397
57328
60259
63190
66121
69052
71983
74914
77845
80776
83707
86638
89569
92500
95431
98362
-1
-1
-1
-1
-1
-1
-1
1810
4741
7672
10603
13534
16465
19396
22327
25258
28189
31120
34051
36982
39913
42844
45775
48706
51637
54568
57499
60430
63361
66292
69223
72154
75085
78016
80947
83878
86809
89740
92671
95602
98533
-1
-1
-1
-1
-1
-1
-1
1981
4912
7843
10774
13705
16636
19567
22498
25429
28360
31291
34222
37153
40084
43015
45946
48877
51808
54739
57670
60601
63532
66463
69394
72325
75256
78187
81118
84049
86980
89911
92842
95773
98704
-1
-1
-1
-1
-1
-1
-1
2152
5083
8014
10945
13876
16807
19738
22669
25600
28531
31462
34393
37324
40255
43186
46117
49048
51979
54910
57841
60772
63703
66634
69565
72496
75427
78358
81289
84220
87151
90082
93013
95944
98875
-1
-1
-1
-1
-1
-1
-1
2323
5254
8185
11116
14047
16978
19909
22840
25771
28702
31633
34564
37495
40426
43357
46288
49219
52150
55081
58012
60943
63874
66805
69736
72667
75598
78529
81460
84391
87322
90253
93184
96115
99046
-1
-1
-1
-1
-1
-1
-1
2494
5425
8356
11287
14218
17149
20080
23011
25942
28873
31804
34735
37666
40597
43528
46459
49390
52321
55252
58183
61114
64045
66976
69907
72838
75769
78700
81631
84562
87493
90424
93355
96286
99217
-1
-1
-1
-1
-1
-1
-1
2665
5596
8527
11458
14389
17320
20251
23182
26113
29044
31975
34906
37837
40768
43699
46630
49561
52492
55423
58354
61285
64216
67147
70078
73009
75940
78871
81802
84733
87664
90595
93526
96457
99388
-1
-1
-1
-1
-1
-1
-1
2836
5767
8698
11629
14560
17491
20422
23353
26284
29215
32146
35077
38008
40939
43870
46801
49732
52663
55594
58525
61456
64387
67318
70249
73180
76111
79042
81973
84904
87835
90766
93697
96628
99559
-1
-1
-1
-1
-1
-1
76
3007
5938
8869
11800
14731
17662
20593
23524
26455
29386
32317
35248
38179
41110
44041
46972
49903
52834
55765
58696
61627
64558
67489
70420
73351
76282
79213
82144
85075
88006
90937
93868
96799
99730
-1
-1
-1
-1
-1
-1
247
3178
6109
9040
11971
14902
17833
20764
23695
26626
29557
32488
35419
38350
41281
44212
47143
50074
53005
55936
58867
61798
64729
67660
70591
73522
76453
79384
82315
85246
88177
91108
94039
96970
99901
-1
-1
-1
-1
-1
-1
418
3349
6280
9211
12142
15073
18004
20935
23866
26797
29728
32659
35590
38521
41452
44383
47314
50245
53176
56107
59038
61969
64900
67831
70762
73693
76624
79555
82486
85417
88348
91279
94210
97141
-1
-1
-1
-1
-1
-1
-1
589
3520
6451
9382
12313
15244
18175
21106
24037
26968
29899
32830
35761
38692
41623
44554
47485
50416
53347
56278
59209
62140
65071
68002
70933
73864
76795
79726
82657
85588
88519
91450
94381
97312
-1
-1
-1
-1
-1
-1
-1
760
3691
6622
9553
12484
15415
18346
21277
24208
27139
30070
33001
35932
38863
41794
44725
47656
50587
53518
56449
59380
62311
65242
68173
71104
74035
76966
79897
82828
85759
88690
91621
94552
97483
-1
-1
-1
-1
-1
-1
-1
931
3862
6793
9724
12655
15586
18517
21448
24379
27310
30241
33172
36103
39034
41965
44896
47827
50758
53689
56620
59551
62482
65413
68344
71275
74206
77137
80068
82999
85930
88861
91792
94723
97654
-1
-1
-1
-1
-1
-1
-1
1102
4033
6964
9895
12826
15757
18688
21619
24550
27481
30412
33343
36274
39205
42136
45067
47998
50929
53860
56791
59722
62653
65584
68515
71446
74377
77308
80239
83170
86101
89032
91963
94894
97825
-1
-1
-1
-1
-1
-1
-1
1273
4204
7135
10066
12997
15928
18859
21790
24721
27652
30583
33514
36445
39376
42307
45238
48169
51100
54031
56962
59893
62824
65755
68686
71617
74548
77479
80410
83341
86272
89203
92134
95065
97996
-1
-1
-1
-1
-1
-1
-1
1444
4375
7306
10237
13168
16099
19030
21961
24892
27823
30754
33685
36616
39547
42478
45409
48340
51271
54202
57133
60064
62995
65926
68857
71788
74719
77650
80581
83512
86443
89374
92305
95236
98167
-1
-1
-1
-1
-1
-1
-1
1615
4546
7477
10408
13339
16270
19201
22132
25063
27994
30925
33856
36787
39718
42649
45580
48511
51442
54373
57304
60235
63166
66097
69028
71959
74890
77821
80752
83683
86614
89545
92476
95407
98338
-1
-1
-1
-1
-1
-1
-1
1786
4717
7648
10579
13510
16441
19372
22303
25234
28165
31096
34027
36958
39889
42820
45751
48682
51613
54544
57475
60406
63337
66268
69199
72130
75061
77992
80923
83854
86785
89716
92647
95578
98509
-1
-1
-1
-1
-1
-1
-1
1957
4888
7819
10750
13681
16612
19543
22474
25405
28336
31267
34198
37129
40060
42991
45922
48853
51784
54715
57646
60577
63508
66439
69370
72301
75232
78163
81094
84025
86956
89887
92818
95749
98680
-1
-1
-1
-1
-1
-1
-1
2128
5059
7990
10921
13852
16783
19714
22645
25576
28507
31438
34369
37300
40231
43162
46093
49024
51955
54886
57817
60748
63679
66610
69541
72472
75403
78334
81265
84196
87127
90058
92989
95920
98851
-1
-1
-1
-1
-1
-1
-1
2299
5230
8161
11092
14023
16954
19885
22816
25747
28678
31609
34540
37471
40402
43333
46264
49195
52126
55057
57988
60919
63850
66781
69712
72643
75574
78505
81436
84367
87298
90229
93160
96091
99022
-1
-1
-1
-1
-1
-1
-1
2470
5401
8332
11263
14194
17125
20056
22987
25918
28849
31780
34711
37642
40573
43504
46435
49366
52297
55228
58159
61090
64021
66952
69883
72814
75745
78676
81607
84538
87469
90400
93331
96262
99193
-1
-1
-1
-1
-1
-1
-1
2641
5572
8503
11434
14365
17296
20227
23158
26089
29020
31951
34882
37813
40744
43675
46606
49537
52468
55399
58330
61261
64192
67123
70054
72985
75916
78847
81778
84709
87640
90571
93502
96433
99364
-1
-1
-1
-1
-1
-1
-1
2812
5743
8674
11605
14536
17467
20398
23329
26260
29191
32122
35053
37984
40915
43846
46777
49708
52639
55570
58501
61432
64363
67294
70225
73156
76087
79018
81949
84880
87811
90742
93673
96604
99535
-1
-1
-1
-1
-1
-1
52
2983
5914
8845
11776
14707
17638
20569
23500
26431
29362
32293
35224
38155
41086
44017
46948
49879
52810
55741
58672
61603
64534
67465
70396
73327
76258
79189
82120
85051
87982
90913
93844
96775
99706
-1
-1
-1
-1
-1
-1
223
3154
6085
9016
11947
14878
17809
20740
23671
26602
29533
32464
35395
38326
41257
44188
47119
50050
52981
55912
58843
61774
64705
67636
70567
73498
76429
79360
82291
85222
88153
91084
94015
96946
99877
-1
-1
-1
-1
-1
-1
394
3325
6256
9187
12118
15049
17980
20911
23842
26773
29704
32635
35566
38497
41428
44359
47290
50221
53152
56083
59014
61945
64876
67807
70738
73669
76600
79531
82462
85393
88324
91255
94186
97117
-1
-1
-1
-1
-1
-1
-1
565
3496
6427
9358
12289
15220
18151
21082
24013
26944
29875
32806
35737
38668
41599
44530
47461
50392
53323
56254
59185
62116
65047
67978
70909
73840
76771
79702
82633
85564
88495
91426
94357
97288
-1
-1
-1
-1
-1
-1
-1
736
3667
6598
9529
12460
15391
18322
21253
24184
27115
30046
32977
35908
38839
41770
44701
47632
50563
53494
56425
59356
62287
65218
68149
71080
74011
76942
79873
82804
85735
88666
91597
94528
97459
-1
-1
-1
-1
-1
-1
-1
907
3838
6769
9700
12631
15562
18493
21424
24355
27286
30217
33148
36079
39010
41941
44872
47803
50734
53665
56596
59527
62458
65389
68320
71251
74182
77113
80044
82975
85906
88837
91768
94699
97630
-1
-1
-1
-1
-1
-1
-1
1078
4009
6940
9871
12802
15733
18664
21595
24526
27457
30388
33319
36250
39181
42112
45043
47974
50905
53836
56767
59698
62629
65560
68491
71422
74353
77284
80215
83146
86077
89008
91939
94870
97801
-1
-1
-1
-1
-1
-1
-1
1249
4180
7111
10042
12973
15904
18835
21766
24697
27628
30559
33490
36421
39352
42283
45214
48145
51076
54007
56938
59869
62800
65731
68662
71593
74524
77455
80386
83317
86248
89179
92110
95041
97972
-1
-1
-1
-1
-1
-1
-1
1420
4351
7282
10213
13144
16075
19006
21937
24868
27799
30730
33661
36592
39523
42454
45385
48316
51247
54178
57109
60040
62971
65902
68833
71764
74695
77626
80557
83488
86419
89350
92281
95212
98143
-1
-1
-1
-1
-1
-1
-1
1591
4522
7453
10384
13315
16246
19177
22108
25039
27970
30901
33832
36763
39694
42625
45556
48487
51418
54349
57280
60211
63142
66073
69004
71935
74866
77797
80728
83659
86590
89521
92452
95383
98314
-1
-1
-1
-1
-1
-1
-1
1762
4693
7624
10555
13486
16417
19348
22279
25210
28141
31072
34003
36934
39865
42796
45727
48658
51589
54520
57451
60382
63313
66244
69175
72106
75037
77968
80899
83830
86761
89692
92623
95554
98485
-1
-1
-1
-1
-1
-1
-1
1933
4864
7795
10726
13657
16588
19519
22450
25381
28312
31243
34174
37105
40036
42967
45898
48829
51760
54691
57622
60553
63484
66415
69346
72277
75208
78139
81070
84001
86932
89863
92794
95725
98656
-1
-1
-1
-1
-1
-1
-1
2104
5035
7966
10897
13828
16759
19690
22621
25552
28483
31414
34345
37276
40207
43138
46069
49000
51931
54862
57793
60724
63655
66586
69517
72448
75379
78310
81241
84172
87103
90034
92965
95896
98827
-1
-1
-1
-1
-1
-1
-1
2275
5206
8137
11068
13999
16930
19861
22792
25723
28654
31585
34516
37447
40378
43309
46240
49171
52102
55033
57964
60895
63826
66757
69688
72619
75550
78481
81412
84343
87274
90205
93136
96067
98998
-1
-1
-1
-1
-1
-1
-1
2446
5377
8308
11239
14170
17101
20032
22963
25894
28825
31756
34687
37618
40549
43480
46411
49342
52273
55204
58135
61066
63997
66928
69859
72790
75721
78652
81583
84514
87445
90376
93307
96238
99169
-1
-1
-1
-1
-1
-1
-1
2617
5548
8479
11410
14341
17272
20203
23134
26065
28996
31927
34858
37789
40720
43651
46582
49513
52444
55375
58306
61237
64168
67099
70030
72961
75892
78823
81754
84685
87616
90547
93478
96409
99340
-1
-1
-1
-1
-1
-1
-1
2788
5719
8650
11581
14512
17443
20374
23305
26236
29167
32098
35029
37960
40891
43822
46753
49684
52615
55546
58477
61408
64339
67270
70201
73132
76063
78994
81925
84856
87787
90718
93649
96580
99511
-1
-1
-1
-1
-1
-1
28
2959
5890
8821
11752
14683
17614
20545
23476
26407
29338
32269
35200
38131
41062
43993
46924
49855
52786
55717
58648
61579
64510
67441
70372
73303
76234
79165
82096
85027
87958
90889
93820
96751
99682
-1
-1
-1
-1
-1
-1
199
3130
6061
8992
11923
14854
17785
20716
23647
26578
29509
32440
35371
38302
41233
44164
47095
50026
52957
55888
58819
61750
64681
67612
70543
73474
76405
79336
82267
85198
88129
91060
93991
96922
99853
-1
-1
-1
-1
-1
-1
370
3301
6232
9163
12094
15025
17956
20887
23818
26749
29680
32611
35542
38473
41404
44335
47266
50197
53128
56059
58990
61921
64852
67783
70714
73645
76576
79507
82438
85369
88300
91231
94162
97093
-1
-1
-1
-1
-1
-1
-1
541
3472
6403
9334
12265
15196
18127
21058
23989
26920
29851
32782
35713
38644
41575
44506
47437
50368
53299
56230
59161
62092
65023
67954
70885
73816
76747
79678
82609
85540
88471
91402
94333
97264
-1
-1
-1
-1
-1
-1
-1
712
3643
6574
9505
12436
15367
18298
21229
24160
27091
30022
32953
35884
38815
41746
44677
47608
50539
53470
56401
59332
62263
65194
68125
71056
73987
76918
79849
82780
85711
88642
91573
94504
97435
-1
-1
-1
-1
-1
-1
-1
883
3814
6745
9676
12607
15538
18469
21400
24331
27262
30193
33124
36055
38986
41917
44848
47779
50710
53641
56572
59503
62434
65365
68296
71227
74158
77089
80020
82951
85882
88813
91744
94675
97606
-1
-1
-1
-1
-1
-1
-1
1054
3985
6916
9847
12778
15709
18640
21571
24502
27433
30364
33295
36226
39157
42088
45019
47950
50881
53812
56743
59674
62605
65536
68467
71398
74329
77260
80191
83122
86053
88984
91915
94846
97777
-1
-1
-1
-1
-1
-1
-1
1225
4156
7087
10018
12949
15880
18811
21742
24673
27604
30535
33466
36397
39328
42259
45190
48121
51052
53983
56914
59845
62776
65707
68638
71569
74500
77431
80362
83293
86224
89155
92086
95017
97948
-1
-1
-1
-1
-1
-1
-1
1396
4327
7258
10189
13120
16051
18982
21913
24844
27775
30706
33637
36568
39499
42430
45361
48292
51223
54154
57085
60016
62947
65878
68809
71740
74671
77602
80533
83464
86395
89326
92257
95188
98119
-1
-1
-1
-1
-1
-1
-1
1567
4498
7429
10360
13291
16222
19153
22084
25015
27946
30877
33808
36739
39670
42601
45532
48463
51394
54325
57256
60187
63118
66049
68980
71911
74842
77773
80704
83635
86566
89497
92428
95359
98290
-1
-1
-1
-1
-1
-1
-1
1738
4669
7600
10531
13462
16393
19324
22255
25186
28117
31048
33979
36910
39841
42772
45703
48634
51565
54496
57427
60358
63289
66220
69151
72082
75013
77944
80875
83806
86737
89668
92599
95530
98461
-1
-1
-1
-1
-1
-1
-1
1909
4840
7771
10702
13633
16564
19495
22426
25357
28288
31219
34150
37081
40012
42943
45874
48805
51736
54667
57598
60529
63460
66391
69322
72253
75184
78115
81046
83977
86908
89839
92770
95701
98632
-1
-1
-1
-1
-1
-1
-1
2080
5011
7942
10873
13804
16735
19666
22597
25528
28459
31390
34321
37252
40183
43114
46045
48976
51907
54838
57769
60700
63631
66562
69493
72424
75355
78286
81217
84148
87079
90010
92941
95872
98803
-1
-1
-1
-1
-1
-1
-1
2251
5182
8113
11044
13975
16906
19837
22768
25699
28630
31561
34492
37423
40354
43285
46216
49147
52078
55009
57940
60871
63802
66733
69664
72595
75526
78457
81388
84319
87250
90181
93112
96043
98974
-1
-1
-1
-1
-1
-1
-1
2422
5353
8284
11215
14146
17077
20008
22939
25870
28801
31732
34663
37594
40525
43456
46387
49318
52249
55180
58111
61042
63973
66904
69835
72766
75697
78628
81559
84490
87421
90352
93283
96214
99145
-1
-1
-1
-1
-1
-1
-1
2593
5524
8455
11386
14317
17248
20179
23110
26041
28972
31903
34834
37765
40696
43627
46558
49489
52420
55351
58282
61213
64144
67075
70006
72937
75868
78799
81730
84661
87592
90523
93454
96385
99316
-1
-1
-1
-1
-1
-1
-1
2764
5695
8626
11557
14488
17419
20350
23281
26212
29143
32074
35005
37936
40867
43798
46729
49660
52591
55522
58453
61384
64315
67246
70177
73108
76039
78970
81901
84832
87763
90694
93625
96556
99487
-1
-1
-1
-1
-1
-1
4
2935
5866
8797
11728
14659
17590
20521
23452
26383
29314
32245
35176
38107
41038
43969
46900
49831
52762
55693
58624
61555
64486
67417
70348
73279
76210
79141
82072
85003
87934
90865
93796
96727
99658
-1
-1
-1
-1
-1
-1
175
3106
6037
8968
11899
14830
17761
20692
23623
26554
29485
32416
35347
38278
41209
44140
47071
50002
52933
55864
58795
61726
64657
67588
70519
73450
76381
79312
82243
85174
88105
91036
93967
96898
99829
-1
-1
-1
-1
-1
-1
346
3277
6208
9139
12070
15001
17932
20863
23794
26725
29656
32587
35518
38449
41380
44311
47242
50173
53104
56035
58966
61897
64828
67759
70690
73621
76552
79483
82414
85345
88276
91207
94138
97069
100000
-1
-1
-1
-1
-1
-1
517
3448
6379
9310
12241
15172
18103
21034
23965
26896
29827
32758
35689
38620
41551
44482
47413
50344
53275
56206
59137
62068
64999
67930
70861
73792
76723
79654
82585
85516
88447
91378
94309
97240
-1
-1
-1
-1
-1
-1
-1
688
3619
6550
9481
12412
15343
18274
21205
24136
27067
29998
32929
35860
38791
41722
44653
47584
50515
53446
56377
59308
62239
65170
68101
71032
73963
76894
79825
82756
85687
88618
91549
94480
97411
-1
-1
-1
-1
-1
-1
-1
859
3790
6721
9652
12583
15514
18445
21376
24307
27238
30169
33100
36031
38962
41893
44824
47755
50686
53617
56548
59479
62410
65341
68272
71203
74134
77065
79996
82927
85858
88789
91720
94651
97582
-1
-1
-1
-1
-1
-1
-1
1030
3961
6892
9823
12754
15685
18616
21547
24478
27409
30340
33271
36202
39133
42064
44995
47926
50857
53788
56719
59650
62581
65512
68443
71374
74305
77236
80167
83098
86029
88960
91891
94822
97753
-1
-1
-1
-1
-1
-1
-1
1201
4132
7063
9994
12925
15856
18787
21718
24649
27580
30511
33442
36373
39304
42235
45166
48097
51028
53959
56890
59821
62752
65683
68614
71545
74476
77407
80338
83269
86200
89131
92062
94993
97924
-1
-1
-1
-1
-1
-1
-1
1372
4303
7234
10165
13096
16027
18958
21889
24820
27751
30682
33613
36544
39475
42406
45337
48268
51199
54130
57061
59992
62923
65854
68785
71716
74647
77578
80509
83440
86371
89302
92233
95164
98095
-1
-1
-1
-1
-1
-1
-1
1543
4474
7405
10336
13267
16198
19129
22060
24991
27922
30853
33784
36715
39646
42577
45508
48439
51370
54301
57232
60163
63094
66025
68956
71887
74818
77749
80680
83611
86542
89473
92404
95335
98266
-1
-1
-1
-1
-1
-1
-1
1714
4645
7576
10507
13438
16369
19300
22231
25162
28093
31024
33955
36886
39817
42748
45679
48610
51541
54472
57403
60334
63265
66196
69127
72058
74989
77920
80851
83782
86713
89644
92575
95506
98437
-1
-1
-1
-1
-1
-1
-1
1885
4816
7747
10678
13609
16540
19471
22402
25333
28264
31195
34126
37057
39988
42919
45850
48781
51712
54643
57574
60505
63436
66367
69298
72229
75160
78091
81022
83953
86884
89815
92746
95677
98608
-1
-1
-1
-1
-1
-1
-1
2056
4987
7918
10849
13780
16711
19642
22573
25504
28435
31366
34297
37228
40159
43090
46021
48952
51883
54814
57745
60676
63607
66538
69469
72400
75331
78262
81193
84124
87055
89986
92917
95848
98779
-1
-1
-1
-1
-1
-1
-1
2227
5158
8089
11020
13951
16882
19813
22744
25675
28606
31537
34468
37399
40330
43261
46192
49123
52054
54985
57916
60847
63778
66709
69640
72571
75502
78433
81364
84295
87226
90157
93088
96019
98950
-1
-1
-1
-1
-1
-1
-1
2398
5329
8260
11191
14122
17053
19984
22915
25846
28777
31708
34639
37570
40501
43432
46363
49294
52225
55156
58087
61018
63949
66880
69811
72742
75673
78604
81535
84466
87397
90328
93259
96190
99121
-1
-1
-1
-1
-1
-1
-1
2569
5500
8431
11362
14293
17224
20155
23086
26017
28948
31879
34810
37741
40672
43603
46534
49465
52396
55327
58258
61189
64120
67051
69982
72913
75844
78775
81706
84637
87568
90499
93430
96361
99292
-1
-1
-1
-1
-1
-1
-1
2740
5671
8602
11533
14464
17395
20326
23257
26188
29119
32050
34981
37912
40843
43774
46705
49636
52567
55498
58429
61360
64291
67222
70153
73084
76015
78946
81877
84808
87739
90670
93601
96532
99463
-1
-1
-1
-1
-1
-1
-1
2911
5842
8773
11704
14635
17566
20497
23428
26359
29290
32221
35152
38083
41014
43945
46876
49807
52738
55669
58600
61531
64462
67393
70324
73255
76186
79117
82048
84979
87910
90841
93772
96703
99634
-1
-1
-1
-1
-1
-1
151
3082
6013
8944
11875
14806
17737
20668
23599
26530
29461
32392
35323
38254
41185
44116
47047
49978
52909
55840
58771
61702
64633
67564
70495
73426
76357
79288
82219
85150
88081
91012
93943
96874
99805
-1
-1
-1
-1
-1
-1
322
3253
6184
9115
12046
14977
17908
20839
23770
26701
29632
32563
35494
38425
41356
44287
47218
50149
53080
56011
58942
61873
64804
67735
70666
73597
76528
79459
82390
85321
88252
91183
94114
97045
99976
-1
-1
-1
-1
-1
-1
493
3424
6355
9286
12217
15148
18079
21010
23941
26872
29803
32734
35665
38596
41527
44458
47389
50320
53251
56182
59113
62044
64975
67906
70837
73768
76699
79630
82561
85492
88423
91354
94285
97216
-1
-1
-1
-1
-1
-1
-1
664
3595
6526
9457
12388
15319
18250
21181
24112
27043
29974
32905
35836
38767
41698
44629
47560
50491
53422
56353
59284
62215
65146
68077
71008
73939
76870
79801
82732
85663
88594
91525
94456
97387
-1
-1
-1
-1
-1
-1
-1
835
3766
6697
9628
12559
15490
18421
21352
24283
27214
30145
33076
36007
38938
41869
44800
47731
50662
53593
56524
59455
62386
65317
68248
71179
74110
77041
79972
82903
85834
88765
91696
94627
97558
-1
-1
-1
-1
-1
-1
-1
1006
3937
6868
9799
12730
15661
18592
21523
24454
27385
30316
33247
36178
39109
42040
44971
47902
50833
53764
56695
59626
62557
65488
68419
71350
74281
77212
80143
83074
86005
88936
91867
94798
97729
-1
-1
-1
-1
-1
-1
-1
1177
4108
7039
9970
12901
15832
18763
21694
24625
27556
30487
33418
36349
39280
42211
45142
48073
51004
53935
56866
59797
62728
65659
68590
71521
74452
77383
80314
83245
86176
89107
92038
94969
97900
-1
-1
-1
-1
-1
-1
-1
1348
4279
7210
10141
13072
16003
18934
21865
24796
27727
30658
33589
36520
39451
42382
45313
48244
51175
54106
57037
59968
62899
65830
68761
71692
74623
77554
80485
83416
86347
89278
92209
95140
98071
-1
-1
-1
-1
-1
-1
-1
1519
4450
7381
10312
13243
16174
19105
22036
24967
27898
30829
33760
36691
39622
42553
45484
48415
51346
54277
57208
60139
63070
66001
68932
71863
74794
77725
80656
83587
86518
89449
92380
95311
98242
-1
-1
-1
-1
-1
-1
-1
1690
4621
7552
10483
13414
16345
19276
22207
25138
28069
31000
33931
36862
39793
42724
45655
48586
51517
54448
57379
60310
63241
66172
69103
72034
74965
77896
80827
83758
86689
89620
92551
95482
98413
-1
-1
-1
-1
-1
-1
-1
1861
4792
7723
10654
13585
16516
19447
22378
25309
28240
31171
34102
37033
39964
42895
45826
48757
51688
54619
57550
60481
63412
66343
69274
72205
75136
78067
80998
83929
86860
89791
92722
95653
98584
-1
-1
-1
-1
-1
-1
-1
2032
4963
7894
10825
13756
16687
19618
22549
25480
28411
31342
34273
37204
40135
43066
45997
48928
51859
54790
57721
60652
63583
66514
69445
72376
75307
78238
81169
84100
87031
89962
92893
95824
98755
-1
-1
-1
-1
-1
-1
-1
2203
5134
8065
10996
13927
16858
19789
22720
25651
28582
31513
34444
37375
40306
43237
46168
49099
52030
54961
57892
60823
63754
66685
69616
72547
75478
78409
81340
84271
87202
90133
93064
95995
98926
-1
-1
-1
-1
-1
-1
-1
2374
5305
8236
11167
14098
17029
19960
22891
25822
28753
31684
34615
37546
40477
43408
46339
49270
52201
55132
58063
60994
63925
66856
69787
72718
75649
78580
81511
84442
87373
90304
93235
96166
99097
-1
-1
-1
-1
-1
-1
-1
2545
5476
8407
11338
14269
17200
20131
23062
25993
28924
31855
34786
37717
40648
43579
46510
49441
52372
55303
58234
61165
64096
67027
69958
72889
75820
78751
81682
84613
87544
90475
93406
96337
99268
-1
-1
-1
-1
-1
-1
-1
2716
5647
8578
11509
14440
17371
20302
23233
26164
29095
32026
34957
37888
40819
43750
46681
49612
52543
55474
58405
61336
64267
67198
70129
73060
75991
78922
81853
84784
87715
90646
93577
96508
99439
-1
-1
-1
-1
-1
-1
-1
2887
5818
8749
11680
14611
17542
20473
23404
26335
29266
32197
35128
38059
40990
43921
46852
49783
52714
55645
58576
61507
64438
67369
70300
73231
76162
79093
82024
84955
87886
90817
93748
96679
99610
-1
-1
-1
-1
-1
-1
127
3058
5989
8920
11851
14782
17713
20644
23575
26506
29437
32368
35299
38230
41161
44092
47023
49954
52885
55816
58747
61678
64609
67540
70471
73402
76333
79264
82195
85126
88057
90988
93919
96850
99781
-1
-1
-1
-1
-1
-1
298
3229
6160
9091
12022
14953
17884
20815
23746
26677
29608
32539
35470
38401
41332
44263
47194
50125
53056
55987
58918
61849
64780
67711
70642
73573
76504
79435
82366
85297
88228
91159
94090
97021
99952
-1
-1
-1
-1
-1
-1
469
3400
6331
9262
12193
15124
18055
20986
23917
26848
29779
32710
35641
38572
41503
44434
47365
50296
53227
56158
59089
62020
64951
67882
70813
73744
76675
79606
82537
85468
88399
91330
94261
97192
-1
-1
-1
-1
-1
-1
-1
640
3571
6502
9433
12364
15295
18226
21157
24088
27019
29950
32881
35812
38743
41674
44605
47536
50467
53398
56329
59260
62191
65122
68053
70984
73915
76846
79777
82708
85639
88570
91501
94432
97363
-1
-1
-1
-1
-1
-1
-1
811
3742
6673
9604
12535
15466
18397
21328
24259
27190
30121
33052
35983
38914
41845
44776
47707
50638
53569
56500
59431
62362
65293
68224
71155
74086
77017
79948
82879
85810
88741
91672
94603
97534
-1
-1
-1
-1
-1
-1
-1
982
3913
6844
9775
12706
15637
18568
21499
24430
27361
30292
33223
36154
39085
42016
44947
47878
50809
53740
56671
59602
62533
65464
68395
71326
74257
77188
80119
83050
85981
88912
91843
94774
97705
-1
-1
-1
-1
-1
-1
-1
1153
4084
7015
9946
12877
15808
18739
21670
24601
27532
30463
33394
36325
39256
42187
45118
48049
50980
53911
56842
59773
62704
65635
68566
71497
74428
77359
80290
83221
86152
89083
92014
94945
97876
-1
-1
-1
-1
-1
-1
-1
1324
4255
7186
10117
13048
15979
18910
21841
24772
27703
30634
33565
36496
39427
42358
45289
48220
51151
54082
57013
59944
62875
65806
68737
71668
74599
77530
80461
83392
86323
89254
92185
95116
98047
-1
-1
-1
-1
-1
-1
-1
1495
4426
7357
10288
13219
16150
19081
22012
24943
27874
30805
33736
36667
39598
42529
45460
48391
51322
54253
57184
60115
63046
65977
68908
71839
74770
77701
80632
83563
86494
89425
92356
95287
98218
-1
-1
-1
-1
-1
-1
-1
1666
4597
7528
10459
13390
16321
19252
22183
25114
28045
30976
33907
36838
39769
42700
45631
48562
51493
54424
57355
60286
63217
66148
69079
72010
74941
77872
80803
83734
86665
89596
92527
95458
98389
-1
-1
-1
-1
-1
-1
-1
1837
4768
7699
10630
13561
16492
19423
22354
25285
28216
31147
34078
37009
39940
42871
45802
48733
51664
54595
57526
60457
63388
66319
69250
72181
75112
78043
80974
83905
86836
89767
92698
95629
98560
-1
-1
-1
-1
-1
-1
-1
2008
4939
7870
10801
13732
16663
19594
22525
25456
28387
31318
34249
37180
40111
43042
45973
48904
51835
54766
57697
60628
63559
66490
69421
72352
75283
78214
81145
84076
87007
89938
92869
95800
98731
-1
-1
-1
-1
-1
-1
-1
2179
5110
8041
10972
13903
16834
19765
22696
25627
28558
31489
34420
37351
40282
43213
46144
49075
52006
54937
57868
60799
63730
66661
69592
72523
75454
78385
81316
84247
87178
90109
93040
95971
98902
-1
-1
-1
-1
-1
-1
-1
2350
5281
8212
11143
14074
17005
19936
22867
25798
28729
31660
34591
37522
40453
43384
46315
49246
52177
55108
58039
60970
63901
66832
69763
72694
75625
78556
81487
84418
87349
90280
93211
96142
99073
-1
-1
-1
-1
-1
-1
-1
2521
5452
8383
11314
14245
17176
20107
23038
25969
28900
31831
34762
37693
40624
43555
46486
49417
52348
55279
58210
61141
64072
67003
69934
72865
75796
78727
81658
84589
87520
90451
93382
96313
99244
-1
-1
-1
-1
-1
-1
-1
2692
5623
8554
11485
14416
17347
20278
23209
26140
29071
32002
34933
37864
40795
43726
46657
49588
52519
55450
58381
61312
64243
67174
70105
73036
75967
78898
81829
84760
87691
90622
93553
96484
99415
-1
-1
-1
-1
-1
-1
-1
2863
5794
8725
11656
14587
17518
20449
23380
26311
29242
32173
35104
38035
40966
43897
46828
49759
52690
55621
58552
61483
64414
67345
70276
73207
76138
79069
82000
84931
87862
90793
93724
96655
99586
-1
-1
-1
-1
-1
-1
103
3034
5965
8896
11827
14758
17689
20620
23551
26482
29413
32344
35275
38206
41137
44068
46999
49930
52861
55792
58723
61654
64585
67516
70447
73378
76309
79240
82171
85102
88033
90964
93895
96826
99757
-1
-1
-1
-1
-1
-1
274
3205
6136
9067
11998
14929
17860
20791
23722
26653
29584
32515
35446
38377
41308
44239
47170
50101
53032
55963
58894
61825
64756
67687
70618
73549
76480
79411
82342
85273
88204
91135
94066
96997
99928
-1
-1
-1
-1
-1
-1
445
3376
6307
9238
12169
15100
18031
20962
23893
26824
29755
32686
35617
38548
41479
44410
47341
50272
53203
56134
59065
61996
64927
67858
70789
73720
76651
79582
82513
85444
88375
91306
94237
97168
-1
-1
-1
-1
-1
-1
-1
616
3547
6478
9409
12340
15271
18202
21133
24064
26995
29926
32857
35788
38719
41650
44581
47512
50443
53374
56305
59236
62167
65098
68029
70960
73891
76822
79753
82684
85615
88546
91477
94408
97339
-1
-1
-1
-1
-1
-1
-1
787
3718
6649
9580
12511
15442
18373
21304
24235
27166
30097
33028
35959
38890
41821
44752
47683
50614
53545
56476
59407
62338
65269
68200
71131
74062
76993
79924
82855
85786
88717
91648
94579
97510
-1
-1
-1
-1
-1
-1
-1
958
3889
6820
9751
12682
15613
18544
21475
24406
27337
30268
33199
36130
39061
41992
44923
47854
50785
53716
56647
59578
62509
65440
68371
71302
74233
77164
80095
83026
85957
88888
91819
94750
97681
-1
-1
-1
-1
-1
-1
-1
1129
4060
6991
9922
12853
15784
18715
21646
24577
27508
30439
33370
36301
39232
42163
45094
48025
50956
53887
56818
59749
62680
65611
68542
71473
74404
77335
80266
83197
86128
89059
91990
94921
97852
-1
-1
-1
-1
-1
-1
-1
1300
4231
7162
10093
13024
15955
18886
21817
24748
27679
30610
33541
36472
39403
42334
45265
48196
51127
54058
56989
59920
62851
65782
68713
71644
74575
77506
80437
83368
86299
89230
92161
95092
98023
-1
-1
-1
-1
-1
-1
-1
1471
4402
7333
10264
13195
16126
19057
21988
24919
27850
30781
33712
36643
39574
42505
45436
48367
51298
54229
57160
60091
63022
65953
68884
71815
74746
77677
80608
83539
86470
89401
92332
95263
98194
-1
-1
-1
-1
-1
-1
-1
1642
4573
7504
10435
13366
16297
19228
22159
25090
28021
30952
33883
36814
39745
42676
45607
48538
51469
54400
57331
60262
63193
66124
69055
71986
74917
77848
80779
83710
86641
89572
92503
95434
98365
-1
-1
-1
-1
-1
-1
-1
1813
4744
7675
10606
13537
16468
19399
22330
25261
28192
31123
34054
36985
39916
42847
45778
48709
51640
54571
57502
60433
63364
66295
69226
72157
75088
78019
80950
83881
86812
89743
92674
95605
98536
-1
-1
-1
-1
-1
-1
-1
1984
4915
7846
10777
13708
16639
19570
22501
25432
28363
31294
34225
37156
40087
43018
45949
48880
51811
54742
57673
60604
63535
66466
69397
72328
75259
78190
81121
84052
86983
89914
92845
95776
98707
-1
-1
-1
-1
-1
-1
-1
2155
5086
8017
10948
13879
16810
19741
22672
25603
28534
31465
34396
37327
40258
43189
46120
49051
51982
54913
57844
60775
63706
66637
69568
72499
75430
78361
81292
84223
87154
90085
93016
95947
98878
-1
-1
-1
-1
-1
-1
-1
2326
5257
8188
11119
14050
16981
19912
22843
25774
28705
31636
34567
37498
40429
43360
46291
49222
52153
55084
58015
60946
63877
66808
69739
72670
75601
78532
81463
84394
87325
90256
93187
96118
99049
-1
-1
-1
-1
-1
-1
-1
2497
5428
8359
11290
14221
17152
20083
23014
25945
28876
31807
34738
37669
40600
43531
46462
49393
52324
55255
58186
61117
64048
66979
69910
72841
75772
78703
81634
84565
87496
90427
93358
96289
99220
-1
-1
-1
-1
-1
-1
-1
2668
5599
8530
11461
14392
17323
20254
23185
26116
29047
31978
34909
37840
40771
43702
46633
49564
52495
55426
58357
61288
64219
67150
70081
73012
75943
78874
81805
84736
87667
90598
93529
96460
99391
-1
-1
-1
-1
-1
-1
-1
2839
5770
8701
11632
14563
17494
20425
23356
26287
29218
32149
35080
38011
40942
43873
46804
49735
52666
55597
58528
61459
64390
67321
70252
73183
76114
79045
81976
84907
87838
90769
93700
96631
99562
-1
-1
-1
-1
-1
-1
79
3010
5941
8872
11803
14734
17665
20596
23527
26458
29389
32320
35251
38182
41113
44044
46975
49906
52837
55768
58699
61630
64561
67492
70423
73354
76285
79216
82147
85078
88009
90940
93871
96802
99733
-1
-1
-1
-1
-1
-1
250
3181
6112
9043
11974
14905
17836
20767
23698
26629
29560
32491
35422
38353
41284
44215
47146
50077
53008
55939
58870
61801
64732
67663
70594
73525
76456
79387
82318
85249
88180
91111
94042
96973
99904
-1
-1
-1
-1
-1
-1
421
3352
6283
9214
12145
15076
18007
20938
23869
26800
29731
32662
35593
38524
41455
44386
47317
50248
53179
56110
59041
61972
64903
67834
70765
73696
76627
79558
82489
85420
88351
91282
94213
97144
-1
-1
-1
-1
-1
-1
-1
592
3523
6454
9385
12316
15247
18178
21109
24040
26971
29902
32833
35764
38695
41626
44557
47488
50419
53350
56281
59212
62143
65074
68005
70936
73867
76798
79729
82660
85591
88522
91453
94384
97315
-1
-1
-1
-1
-1
-1
-1
763
3694
6625
9556
12487
15418
18349
21280
24211
27142
30073
33004
35935
38866
41797
44728
47659
50590
53521
56452
59383
62314
65245
68176
71107
74038
76969
79900
82831
85762
88693
91624
94555
97486
-1
-1
-1
-1
-1
-1
-1
934
3865
6796
9727
12658
15589
18520
21451
24382
27313
30244
33175
36106
39037
41968
44899
47830
50761
53692
56623
59554
62485
65416
68347
71278
74209
77140
80071
83002
85933
88864
91795
94726
97657
-1
-1
-1
-1
-1
-1
-1
1105
4036
6967
9898
12829
15760
18691
21622
24553
27484
30415
33346
36277
39208
42139
45070
48001
50932
53863
56794
59725
62656
65587
68518
71449
74380
77311
80242
83173
86104
89035
91966
94897
97828
-1
-1
-1
-1
-1
-1
-1
1276
4207
7138
10069
13000
15931
18862
21793
24724
27655
30586
33517
36448
39379
42310
45241
48172
51103
54034
56965
59896
62827
65758
68689
71620
74551
77482
80413
83344
86275
89206
92137
95068
97999
-1
-1
-1
-1
-1
-1
-1
1447
4378
7309
10240
13171
16102
19033
21964
24895
27826
30757
33688
36619
39550
42481
45412
48343
51274
54205
57136
60067
62998
65929
68860
71791
74722
77653
80584
83515
86446
89377
92308
95239
98170
-1
-1
-1
-1
-1
-1
-1
1618
4549
7480
10411
13342
16273
19204
22135
25066
27997
30928
33859
36790
39721
42652
45583
48514
51445
54376
57307
60238
63169
66100
69031
71962
74893
77824
80755
83686
86617
89548
92479
95410
98341
-1
-1
-1
-1
-1
-1
-1
1789
4720
7651
10582
13513
16444
19375
22306
25237
28168
31099
34030
36961
39892
42823
45754
48685
51616
54547
57478
60409
63340
66271
69202
72133
75064
77995
80926
83857
86788
89719
92650
95581
98512
-1
-1
-1
-1
-1
-1
-1
1960
4891
7822
10753
13684
16615
19546
22477
25408
28339
31270
34201
37132
40063
42994
45925
48856
51787
54718
57649
60580
63511
66442
69373
72304
75235
78166
81097
84028
86959
89890
92821
95752
98683
-1
-1
-1
-1
-1
-1
-1
2131
5062
7993
10924
13855
16786
19717
22648
25579
28510
31441
34372
37303
40234
43165
46096
49027
51958
54889
57820
60751
63682
66613
69544
72475
75406
78337
81268
84199
87130
90061
92992
95923
98854
-1
-1
-1
-1
-1
-1
-1
2302
5233
8164
11095
14026
16957
19888
22819
25750
28681
31612
34543
37474
40405
43336
46267
49198
52129
55060
57991
60922
63853
66784
69715
72646
75577
78508
81439
84370
87301
90232
93163
96094
99025
-1
-1
-1
-1
-1
-1
-1
2473
5404
8335
11266
14197
17128
20059
22990
25921
28852
31783
34714
37645
40576
43507
46438
49369
52300
55231
58162
61093
64024
66955
69886
72817
75748
78679
81610
84541
87472
90403
93334
96265
99196
-1
-1
-1
-1
-1
-1
-1
2644
5575
8506
11437
14368
17299
20230
23161
26092
29023
31954
34885
37816
40747
43678
46609
49540
52471
55402
58333
61264
64195
67126
70057
72988
75919
78850
81781
84712
87643
90574
93505
96436
99367
-1
-1
-1
-1
-1
-1
-1
2815
5746
8677
11608
14539
17470
20401
23332
26263
29194
32125
35056
37987
40918
43849
46780
49711
52642
55573
58504
61435
64366
67297
70228
73159
76090
79021
81952
84883
87814
90745
93676
96607
99538
-1
-1
-1
-1
-1
-1
55
2986
5917
8848
11779
14710
17641
20572
23503
26434
29365
32296
35227
38158
41089
44020
46951
49882
52813
55744
58675
61606
64537
67468
70399
73330
76261
79192
82123
85054
87985
90916
93847
96778
99709
-1
-1
-1
-1
-1
-1
226
3157
6088
9019
11950
14881
17812
20743
23674
26605
29536
32467
35398
38329
41260
44191
47122
50053
52984
55915
58846
61777
64708
67639
70570
73501
76432
79363
82294
85225
88156
91087
94018
96949
99880
-1
-1
-1
-1
-1
-1
397
3328
6259
9190
12121
15052
17983
20914
23845
26776
29707
32638
35569
38500
41431
44362
47293
50224
53155
56086
59017
61948
64879
67810
70741
73672
76603
79534
82465
85396
88327
91258
94189
97120
-1
-1
-1
-1
-1
-1
-1
568
3499
6430
9361
12292
15223
18154
21085
24016
26947
29878
32809
35740
38671
41602
44533
47464
50395
53326
56257
59188
62119
65050
67981
70912
73843
76774
79705
82636
85567
88498
91429
94360
97291
-1
-1
-1
-1
-1
-1
-1
739
3670
6601
9532
12463
15394
18325
21256
24187
27118
30049
32980
35911
38842
41773
44704
47635
50566
53497
56428
59359
62290
65221
68152
71083
74014
76945
79876
82807
85738
88669
91600
94531
97462
-1
-1
-1
-1
-1
-1
-1
910
3841
6772
9703
12634
15565
18496
21427
24358
27289
30220
33151
36082
39013
41944
44875
47806
50737
53668
56599
59530
62461
65392
68323
71254
74185
77116
80047
82978
85909
88840
91771
94702
97633
-1
-1
-1
-1
-1
-1
-1
1081
4012
6943
9874
12805
15736
18667
21598
24529
27460
30391
33322
36253
39184
42115
45046
47977
50908
53839
56770
59701
62632
65563
68494
71425
74356
77287
80218
83149
86080
89011
91942
94873
97804
-1
-1
-1
-1
-1
-1
-1
1252
4183
7114
10045
12976
15907
18838
21769
24700
27631
30562
33493
36424
39355
42286
45217
48148
51079
54010
56941
59872
62803
65734
68665
71596
74527
77458
80389
83320
86251
89182
92113
95044
97975
-1
-1
-1
-1
-1
-1
-1
1423
4354
7285
10216
13147
16078
19009
21940
24871
27802
30733
33664
36595
39526
42457
45388
48319
51250
54181
57112
60043
62974
65905
68836
71767
74698
77629
80560
83491
86422
89353
92284
95215
98146
-1
-1
-1
-1
-1
-1
-1
1594
4525
7456
10387
13318
16249
19180
22111
25042
27973
30904
33835
36766
39697
42628
45559
48490
51421
54352
57283
60214
63145
66076
69007
71938
74869
77800
80731
83662
86593
89524
92455
95386
98317
-1
-1
-1
-1
-1
-1
-1
1765
4696
7627
10558
13489
16420
19351
22282
25213
28144
31075
34006
36937
39868
42799
45730
48661
51592
54523
57454
60385
63316
66247
69178
72109
75040
77971
80902
83833
86764
89695
92626
95557
98488
-1
-1
-1
-1
-1
-1
-1
1936
4867
7798
10729
13660
16591
19522
22453
25384
28315
31246
34177
37108
40039
42970
45901
48832
51763
54694
57625
60556
63487
66418
69349
72280
75211
78142
81073
84004
86935
89866
92797
95728
98659
-1
-1
-1
-1
-1
-1
-1
2107
5038
7969
10900
13831
16762
19693
22624
25555
28486
31417
34348
37279
40210
43141
46072
49003
51934
54865
57796
60727
63658
66589
69520
72451
75382
78313
81244
84175
87106
90037
92968
95899
98830
-1
-1
-1
-1
-1
-1
-1
2278
5209
8140
11071
14002
16933
19864
22795
25726
28657
31588
34519
37450
40381
43312
46243
49174
52105
55036
57967
60898
63829
66760
69691
72622
75553
78484
81415
84346
87277
90208
93139
96070
99001
-1
-1
-1
-1
-1
-1
-1
2449
5380
8311
11242
14173
17104
20035
22966
25897
28828
31759
34690
37621
40552
43483
46414
49345
52276
55207
58138
61069
64000
66931
69862
72793
75724
78655
81586
84517
87448
90379
93310
96241
99172
-1
-1
-1
-1
-1
-1
-1
2620
5551
8482
11413
14344
17275
20206
23137
26068
28999
31930
34861
37792
40723
43654
46585
49516
52447
55378
58309
61240
64171
67102
70033
72964
75895
78826
81757
84688
87619
90550
93481
96412
99343
-1
-1
-1
-1
-1
-1
-1
2791
5722
8653
11584
14515
17446
20377
23308
26239
29170
32101
35032
37963
40894
43825
46756
49687
52618
55549
58480
61411
64342
67273
70204
73135
76066
78997
81928
84859
87790
90721
93652
96583
99514
-1
-1
-1
-1
-1
-1
31
2962
5893
8824
11755
14686
17617
20548
23479
26410
29341
32272
35203
38134
41065
43996
46927
49858
52789
55720
58651
61582
64513
67444
70375
73306
76237
79168
82099
85030
87961
90892
93823
96754
99685
-1
-1
-1
-1
-1
-1
202
3133
6064
8995
11926
14857
17788
20719
23650
26581
29512
32443
35374
38305
41236
44167
47098
50029
52960
55891
58822
61753
64684
67615
70546
73477
76408
79339
82270
85201
88132
91063
93994
96925
99856
-1
-1
-1
-1
-1
-1
373
3304
6235
9166
12097
15028
17959
20890
23821
26752
29683
32614
35545
38476
41407
44338
47269
50200
53131
56062
58993
61924
64855
67786
70717
73648
76579
79510
82441
85372
88303
91234
94165
97096
-1
-1
-1
-1
-1
-1
-1
544
3475
6406
9337
12268
15199
18130
21061
23992
26923
29854
32785
35716
38647
41578
44509
47440
50371
53302
56233
59164
62095
65026
67957
70888
73819
76750
79681
82612
85543
88474
91405
94336
97267
-1
-1
-1
-1
-1
-1
-1
715
3646
6577
9508
12439
15370
18301
21232
24163
27094
30025
32956
35887
38818
41749
44680
47611
50542
53473
56404
59335
62266
65197
68128
71059
73990
76921
79852
82783
85714
88645
91576
94507
97438
-1
-1
-1
-1
-1
-1
-1
886
3817
6748
9679
12610
15541
18472
21403
24334
27265
30196
33127
36058
38989
41920
44851
47782
50713
53644
56575
59506
62437
65368
68299
71230
74161
77092
80023
82954
85885
88816
91747
94678
97609
-1
-1
-1
-1
-1
-1
-1
1057
3988
6919
9850
12781
15712
18643
21574
24505
27436
30367
33298
36229
39160
42091
45022
47953
50884
53815
56746
59677
62608
65539
68470
71401
74332
77263
80194
83125
86056
88987
91918
94849
97780
-1
-1
-1
-1
-1
-1
-1
1228
4159
7090
10021
12952
15883
18814
21745
24676
27607
30538
33469
36400
39331
42262
45193
48124
51055
53986
56917
59848
62779
65710
68641
71572
74503
77434
80365
83296
86227
89158
92089
95020
97951
-1
-1
-1
-1
-1
-1
-1
1399
4330
7261
10192
13123
16054
18985
21916
24847
27778
30709
33640
36571
39502
42433
45364
48295
51226
54157
57088
60019
62950
65881
68812
71743
74674
77605
80536
83467
86398
89329
92260
95191
98122
-1
-1
-1
-1
-1
-1
-1
1570
4501
7432
10363
13294
16225
19156
22087
25018
27949
30880
33811
36742
39673
42604
45535
48466
51397
54328
57259
60190
63121
66052
68983
71914
74845
77776
80707
83638
86569
89500
92431
95362
98293
-1
-1
-1
-1
-1
-1
-1
1741
4672
7603
10534
13465
16396
19327
22258
25189
28120
31051
33982
36913
39844
42775
45706
48637
51568
54499
57430
60361
63292
66223
69154
72085
75016
77947
80878
83809
86740
89671
92602
95533
98464
-1
-1
-1
-1
-1
-1
-1
1912
4843
7774
10705
13636
16567
19498
22429
25360
28291
31222
34153
37084
40015
42946
45877
48808
51739
54670
57601
60532
63463
66394
69325
72256
75187
78118
81049
83980
86911
89842
92773
95704
98635
-1
-1
-1
-1
-1
-1
-1
2083
5014
7945
10876
13807
16738
19669
22600
25531
28462
31393
34324
37255
40186
43117
46048
48979
51910
54841
57772
60703
63634
66565
69496
72427
75358
78289
81220
84151
87082
90013
92944
95875
98806
-1
-1
-1
-1
-1
-1
-1
2254
5185
8116
11047
13978
16909
19840
22771
25702
28633
31564
34495
37426
40357
43288
46219
49150
52081
55012
57943
60874
63805
66736
69667
72598
75529
78460
81391
84322
87253
90184
93115
96046
98977
-1
-1
-1
-1
-1
-1
-1
2425
5356
8287
11218
14149
17080
20011
22942
25873
28804
31735
34666
37597
40528
43459
46390
49321
52252
55183
58114
61045
63976
66907
69838
72769
75700
78631
81562
84493
87424
90355
93286
96217
99148
-1
-1
-1
-1
-1
-1
-1
2596
5527
8458
11389
14320
17251
20182
23113
26044
28975
31906
34837
37768
40699
43630
46561
49492
52423
55354
58285
61216
64147
67078
70009
72940
75871
78802
81733
84664
87595
90526
93457
96388
99319
-1
-1
-1
-1
-1
-1
-1
2767
5698
8629
11560
14491
17422
20353
23284
26215
29146
32077
35008
37939
40870
43801
46732
49663
52594
55525
58456
61387
64318
67249
70180
73111
76042
78973
81904
84835
87766
90697
93628
96559
99490
-1
-1
-1
-1
-1
-1
7
2938
5869
8800
11731
14662
17593
20524
23455
26386
29317
32248
35179
38110
41041
43972
46903
49834
52765
55696
58627
61558
64489
67420
70351
73282
76213
79144
82075
85006
87937
90868
93799
96730
99661
-1
-1
-1
-1
-1
-1
178
3109
6040
8971
11902
14833
17764
20695
23626
26557
29488
32419
35350
38281
41212
44143
47074
50005
52936
55867
58798
61729
64660
67591
70522
73453
76384
79315
82246
85177
88108
91039
93970
96901
99832
-1
-1
-1
-1
-1
-1
349
3280
6211
9142
12073
15004
17935
20866
23797
26728
29659
32590
35521
38452
41383
44314
47245
50176
53107
56038
58969
61900
64831
67762
70693
73624
76555
79486
82417
85348
88279
91210
94141
97072
-1
-1
-1
-1
-1
-1
-1
520
3451
6382
9313
12244
15175
18106
21037
23968
26899
29830
32761
35692
38623
41554
44485
47416
50347
53278
56209
59140
62071
65002
67933
70864
73795
76726
79657
82588
85519
88450
91381
94312
97243
-1
-1
-1
-1
-1
-1
-1
691
3622
6553
9484
12415
15346
18277
21208
24139
27070
30001
32932
35863
38794
41725
44656
47587
50518
53449
56380
59311
62242
65173
68104
71035
73966
76897
79828
82759
85690
88621
91552
94483
97414
-1
-1
-1
-1
-1
-1
-1
862
3793
6724
9655
12586
15517
18448
21379
24310
27241
30172
33103
36034
38965
41896
44827
47758
50689
53620
56551
59482
62413
65344
68275
71206
74137
77068
79999
82930
85861
88792
91723
94654
97585
-1
-1
-1
-1
-1
-1
-1
1033
3964
6895
9826
12757
15688
18619
21550
24481
27412
30343
33274
36205
39136
42067
44998
47929
50860
53791
56722
59653
62584
65515
68446
71377
74308
77239
80170
83101
86032
88963
91894
94825
97756
-1
-1
-1
-1
-1
-1
-1
1204
4135
7066
9997
12928
15859
18790
21721
24652
27583
30514
33445
36376
39307
42238
45169
48100
51031
53962
56893
59824
62755
65686
68617
71548
74479
77410
80341
83272
86203
89134
92065
94996
97927
-1
-1
-1
-1
-1
-1
-1
1375
4306
7237
10168
13099
16030
18961
21892
24823
27754
30685
33616
36547
39478
42409
45340
48271
51202
54133
57064
59995
62926
65857
68788
71719
74650
77581
80512
83443
86374
89305
92236
95167
98098
-1
-1
-1
-1
-1
-1
-1
1546
4477
7408
10339
13270
16201
19132
22063
24994
27925
30856
33787
36718
39649
42580
45511
48442
51373
54304
57235
60166
63097
66028
68959
71890
74821
77752
80683
83614
86545
89476
92407
95338
98269
-1
-1
-1
-1
-1
-1
-1
1717
4648
7579
10510
13441
16372
19303
22234
25165
28096
31027
33958
36889
39820
42751
45682
48613
51544
54475
57406
60337
63268
66199
69130
72061
74992
77923
80854
83785
86716
89647
92578
95509
98440
-1
-1
-1
-1
-1
-1
-1
1888
4819
7750
10681
13612
16543
19474
22405
25336
28267
31198
34129
37060
39991
42922
45853
48784
51715
54646
57577
60508
63439
66370
69301
72232
75163
78094
81025
83956
86887
89818
92749
95680
98611
-1
-1
-1
-1
-1
-1
-1
2059
4990
7921
10852
13783
16714
19645
22576
25507
28438
31369
34300
37231
40162
43093
46024
48955
51886
54817
57748
60679
63610
66541
69472
72403
75334
78265
81196
84127
87058
89989
92920
95851
98782
-1
-1
-1
-1
-1
-1
-1
2230
5161
8092
11023
13954
16885
19816
22747
25678
28609
31540
34471
37402
40333
43264
46195
49126
52057
54988
57919
60850
63781
66712
69643
72574
75505
78436
81367
84298
87229
90160
93091
96022
98953
-1
-1
-1
-1
-1
-1
-1
2401
5332
8263
11194
14125
17056
19987
22918
25849
28780
31711
34642
37573
40504
43435
46366
49297
52228
55159
58090
61021
63952
66883
69814
72745
75676
78607
81538
84469
87400
90331
93262
96193
99124
-1
-1
-1
-1
-1
-1
-1
2572
5503
8434
11365
14296
17227
20158
23089
26020
28951
31882
34813
37744
40675
43606
46537
49468
52399
55330
58261
61192
64123
67054
69985
72916
75847
78778
81709
84640
87571
90502
93433
96364
99295
-1
-1
-1
-1
-1
-1
-1
2743
5674
8605
11536
14467
17398
20329
23260
26191
29122
32053
34984
37915
40846
43777
46708
49639
52570
55501
58432
61363
64294
67225
70156
73087
76018
78949
81880
84811
87742
90673
93604
96535
99466
-1
-1
-1
-1
-1
-1
-1
2914
5845
8776
11707
14638
17569
20500
23431
26362
29293
32224
35155
38086
41017
43948
46879
49810
52741
55672
58603
61534
64465
67396
70327
73258
76189
79120
82051
84982
87913
90844
93775
96706
99637
-1
-1
-1
-1
-1
-1
154
3085
6016
8947
11878
14809
17740
20671
23602
26533
29464
32395
35326
38257
41188
44119
47050
49981
52912
55843
58774
61705
64636
67567
70498
73429
76360
79291
82222
85153
88084
91015
93946
96877
99808
-1
-1
-1
-1
-1
-1
325
3256
6187
9118
12049
14980
17911
20842
23773
26704
29635
32566
35497
38428
41359
44290
47221
50152
53083
56014
58945
61876
64807
67738
70669
73600
76531
79462
82393
85324
88255
91186
94117
97048
99979
-1
-1
-1
-1
-1
-1
496
3427
6358
9289
12220
15151
18082
21013
23944
26875
29806
32737
35668
38599
41530
44461
47392
50323
53254
56185
59116
62047
64978
67909
70840
73771
76702
79633
82564
85495
88426
91357
94288
97219
-1
-1
-1
-1
-1
-1
-1
667
3598
6529
9460
12391
15322
18253
21184
24115
27046
29977
32908
35839
38770
41701
44632
47563
50494
53425
56356
59287
62218
65149
68080
71011
73942
76873
79804
82735
85666
88597
91528
94459
97390
-1
-1
-1
-1
-1
-1
-1
838
3769
6700
9631
12562
15493
18424
21355
24286
27217
30148
33079
36010
38941
41872
44803
47734
50665
53596
56527
59458
62389
65320
68251
71182
74113
77044
79975
82906
85837
88768
91699
94630
97561
-1
-1
-1
-1
-1
-1
-1
1009
3940
6871
9802
12733
15664
18595
21526
24457
27388
30319
33250
36181
39112
42043
44974
47905
50836
53767
56698
59629
62560
65491
68422
71353
74284
77215
80146
83077
86008
88939
91870
94801
97732
-1
-1
-1
-1
-1
-1
-1
1180
4111
7042
9973
12904
15835
18766
21697
24628
27559
30490
33421
36352
39283
42214
45145
48076
51007
53938
56869
59800
62731
65662
68593
71524
74455
77386
80317
83248
86179
89110
92041
94972
97903
-1
-1
-1
-1
-1
-1
-1
1351
4282
7213
10144
13075
16006
18937
21868
24799
27730
30661
33592
36523
39454
42385
45316
48247
51178
54109
57040
59971
62902
65833
68764
71695
74626
77557
80488
83419
86350
89281
92212
95143
98074
-1
-1
-1
-1
-1
-1
-1
1522
4453
7384
10315
13246
16177
19108
22039
24970
27901
30832
33763
36694
39625
42556
45487
48418
51349
54280
57211
60142
63073
66004
68935
71866
74797
77728
80659
83590
86521
89452
92383
95314
98245
-1
-1
-1
-1
-1
-1
-1
1693
4624
7555
10486
13417
16348
19279
22210
25141
28072
31003
33934
36865
39796
42727
45658
48589
51520
54451
57382
60313
63244
66175
69106
72037
74968
77899
80830
83761
86692
89623
92554
95485
98416
-1
-1
-1
-1
-1
-1
-1
1864
4795
7726
10657
13588
16519
19450
22381
25312
28243
31174
34105
37036
39967
42898
45829
48760
51691
54622
57553
60484
63415
66346
69277
72208
75139
78070
81001
83932
86863
89794
92725
95656
98587
-1
-1
-1
-1
-1
-1
-1
2035
4966
7897
10828
13759
16690
19621
22552
25483
28414
31345
34276
37207
40138
43069
46000
48931
51862
54793
57724
60655
63586
66517
69448
72379
75310
78241
81172
84103
87034
89965
92896
95827
98758
-1
-1
-1
-1
-1
-1
-1
2206
5137
8068
10999
13930
16861
19792
22723
25654
28585
31516
34447
37378
40309
43240
46171
49102
52033
54964
57895
60826
63757
66688
69619
72550
75481
78412
81343
84274
87205
90136
93067
95998
98929
-1
-1
-1
-1
-1
-1
-1
2377
5308
8239
11170
14101
17032
19963
22894
25825
28756
31687
34618
37549
40480
43411
46342
49273
52204
55135
58066
60997
63928
66859
69790
72721
75652
78583
81514
84445
87376
90307
93238
96169
99100
-1
-1
-1
-1
-1
-1
-1
2548
5479
8410
11341
14272
17203
20134
23065
25996
28927
31858
34789
37720
40651
43582
46513
49444
52375
55306
58237
61168
64099
67030
69961
72892
75823
78754
81685
84616
87547
90478
93409
96340
99271
-1
-1
-1
-1
-1
-1
-1
2719
5650
8581
11512
14443
17374
20305
23236
26167
29098
32029
34960
37891
40822
43753
46684
49615
52546
55477
58408
61339
64270
67201
70132
73063
75994
78925
81856
84787
87718
90649
93580
96511
99442
-1
-1
-1
-1
-1
-1
-1
2890
5821
8752
11683
14614
17545
20476
23407
26338
29269
32200
35131
38062
40993
43924
46855
49786
52717
55648
58579
61510
64441
67372
70303
73234
76165
79096
82027
84958
87889
90820
93751
96682
99613
-1
-1
-1
-1
-1
-1
130
3061
5992
8923
11854
14785
17716
20647
23578
26509
29440
32371
35302
38233
41164
44095
47026
49957
52888
55819
58750
61681
64612
67543
70474
73405
76336
79267
82198
85129
88060
90991
93922
96853
99784
-1
-1
-1
-1
-1
-1
301
3232
6163
9094
12025
14956
17887
20818
23749
26680
29611
32542
35473
38404
41335
44266
47197
50128
53059
55990
58921
61852
64783
67714
70645
73576
76507
79438
82369
85300
88231
91162
94093
97024
99955
-1
-1
-1
-1
-1
-1
472
3403
6334
9265
12196
15127
18058
20989
23920
26851
29782
32713
35644
38575
41506
44437
47368
50299
53230
56161
59092
62023
64954
67885
70816
73747
76678
79609
82540
85471
88402
91333
94264
97195
-1
-1
-1
-1
-1
-1
-1
643
3574
6505
9436
12367
15298
18229
21160
24091
27022
29953
32884
35815
38746
41677
44608
47539
50470
53401
56332
59263
62194
65125
68056
70987
73918
76849
79780
82711
85642
88573
91504
94435
97366
-1
-1
-1
-1
-1
-1
-1
814
3745
6676
9607
12538
15469
18400
21331
24262
27193
30124
33055
35986
38917
41848
44779
47710
50641
53572
56503
59434
62365
65296
68227
71158
74089
77020
79951
82882
85813
88744
91675
94606
97537
-1
-1
-1
-1
-1
-1
-1
985
3916
6847
9778
12709
15640
18571
21502
24433
27364
30295
33226
36157
39088
42019
44950
47881
50812
53743
56674
59605
62536
65467
68398
71329
74260
77191
80122
83053
85984
88915
91846
94777
97708
-1
-1
-1
-1
-1
-1
-1
1156
4087
7018
9949
12880
15811
18742
21673
24604
27535
30466
33397
36328
39259
42190
45121
48052
50983
53914
56845
59776
62707
65638
68569
71500
74431
77362
80293
83224
86155
89086
92017
94948
97879
-1
-1
-1
-1
-1
-1
-1
1327
4258
7189
10120
13051
15982
18913
21844
24775
27706
30637
33568
36499
39430
42361
45292
48223
51154
54085
57016
59947
62878
65809
68740
71671
74602
77533
80464
83395
86326
89257
92188
95119
98050
-1
-1
-1
-1
-1
-1
-1
1498
4429
7360
10291
13222
16153
19084
22015
24946
27877
30808
33739
36670
39601
42532
45463
48394
51325
54256
57187
60118
63049
65980
68911
71842
74773
77704
80635
83566
86497
89428
92359
95290
98221
-1
-1
-1
-1
-1
-1
-1
1669
4600
7531
10462
13393
16324
19255
22186
25117
28048
30979
33910
36841
39772
42703
45634
48565
51496
54427
57358
60289
63220
66151
69082
72013
74944
77875
80806
83737
86668
89599
92530
95461
98392
-1
-1
-1
-1
-1
-1
-1
1840
4771
7702
10633
13564
16495
19426
22357
25288
28219
31150
34081
37012
39943
42874
45805
48736
51667
54598
57529
60460
63391
66322
69253
72184
75115
78046
80977
83908
86839
89770
92701
95632
98563
-1
-1
-1
-1
-1
-1
-1
2011
4942
7873
10804
13735
16666
19597
22528
25459
28390
31321
34252
37183
40114
43045
45976
48907
51838
54769
57700
60631
63562
66493
69424
72355
75286
78217
81148
84079
87010
89941
92872
95803
98734
-1
-1
-1
-1
-1
-1
-1
2182
5113
8044
10975
13906
16837
19768
22699
25630
28561
31492
34423
37354
40285
43216
46147
49078
52009
54940
57871
60802
63733
66664
69595
72526
75457
78388
81319
84250
87181
90112
93043
95974
98905
-1
-1
-1
-1
-1
-1
-1
2353
5284
8215
11146
14077
17008
19939
22870
25801
28732
31663
34594
37525
40456
43387
46318
49249
52180
55111
58042
60973
63904
66835
69766
72697
75628
78559
81490
84421
87352
90283
93214
96145
99076
-1
-1
-1
-1
-1
-1
-1
2524
5455
8386
11317
14248
17179
20110
23041
25972
28903
31834
34765
37696
40627
43558
46489
49420
52351
55282
58213
61144
64075
67006
69937
72868
75799
78730
81661
84592
87523
90454
93385
96316
99247
-1
-1
-1
-1
-1
-1
-1
2695
5626
8557
11488
14419
17350
20281
23212
26143
29074
32005
34936
37867
40798
43729
46660
49591
52522
55453
58384
61315
64246
67177
70108
73039
75970
78901
81832
84763
87694
90625
93556
96487
99418
-1
-1
-1
-1
-1
-1
-1
2866
5797
8728
11659
14590
17521
20452
23383
26314
29245
32176
35107
38038
40969
43900
46831
49762
52693
55624
58555
61486
64417
67348
70279
73210
76141
79072
82003
84934
87865
90796
93727
96658
99589
-1
-1
-1
-1
-1
-1
106
3037
5968
8899
11830
14761
17692
20623
23554
26485
29416
32347
35278
38209
41140
44071
47002
49933
52864
55795
58726
61657
64588
67519
70450
73381
76312
79243
82174
85105
88036
90967
93898
96829
99760
-1
-1
-1
-1
-1
-1
277
3208
6139
9070
12001
14932
17863
20794
23725
26656
29587
32518
35449
38380
41311
44242
47173
50104
53035
55966
58897
61828
64759
67690
70621
73552
76483
79414
82345
85276
88207
91138
94069
97000
99931
-1
-1
-1
-1
-1
-1
448
3379
6310
9241
12172
15103
18034
20965
23896
26827
29758
32689
35620
38551
41482
44413
47344
50275
53206
56137
59068
61999
64930
67861
70792
73723
76654
79585
82516
85447
88378
91309
94240
97171
-1
-1
-1
-1
-1
-1
-1
619
3550
6481
9412
12343
15274
18205
21136
24067
26998
29929
32860
35791
38722
41653
44584
47515
50446
53377
56308
59239
62170
65101
68032
70963
73894
76825
79756
82687
85618
88549
91480
94411
97342
-1
-1
-1
-1
-1
-1
-1
790
3721
6652
9583
12514
15445
18376
21307
24238
27169
30100
33031
35962
38893
41824
44755
47686
50617
53548
56479
59410
62341
65272
68203
71134
74065
76996
79927
82858
85789
88720
91651
94582
97513
-1
-1
-1
-1
-1
-1
-1
961
3892
6823
9754
12685
15616
18547
21478
24409
27340
30271
33202
36133
39064
41995
44926
47857
50788
53719
56650
59581
62512
65443
68374
71305
74236
77167
80098
83029
85960
88891
91822
94753
97684
-1
-1
-1
-1
-1
-1
-1
1132
4063
6994
9925
12856
15787
18718
21649
24580
27511
30442
33373
36304
39235
42166
45097
48028
50959
53890
56821
59752
62683
65614
68545
71476
74407
77338
80269
83200
86131
89062
91993
94924
97855
-1
-1
-1
-1
-1
-1
-1
1303
4234
7165
10096
13027
15958
18889
21820
24751
27682
30613
33544
36475
39406
42337
45268
48199
51130
54061
56992
59923
62854
65785
68716
71647
74578
77509
80440
83371
86302
89233
92164
95095
98026
-1
-1
-1
-1
-1
-1
-1
1474
4405
7336
10267
13198
16129
19060
21991
24922
27853
30784
33715
36646
39577
42508
45439
48370
51301
54232
57163
60094
63025
65956
68887
71818
74749
77680
80611
83542
86473
89404
92335
95266
98197
-1
-1
-1
-1
-1
-1
-1
1645
4576
7507
10438
13369
16300
19231
22162
25093
28024
30955
33886
36817
39748
42679
45610
48541
51472
54403
57334
60265
63196
66127
69058
71989
74920
77851
80782
83713
86644
89575
92506
95437
98368
-1
-1
-1
-1
-1
-1
-1
1816
4747
7678
10609
13540
16471
19402
22333
25264
28195
31126
34057
36988
39919
42850
45781
48712
51643
54574
57505
60436
63367
66298
69229
72160
75091
78022
80953
83884
86815
89746
92677
95608
98539
-1
-1
-1
-1
-1
-1
-1
1987
4918
7849
10780
13711
16642
19573
22504
25435
28366
31297
34228
37159
40090
43021
45952
48883
51814
54745
57676
60607
63538
66469
69400
72331
75262
78193
81124
84055
86986
89917
92848
95779
98710
-1
-1
-1
-1
-1
-1
-1
2158
5089
8020
10951
13882
16813
19744
22675
25606
28537
31468
34399
37330
40261
43192
46123
49054
51985
54916
57847
60778
63709
66640
69571
72502
75433
78364
81295
84226
87157
90088
93019
95950
98881
-1
-1
-1
-1
-1
-1
-1
2329
5260
8191
11122
14053
16984
19915
22846
25777
28708
31639
34570
37501
40432
43363
46294
49225
52156
55087
58018
60949
63880
66811
69742
72673
75604
78535
81466
84397
87328
90259
93190
96121
99052
-1
-1
-1
-1
-1
-1
-1
2500
5431
8362
11293
14224
17155
20086
23017
25948
28879
31810
34741
37672
40603
43534
46465
49396
52327
55258
58189
61120
64051
66982
69913
72844
75775
78706
81637
84568
87499
90430
93361
96292
99223
-1
-1
-1
-1
-1
-1
-1
2671
5602
8533
11464
14395
17326
20257
23188
26119
29050
31981
34912
37843
40774
43705
46636
49567
52498
55429
58360
61291
64222
67153
70084
73015
75946
78877
81808
84739
87670
90601
93532
96463
99394
-1
-1
-1
-1
-1
-1
-1
2842
5773
8704
11635
14566
17497
20428
23359
26290
29221
32152
35083
38014
40945
43876
46807
49738
52669
55600
58531
61462
64393
67324
70255
73186
76117
79048
81979
84910
87841
90772
93703
96634
99565
-1
-1
-1
-1
-1
-1
82
3013
5944
8875
11806
14737
17668
20599
23530
26461
29392
32323
35254
38185
41116
44047
46978
49909
52840
55771
58702
61633
64564
67495
70426
73357
76288
79219
82150
85081
88012
90943
93874
96805
99736
-1
-1
-1
-1
-1
-1
253
3184
6115
9046
11977
14908
17839
20770
23701
26632
29563
32494
35425
38356
41287
44218
47149
50080
53011
55942
58873
61804
64735
67666
70597
73528
76459
79390
82321
85252
88183
91114
94045
96976
99907
-1
-1
-1
-1
-1
-1
424
3355
6286
9217
12148
15079
18010
20941
23872
26803
29734
32665
35596
38527
41458
44389
47320
50251
53182
56113
59044
61975
64906
67837
70768
73699
76630
79561
82492
85423
88354
91285
94216
97147
-1
-1
-1
-1
-1
-1
-1
595
3526
6457
9388
12319
15250
18181
21112
24043
26974
29905
32836
35767
38698
41629
44560
47491
50422
53353
56284
59215
62146
65077
68008
70939
73870
76801
79732
82663
85594
88525
91456
94387
97318
-1
-1
-1
-1
-1
-1
-1
766
3697
6628
9559
12490
15421
18352
21283
24214
27145
30076
33007
35938
38869
41800
44731
47662
50593
53524
56455
59386
62317
65248
68179
71110
74041
76972
79903
82834
85765
88696
91627
94558
97489
-1
-1
-1
-1
-1
-1
-1
937
3868
6799
9730
12661
15592
18523
21454
24385
27316
30247
33178
36109
39040
41971
44902
47833
50764
53695
56626
59557
62488
65419
68350
71281
74212
77143
80074
83005
85936
88867
91798
94729
97660
-1
-1
-1
-1
-1
-1
-1
1108
4039
6970
9901
12832
15763
18694
21625
24556
27487
30418
33349
36280
39211
42142
45073
48004
50935
53866
56797
59728
62659
65590
68521
71452
74383
77314
80245
83176
86107
89038
91969
94900
97831
-1
-1
-1
-1
-1
-1
-1
1279
4210
7141
10072
13003
15934
18865
21796
24727
27658
30589
33520
36451
39382
42313
45244
48175
51106
54037
56968
59899
62830
65761
68692
71623
74554
77485
80416
83347
86278
89209
92140
95071
98002
-1
-1
-1
-1
-1
-1
-1
1450
4381
7312
10243
13174
16105
19036
21967
24898
27829
30760
33691
36622
39553
42484
45415
48346
51277
54208
57139
60070
63001
65932
68863
71794
74725
77656
80587
83518
86449
89380
92311
95242
98173
-1
-1
-1
-1
-1
-1
-1
1621
4552
7483
10414
13345
16276
19207
22138
25069
28000
30931
33862
36793
39724
42655
45586
48517
51448
54379
57310
60241
63172
66103
69034
71965
74896
77827
80758
83689
86620
89551
92482
95413
98344
-1
-1
-1
-1
-1
-1
-1
1792
4723
7654
10585
13516
16447
19378
22309
25240
28171
31102
34033
36964
39895
42826
45757
48688
51619
54550
57481
60412
63343
66274
69205
72136
75067
77998
80929
83860
86791
89722
92653
95584
98515
-1
-1
-1
-1
-1
-1
-1
1963
4894
7825
10756
13687
16618
19549
22480
25411
28342
31273
34204
37135
40066
42997
45928
48859
51790
54721
57652
60583
63514
66445
69376
72307
75238
78169
81100
84031
86962
89893
92824
95755
98686
-1
-1
-1
-1
-1
-1
-1
2134
5065
7996
10927
13858
16789
19720
22651
25582
28513
31444
34375
37306
40237
43168
46099
49030
51961
54892
57823
60754
63685
66616
69547
72478
75409
78340
81271
84202
87133
90064
92995
95926
98857
-1
-1
-1
-1
-1
-1
-1
2305
5236
8167
11098
14029
16960
19891
22822
25753
28684
31615
34546
37477
40408
43339
46270
49201
52132
55063
57994
60925
63856
66787
69718
72649
75580
78511
81442
84373
87304
90235
93166
96097
99028
-1
-1
-1
-1
-1
-1
-1
2476
5407
8338
11269
14200
17131
20062
22993
25924
28855
31786
34717
37648
40579
43510
46441
49372
52303
55234
58165
61096
64027
66958
69889
72820
75751
78682
81613
84544
87475
90406
93337
96268
99199
-1
-1
-1
-1
-1
-1
-1
2647
5578
8509
11440
14371
17302
20233
23164
26095
29026
31957
34888
37819
40750
43681
46612
49543
52474
55405
58336
61267
64198
67129
70060
72991
75922
78853
81784
84715
87646
90577
93508
96439
99370
-1
-1
-1
-1
-1
-1
-1
2818
5749
8680
11611
14542
17473
20404
23335
26266
29197
32128
35059
37990
40921
43852
46783
49714
52645
55576
58507
61438
64369
67300
70231
73162
76093
79024
81955
84886
87817
90748
93679
96610
99541
-1
-1
-1
-1
-1
-1
58
2989
5920
8851
11782
14713
17644
20575
23506
26437
29368
32299
35230
38161
41092
44023
46954
49885
52816
55747
58678
61609
64540
67471
70402
73333
76264
79195
82126
85057
87988
90919
93850
96781
99712
-1
-1
-1
-1
-1
-1
229
3160
6091
9022
11953
14884
17815
20746
23677
26608
29539
32470
35401
38332
41263
44194
47125
50056
52987
55918
58849
61780
64711
67642
70573
73504
76435
79366
82297
85228
88159
91090
94021
96952
99883
-1
-1
-1
-1
-1
-1
400
3331
6262
9193
12124
15055
17986
20917
23848
26779
29710
32641
35572
38503
41434
44365
47296
50227
53158
56089
59020
61951
64882
67813
70744
73675
76606
79537
82468
85399
88330
91261
94192
97123
-1
-1
-1
-1
-1
-1
-1
571
3502
6433
9364
12295
15226
18157
21088
24019
26950
29881
32812
35743
38674
41605
44536
47467
50398
53329
56260
59191
62122
65053
67984
70915
73846
76777
79708
82639
85570
88501
91432
94363
97294
-1
-1
-1
-1
-1
-1
-1
742
3673
6604
9535
12466
15397
18328
21259
24190
27121
30052
32983
35914
38845
41776
44707
47638
50569
53500
56431
59362
62293
65224
68155
71086
74017
76948
79879
82810
85741
88672
91603
94534
97465
-1
-1
-1
-1
-1
-1
-1
913
3844
6775
9706
12637
15568
18499
21430
24361
27292
30223
33154
36085
39016
41947
44878
47809
50740
53671
56602
59533
62464
65395
68326
71257
74188
77119
80050
82981
85912
88843
91774
94705
97636
-1
-1
-1
-1
-1
-1
-1
1084
4015
6946
9877
12808
15739
18670
21601
24532
27463
30394
33325
36256
39187
42118
45049
47980
50911
53842
56773
59704
62635
65566
68497
71428
74359
77290
80221
83152
86083
89014
91945
94876
97807
-1
-1
-1
-1
-1
-1
-1
1255
4186
7117
10048
12979
15910
18841
21772
24703
27634
30565
33496
36427
39358
42289
45220
48151
51082
54013
56944
59875
62806
65737
68668
71599
74530
77461
80392
83323
86254
89185
92116
95047
97978
-1
-1
-1
-1
-1
-1
-1
1426
4357
7288
10219
13150
16081
19012
21943
24874
27805
30736
33667
36598
39529
42460
45391
48322
51253
54184
57115
60046
62977
65908
68839
71770
74701
77632
80563
83494
86425
89356
92287
95218
98149
-1
-1
-1
-1
-1
-1
-1
1597
4528
7459
10390
13321
16252
19183
22114
25045
27976
30907
33838
36769
39700
42631
45562
48493
51424
54355
57286
60217
63148
66079
69010
71941
74872
77803
80734
83665
86596
89527
92458
95389
98320
-1
-1
-1
-1
-1
-1
-1
1768
4699
7630
10561
13492
16423
19354
22285
25216
28147
31078
34009
36940
39871
42802
45733
48664
51595
54526
57457
60388
63319
66250
69181
72112
75043
77974
80905
83836
86767
89698
92629
95560
98491
-1
-1
-1
-1
-1
-1
-1
1939
4870
7801
10732
13663
16594
19525
22456
25387
28318
31249
34180
37111
40042
42973
45904
48835
51766
54697
57628
60559
63490
66421
69352
72283
75214
78145
81076
84007
86938
89869
92800
95731
98662
-1
-1
-1
-1
-1
-1
-1
2110
5041
7972
10903
13834
16765
19696
22627
25558
28489
31420
34351
37282
40213
43144
46075
49006
51937
54868
57799
60730
63661
66592
69523
72454
75385
78316
81247
84178
87109
90040
92971
95902
98833
-1
-1
-1
-1
-1
-1
-1
2281
5212
8143
11074
14005
16936
19867
22798
25729
28660
31591
34522
37453
40384
43315
46246
49177
52108
55039
57970
60901
63832
66763
69694
72625
75556
78487
81418
84349
87280
90211
93142
96073
99004
-1
-1
-1
-1
-1
-1
-1
2452
5383
8314
11245
14176
17107
20038
22969
25900
28831
31762
34693
37624
40555
43486
46417
49348
52279
55210
58141
61072
64003
66934
69865
72796
75727
78658
81589
84520
87451
90382
93313
96244
99175
-1
-1
-1
-1
-1
-1
-1
2623
5554
8485
11416
14347
17278
20209
23140
26071
29002
31933
34864
37795
40726
43657
46588
49519
52450
55381
58312
61243
64174
67105
70036
72967
75898
78829
81760
84691
87622
90553
93484
96415
99346
-1
-1
-1
-1
-1
-1
-1
2794
5725
8656
11587
14518
17449
20380
23311
26242
29173
32104
35035
37966
40897
43828
46759
49690
52621
55552
58483
61414
64345
67276
70207
73138
76069
79000
81931
84862
87793
90724
93655
96586
99517
-1
-1
-1
-1
-1
-1
34
2965
5896
8827
11758
14689
17620
20551
23482
26413
29344
32275
35206
38137
41068
43999
46930
49861
52792
55723
58654
61585
64516
67447
70378
73309
76240
79171
82102
85033
87964
90895
93826
96757
99688
-1
-1
-1
-1
-1
-1
205
3136
6067
8998
11929
14860
17791
20722
23653
26584
29515
32446
35377
38308
41239
44170
47101
50032
52963
55894
58825
61756
64687
67618
70549
73480
76411
79342
82273
85204
88135
91066
93997
96928
99859
-1
-1
-1
-1
-1
-1
376
3307
6238
9169
12100
15031
17962
20893
23824
26755
29686
32617
35548
38479
41410
44341
47272
50203
53134
56065
58996
61927
64858
67789
70720
73651
76582
79513
82444
85375
88306
91237
94168
97099
-1
-1
-1
-1
-1
-1
-1
547
3478
6409
9340
12271
15202
18133
21064
23995
26926
29857
32788
35719
38650
41581
44512
47443
50374
53305
56236
59167
62098
65029
67960
70891
73822
76753
79684
82615
85546
88477
91408
94339
97270
-1
-1
-1
-1
-1
-1
-1
718
3649
6580
9511
12442
15373
18304
21235
24166
27097
30028
32959
35890
38821
41752
44683
47614
50545
53476
56407
59338
62269
65200
68131
71062
73993
76924
79855
82786
85717
88648
91579
94510
97441
-1
-1
-1
-1
-1
-1
-1
889
3820
6751
9682
12613
15544
18475
21406
24337
27268
30199
33130
36061
38992
41923
44854
47785
50716
53647
56578
59509
62440
65371
68302
71233
74164
77095
80026
82957
85888
88819
91750
94681
97612
-1
-1
-1
-1
-1
-1
-1
1060
3991
6922
9853
12784
15715
18646
21577
24508
27439
30370
33301
36232
39163
42094
45025
47956
50887
53818
56749
59680
62611
65542
68473
71404
74335
77266
80197
83128
86059
88990
91921
94852
97783
-1
-1
-1
-1
-1
-1
-1
1231
4162
7093
10024
12955
15886
18817
21748
24679
27610
30541
33472
36403
39334
42265
45196
48127
51058
53989
56920
59851
62782
65713
68644
71575
74506
77437
80368
83299
86230
89161
92092
95023
97954
-1
-1
-1
-1
-1
-1
-1
1402
4333
7264
10195
13126
16057
18988
21919
24850
27781
30712
33643
36574
39505
42436
45367
48298
51229
54160
57091
60022
62953
65884
68815
71746
74677
77608
80539
83470
86401
89332
92263
95194
98125
-1
-1
-1
-1
-1
-1
-1
1573
4504
7435
10366
13297
16228
19159
22090
25021
27952
30883
33814
36745
39676
42607
45538
48469
51400
54331
57262
60193
63124
66055
68986
71917
74848
77779
80710
83641
86572
89503
92434
95365
98296
-1
-1
-1
-1
-1
-1
-1
1744
4675
7606
10537
13468
16399
19330
22261
25192
28123
31054
33985
36916
39847
42778
45709
48640
51571
54502
57433
60364
63295
66226
69157
72088
75019
77950
80881
83812
86743
89674
92605
95536
98467
-1
-1
-1
-1
-1
-1
-1
1915
4846
7777
10708
13639
16570
19501
22432
25363
28294
31225
34156
37087
40018
42949
45880
48811
51742
54673
57604
60535
63466
66397
69328
72259
75190
78121
81052
83983
86914
89845
92776
95707
98638
-1
-1
-1
-1
-1
-1
-1
2086
5017
7948
10879
13810
16741
19672
22603
25534
28465
31396
34327
37258
40189
43120
46051
48982
51913
54844
57775
60706
63637
66568
69499
72430
75361
78292
81223
84154
87085
90016
92947
95878
98809
-1
-1
-1
-1
-1
-1
-1
2257
5188
8119
11050
13981
16912
19843
22774
25705
28636
31567
34498
37429
40360
43291
46222
49153
52084
55015
57946
60877
63808
66739
69670
72601
75532
78463
81394
84325
87256
90187
93118
96049
98980
-1
-1
-1
-1
-1
-1
-1
2428
5359
8290
11221
14152
17083
20014
22945
25876
28807
31738
34669
37600
40531
43462
46393
49324
52255
55186
58117
61048
63979
66910
69841
72772
75703
78634
81565
84496
87427
90358
93289
96220
99151
-1
-1
-1
-1
-1
-1
-1
2599
5530
8461
11392
14323
17254
20185
23116
26047
28978
31909
34840
37771
40702
43633
46564
49495
52426
55357
58288
61219
64150
67081
70012
72943
75874
78805
81736
84667
87598
90529
93460
96391
99322
-1
-1
-1
-1
-1
-1
-1
2770
5701
8632
11563
14494
17425
20356
23287
26218
29149
32080
35011
37942
40873
43804
46735
49666
52597
55528
58459
61390
64321
67252
70183
73114
76045
78976
81907
84838
87769
90700
93631
96562
99493
-1
-1
-1
-1
-1
-1
10
2941
5872
8803
11734
14665
17596
20527
23458
26389
29320
32251
35182
38113
41044
43975
46906
49837
52768
55699
58630
61561
64492
67423
70354
73285
76216
79147
82078
85009
87940
90871
93802
96733
99664
-1
-1
-1
-1
-1
-1
181
3112
6043
8974
11905
14836
17767
20698
23629
26560
29491
32422
35353
38284
41215
44146
47077
50008
52939
55870
58801
61732
64663
67594
70525
73456
76387
79318
82249
85180
88111
91042
93973
96904
99835
-1
-1
-1
-1
-1
-1
352
3283
6214
9145
12076
15007
17938
20869
23800
26731
29662
32593
35524
38455
41386
44317
47248
50179
53110
56041
58972
61903
64834
67765
70696
73627
76558
79489
82420
85351
88282
91213
94144
97075
-1
-1
-1
-1
-1
-1
-1
523
3454
6385
9316
12247
15178
18109
21040
23971
26902
29833
32764
35695
38626
41557
44488
47419
50350
53281
56212
59143
62074
65005
67936
70867
73798
76729
79660
82591
85522
88453
91384
94315
97246
-1
-1
-1
-1
-1
-1
-1
694
3625
6556
9487
12418
15349
18280
21211
24142
27073
30004
32935
35866
38797
41728
44659
47590
50521
53452
56383
59314
62245
65176
68107
71038
73969
76900
79831
82762
85693
88624
91555
94486
97417
-1
-1
-1
-1
-1
-1
-1
865
3796
6727
9658
12589
15520
18451
21382
24313
27244
30175
33106
36037
38968
41899
44830
47761
50692
53623
56554
59485
62416
65347
68278
71209
74140
77071
80002
82933
85864
88795
91726
94657
97588
-1
-1
-1
-1
-1
-1
-1
1036
3967
6898
9829
12760
15691
18622
21553
24484
27415
30346
33277
36208
39139
42070
45001
47932
50863
53794
56725
59656
62587
65518
68449
71380
74311
77242
80173
83104
86035
88966
91897
94828
97759
-1
-1
-1
-1
-1
-1
-1
1207
4138
7069
10000
12931
15862
18793
21724
24655
27586
30517
33448
36379
39310
42241
45172
48103
51034
53965
56896
59827
62758
65689
68620
71551
74482
77413
80344
83275
86206
89137
92068
94999
97930
-1
-1
-1
-1
-1
-1
-1
1378
4309
7240
10171
13102
16033
18964
21895
24826
27757
30688
33619
36550
39481
42412
45343
48274
51205
54136
57067
59998
62929
65860
68791
71722
74653
77584
80515
83446
86377
89308
92239
95170
98101
-1
-1
-1
-1
-1
-1
-1
1549
4480
7411
10342
13273
16204
19135
22066
24997
27928
30859
33790
36721
39652
42583
45514
48445
51376
54307
57238
60169
63100
66031
68962
71893
74824
77755
80686
83617
86548
89479
92410
95341
98272
-1
-1
-1
-1
-1
-1
-1
1720
4651
7582
10513
13444
16375
19306
22237
25168
28099
31030
33961
36892
39823
42754
45685
48616
51547
54478
57409
60340
63271
66202
69133
72064
74995
77926
80857
83788
86719
89650
92581
95512
98443
-1
-1
-1
-1
-1
-1
-1
1891
4822
7753
10684
13615
16546
19477
22408
25339
28270
31201
34132
37063
39994
42925
45856
48787
51718
54649
57580
60511
63442
66373
69304
72235
75166
78097
81028
83959
86890
89821
92752
95683
98614
-1
-1
-1
-1
-1
-1
-1
2062
4993
7924
10855
13786
16717
19648
22579
25510
28441
31372
34303
37234
40165
43096
46027
48958
51889
54820
57751
60682
63613
66544
69475
72406
75337
78268
81199
84130
87061
89992
92923
95854
98785
-1
-1
-1
-1
-1
-1
-1
2233
5164
8095
11026
13957
16888
19819
22750
25681
28612
31543
34474
37405
40336
43267
46198
49129
52060
54991
57922
60853
63784
66715
69646
72577
75508
78439
81370
84301
87232
90163
93094
96025
98956
-1
-1
-1
-1
-1
-1
-1
2404
5335
8266
11197
14128
17059
19990
22921
25852
28783
31714
34645
37576
40507
43438
46369
49300
52231
55162
58093
61024
63955
66886
69817
72748
75679
78610
81541
84472
87403
90334
93265
96196
99127
-1
-1
-1
-1
-1
-1
-1
2575
5506
8437
11368
14299
17230
20161
23092
26023
28954
31885
34816
37747
40678
43609
46540
49471
52402
55333
58264
61195
64126
67057
69988
72919
75850
78781
81712
84643
87574
90505
93436
96367
99298
-1
-1
-1
-1
-1
-1
-1
2746
5677
8608
11539
14470
17401
20332
23263
26194
29125
32056
34987
37918
40849
43780
46711
49642
52573
55504
58435
61366
64297
67228
70159
73090
76021
78952
81883
84814
87745
90676
93607
96538
99469
-1
-1
-1
-1
-1
-1
-1
2917
5848
8779
11710
14641
17572
20503
23434
26365
29296
32227
35158
38089
41020
43951
46882
49813
52744
55675
58606
61537
64468
67399
70330
73261
76192
79123
82054
84985
87916
90847
93778
96709
99640
-1
-1
-1
-1
-1
-1
157
3088
6019
8950
11881
14812
17743
20674
23605
26536
29467
32398
35329
38260
41191
44122
47053
49984
52915
55846
58777
61708
64639
67570
70501
73432
76363
79294
82225
85156
88087
91018
93949
96880
99811
-1
-1
-1
-1
-1
-1
328
3259
6190
9121
12052
14983
17914
20845
23776
26707
29638
32569
35500
38431
41362
44293
47224
50155
53086
56017
58948
61879
64810
67741
70672
73603
76534
79465
82396
85327
88258
91189
94120
97051
99982
-1
-1
-1
-1
-1
-1
499
3430
6361
9292
12223
15154
18085
21016
23947
26878
29809
32740
35671
38602
41533
44464
47395
50326
53257
56188
59119
62050
64981
67912
70843
73774
76705
79636
82567
85498
88429
91360
94291
97222
-1
-1
-1
-1
-1
-1
-1
670
3601
6532
9463
12394
15325
18256
21187
24118
27049
29980
32911
35842
38773
41704
44635
47566
50497
53428
56359
59290
62221
65152
68083
71014
73945
76876
79807
82738
85669
88600
91531
94462
97393
-1
-1
-1
-1
-1
-1
-1
841
3772
6703
9634
12565
15496
18427
21358
24289
27220
30151
33082
36013
38944
41875
44806
47737
50668
53599
56530
59461
62392
65323
68254
71185
74116
77047
79978
82909
85840
88771
91702
94633
97564
-1
-1
-1
-1
-1
-1
-1
1012
3943
6874
9805
12736
15667
18598
21529
24460
27391
30322
33253
36184
39115
42046
44977
47908
50839
53770
56701
59632
62563
65494
68425
71356
74287
77218
80149
83080
86011
88942
91873
94804
97735
-1
-1
-1
-1
-1
-1
-1
1183
4114
7045
9976
12907
15838
18769
21700
24631
27562
30493
33424
36355
39286
42217
45148
48079
51010
53941
56872
59803
62734
65665
68596
71527
74458
77389
80320
83251
86182
89113
92044
94975
97906
-1
-1
-1
-1
-1
-1
-1
1354
4285
7216
10147
13078
16009
18940
21871
24802
27733
30664
33595
36526
39457
42388
45319
48250
51181
54112
57043
59974
62905
65836
68767
71698
74629
77560
80491
83422
86353
89284
92215
95146
98077
-1
-1
-1
-1
-1
-1
-1
1525
4456
7387
10318
13249
16180
19111
22042
24973
27904
30835
33766
36697
39628
42559
45490
48421
51352
54283
57214
60145
63076
66007
68938
71869
74800
77731
80662
83593
86524
89455
92386
95317
98248
-1
-1
-1
-1
-1
-1
-1
1696
4627
7558
10489
13420
16351
19282
22213
25144
28075
31006
33937
36868
39799
42730
45661
48592
51523
54454
57385
60316
63247
66178
69109
72040
74971
77902
80833
83764
86695
89626
92557
95488
98419
-1
-1
-1
-1
-1
-1
-1
1867
4798
7729
10660
13591
16522
19453
22384
25315
28246
31177
34108
37039
39970
42901
45832
48763
51694
54625
57556
60487
63418
66349
69280
72211
75142
78073
81004
83935
86866
89797
92728
95659
98590
-1
-1
-1
-1
-1
-1
-1
2038
4969
7900
10831
13762
16693
19624
22555
25486
28417
31348
34279
37210
40141
43072
46003
48934
51865
54796
57727
60658
63589
66520
69451
72382
75313
78244
81175
84106
87037
89968
92899
95830
98761
-1
-1
-1
-1
-1
-1
-1
2209
5140
8071
11002
13933
16864
19795
22726
25657
28588
31519
34450
37381
40312
43243
46174
49105
52036
54967
57898
60829
63760
66691
69622
72553
75484
78415
81346
84277
87208
90139
93070
96001
98932
-1
-1
-1
-1
-1
-1
-1
2380
5311
8242
11173
14104
17035
19966
22897
25828
28759
31690
34621
37552
40483
43414
46345
49276
52207
55138
58069
61000
63931
66862
69793
72724
75655
78586
81517
84448
87379
90310
93241
96172
99103
-1
-1
-1
-1
-1
-1
-1
2551
5482
8413
11344
14275
17206
20137
23068
25999
28930
31861
34792
37723
40654
43585
46516
49447
52378
55309
58240
61171
64102
67033
69964
72895
75826
78757
81688
84619
87550
90481
93412
96343
99274
-1
-1
-1
-1
-1
-1
-1
2722
5653
8584
11515
14446
17377
20308
23239
26170
29101
32032
34963
37894
40825
43756
46687
49618
52549
55480
58411
61342
64273
67204
70135
73066
75997
78928
81859
84790
87721
90652
93583
96514
99445
-1
-1
-1
-1
-1
-1
-1
2893
5824
8755
11686
14617
17548
20479
23410
26341
29272
32203
35134
38065
40996
43927
46858
49789
52720
55651
58582
61513
64444
67375
70306
73237
76168
79099
82030
84961
87892
90823
93754
96685
99616
-1
-1
-1
-1
-1
-1
133
3064
5995
8926
11857
14788
17719
20650
23581
26512
29443
32374
35305
38236
41167
44098
47029
49960
52891
55822
58753
61684
64615
67546
70477
73408
76339
79270
82201
85132
88063
90994
93925
96856
99787
-1
-1
-1
-1
-1
-1
304
3235
6166
9097
12028
14959
17890
20821
23752
26683
29614
32545
35476
38407
41338
44269
47200
50131
53062
55993
58924
61855
64786
67717
70648
73579
76510
79441
82372
85303
88234
91165
94096
97027
99958
-1
-1
-1
-1
-1
-1
475
3406
6337
9268
12199
15130
18061
20992
23923
26854
29785
32716
35647
38578
41509
44440
47371
50302
53233
56164
59095
62026
64957
67888
70819
73750
76681
79612
82543
85474
88405
91336
94267
97198
-1
-1
-1
-1
-1
-1
-1
646
3577
6508
9439
12370
15301
18232
21163
24094
27025
29956
32887
35818
38749
41680
44611
47542
50473
53404
56335
59266
62197
65128
68059
70990
73921
76852
79783
82714
85645
88576
91507
94438
97369
-1
-1
-1
-1
-1
-1
-1
817
3748
6679
9610
12541
15472
18403
21334
24265
27196
30127
33058
35989
38920
41851
44782
47713
50644
53575
56506
59437
62368
65299
68230
71161
74092
77023
79954
82885
85816
88747
91678
94609
97540
-1
-1
-1
-1
-1
-1
-1
988
3919
6850
9781
12712
15643
18574
21505
24436
27367
30298
33229
36160
39091
42022
44953
47884
50815
53746
56677
59608
62539
65470
68401
71332
74263
77194
80125
83056
85987
88918
91849
94780
97711
-1
-1
-1
-1
-1
-1
-1
1159
4090
7021
9952
12883
15814
18745
21676
24607
27538
30469
33400
36331
39262
42193
45124
48055
50986
53917
56848
59779
62710
65641
68572
71503
74434
77365
80296
83227
86158
89089
92020
94951
97882
-1
-1
-1
-1
-1
-1
-1
1330
4261
7192
10123
13054
15985
18916
21847
24778
27709
30640
33571
36502
39433
42364
45295
48226
51157
54088
57019
59950
62881
65812
68743
71674
74605
77536
80467
83398
86329
89260
92191
95122
98053
-1
-1
-1
-1
-1
-1
-1
1501
4432
7363
10294
13225
16156
19087
22018
24949
27880
30811
33742
36673
39604
42535
45466
48397
51328
54259
57190
60121
63052
65983
68914
71845
74776
77707
80638
83569
86500
89431
92362
95293
98224
-1
-1
-1
-1
-1
-1
-1
1672
4603
7534
10465
13396
16327
19258
22189
25120
28051
30982
33913
36844
39775
42706
45637
48568
51499
54430
57361
60292
63223
66154
69085
72016
74947
77878
80809
83740
86671
89602
92533
95464
98395
-1
-1
-1
-1
-1
-1
-1
1843
4774
7705
10636
13567
16498
19429
22360
25291
28222
31153
34084
37015
39946
42877
45808
48739
51670
54601
57532
60463
63394
66325
69256
72187
75118
78049
80980
83911
86842
89773
92704
95635
98566
-1
-1
-1
-1
-1
-1
-1
2014
4945
7876
10807
13738
16669
19600
22531
25462
28393
31324
34255
37186
40117
43048
45979
48910
51841
54772
57703
60634
63565
66496
69427
72358
75289
78220
81151
84082
87013
89944
92875
95806
98737
-1
-1
-1
-1
-1
-1
-1
2185
5116
8047
10978
13909
16840
19771
22702
25633
28564
31495
34426
37357
40288
43219
46150
49081
52012
54943
57874
60805
63736
66667
69598
72529
75460
78391
81322
84253
87184
90115
93046
95977
98908
-1
-1
-1
-1
-1
-1
-1
2356
5287
8218
11149
14080
17011
19942
22873
25804
28735
31666
34597
37528
40459
43390
46321
49252
52183
55114
58045
60976
63907
66838
69769
72700
75631
78562
81493
84424
87355
90286
93217
96148
99079
-1
-1
-1
-1
-1
-1
-1
2527
5458
8389
11320
14251
17182
20113
23044
25975
28906
31837
34768
37699
40630
43561
46492
49423
52354
55285
58216
61147
64078
67009
69940
72871
75802
78733
81664
84595
87526
90457
93388
96319
99250
-1
-1
-1
-1
-1
-1
-1
2698
5629
8560
11491
14422
17353
20284
23215
26146
29077
32008
34939
37870
40801
43732
46663
49594
52525
55456
58387
61318
64249
67180
70111
73042
75973
78904
81835
84766
87697
90628
93559
96490
99421
-1
-1
-1
-1
-1
-1
-1
2869
5800
8731
11662
14593
17524
20455
23386
26317
29248
32179
35110
38041
40972
43903
46834
49765
52696
55627
58558
61489
64420
67351
70282
73213
76144
79075
82006
84937
87868
90799
93730
96661
99592
-1
-1
-1
-1
-1
-1
109
3040
5971
8902
11833
14764
17695
20626
23557
26488
29419
32350
35281
38212
41143
44074
47005
49936
52867
55798
58729
61660
64591
67522
70453
73384
76315
79246
82177
85108
88039
90970
93901
96832
99763
-1
-1
-1
-1
-1
-1
280
3211
6142
9073
12004
14935
17866
20797
23728
26659
29590
32521
35452
38383
41314
44245
47176
50107
53038
55969
58900
61831
64762
67693
70624
73555
76486
79417
82348
85279
88210
91141
94072
97003
99934
-1
-1
-1
-1
-1
-1
451
3382
6313
9244
12175
15106
18037
20968
23899
26830
29761
32692
35623
38554
41485
44416
47347
50278
53209
56140
59071
62002
64933
67864
70795
73726
76657
79588
82519
85450
88381
91312
94243
97174
-1
-1
-1
-1
-1
-1
-1
622
3553
6484
9415
12346
15277
18208
21139
24070
27001
29932
32863
35794
38725
41656
44587
47518
50449
53380
56311
59242
62173
65104
68035
70966
73897
76828
79759
82690
85621
88552
91483
94414
97345
-1
-1
-1
-1
-1
-1
-1
793
3724
6655
9586
12517
15448
18379
21310
24241
27172
30103
33034
35965
38896
41827
44758
47689
50620
53551
56482
59413
62344
65275
68206
71137
74068
76999
79930
82861
85792
88723
91654
94585
97516
-1
-1
-1
-1
-1
-1
-1
964
3895
6826
9757
12688
15619
18550
21481
24412
27343
30274
33205
36136
39067
41998
44929
47860
50791
53722
56653
59584
62515
65446
68377
71308
74239
77170
80101
83032
85963
88894
91825
94756
97687
-1
-1
-1
-1
-1
-1
-1
1135
4066
6997
9928
12859
15790
18721
21652
24583
27514
30445
33376
36307
39238
42169
45100
48031
50962
53893
56824
59755
62686
65617
68548
71479
74410
77341
80272
83203
86134
89065
91996
94927
97858
-1
-1
-1
-1
-1
-1
-1
1306
4237
7168
10099
13030
15961
18892
21823
24754
27685
30616
33547
36478
39409
42340
45271
48202
51133
54064
56995
59926
62857
65788
68719
71650
74581
77512
80443
83374
86305
89236
92167
95098
98029
-1
-1
-1
-1
-1
-1
-1
1477
4408
7339
10270
13201
16132
19063
21994
24925
27856
30787
33718
36649
39580
42511
45442
48373
51304
54235
57166
60097
63028
65959
68890
71821
74752
77683
80614
83545
86476
89407
92338
95269
98200
-1
-1
-1
-1
-1
-1
-1
1648
4579
7510
10441
13372
16303
19234
22165
25096
28027
30958
33889
36820
39751
42682
45613
48544
51475
54406
57337
60268
63199
66130
69061
71992
74923
77854
80785
83716
86647
89578
92509
95440
98371
-1
-1
-1
-1
-1
-1
-1
1819
4750
7681
10612
13543
16474
19405
22336
25267
28198
31129
34060
36991
39922
42853
45784
48715
51646
54577
57508
60439
63370
66301
69232
72163
75094
78025
80956
83887
86818
89749
92680
95611
98542
-1
-1
-1
-1
-1
-1
-1
1990
4921
7852
10783
13714
16645
19576
22507
25438
28369
31300
34231
37162
40093
43024
45955
48886
51817
54748
57679
60610
63541
66472
69403
72334
75265
78196
81127
84058
86989
89920
92851
95782
98713
-1
-1
-1
-1
-1
-1
-1
2161
5092
8023
10954
13885
16816
19747
22678
25609
28540
31471
34402
37333
40264
43195
46126
49057
51988
54919
57850
60781
63712
66643
69574
72505
75436
78367
81298
84229
87160
90091
93022
95953
98884
-1
-1
-1
-1
-1
-1
-1
2332
5263
8194
11125
14056
16987
19918
22849
25780
28711
31642
34573
37504
40435
43366
46297
49228
52159
55090
58021
60952
63883
66814
69745
72676
75607
78538
81469
84400
87331
90262
93193
96124
99055
-1
-1
-1
-1
-1
-1
-1
2503
5434
8365
11296
14227
17158
20089
23020
25951
28882
31813
34744
37675
40606
43537
46468
49399
52330
55261
58192
61123
64054
66985
69916
72847
75778
78709
81640
84571
87502
90433
93364
96295
99226
-1
-1
-1
-1
-1
-1
-1
2674
5605
8536
11467
14398
17329
20260
23191
26122
29053
31984
34915
37846
40777
43708
46639
49570
52501
55432
58363
61294
64225
67156
70087
73018
75949
78880
81811
84742
87673
90604
93535
96466
99397
-1
-1
-1
-1
-1
-1
-1
2845
5776
8707
11638
14569
17500
20431
23362
26293
29224
32155
35086
38017
40948
43879
46810
49741
52672
55603
58534
61465
64396
67327
70258
73189
76120
79051
81982
84913
87844
90775
93706
96637
99568
-1
-1
-1
-1
-1
-1
85
3016
5947
8878
11809
14740
17671
20602
23533
26464
29395
32326
35257
38188
41119
44050
46981
49912
52843
55774
58705
61636
64567
67498
70429
73360
76291
79222
82153
85084
88015
90946
93877
96808
99739
-1
-1
-1
-1
-1
-1
256
3187
6118
9049
11980
14911
17842
20773
23704
26635
29566
32497
35428
38359
41290
44221
47152
50083
53014
55945
58876
61807
64738
67669
70600
73531
76462
79393
82324
85255
88186
91117
94048
96979
99910
-1
-1
-1
-1
-1
-1
427
3358
6289
9220
12151
15082
18013
20944
23875
26806
29737
32668
35599
38530
41461
44392
47323
50254
53185
56116
59047
61978
64909
67840
70771
73702
76633
79564
82495
85426
88357
91288
94219
97150
-1
-1
-1
-1
-1
-1
-1
598
3529
6460
9391
12322
15253
18184
21115
24046
26977
29908
32839
35770
38701
41632
44563
47494
50425
53356
56287
59218
62149
65080
68011
70942
73873
76804
79735
82666
85597
88528
91459
94390
97321
-1
-1
-1
-1
-1
-1
-1
769
3700
6631
9562
12493
15424
18355
21286
24217
27148
30079
33010
35941
38872
41803
44734
47665
50596
53527
56458
59389
62320
65251
68182
71113
74044
76975
79906
82837
85768
88699
91630
94561
97492
-1
-1
-1
-1
-1
-1
-1
940
3871
6802
9733
12664
15595
18526
21457
24388
27319
30250
33181
36112
39043
41974
44905
47836
50767
53698
56629
59560
62491
65422
68353
71284
74215
77146
80077
83008
85939
88870
91801
94732
97663
-1
-1
-1
-1
-1
-1
-1
1111
4042
6973
9904
12835
15766
18697
21628
24559
27490
30421
33352
36283
39214
42145
45076
48007
50938
53869
56800
59731
62662
65593
68524
71455
74386
77317
80248
83179
86110
89041
91972
94903
97834
-1
-1
-1
-1
-1
-1
-1
1282
4213
7144
10075
13006
15937
18868
21799
24730
27661
30592
33523
36454
39385
42316
45247
48178
51109
54040
56971
59902
62833
65764
68695
71626
74557
77488
80419
83350
86281
89212
92143
95074
98005
-1
-1
-1
-1
-1
-1
-1
1453
4384
7315
10246
13177
16108
19039
21970
24901
27832
30763
33694
36625
39556
42487
45418
48349
51280
54211
57142
60073
63004
65935
68866
71797
74728
77659
80590
83521
86452
89383
92314
95245
98176
-1
-1
-1
-1
-1
-1
-1
1624
4555
7486
10417
13348
16279
19210
22141
25072
28003
30934
33865
36796
39727
42658
45589
48520
51451
54382
57313
60244
63175
66106
69037
71968
74899
77830
80761
83692
86623
89554
92485
95416
98347
-1
-1
-1
-1
-1
-1
-1
1795
4726
7657
10588
13519
16450
19381
22312
25243
28174
31105
34036
36967
39898
42829
45760
48691
51622
54553
57484
60415
63346
66277
69208
72139
75070
78001
80932
83863
86794
89725
92656
95587
98518
-1
-1
-1
-1
-1
-1
-1
1966
4897
7828
10759
13690
16621
19552
22483
25414
28345
31276
34207
37138
40069
43000
45931
48862
51793
54724
57655
60586
63517
66448
69379
72310
75241
78172
81103
84034
86965
89896
92827
95758
98689
-1
-1
-1
-1
-1
-1
-1
2137
5068
7999
10930
13861
16792
19723
22654
25585
28516
31447
34378
37309
40240
43171
46102
49033
51964
54895
57826
60757
63688
66619
69550
72481
75412
78343
81274
84205
87136
90067
92998
95929
98860
-1
-1
-1
-1
-1
-1
-1
2308
5239
8170
11101
14032
16963
19894
22825
25756
28687
31618
34549
37480
40411
43342
46273
49204
52135
55066
57997
60928
63859
66790
69721
72652
75583
78514
81445
84376
87307
90238
93169
96100
99031
-1
-1
-1
-1
-1
-1
-1
2479
5410
8341
11272
14203
17134
20065
22996
25927
28858
31789
34720
37651
40582
43513
46444
49375
52306
55237
58168
61099
64030
66961
69892
72823
75754
78685
81616
84547
87478
90409
93340
96271
99202
-1
-1
-1
-1
-1
-1
-1
2650
5581
8512
11443
14374
17305
20236
23167
26098
29029
31960
34891
37822
40753
43684
46615
49546
52477
55408
58339
61270
64201
67132
70063
72994
75925
78856
81787
84718
87649
90580
93511
96442
99373
-1
-1
-1
-1
-1
-1
-1
2821
5752
8683
11614
14545
17476
20407
23338
26269
29200
32131
35062
37993
40924
43855
46786
49717
52648
55579
58510
61441
64372
67303
70234
73165
76096
79027
81958
84889
87820
90751
93682
96613
99544
-1
-1
-1
-1
-1
-1
61
2992
5923
8854
11785
14716
17647
20578
23509
26440
29371
32302
35233
38164
41095
44026
46957
49888
52819
55750
58681
61612
64543
67474
70405
73336
76267
79198
82129
85060
87991
90922
93853
96784
99715
-1
-1
-1
-1
-1
-1
232
3163
6094
9025
11956
14887
17818
20749
23680
26611
29542
32473
35404
38335
41266
44197
47128
50059
52990
55921
58852
61783
64714
67645
70576
73507
76438
79369
82300
85231
88162
91093
94024
96955
99886
-1
-1
-1
-1
-1
-1
403
3334
6265
9196
12127
15058
17989
20920
23851
26782
29713
32644
35575
38506
41437
44368
47299
50230
53161
56092
59023
61954
64885
67816
70747
73678
76609
79540
82471
85402
88333
91264
94195
97126
-1
-1
-1
-1
-1
-1
-1
574
3505
6436
9367
12298
15229
18160
21091
24022
26953
29884
32815
35746
38677
41608
44539
47470
50401
53332
56263
59194
62125
65056
67987
70918
73849
76780
79711
82642
85573
88504
91435
94366
97297
-1
-1
-1
-1
-1
-1
-1
745
3676
6607
9538
12469
15400
18331
21262
24193
27124
30055
32986
35917
38848
41779
44710
47641
50572
53503
56434
59365
62296
65227
68158
71089
74020
76951
79882
82813
85744
88675
91606
94537
97468
-1
-1
-1
-1
-1
-1
-1
916
3847
6778
9709
12640
15571
18502
21433
24364
27295
30226
33157
36088
39019
41950
44881
47812
50743
53674
56605
59536
62467
65398
68329
71260
74191
77122
80053
82984
85915
88846
91777
94708
97639
-1
-1
-1
-1
-1
-1
-1
1087
4018
6949
9880
12811
15742
18673
21604
24535
27466
30397
33328
36259
39190
42121
45052
47983
50914
53845
56776
59707
62638
65569
68500
71431
74362
77293
80224
83155
86086
89017
91948
94879
97810
-1
-1
-1
-1
-1
-1
-1
1258
4189
7120
10051
12982
15913
18844
21775
24706
27637
30568
33499
36430
39361
42292
45223
48154
51085
54016
56947
59878
62809
65740
68671
71602
74533
77464
80395
83326
86257
89188
92119
95050
97981
-1
-1
-1
-1
-1
-1
-1
1429
4360
7291
10222
13153
16084
19015
21946
24877
27808
30739
33670
36601
39532
42463
45394
48325
51256
54187
57118
60049
62980
65911
68842
71773
74704
77635
80566
83497
86428
89359
92290
95221
98152
-1
-1
-1
-1
-1
-1
-1
1600
4531
7462
10393
13324
16255
19186
22117
25048
27979
30910
33841
36772
39703
42634
45565
48496
51427
54358
57289
60220
63151
66082
69013
71944
74875
77806
80737
83668
86599
89530
92461
95392
98323
-1
-1
-1
-1
-1
-1
-1
1771
4702
7633
10564
13495
16426
19357
22288
25219
28150
31081
34012
36943
39874
42805
45736
48667
51598
54529
57460
60391
63322
66253
69184
72115
75046
77977
80908
83839
86770
89701
92632
95563
98494
-1
-1
-1
-1
-1
-1
-1
1942
4873
7804
10735
13666
16597
19528
22459
25390
28321
31252
34183
37114
40045
42976
45907
48838
51769
54700
57631
60562
63493
66424
69355
72286
75217
78148
81079
84010
86941
89872
92803
95734
98665
-1
-1
-1
-1
-1
-1
-1
2113
5044
7975
10906
13837
16768
19699
22630
25561
28492
31423
34354
37285
40216
43147
46078
49009
51940
54871
57802
60733
63664
66595
69526
72457
75388
78319
81250
84181
87112
90043
92974
95905
98836
-1
-1
-1
-1
-1
-1
-1
2284
5215
8146
11077
14008
16939
19870
22801
25732
28663
31594
34525
37456
40387
43318
46249
49180
52111
55042
57973
60904
63835
66766
69697
72628
75559
78490
81421
84352
87283
90214
93145
96076
99007
-1
-1
-1
-1
-1
-1
-1
2455
5386
8317
11248
14179
17110
20041
22972
25903
28834
31765
34696
37627
40558
43489
46420
49351
52282
55213
58144
61075
64006
66937
69868
72799
75730
78661
81592
84523
87454
90385
93316
96247
99178
-1
-1
-1
-1
-1
-1
-1
2626
5557
8488
11419
14350
17281
20212
23143
26074
29005
31936
34867
37798
40729
43660
46591
49522
52453
55384
58315
61246
64177
67108
70039
72970
75901
78832
81763
84694
87625
90556
93487
96418
99349
-1
-1
-1
-1
-1
-1
-1
2797
5728
8659
11590
14521
17452
20383
23314
26245
29176
32107
35038
37969
40900
43831
46762
49693
52624
55555
58486
61417
64348
67279
70210
73141
76072
79003
81934
84865
87796
90727
93658
96589
99520
-1
-1
-1
-1
-1
-1
37
2968
5899
8830
11761
14692
17623
20554
23485
26416
29347
32278
35209
38140
41071
44002
46933
49864
52795
55726
58657
61588
64519
67450
70381
73312
76243
79174
82105
85036
87967
90898
93829
96760
99691
-1
-1
-1
-1
-1
-1
208
3139
6070
9001
11932
14863
17794
20725
23656
26587
29518
32449
35380
38311
41242
44173
47104
50035
52966
55897
58828
61759
64690
67621
70552
73483
76414
79345
82276
85207
88138
91069
94000
96931
99862
-1
-1
-1
-1
-1
-1
379
3310
6241
9172
12103
15034
17965
20896
23827
26758
29689
32620
35551
38482
41413
44344
47275
50206
53137
56068
58999
61930
64861
67792
70723
73654
76585
79516
82447
85378
88309
91240
94171
97102
-1
-1
-1
-1
-1
-1
-1
550
3481
6412
9343
12274
15205
18136
21067
23998
26929
29860
32791
35722
38653
41584
44515
47446
50377
53308
56239
59170
62101
65032
67963
70894
73825
76756
79687
82618
85549
88480
91411
94342
97273
-1
-1
-1
-1
-1
-1
-1
721
3652
6583
9514
12445
15376
18307
21238
24169
27100
30031
32962
35893
38824
41755
44686
47617
50548
53479
56410
59341
62272
65203
68134
71065
73996
76927
79858
82789
85720
88651
91582
94513
97444
-1
-1
-1
-1
-1
-1
-1
892
3823
6754
9685
12616
15547
18478
21409
24340
27271
30202
33133
36064
38995
41926
44857
47788
50719
53650
56581
59512
62443
65374
68305
71236
74167
77098
80029
82960
85891
88822
91753
94684
97615
-1
-1
-1
-1
-1
-1
-1
1063
3994
6925
9856
12787
15718
18649
21580
24511
27442
30373
33304
36235
39166
42097
45028
47959
50890
53821
56752
59683
62614
65545
68476
71407
74338
77269
80200
83131
86062
88993
91924
94855
97786
-1
-1
-1
-1
-1
-1
-1
1234
4165
7096
10027
12958
15889
18820
21751
24682
27613
30544
33475
36406
39337
42268
45199
48130
51061
53992
56923
59854
62785
65716
68647
71578
74509
77440
80371
83302
86233
89164
92095
95026
97957
-1
-1
-1
-1
-1
-1
-1
1405
4336
7267
10198
13129
16060
18991
21922
24853
27784
30715
33646
36577
39508
42439
45370
48301
51232
54163
57094
60025
62956
65887
68818
71749
74680
77611
80542
83473
86404
89335
92266
95197
98128
-1
-1
-1
-1
-1
-1
-1
1576
4507
7438
10369
13300
16231
19162
22093
25024
27955
30886
33817
36748
39679
42610
45541
48472
51403
54334
57265
60196
63127
66058
68989
71920
74851
77782
80713
83644
86575
89506
92437
95368
98299
-1
-1
-1
-1
-1
-1
-1
1747
4678
7609
10540
13471
16402
19333
22264
25195
28126
31057
33988
36919
39850
42781
45712
48643
51574
54505
57436
60367
63298
66229
69160
72091
75022
77953
80884
83815
86746
89677
92608
95539
98470
-1
-1
-1
-1
-1
-1
-1
1918
4849
7780
10711
13642
16573
19504
22435
25366
28297
31228
34159
37090
40021
42952
45883
48814
51745
54676
57607
60538
63469
66400
69331
72262
75193
78124
81055
83986
86917
89848
92779
95710
98641
-1
-1
-1
-1
-1
-1
-1
2089
5020
7951
10882
13813
16744
19675
22606
25537
28468
31399
34330
37261
40192
43123
46054
48985
51916
54847
57778
60709
63640
66571
69502
72433
75364
78295
81226
84157
87088
90019
92950
95881
98812
-1
-1
-1
-1
-1
-1
-1
2260
5191
8122
11053
13984
16915
19846
22777
25708
28639
31570
34501
37432
40363
43294
46225
49156
52087
55018
57949
60880
63811
66742
69673
72604
75535
78466
81397
84328
87259
90190
93121
96052
98983
-1
-1
-1
-1
-1
-1
-1
2431
5362
8293
11224
14155
17086
20017
22948
25879
28810
31741
34672
37603
40534
43465
46396
49327
52258
55189
58120
61051
63982
66913
69844
72775
75706
78637
81568
84499
87430
90361
93292
96223
99154
-1
-1
-1
-1
-1
-1
-1
2602
5533
8464
11395
14326
17257
20188
23119
26050
28981
31912
34843
37774
40705
43636
46567
49498
52429
55360
58291
61222
64153
67084
70015
72946
75877
78808
81739
84670
87601
90532
93463
96394
99325
-1
-1
-1
-1
-1
-1
-1
2773
5704
8635
11566
14497
17428
20359
23290
26221
29152
32083
35014
37945
40876
43807
46738
49669
52600
55531
58462
61393
64324
67255
70186
73117
76048
78979
81910
84841
87772
90703
93634
96565
99496
-1
-1
-1
-1
-1
-1
13
2944
5875
8806
11737
14668
17599
20530
23461
26392
29323
32254
35185
38116
41047
43978
46909
49840
52771
55702
58633
61564
64495
67426
70357
73288
76219
79150
82081
85012
87943
90874
93805
96736
99667
-1
-1
-1
-1
-1
-1
184
3115
6046
8977
11908
14839
17770
20701
23632
26563
29494
32425
35356
38287
41218
44149
47080
50011
52942
55873
58804
61735
64666
67597
70528
73459
76390
79321
82252
85183
88114
91045
93976
96907
99838
-1
-1
-1
-1
-1
-1
355
3286
6217
9148
12079
15010
17941
20872
23803
26734
29665
32596
35527
38458
41389
44320
47251
50182
53113
56044
58975
61906
64837
67768
70699
73630
76561
79492
82423
85354
88285
91216
94147
97078
-1
-1
-1
-1
-1
-1
-1
526
3457
6388
9319
12250
15181
18112
21043
23974
26905
29836
32767
35698
38629
41560
44491
47422
50353
53284
56215
59146
62077
65008
67939
70870
73801
76732
79663
82594
85525
88456
91387
94318
97249
-1
-1
-1
-1
-1
-1
-1
697
3628
6559
9490
12421
15352
18283
21214
24145
27076
30007
32938
35869
38800
41731
44662
47593
50524
53455
56386
59317
62248
65179
68110
71041
73972
76903
79834
82765
85696
88627
91558
94489
97420
-1
-1
-1
-1
-1
-1
-1
868
3799
6730
9661
12592
15523
18454
21385
24316
27247
30178
33109
36040
38971
41902
44833
47764
50695
53626
56557
59488
62419
65350
68281
71212
74143
77074
80005
82936
85867
88798
91729
94660
97591
-1
-1
-1
-1
-1
-1
-1
1039
3970
6901
9832
12763
15694
18625
21556
24487
27418
30349
33280
36211
39142
42073
45004
47935
50866
53797
56728
59659
62590
65521
68452
71383
74314
77245
80176
83107
86038
88969
91900
94831
97762
-1
-1
-1
-1
-1
-1
-1
1210
4141
7072
10003
12934
15865
18796
21727
24658
27589
30520
33451
36382
39313
42244
45175
48106
51037
53968
56899
59830
62761
65692
68623
71554
74485
77416
80347
83278
86209
89140
92071
95002
97933
-1
-1
-1
-1
-1
-1
-1
1381
4312
7243
10174
13105
16036
18967
21898
24829
27760
30691
33622
36553
39484
42415
45346
48277
51208
54139
57070
60001
62932
65863
68794
71725
74656
77587
80518
83449
86380
89311
92242
95173
98104
-1
-1
-1
-1
-1
-1
-1
1552
4483
7414
10345
13276
16207
19138
22069
25000
27931
30862
33793
36724
39655
42586
45517
48448
51379
54310
57241
60172
63103
66034
68965
71896
74827
77758
80689
83620
86551
89482
92413
95344
98275
-1
-1
-1
-1
-1
-1
-1
1723
4654
7585
10516
13447
16378
19309
22240
25171
28102
31033
33964
36895
39826
42757
45688
48619
51550
54481
57412
60343
63274
66205
69136
72067
74998
77929
80860
83791
86722
89653
92584
95515
98446
-1
-1
-1
-1
-1
-1
-1
1894
4825
7756
10687
13618
16549
19480
22411
25342
28273
31204
34135
37066
39997
42928
45859
48790
51721
54652
57583
60514
63445
66376
69307
72238
75169
78100
81031
83962
86893
89824
92755
95686
98617
-1
-1
-1
-1
-1
-1
-1
2065
4996
7927
10858
13789
16720
19651
22582
25513
28444
31375
34306
37237
40168
43099
46030
48961
51892
54823
57754
60685
63616
66547
69478
72409
75340
78271
81202
84133
87064
89995
92926
95857
98788
-1
-1
-1
-1
-1
-1
-1
2236
5167
8098
11029
13960
16891
19822
22753
25684
28615
31546
34477
37408
40339
43270
46201
49132
52063
54994
57925
60856
63787
66718
69649
72580
75511
78442
81373
84304
87235
90166
93097
96028
98959
-1
-1
-1
-1
-1
-1
-1
2407
5338
8269
11200
14131
17062
19993
22924
25855
28786
31717
34648
37579
40510
43441
46372
49303
52234
55165
58096
61027
63958
66889
69820
72751
75682
78613
81544
84475
87406
90337
93268
96199
99130
-1
-1
-1
-1
-1
-1
-1
2578
5509
8440
11371
14302
17233
20164
23095
26026
28957
31888
34819
37750
40681
43612
46543
49474
52405
55336
58267
61198
64129
67060
69991
72922
75853
78784
81715
84646
87577
90508
93439
96370
99301
-1
-1
-1
-1
-1
-1
-1
2749
5680
8611
11542
14473
17404
20335
23266
26197
29128
32059
34990
37921
40852
43783
46714
49645
52576
55507
58438
61369
64300
67231
70162
73093
76024
78955
81886
84817
87748
90679
93610
96541
99472
-1
-1
-1
-1
-1
-1
-1
2920
5851
8782
11713
14644
17575
20506
23437
26368
29299
32230
35161
38092
41023
43954
46885
49816
52747
55678
58609
61540
64471
67402
70333
73264
76195
79126
82057
84988
87919
90850
93781
96712
99643
-1
-1
-1
-1
-1
-1
160
3091
6022
8953
11884
14815
17746
20677
23608
26539
29470
32401
35332
38263
41194
44125
47056
49987
52918
55849
58780
61711
64642
67573
70504
73435
76366
79297
82228
85159
88090
91021
93952
96883
99814
-1
-1
-1
-1
-1
-1
331
3262
6193
9124
12055
14986
17917
20848
23779
26710
29641
32572
35503
38434
41365
44296
47227
50158
53089
56020
58951
61882
64813
67744
70675
73606
76537
79468
82399
85330
88261
91192
94123
97054
99985
-1
-1
-1
-1
-1
-1
502
3433
6364
9295
12226
15157
18088
21019
23950
26881
29812
32743
35674
38605
41536
44467
47398
50329
53260
56191
59122
62053
64984
67915
70846
73777
76708
79639
82570
85501
88432
91363
94294
97225
-1
-1
-1
-1
-1
-1
-1
673
3604
6535
9466
12397
15328
18259
21190
24121
27052
29983
32914
35845
38776
41707
44638
47569
50500
53431
56362
59293
62224
65155
68086
71017
73948
76879
79810
82741
85672
88603
91534
94465
97396
-1
-1
-1
-1
-1
-1
-1
844
3775
6706
9637
12568
15499
18430
21361
24292
27223
30154
33085
36016
38947
41878
44809
47740
50671
53602
56533
59464
62395
65326
68257
71188
74119
77050
79981
82912
85843
88774
91705
94636
97567
-1
-1
-1
-1
-1
-1
-1
1015
3946
6877
9808
12739
15670
18601
21532
24463
27394
30325
33256
36187
39118
42049
44980
47911
50842
53773
56704
59635
62566
65497
68428
71359
74290
77221
80152
83083
86014
88945
91876
94807
97738
-1
-1
-1
-1
-1
-1
-1
1186
4117
7048
9979
12910
15841
18772
21703
24634
27565
30496
33427
36358
39289
42220
45151
48082
51013
53944
56875
59806
62737
65668
68599
71530
74461
77392
80323
83254
86185
89116
92047
94978
97909
-1
-1
-1
-1
-1
-1
-1
1357
4288
7219
10150
13081
16012
18943
21874
24805
27736
30667
33598
36529
39460
42391
45322
48253
51184
54115
57046
59977
62908
65839
68770
71701
74632
77563
80494
83425
86356
89287
92218
95149
98080
-1
-1
-1
-1
-1
-1
-1
1528
4459
7390
10321
13252
16183
19114
22045
24976
27907
30838
33769
36700
39631
42562
45493
48424
51355
54286
57217
60148
63079
66010
68941
71872
74803
77734
80665
83596
86527
89458
92389
95320
98251
-1
-1
-1
-1
-1
-1
-1
1699
4630
7561
10492
13423
16354
19285
22216
25147
28078
31009
33940
36871
39802
42733
45664
48595
51526
54457
57388
60319
63250
66181
69112
72043
74974
77905
80836
83767
86698
89629
92560
95491
98422
-1
-1
-1
-1
-1
-1
-1
1870
4801
7732
10663
13594
16525
19456
22387
25318
28249
31180
34111
37042
39973
42904
45835
48766
51697
54628
57559
60490
63421
66352
69283
72214
75145
78076
81007
83938
86869
89800
92731
95662
98593
-1
-1
-1
-1
-1
-1
-1
2041
4972
7903
10834
13765
16696
19627
22558
25489
28420
31351
34282
37213
40144
43075
46006
48937
51868
54799
57730
60661
63592
66523
69454
72385
75316
78247
81178
84109
87040
89971
92902
95833
98764
-1
-1
-1
-1
-1
-1
-1
2212
5143
8074
11005
13936
16867
19798
22729
25660
28591
31522
34453
37384
40315
43246
46177
49108
52039
54970
57901
60832
63763
66694
69625
72556
75487
78418
81349
84280
87211
90142
93073
96004
98935
-1
-1
-1
-1
-1
-1
-1
2383
5314
8245
11176
14107
17038
19969
22900
25831
28762
31693
34624
37555
40486
43417
46348
49279
52210
55141
58072
61003
63934
66865
69796
72727
75658
78589
81520
84451
87382
90313
93244
96175
99106
-1
-1
-1
-1
-1
-1
-1
2554
5485
8416
11347
14278
17209
20140
23071
26002
28933
31864
34795
37726
40657
43588
46519
49450
52381
55312
58243
61174
64105
67036
69967
72898
75829
78760
81691
84622
87553
90484
93415
96346
99277
-1
-1
-1
-1
-1
-1
-1
2725
5656
8587
11518
14449
17380
20311
23242
26173
29104
32035
34966
37897
40828
43759
46690
49621
52552
55483
58414
61345
64276
67207
70138
73069
76000
78931
81862
84793
87724
90655
93586
96517
99448
-1
-1
-1
-1
-1
-1
-1
2896
5827
8758
11689
14620
17551
20482
23413
26344
29275
32206
35137
38068
40999
43930
46861
49792
52723
55654
58585
61516
64447
67378
70309
73240
76171
79102
82033
84964
87895
90826
93757
96688
99619
-1
-1
-1
-1
-1
-1
136
3067
5998
8929
11860
14791
17722
20653
23584
26515
29446
32377
35308
38239
41170
44101
47032
49963
52894
55825
58756
61687
64618
67549
70480
73411
76342
79273
82204
85135
88066
90997
93928
96859
99790
-1
-1
-1
-1
-1
-1
307
3238
6169
9100
12031
14962
17893
20824
23755
26686
29617
32548
35479
38410
41341
44272
47203
50134
53065
55996
58927
61858
64789
67720
70651
73582
76513
79444
82375
85306
88237
91168
94099
97030
99961
-1
-1
-1
-1
-1
-1
478
3409
6340
9271
12202
15133
18064
20995
23926
26857
29788
32719
35650
38581
41512
44443
47374
50305
53236
56167
59098
62029
64960
67891
70822
73753
76684
79615
82546
85477
88408
91339
94270
97201
-1
-1
-1
-1
-1
-1
-1
649
3580
6511
9442
12373
15304
18235
21166
24097
27028
29959
32890
35821
38752
41683
44614
47545
50476
53407
56338
59269
62200
65131
68062
70993
73924
76855
79786
82717
85648
88579
91510
94441
97372
-1
-1
-1
-1
-1
-1
-1
820
3751
6682
9613
12544
15475
18406
21337
24268
27199
30130
33061
35992
38923
41854
44785
47716
50647
53578
56509
59440
62371
65302
68233
71164
74095
77026
79957
82888
85819
88750
91681
94612
97543
-1
-1
-1
-1
-1
-1
-1
991
3922
6853
9784
12715
15646
18577
21508
24439
27370
30301
33232
36163
39094
42025
44956
47887
50818
53749
56680
59611
62542
65473
68404
71335
74266
77197
80128
83059
85990
88921
91852
94783
97714
-1
-1
-1
-1
-1
-1
-1
1162
4093
7024
9955
12886
15817
18748
21679
24610
27541
30472
33403
36334
39265
42196
45127
48058
50989
53920
56851
59782
62713
65644
68575
71506
74437
77368
80299
83230
86161
89092
92023
94954
97885
-1
-1
-1
-1
-1
-1
-1
1333
4264
7195
10126
13057
15988
18919
21850
24781
27712
30643
33574
36505
39436
42367
45298
48229
51160
54091
57022
59953
62884
65815
68746
71677
74608
77539
80470
83401
86332
89263
92194
95125
98056
-1
-1
-1
-1
-1
-1
-1
1504
4435
7366
10297
13228
16159
19090
22021
24952
27883
30814
33745
36676
39607
42538
45469
48400
51331
54262
57193
60124
63055
65986
68917
71848
74779
77710
80641
83572
86503
89434
92365
95296
98227
-1
-1
-1
-1
-1
-1
-1
1675
4606
7537
10468
13399
16330
19261
22192
25123
28054
30985
33916
36847
39778
42709
45640
48571
51502
54433
57364
60295
63226
66157
69088
72019
74950
77881
80812
83743
86674
89605
92536
95467
98398
-1
-1
-1
-1
-1
-1
-1
1846
4777
7708
10639
13570
16501
19432
22363
25294
28225
31156
34087
37018
39949
42880
45811
48742
51673
54604
57535
60466
63397
66328
69259
72190
75121
78052
80983
83914
86845
89776
92707
95638
98569
-1
-1
-1
-1
-1
-1
-1
2017
4948
7879
10810
13741
16672
19603
22534
25465
28396
31327
34258
37189
40120
43051
45982
48913
51844
54775
57706
60637
63568
66499
69430
72361
75292
78223
81154
84085
87016
89947
92878
95809
98740
-1
-1
-1
-1
-1
-1
-1
2188
5119
8050
10981
13912
16843
19774
22705
25636
28567
31498
34429
37360
40291
43222
46153
49084
52015
54946
57877
60808
63739
66670
69601
72532
75463
78394
81325
84256
87187
90118
93049
95980
98911
-1
-1
-1
-1
-1
-1
-1
2359
5290
8221
11152
14083
17014
19945
22876
25807
28738
31669
34600
37531
40462
43393
46324
49255
52186
55117
58048
60979
63910
66841
69772
72703
75634
78565
81496
84427
87358
90289
93220
96151
99082
-1
-1
-1
-1
-1
-1
-1
2530
5461
8392
11323
14254
17185
20116
23047
25978
28909
31840
34771
37702
40633
43564
46495
49426
52357
55288
58219
61150
64081
67012
69943
72874
75805
78736
81667
84598
87529
90460
93391
96322
99253
-1
-1
-1
-1
-1
-1
-1
2701
5632
8563
11494
14425
17356
20287
23218
26149
29080
32011
34942
37873
40804
43735
46666
49597
52528
55459
58390
61321
64252
67183
70114
73045
75976
78907
81838
84769
87700
90631
93562
96493
99424
-1
-1
-1
-1
-1
-1
-1
2872
5803
8734
11665
14596
17527
20458
23389
26320
29251
32182
35113
38044
40975
43906
46837
49768
52699
55630
58561
61492
64423
67354
70285
73216
76147
79078
82009
84940
87871
90802
93733
96664
99595
-1
-1
-1
-1
-1
-1
112
3043
5974
8905
11836
14767
17698
20629
23560
26491
29422
32353
35284
38215
41146
44077
47008
49939
52870
55801
58732
61663
64594
67525
70456
73387
76318
79249
82180
85111
88042
90973
93904
96835
99766
-1
-1
-1
-1
-1
-1
283
3214
6145
9076
12007
14938
17869
20800
23731
26662
29593
32524
35455
38386
41317
44248
47179
50110
53041
55972
58903
61834
64765
67696
70627
73558
76489
79420
82351
85282
88213
91144
94075
97006
99937
-1
-1
-1
-1
-1
-1
454
3385
6316
9247
12178
15109
18040
20971
23902
26833
29764
32695
35626
38557
41488
44419
47350
50281
53212
56143
59074
62005
64936
67867
70798
73729
76660
79591
82522
85453
88384
91315
94246
97177
-1
-1
-1
-1
-1
-1
-1
625
3556
6487
9418
12349
15280
18211
21142
24073
27004
29935
32866
35797
38728
41659
44590
47521
50452
53383
56314
59245
62176
65107
68038
70969
73900
76831
79762
82693
85624
88555
91486
94417
97348
-1
-1
-1
-1
-1
-1
-1
796
3727
6658
9589
12520
15451
18382
21313
24244
27175
30106
33037
35968
38899
41830
44761
47692
50623
53554
56485
59416
62347
65278
68209
71140
74071
77002
79933
82864
85795
88726
91657
94588
97519
-1
-1
-1
-1
-1
-1
-1
967
3898
6829
9760
12691
15622
18553
21484
24415
27346
30277
33208
36139
39070
42001
44932
47863
50794
53725
56656
59587
62518
65449
68380
71311
74242
77173
80104
83035
85966
88897
91828
94759
97690
-1
-1
-1
-1
-1
-1
-1
1138
4069
7000
9931
12862
15793
18724
21655
24586
27517
30448
33379
36310
39241
42172
45103
48034
50965
53896
56827
59758
62689
65620
68551
71482
74413
77344
80275
83206
86137
89068
91999
94930
97861
-1
-1
-1
-1
-1
-1
-1
1309
4240
7171
10102
13033
15964
18895
21826
24757
27688
30619
33550
36481
39412
42343
45274
48205
51136
54067
56998
59929
62860
65791
68722
71653
74584
77515
80446
83377
86308
89239
92170
95101
98032
-1
-1
-1
-1
-1
-1
-1
1480
4411
7342
10273
13204
16135
19066
21997
24928
27859
30790
33721
36652
39583
42514
45445
48376
51307
54238
57169
60100
63031
65962
68893
71824
74755
77686
80617
83548
86479
89410
92341
95272
98203
-1
-1
-1
-1
-1
-1
-1
1651
4582
7513
10444
13375
16306
19237
22168
25099
28030
30961
33892
36823
39754
42685
45616
48547
51478
54409
57340
60271
63202
66133
69064
71995
74926
77857
80788
83719
86650
89581
92512
95443
98374
-1
-1
-1
-1
-1
-1
-1
1822
4753
7684
10615
13546
16477
19408
22339
25270
28201
31132
34063
36994
39925
42856
45787
48718
51649
54580
57511
60442
63373
66304
69235
72166
75097
78028
80959
83890
86821
89752
92683
95614
98545
-1
-1
-1
-1
-1
-1
-1
1993
4924
7855
10786
13717
16648
19579
22510
25441
28372
31303
34234
37165
40096
43027
45958
48889
51820
54751
57682
60613
63544
66475
69406
72337
75268
78199
81130
84061
86992
89923
92854
95785
98716
-1
-1
-1
-1
-1
-1
-1
2164
5095
8026
10957
13888
16819
19750
22681
25612
28543
31474
34405
37336
40267
43198
46129
49060
51991
54922
57853
60784
63715
66646
69577
72508
75439
78370
81301
84232
87163
90094
93025
95956
98887
-1
-1
-1
-1
-1
-1
-1
2335
5266
8197
11128
14059
16990
19921
22852
25783
28714
31645
34576
37507
40438
43369
46300
49231
52162
55093
58024
60955
63886
66817
69748
72679
75610
78541
81472
84403
87334
90265
93196
96127
99058
-1
-1
-1
-1
-1
-1
-1
2506
5437
8368
11299
14230
17161
20092
23023
25954
28885
31816
34747
37678
40609
43540
46471
49402
52333
55264
58195
61126
64057
66988
69919
72850
75781
78712
81643
84574
87505
90436
93367
96298
99229
-1
-1
-1
-1
-1
-1
-1
2677
5608
8539
11470
14401
17332
20263
23194
26125
29056
31987
34918
37849
40780
43711
46642
49573
52504
55435
58366
61297
64228
67159
70090
73021
75952
78883
81814
84745
87676
90607
93538
96469
99400
-1
-1
-1
-1
-1
-1
-1
2848
5779
8710
11641
14572
17503
20434
23365
26296
29227
32158
35089
38020
40951
43882
46813
49744
52675
55606
58537
61468
64399
67330
70261
73192
76123
79054
81985
84916
87847
90778
93709
96640
99571
-1
-1
-1
-1
-1
-1
88
3019
5950
8881
11812
14743
17674
20605
23536
26467
29398
32329
35260
38191
41122
44053
46984
49915
52846
55777
58708
61639
64570
67501
70432
73363
76294
79225
82156
85087
88018
90949
93880
96811
99742
-1
-1
-1
-1
-1
-1
259
3190
6121
9052
11983
14914
17845
20776
23707
26638
29569
32500
35431
38362
41293
44224
47155
50086
53017
55948
58879
61810
64741
67672
70603
73534
76465
79396
82327
85258
88189
91120
94051
96982
99913
-1
-1
-1
-1
-1
-1
430
3361
6292
9223
12154
15085
18016
20947
23878
26809
29740
32671
35602
38533
41464
44395
47326
50257
53188
56119
59050
61981
64912
67843
70774
73705
76636
79567
82498
85429
88360
91291
94222
97153
-1
-1
-1
-1
-1
-1
-1
601
3532
6463
9394
12325
15256
18187
21118
24049
26980
29911
32842
35773
38704
41635
44566
47497
50428
53359
56290
59221
62152
65083
68014
70945
73876
76807
79738
82669
85600
88531
91462
94393
97324
-1
-1
-1
-1
-1
-1
-1
772
3703
6634
9565
12496
15427
18358
21289
24220
27151
30082
33013
35944
38875
41806
44737
47668
50599
53530
56461
59392
62323
65254
68185
71116
74047
76978
79909
82840
85771
88702
91633
94564
97495
-1
-1
-1
-1
-1
-1
-1
943
3874
6805
9736
12667
15598
18529
21460
24391
27322
30253
33184
36115
39046
41977
44908
47839
50770
53701
56632
59563
62494
65425
68356
71287
74218
77149
80080
83011
85942
88873
91804
94735
97666
-1
-1
-1
-1
-1
-1
-1
1114
4045
6976
9907
12838
15769
18700
21631
24562
27493
30424
33355
36286
39217
42148
45079
48010
50941
53872
56803
59734
62665
65596
68527
71458
74389
77320
80251
83182
86113
89044
91975
94906
97837
-1
-1
-1
-1
-1
-1
-1
1285
4216
7147
10078
13009
15940
18871
21802
24733
27664
30595
33526
36457
39388
42319
45250
48181
51112
54043
56974
59905
62836
65767
68698
71629
74560
77491
80422
83353
86284
89215
92146
95077
98008
-1
-1
-1
-1
-1
-1
-1
1456
4387
7318
10249
13180
16111
19042
21973
24904
27835
30766
33697
36628
39559
42490
45421
48352
51283
54214
57145
60076
63007
65938
68869
71800
74731
77662
80593
83524
86455
89386
92317
95248
98179
-1
-1
-1
-1
-1
-1
-1
1627
4558
7489
10420
13351
16282
19213
22144
25075
28006
30937
33868
36799
39730
42661
45592
48523
51454
54385
57316
60247
63178
66109
69040
71971
74902
77833
80764
83695
86626
89557
92488
95419
98350
-1
-1
-1
-1
-1
-1
-1
1798
4729
7660
10591
13522
16453
19384
22315
25246
28177
31108
34039
36970
39901
42832
45763
48694
51625
54556
57487
60418
63349
66280
69211
72142
75073
78004
80935
83866
86797
89728
92659
95590
98521
-1
-1
-1
-1
-1
-1
-1
1969
4900
7831
10762
13693
16624
19555
22486
25417
28348
31279
34210
37141
40072
43003
45934
48865
51796
54727
57658
60589
63520
66451
69382
72313
75244
78175
81106
84037
86968
89899
92830
95761
98692
-1
-1
-1
-1
-1
-1
-1
2140
5071
8002
10933
13864
16795
19726
22657
25588
28519
31450
34381
37312
40243
43174
46105
49036
51967
54898
57829
60760
63691
66622
69553
72484
75415
78346
81277
84208
87139
90070
93001
95932
98863
-1
-1
-1
-1
-1
-1
-1
2311
5242
8173
11104
14035
16966
19897
22828
25759
28690
31621
34552
37483
40414
43345
46276
49207
52138
55069
58000
60931
63862
66793
69724
72655
75586
78517
81448
84379
87310
90241
93172
96103
99034
-1
-1
-1
-1
-1
-1
-1
2482
5413
8344
11275
14206
17137
20068
22999
25930
28861
31792
34723
37654
40585
43516
46447
49378
52309
55240
58171
61102
64033
66964
69895
72826
75757
78688
81619
84550
87481
90412
93343
96274
99205
-1
-1
-1
-1
-1
-1
-1
2653
5584
8515
11446
14377
17308
20239
23170
26101
29032
31963
34894
37825
40756
43687
46618
49549
52480
55411
58342
61273
64204
67135
70066
72997
75928
78859
81790
84721
87652
90583
93514
96445
99376
-1
-1
-1
-1
-1
-1
-1
2824
5755
8686
11617
14548
17479
20410
23341
26272
29203
32134
35065
37996
40927
43858
46789
49720
52651
55582
58513
61444
64375
67306
70237
73168
76099
79030
81961
84892
87823
90754
93685
96616
99547
-1
-1
-1
-1
-1
-1
64
2995
5926
8857
11788
14719
17650
20581
23512
26443
29374
32305
35236
38167
41098
44029
46960
49891
52822
55753
58684
61615
64546
67477
70408
73339
76270
79201
82132
85063
87994
90925
93856
96787
99718
-1
-1
-1
-1
-1
-1
235
3166
6097
9028
11959
14890
17821
20752
23683
26614
29545
32476
35407
38338
41269
44200
47131
50062
52993
55924
58855
61786
64717
67648
70579
73510
76441
79372
82303
85234
88165
91096
94027
96958
99889
-1
-1
-1
-1
-1
-1
406
3337
6268
9199
12130
15061
17992
20923
23854
26785
29716
32647
35578
38509
41440
44371
47302
50233
53164
56095
59026
61957
64888
67819
70750
73681
76612
79543
82474
85405
88336
91267
94198
97129
-1
-1
-1
-1
-1
-1
-1
577
3508
6439
9370
12301
15232
18163
21094
24025
26956
29887
32818
35749
38680
41611
44542
47473
50404
53335
56266
59197
62128
65059
67990
70921
73852
76783
79714
82645
85576
88507
91438
94369
97300
-1
-1
-1
-1
-1
-1
-1
748
3679
6610
9541
12472
15403
18334
21265
24196
27127
30058
32989
35920
38851
41782
44713
47644
50575
53506
56437
59368
62299
65230
68161
71092
74023
76954
79885
82816
85747
88678
91609
94540
97471
-1
-1
-1
-1
-1
-1
-1
919
3850
6781
9712
12643
15574
18505
21436
24367
27298
30229
33160
36091
39022
41953
44884
47815
50746
53677
56608
59539
62470
65401
68332
71263
74194
77125
80056
82987
85918
88849
91780
94711
97642
-1
-1
-1
-1
-1
-1
-1
1090
4021
6952
9883
12814
15745
18676
21607
24538
27469
30400
33331
36262
39193
42124
45055
47986
50917
53848
56779
59710
62641
65572
68503
71434
74365
77296
80227
83158
86089
89020
91951
94882
97813
-1
-1
-1
-1
-1
-1
-1
1261
4192
7123
10054
12985
15916
18847
21778
24709
27640
30571
33502
36433
39364
42295
45226
48157
51088
54019
56950
59881
62812
65743
68674
71605
74536
77467
80398
83329
86260
89191
92122
95053
97984
-1
-1
-1
-1
-1
-1
-1
1432
4363
7294
10225
13156
16087
19018
21949
24880
27811
30742
33673
36604
39535
42466
45397
48328
51259
54190
57121
60052
62983
65914
68845
71776
74707
77638
80569
83500
86431
89362
92293
95224
98155
-1
-1
-1
-1
-1
-1
-1
1603
4534
7465
10396
13327
16258
19189
22120
25051
27982
30913
33844
36775
39706
42637
45568
48499
51430
54361
57292
60223
63154
66085
69016
71947
74878
77809
80740
83671
86602
89533
92464
95395
98326
-1
-1
-1
-1
-1
-1
-1
1774
4705
7636
10567
13498
16429
19360
22291
25222
28153
31084
34015
36946
39877
42808
45739
48670
51601
54532
57463
60394
63325
66256
69187
72118
75049
77980
80911
83842
86773
89704
92635
95566
98497
-1
-1
-1
-1
-1
-1
-1
1945
4876
7807
10738
13669
16600
19531
22462
25393
28324
31255
34186
37117
40048
42979
45910
48841
51772
54703
57634
60565
63496
66427
69358
72289
75220
78151
81082
84013
86944
89875
92806
95737
98668
-1
-1
-1
-1
-1
-1
-1
2116
5047
7978
10909
13840
16771
19702
22633
25564
28495
31426
34357
37288
40219
43150
46081
49012
51943
54874
57805
60736
63667
66598
69529
72460
75391
78322
81253
84184
87115
90046
92977
95908
98839
-1
-1
-1
-1
-1
-1
-1
2287
5218
8149
11080
14011
16942
19873
22804
25735
28666
31597
34528
37459
40390
43321
46252
49183
52114
55045
57976
60907
63838
66769
69700
72631
75562
78493
81424
84355
87286
90217
93148
96079
99010
-1
-1
-1
-1
-1
-1
-1
2458
5389
8320
11251
14182
17113
20044
22975
25906
28837
31768
34699
37630
40561
43492
46423
49354
52285
55216
58147
61078
64009
66940
69871
72802
75733
78664
81595
84526
87457
90388
93319
96250
99181
-1
-1
-1
-1
-1
-1
-1
2629
5560
8491
11422
14353
17284
20215
23146
26077
29008
31939
34870
37801
40732
43663
46594
49525
52456
55387
58318
61249
64180
67111
70042
72973
75904
78835
81766
84697
87628
90559
93490
96421
99352
-1
-1
-1
-1
-1
-1
-1
2800
5731
8662
11593
14524
17455
20386
23317
26248
29179
32110
35041
37972
40903
43834
46765
49696
52627
55558
58489
61420
64351
67282
70213
73144
76075
79006
81937
84868
87799
90730
93661
96592
99523
-1
-1
-1
-1
-1
-1
40
2971
5902
8833
11764
14695
17626
20557
23488
26419
29350
32281
35212
38143
41074
44005
46936
49867
52798
55729
58660
61591
64522
67453
70384
73315
76246
79177
82108
85039
87970
90901
93832
96763
99694
-1
-1
-1
-1
-1
-1
211
3142
6073
9004
11935
14866
17797
20728
23659
26590
29521
32452
35383
38314
41245
44176
47107
50038
52969
55900
58831
61762
64693
67624
70555
73486
76417
79348
82279
85210
88141
91072
94003
96934
99865
-1
-1
-1
-1
-1
-1
382
3313
6244
9175
12106
15037
17968
20899
23830
26761
29692
32623
35554
38485
41416
44347
47278
50209
53140
56071
59002
61933
64864
67795
70726
73657
76588
79519
82450
85381
88312
91243
94174
97105
-1
-1
-1
-1
-1
-1
-1
553
3484
6415
9346
12277
15208
18139
21070
24001
26932
29863
32794
35725
38656
41587
44518
47449
50380
53311
56242
59173
62104
65035
67966
70897
73828
76759
79690
82621
85552
88483
91414
94345
97276
-1
-1
-1
-1
-1
-1
-1
724
3655
6586
9517
12448
15379
18310
21241
24172
27103
30034
32965
35896
38827
41758
44689
47620
50551
53482
56413
59344
62275
65206
68137
71068
73999
76930
79861
82792
85723
88654
91585
94516
97447
-1
-1
-1
-1
-1
-1
-1
895
3826
6757
9688
12619
15550
18481
21412
24343
27274
30205
33136
36067
38998
41929
44860
47791
50722
53653
56584
59515
62446
65377
68308
71239
74170
77101
80032
82963
85894
88825
91756
94687
97618
-1
-1
-1
-1
-1
-1
-1
1066
3997
6928
9859
12790
15721
18652
21583
24514
27445
30376
33307
36238
39169
42100
45031
47962
50893
53824
56755
59686
62617
65548
68479
71410
74341
77272
80203
83134
86065
88996
91927
94858
97789
-1
-1
-1
-1
-1
-1
-1
1237
4168
7099
10030
12961
15892
18823
21754
24685
27616
30547
33478
36409
39340
42271
45202
48133
51064
53995
56926
59857
62788
65719
68650
71581
74512
77443
80374
83305
86236
89167
92098
95029
97960
-1
-1
-1
-1
-1
-1
-1
1408
4339
7270
10201
13132
16063
18994
21925
24856
27787
30718
33649
36580
39511
42442
45373
48304
51235
54166
57097
60028
62959
65890
68821
71752
74683
77614
80545
83476
86407
89338
92269
95200
98131
-1
-1
-1
-1
-1
-1
-1
1579
4510
7441
10372
13303
16234
19165
22096
25027
27958
30889
33820
36751
39682
42613
45544
48475
51406
54337
57268
60199
63130
66061
68992
71923
74854
77785
80716
83647
86578
89509
92440
95371
98302
-1
-1
-1
-1
-1
-1
-1
1750
4681
7612
10543
13474
16405
19336
22267
25198
28129
31060
33991
36922
39853
42784
45715
48646
51577
54508
57439
60370
63301
66232
69163
72094
75025
77956
80887
83818
86749
89680
92611
95542
98473
-1
-1
-1
-1
-1
-1
-1
1921
4852
7783
10714
13645
16576
19507
22438
25369
28300
31231
34162
37093
40024
42955
45886
48817
51748
54679
57610
60541
63472
66403
69334
72265
75196
78127
81058
83989
86920
89851
92782
95713
98644
-1
-1
-1
-1
-1
-1
-1
2092
5023
7954
10885
13816
16747
19678
22609
25540
28471
31402
34333
37264
40195
43126
46057
48988
51919
54850
57781
60712
63643
66574
69505
72436
75367
78298
81229
84160
87091
90022
92953
95884
98815
-1
-1
-1
-1
-1
-1
-1
2263
5194
8125
11056
13987
16918
19849
22780
25711
28642
31573
34504
37435
40366
43297
46228
49159
52090
55021
57952
60883
63814
66745
69676
72607
75538
78469
81400
84331
87262
90193
93124
96055
98986
-1
-1
-1
-1
-1
-1
-1
2434
5365
8296
11227
14158
17089
20020
22951
25882
28813
31744
34675
37606
40537
43468
46399
49330
52261
55192
58123
61054
63985
66916
69847
72778
75709
78640
81571
84502
87433
90364
93295
96226
99157
-1
-1
-1
-1
-1
-1
-1
2605
5536
8467
11398
14329
17260
20191
23122
26053
28984
31915
34846
37777
40708
43639
46570
49501
52432
55363
58294
61225
64156
67087
70018
72949
75880
78811
81742
84673
87604
90535
93466
96397
99328
-1
-1
-1
-1
-1
-1
-1
2776
5707
8638
11569
14500
17431
20362
23293
26224
29155
32086
35017
37948
40879
43810
46741
49672
52603
55534
58465
61396
64327
67258
70189
73120
76051
78982
81913
84844
87775
90706
93637
96568
99499
-1
-1
-1
-1
-1
-1
16
2947
5878
8809
11740
14671
17602
20533
23464
26395
29326
32257
35188
38119
41050
43981
46912
49843
52774
55705
58636
61567
64498
67429
70360
73291
76222
79153
82084
85015
87946
90877
93808
96739
99670
-1
-1
-1
-1
-1
-1
187
3118
6049
8980
11911
14842
17773
20704
23635
26566
29497
32428
35359
38290
41221
44152
47083
50014
52945
55876
58807
61738
64669
67600
70531
73462
76393
79324
82255
85186
88117
91048
93979
96910
99841
-1
-1
-1
-1
-1
-1
358
3289
6220
9151
12082
15013
17944
20875
23806
26737
29668
32599
35530
38461
41392
44323
47254
50185
53116
56047
58978
61909
64840
67771
70702
73633
76564
79495
82426
85357
88288
91219
94150
97081
-1
-1
-1
-1
-1
-1
-1
529
3460
6391
9322
12253
15184
18115
21046
23977
26908
29839
32770
35701
38632
41563
44494
47425
50356
53287
56218
59149
62080
65011
67942
70873
73804
76735
79666
82597
85528
88459
91390
94321
97252
-1
-1
-1
-1
-1
-1
-1
700
3631
6562
9493
12424
15355
18286
21217
24148
27079
30010
32941
35872
38803
41734
44665
47596
50527
53458
56389
59320
62251
65182
68113
71044
73975
76906
79837
82768
85699
88630
91561
94492
97423
-1
-1
-1
-1
-1
-1
-1
871
3802
6733
9664
12595
15526
18457
21388
24319
27250
30181
33112
36043
38974
41905
44836
47767
50698
53629
56560
59491
62422
65353
68284
71215
74146
77077
80008
82939
85870
88801
91732
94663
97594
-1
-1
-1
-1
-1
-1
-1
1042
3973
6904
9835
12766
15697
18628
21559
24490
27421
30352
33283
36214
39145
42076
45007
47938
50869
53800
56731
59662
62593
65524
68455
71386
74317
77248
80179
83110
86041
88972
91903
94834
97765
-1
-1
-1
-1
-1
-1
-1
1213
4144
7075
10006
12937
15868
18799
21730
24661
27592
30523
33454
36385
39316
42247
45178
48109
51040
53971
56902
59833
62764
65695
68626
71557
74488
77419
80350
83281
86212
89143
92074
95005
97936
-1
-1
-1
-1
-1
-1
-1
1384
4315
7246
10177
13108
16039
18970
21901
24832
27763
30694
33625
36556
39487
42418
45349
48280
51211
54142
57073
60004
62935
65866
68797
71728
74659
77590
80521
83452
86383
89314
92245
95176
98107
-1
-1
-1
-1
-1
-1
-1
1555
4486
7417
10348
13279
16210
19141
22072
25003
27934
30865
33796
36727
39658
42589
45520
48451
51382
54313
57244
60175
63106
66037
68968
71899
74830
77761
80692
83623
86554
89485
92416
95347
98278
-1
-1
-1
-1
-1
-1
-1
1726
4657
7588
10519
13450
16381
19312
22243
25174
28105
31036
33967
36898
39829
42760
45691
48622
51553
54484
57415
60346
63277
66208
69139
72070
75001
77932
80863
83794
86725
89656
92587
95518
98449
-1
-1
-1
-1
-1
-1
-1
1897
4828
7759
10690
13621
16552
19483
22414
25345
28276
31207
34138
37069
40000
42931
45862
48793
51724
54655
57586
60517
63448
66379
69310
72241
75172
78103
81034
83965
86896
89827
92758
95689
98620
-1
-1
-1
-1
-1
-1
-1
2068
4999
7930
10861
13792
16723
19654
22585
25516
28447
31378
34309
37240
40171
43102
46033
48964
51895
54826
57757
60688
63619
66550
69481
72412
75343
78274
81205
84136
87067
89998
92929
95860
98791
-1
-1
-1
-1
-1
-1
-1
2239
5170
8101
11032
13963
16894
19825
22756
25687
28618
31549
34480
37411
40342
43273
46204
49135
52066
54997
57928
60859
63790
66721
69652
72583
75514
78445
81376
84307
87238
90169
93100
96031
98962
-1
-1
-1
-1
-1
-1
-1
2410
5341
8272
11203
14134
17065
19996
22927
25858
28789
31720
34651
37582
40513
43444
46375
49306
52237
55168
58099
61030
63961
66892
69823
72754
75685
78616
81547
84478
87409
90340
93271
96202
99133
-1
-1
-1
-1
-1
-1
-1
2581
5512
8443
11374
14305
17236
20167
23098
26029
28960
31891
34822
37753
40684
43615
46546
49477
52408
55339
58270
61201
64132
67063
69994
72925
75856
78787
81718
84649
87580
90511
93442
96373
99304
-1
-1
-1
-1
-1
-1
-1
2752
5683
8614
11545
14476
17407
20338
23269
26200
29131
32062
34993
37924
40855
43786
46717
49648
52579
55510
58441
61372
64303
67234
70165
73096
76027
78958
81889
84820
87751
90682
93613
96544
99475
-1
-1
-1
-1
-1
-1
-1
2923
5854
8785
11716
14647
17578
20509
23440
26371
29302
32233
35164
38095
41026
43957
46888
49819
52750
55681
58612
61543
64474
67405
70336
73267
76198
79129
82060
84991
87922
90853
93784
96715
99646
-1
-1
-1
-1
-1
-1
163
3094
6025
8956
11887
14818
17749
20680
23611
26542
29473
32404
35335
38266
41197
44128
47059
49990
52921
55852
58783
61714
64645
67576
70507
73438
76369
79300
82231
85162
88093
91024
93955
96886
99817
-1
-1
-1
-1
-1
-1
334
3265
6196
9127
12058
14989
17920
20851
23782
26713
29644
32575
35506
38437
41368
44299
47230
50161
53092
56023
58954
61885
64816
67747
70678
73609
76540
79471
82402
85333
88264
91195
94126
97057
99988
-1
-1
-1
-1
-1
-1
505
3436
6367
9298
12229
15160
18091
21022
23953
26884
29815
32746
35677
38608
41539
44470
47401
50332
53263
56194
59125
62056
64987
67918
70849
73780
76711
79642
82573
85504
88435
91366
94297
97228
-1
-1
-1
-1
-1
-1
-1
676
3607
6538
9469
12400
15331
18262
21193
24124
27055
29986
32917
35848
38779
41710
44641
47572
50503
53434
56365
59296
62227
65158
68089
71020
73951
76882
79813
82744
85675
88606
91537
94468
97399
-1
-1
-1
-1
-1
-1
-1
847
3778
6709
9640
12571
15502
18433
21364
24295
27226
30157
33088
36019
38950
41881
44812
47743
50674
53605
56536
59467
62398
65329
68260
71191
74122
77053
79984
82915
85846
88777
91708
94639
97570
-1
-1
-1
-1
-1
-1
-1
1018
3949
6880
9811
12742
15673
18604
21535
24466
27397
30328
33259
36190
39121
42052
44983
47914
50845
53776
56707
59638
62569
65500
68431
71362
74293
77224
80155
83086
86017
88948
91879
94810
97741
-1
-1
-1
-1
-1
-1
-1
1189
4120
7051
9982
12913
15844
18775
21706
24637
27568
30499
33430
36361
39292
42223
45154
48085
51016
53947
56878
59809
62740
65671
68602
71533
74464
77395
80326
83257
86188
89119
92050
94981
97912
-1
-1
-1
-1
-1
-1
-1
1360
4291
7222
10153
13084
16015
18946
21877
24808
27739
30670
33601
36532
39463
42394
45325
48256
51187
54118
57049
59980
62911
65842
68773
71704
74635
77566
80497
83428
86359
89290
92221
95152
98083
-1
-1
-1
-1
-1
-1
-1
1531
4462
7393
10324
13255
16186
19117
22048
24979
27910
30841
33772
36703
39634
42565
45496
48427
51358
54289
57220
60151
63082
66013
68944
71875
74806
77737
80668
83599
86530
89461
92392
95323
98254
-1
-1
-1
-1
-1
-1
-1
1702
4633
7564
10495
13426
16357
19288
22219
25150
28081
31012
33943
36874
39805
42736
45667
48598
51529
54460
57391
60322
63253
66184
69115
72046
74977
77908
80839
83770
86701
89632
92563
95494
98425
-1
-1
-1
-1
-1
-1
-1
1873
4804
7735
10666
13597
16528
19459
22390
25321
28252
31183
34114
37045
39976
42907
45838
48769
51700
54631
57562
60493
63424
66355
69286
72217
75148
78079
81010
83941
86872
89803
92734
95665
98596
-1
-1
-1
-1
-1
-1
-1
2044
4975
7906
10837
13768
16699
19630
22561
25492
28423
31354
34285
37216
40147
43078
46009
48940
51871
54802
57733
60664
63595
66526
69457
72388
75319
78250
81181
84112
87043
89974
92905
95836
98767
-1
-1
-1
-1
-1
-1
-1
2215
5146
8077
11008
13939
16870
19801
22732
25663
28594
31525
34456
37387
40318
43249
46180
49111
52042
54973
57904
60835
63766
66697
69628
72559
75490
78421
81352
84283
87214
90145
93076
96007
98938
-1
-1
-1
-1
-1
-1
-1
2386
5317
8248
11179
14110
17041
19972
22903
25834
28765
31696
34627
37558
40489
43420
46351
49282
52213
55144
58075
61006
63937
66868
69799
72730
75661
78592
81523
84454
87385
90316
93247
96178
99109
-1
-1
-1
-1
-1
-1
-1
2557
5488
8419
11350
14281
17212
20143
23074
26005
28936
31867
34798
37729
40660
43591
46522
49453
52384
55315
58246
61177
64108
67039
69970
72901
75832
78763
81694
84625
87556
90487
93418
96349
99280
-1
-1
-1
-1
-1
-1
-1
2728
5659
8590
11521
14452
17383
20314
23245
26176
29107
32038
34969
37900
40831
43762
46693
49624
52555
55486
58417
61348
64279
67210
70141
73072
76003
78934
81865
84796
87727
90658
93589
96520
99451
-1
-1
-1
-1
-1
-1
-1
2899
5830
8761
11692
14623
17554
20485
23416
26347
29278
32209
35140
38071
41002
43933
46864
49795
52726
55657
58588
61519
64450
67381
70312
73243
76174
79105
82036
84967
87898
90829
93760
96691
99622
-1
-1
-1
-1
-1
-1
139
3070
6001
8932
11863
14794
17725
20656
23587
26518
29449
32380
35311
38242
41173
44104
47035
49966
52897
55828
58759
61690
64621
67552
70483
73414
76345
79276
82207
85138
88069
91000
93931
96862
99793
-1
-1
-1
-1
-1
-1
310
3241
6172
9103
12034
14965
17896
20827
23758
26689
29620
32551
35482
38413
41344
44275
47206
50137
53068
55999
58930
61861
64792
67723
70654
73585
76516
79447
82378
85309
88240
91171
94102
97033
99964
-1
-1
-1
-1
-1
-1
481
3412
6343
9274
12205
15136
18067
20998
23929
26860
29791
32722
35653
38584
41515
44446
47377
50308
53239
56170
59101
62032
64963
67894
70825
73756
76687
79618
82549
85480
88411
91342
94273
97204
-1
-1
-1
-1
-1
-1
-1
652
3583
6514
9445
12376
15307
18238
21169
24100
27031
29962
32893
35824
38755
41686
44617
47548
50479
53410
56341
59272
62203
65134
68065
70996
73927
76858
79789
82720
85651
88582
91513
94444
97375
-1
-1
-1
-1
-1
-1
-1
823
3754
6685
9616
12547
15478
18409
21340
24271
27202
30133
33064
35995
38926
41857
44788
47719
50650
53581
56512
59443
62374
65305
68236
71167
74098
77029
79960
82891
85822
88753
91684
94615
97546
-1
-1
-1
-1
-1
-1
-1
994
3925
6856
9787
12718
15649
18580
21511
24442
27373
30304
33235
36166
39097
42028
44959
47890
50821
53752
56683
59614
62545
65476
68407
71338
74269
77200
80131
83062
85993
88924
91855
94786
97717
-1
-1
-1
-1
-1
-1
-1
1165
4096
7027
9958
12889
15820
18751
21682
24613
27544
30475
33406
36337
39268
42199
45130
48061
50992
53923
56854
59785
62716
65647
68578
71509
74440
77371
80302
83233
86164
89095
92026
94957
97888
-1
-1
-1
-1
-1
-1
-1
1336
4267
7198
10129
13060
15991
18922
21853
24784
27715
30646
33577
36508
39439
42370
45301
48232
51163
54094
57025
59956
62887
65818
68749
71680
74611
77542
80473
83404
86335
89266
92197
95128
98059
-1
-1
-1
-1
-1
-1
-1
1507
4438
7369
10300
13231
16162
19093
22024
24955
27886
30817
33748
36679
39610
42541
45472
48403
51334
54265
57196
60127
63058
65989
68920
71851
74782
77713
80644
83575
86506
89437
92368
95299
98230
-1
-1
-1
-1
-1
-1
-1
1678
4609
7540
10471
13402
16333
19264
22195
25126
28057
30988
33919
36850
39781
42712
45643
48574
51505
54436
57367
60298
63229
66160
69091
72022
74953
77884
80815
83746
86677
89608
92539
95470
98401
-1
-1
-1
-1
-1
-1
-1
1849
4780
7711
10642
13573
16504
19435
22366
25297
28228
31159
34090
37021
39952
42883
45814
48745
51676
54607
57538
60469
63400
66331
69262
72193
75124
78055
80986
83917
86848
89779
92710
95641
98572
-1
-1
-1
-1
-1
-1
-1
2020
4951
7882
10813
13744
16675
19606
22537
25468
28399
31330
34261
37192
40123
43054
45985
48916
51847
54778
57709
60640
63571
66502
69433
72364
75295
78226
81157
84088
87019
89950
92881
95812
98743
-1
-1
-1
-1
-1
-1
-1
2191
5122
8053
10984
13915
16846
19777
22708
25639
28570
31501
34432
37363
40294
43225
46156
49087
52018
54949
57880
60811
63742
66673
69604
72535
75466
78397
81328
84259
87190
90121
93052
95983
98914
-1
-1
-1
-1
-1
-1
-1
2362
5293
8224
11155
14086
17017
19948
22879
25810
28741
31672
34603
37534
40465
43396
46327
49258
52189
55120
58051
60982
63913
66844
69775
72706
75637
78568
81499
84430
87361
90292
93223
96154
99085
-1
-1
-1
-1
-1
-1
-1
2533
5464
8395
11326
14257
17188
20119
23050
25981
28912
31843
34774
37705
40636
43567
46498
49429
52360
55291
58222
61153
64084
67015
69946
72877
75808
78739
81670
84601
87532
90463
93394
96325
99256
-1
-1
-1
-1
-1
-1
-1
2704
5635
8566
11497
14428
17359
20290
23221
26152
29083
32014
34945
37876
40807
43738
46669
49600
52531
55462
58393
61324
64255
67186
70117
73048
75979
78910
81841
84772
87703
90634
93565
96496
99427
-1
-1
-1
-1
-1
-1
-1
2875
5806
8737
11668
14599
17530
20461
23392
26323
29254
32185
35116
38047
40978
43909
46840
49771
52702
55633
58564
61495
64426
67357
70288
73219
76150
79081
82012
84943
87874
90805
93736
96667
99598
-1
-1
-1
-1
-1
-1
115
3046
5977
8908
11839
14770
17701
20632
23563
26494
29425
32356
35287
38218
41149
44080
47011
49942
52873
55804
58735
61666
64597
67528
70459
73390
76321
79252
82183
85114
88045
90976
93907
96838
99769
-1
-1
-1
-1
-1
-1
286
3217
6148
9079
12010
14941
17872
20803
23734
26665
29596
32527
35458
38389
41320
44251
47182
50113
53044
55975
58906
61837
64768
67699
70630
73561
76492
79423
82354
85285
88216
91147
94078
97009
99940
-1
-1
-1
-1
-1
-1
457
3388
6319
9250
12181
15112
18043
20974
23905
26836
29767
32698
35629
38560
41491
44422
47353
50284
53215
56146
59077
62008
64939
67870
70801
73732
76663
79594
82525
85456
88387
91318
94249
97180
-1
-1
-1
-1
-1
-1
-1
628
3559
6490
9421
12352
15283
18214
21145
24076
27007
29938
32869
35800
38731
41662
44593
47524
50455
53386
56317
59248
62179
65110
68041
70972
73903
76834
79765
82696
85627
88558
91489
94420
97351
-1
-1
-1
-1
-1
-1
-1
799
3730
6661
9592
12523
15454
18385
21316
24247
27178
30109
33040
35971
38902
41833
44764
47695
50626
53557
56488
59419
62350
65281
68212
71143
74074
77005
79936
82867
85798
88729
91660
94591
97522
-1
-1
-1
-1
-1
-1
-1
970
3901
6832
9763
12694
15625
18556
21487
24418
27349
30280
33211
36142
39073
42004
44935
47866
50797
53728
56659
59590
62521
65452
68383
71314
74245
77176
80107
83038
85969
88900
91831
94762
97693
-1
-1
-1
-1
-1
-1
-1
1141
4072
7003
9934
12865
15796
18727
21658
24589
27520
30451
33382
36313
39244
42175
45106
48037
50968
53899
56830
59761
62692
65623
68554
71485
74416
77347
80278
83209
86140
89071
92002
94933
97864
-1
-1
-1
-1
-1
-1
-1
1312
4243
7174
10105
13036
15967
18898
21829
24760
27691
30622
33553
36484
39415
42346
45277
48208
51139
54070
57001
59932
62863
65794
68725
71656
74587
77518
80449
83380
86311
89242
92173
95104
98035
-1
-1
-1
-1
-1
-1
-1
1483
4414
7345
10276
13207
16138
19069
22000
24931
27862
30793
33724
36655
39586
42517
45448
48379
51310
54241
57172
60103
63034
65965
68896
71827
74758
77689
80620
83551
86482
89413
92344
95275
98206
-1
-1
-1
-1
-1
-1
-1
1654
4585
7516
10447
13378
16309
19240
22171
25102
28033
30964
33895
36826
39757
42688
45619
48550
51481
54412
57343
60274
63205
66136
69067
71998
74929
77860
80791
83722
86653
89584
92515
95446
98377
-1
-1
-1
-1
-1
-1
-1
1825
4756
7687
10618
13549
16480
19411
22342
25273
28204
31135
34066
36997
39928
42859
45790
48721
51652
54583
57514
60445
63376
66307
69238
72169
75100
78031
80962
83893
86824
89755
92686
95617
98548
-1
-1
-1
-1
-1
-1
-1
1996
4927
7858
10789
13720
16651
19582
22513
25444
28375
31306
34237
37168
40099
43030
45961
48892
51823
54754
57685
60616
63547
66478
69409
72340
75271
78202
81133
84064
86995
89926
92857
95788
98719
-1
-1
-1
-1
-1
-1
-1
2167
5098
8029
10960
13891
16822
19753
22684
25615
28546
31477
34408
37339
40270
43201
46132
49063
51994
54925
57856
60787
63718
66649
69580
72511
75442
78373
81304
84235
87166
90097
93028
95959
98890
-1
-1
-1
-1
-1
-1
-1
2338
5269
8200
11131
14062
16993
19924
22855
25786
28717
31648
34579
37510
40441
43372
46303
49234
52165
55096
58027
60958
63889
66820
69751
72682
75613
78544
81475
84406
87337
90268
93199
96130
99061
-1
-1
-1
-1
-1
-1
-1
2509
5440
8371
11302
14233
17164
20095
23026
25957
28888
31819
34750
37681
40612
43543
46474
49405
52336
55267
58198
61129
64060
66991
69922
72853
75784
78715
81646
84577
87508
90439
93370
96301
99232
-1
-1
-1
-1
-1
-1
-1
2680
5611
8542
11473
14404
17335
20266
23197
26128
29059
31990
34921
37852
40783
43714
46645
49576
52507
55438
58369
61300
64231
67162
70093
73024
75955
78886
81817
84748
87679
90610
93541
96472
99403
-1
-1
-1
-1
-1
-1
-1
2851
5782
8713
11644
14575
17506
20437
23368
26299
29230
32161
35092
38023
40954
43885
46816
49747
52678
55609
58540
61471
64402
67333
70264
73195
76126
79057
81988
84919
87850
90781
93712
96643
99574
-1
-1
-1
-1
-1
-1
91
3022
5953
8884
11815
14746
17677
20608
23539
26470
29401
32332
35263
38194
41125
44056
46987
49918
52849
55780
58711
61642
64573
67504
70435
73366
76297
79228
82159
85090
88021
90952
93883
96814
99745
-1
-1
-1
-1
-1
-1
262
3193
6124
9055
11986
14917
17848
20779
23710
26641
29572
32503
35434
38365
41296
44227
47158
50089
53020
55951
58882
61813
64744
67675
70606
73537
76468
79399
82330
85261
88192
91123
94054
96985
99916
-1
-1
-1
-1
-1
-1
433
3364
6295
9226
12157
15088
18019
20950
23881
26812
29743
32674
35605
38536
41467
44398
47329
50260
53191
56122
59053
61984
64915
67846
70777
73708
76639
79570
82501
85432
88363
91294
94225
97156
-1
-1
-1
-1
-1
-1
-1
604
3535
6466
9397
12328
15259
18190
21121
24052
26983
29914
32845
35776
38707
41638
44569
47500
50431
53362
56293
59224
62155
65086
68017
70948
73879
76810
79741
82672
85603
88534
91465
94396
97327
-1
-1
-1
-1
-1
-1
-1
775
3706
6637
9568
12499
15430
18361
21292
24223
27154
30085
33016
35947
38878
41809
44740
47671
50602
53533
56464
59395
62326
65257
68188
71119
74050
76981
79912
82843
85774
88705
91636
94567
97498
-1
-1
-1
-1
-1
-1
-1
946
3877
6808
9739
12670
15601
18532
21463
24394
27325
30256
33187
36118
39049
41980
44911
47842
50773
53704
56635
59566
62497
65428
68359
71290
74221
77152
80083
83014
85945
88876
91807
94738
97669
-1
-1
-1
-1
-1
-1
-1
1117
4048
6979
9910
12841
15772
18703
21634
24565
27496
30427
33358
36289
39220
42151
45082
48013
50944
53875
56806
59737
62668
65599
68530
71461
74392
77323
80254
83185
86116
89047
91978
94909
97840
-1
-1
-1
-1
-1
-1
-1
1288
4219
7150
10081
13012
15943
18874
21805
24736
27667
30598
33529
36460
39391
42322
45253
48184
51115
54046
56977
59908
62839
65770
68701
71632
74563
77494
80425
83356
86287
89218
92149
95080
98011
-1
-1
-1
-1
-1
-1
-1
1459
4390
7321
10252
13183
16114
19045
21976
24907
27838
30769
33700
36631
39562
42493
45424
48355
51286
54217
57148
60079
63010
65941
68872
71803
74734
77665
80596
83527
86458
89389
92320
95251
98182
-1
-1
-1
-1
-1
-1
-1
1630
4561
7492
10423
13354
16285
19216
22147
25078
28009
30940
33871
36802
39733
42664
45595
48526
51457
54388
57319
60250
63181
66112
69043
71974
74905
77836
80767
83698
86629
89560
92491
95422
98353
-1
-1
-1
-1
-1
-1
-1
1801
4732
7663
10594
13525
16456
19387
22318
25249
28180
31111
34042
36973
39904
42835
45766
48697
51628
54559
57490
60421
63352
66283
69214
72145
75076
78007
80938
83869
86800
89731
92662
95593
98524
-1
-1
-1
-1
-1
-1
-1
1972
4903
7834
10765
13696
16627
19558
22489
25420
28351
31282
34213
37144
40075
43006
45937
48868
51799
54730
57661
60592
63523
66454
69385
72316
75247
78178
81109
84040
86971
89902
92833
95764
98695
-1
-1
-1
-1
-1
-1
-1
2143
5074
8005
10936
13867
16798
19729
22660
25591
28522
31453
34384
37315
40246
43177
46108
49039
51970
54901
57832
60763
63694
66625
69556
72487
75418
78349
81280
84211
87142
90073
93004
95935
98866
-1
-1
-1
-1
-1
-1
-1
2314
5245
8176
11107
14038
16969
19900
22831
25762
28693
31624
34555
37486
40417
43348
46279
49210
52141
55072
58003
60934
63865
66796
69727
72658
75589
78520
81451
84382
87313
90244
93175
96106
99037
-1
-1
-1
-1
-1
-1
-1
2485
5416
8347
11278
14209
17140
20071
23002
25933
28864
31795
34726
37657
40588
43519
46450
49381
52312
55243
58174
61105
64036
66967
69898
72829
75760
78691
81622
84553
87484
90415
93346
96277
99208
-1
-1
-1
-1
-1
-1
-1
2656
5587
8518
11449
14380
17311
20242
23173
26104
29035
31966
34897
37828
40759
43690
46621
49552
52483
55414
58345
61276
64207
67138
70069
73000
75931
78862
81793
84724
87655
90586
93517
96448
99379
-1
-1
-1
-1
-1
-1
-1
2827
5758
8689
11620
14551
17482
20413
23344
26275
29206
32137
35068
37999
40930
43861
46792
49723
52654
55585
58516
61447
64378
67309
70240
73171
76102
79033
81964
84895
87826
90757
93688
96619
99550
-1
-1
-1
-1
-1
-1
67
2998
5929
8860
11791
14722
17653
20584
23515
26446
29377
32308
35239
38170
41101
44032
46963
49894
52825
55756
58687
61618
64549
67480
70411
73342
76273
79204
82135
85066
87997
90928
93859
96790
99721
-1
-1
-1
-1
-1
-1
238
3169
6100
9031
11962
14893
17824
20755
23686
26617
29548
32479
35410
38341
41272
44203
47134
50065
52996
55927
58858
61789
64720
67651
70582
73513
76444
79375
82306
85237
88168
91099
94030
96961
99892
-1
-1
-1
-1
-1
-1
409
3340
6271
9202
12133
15064
17995
20926
23857
26788
29719
32650
35581
38512
41443
44374
47305
50236
53167
56098
59029
61960
64891
67822
70753
73684
76615
79546
82477
85408
88339
91270
94201
97132
-1
-1
-1
-1
-1
-1
-1
580
3511
6442
9373
12304
15235
18166
21097
24028
26959
29890
32821
35752
38683
41614
44545
47476
50407
53338
56269
59200
62131
65062
67993
70924
73855
76786
79717
82648
85579
88510
91441
94372
97303
-1
-1
-1
-1
-1
-1
-1
751
3682
6613
9544
12475
15406
18337
21268
24199
27130
30061
32992
35923
38854
41785
44716
47647
50578
53509
56440
59371
62302
65233
68164
71095
74026
76957
79888
82819
85750
88681
91612
94543
97474
-1
-1
-1
-1
-1
-1
-1
922
3853
6784
9715
12646
15577
18508
21439
24370
27301
30232
33163
36094
39025
41956
44887
47818
50749
53680
56611
59542
62473
65404
68335
71266
74197
77128
80059
82990
85921
88852
91783
94714
97645
-1
-1
-1
-1
-1
-1
-1
1093
4024
6955
9886
12817
15748
18679
21610
24541
27472
30403
33334
36265
39196
42127
45058
47989
50920
53851
56782
59713
62644
65575
68506
71437
74368
77299
80230
83161
86092
89023
91954
94885
97816
-1
-1
-1
-1
-1
-1
-1
1264
4195
7126
10057
12988
15919
18850
21781
24712
27643
30574
33505
36436
39367
42298
45229
48160
51091
54022
56953
59884
62815
65746
68677
71608
74539
77470
80401
83332
86263
89194
92125
95056
97987
-1
-1
-1
-1
-1
-1
-1
1435
4366
7297
10228
13159
16090
19021
21952
24883
27814
30745
33676
36607
39538
42469
45400
48331
51262
54193
57124
60055
62986
65917
68848
71779
74710
77641
80572
83503
86434
89365
92296
95227
98158
-1
-1
-1
-1
-1
-1
-1
1606
4537
7468
10399
13330
16261
19192
22123
25054
27985
30916
33847
36778
39709
42640
45571
48502
51433
54364
57295
60226
63157
66088
69019
71950
74881
77812
80743
83674
86605
89536
92467
95398
98329
-1
-1
-1
-1
-1
-1
-1
1777
4708
7639
10570
13501
16432
19363
22294
25225
28156
31087
34018
36949
39880
42811
45742
48673
51604
54535
57466
60397
63328
66259
69190
72121
75052
77983
80914
83845
86776
89707
92638
95569
98500
-1
-1
-1
-1
-1
-1
-1
1948
4879
7810
10741
13672
16603
19534
22465
25396
28327
31258
34189
37120
40051
42982
45913
48844
51775
54706
57637
60568
63499
66430
69361
72292
75223
78154
81085
84016
86947
89878
92809
95740
98671
-1
-1
-1
-1
-1
-1
-1
2119
5050
7981
10912
13843
16774
19705
22636
25567
28498
31429
34360
37291
40222
43153
46084
49015
51946
54877
57808
60739
63670
66601
69532
72463
75394
78325
81256
84187
87118
90049
92980
95911
98842
-1
-1
-1
-1
-1
-1
-1
2290
5221
8152
11083
14014
16945
19876
22807
25738
28669
31600
34531
37462
40393
43324
46255
49186
52117
55048
57979
60910
63841
66772
69703
72634
75565
78496
81427
84358
87289
90220
93151
96082
99013
-1
-1
-1
-1
-1
-1
-1
2461
5392
8323
11254
14185
17116
20047
22978
25909
28840
31771
34702
37633
40564
43495
46426
49357
52288
55219
58150
61081
64012
66943
69874
72805
75736
78667
81598
84529
87460
90391
93322
96253
99184
-1
-1
-1
-1
-1
-1
-1
2632
5563
8494
11425
14356
17287
20218
23149
26080
29011
31942
34873
37804
40735
43666
46597
49528
52459
55390
58321
61252
64183
67114
70045
72976
75907
78838
81769
84700
87631
90562
93493
96424
99355
-1
-1
-1
-1
-1
-1
-1
2803
5734
8665
11596
14527
17458
20389
23320
26251
29182
32113
35044
37975
40906
43837
46768
49699
52630
55561
58492
61423
64354
67285
70216
73147
76078
79009
81940
84871
87802
90733
93664
96595
99526
-1
-1
-1
-1
-1
-1
43
2974
5905
8836
11767
14698
17629
20560
23491
26422
29353
32284
35215
38146
41077
44008
46939
49870
52801
55732
58663
61594
64525
67456
70387
73318
76249
79180
82111
85042
87973
90904
93835
96766
99697
-1
-1
-1
-1
-1
-1
214
3145
6076
9007
11938
14869
17800
20731
23662
26593
29524
32455
35386
38317
41248
44179
47110
50041
52972
55903
58834
61765
64696
67627
70558
73489
76420
79351
82282
85213
88144
91075
94006
96937
99868
-1
-1
-1
-1
-1
-1
385
3316
6247
9178
12109
15040
17971
20902
23833
26764
29695
32626
35557
38488
41419
44350
47281
50212
53143
56074
59005
61936
64867
67798
70729
73660
76591
79522
82453
85384
88315
91246
94177
97108
-1
-1
-1
-1
-1
-1
-1
556
3487
6418
9349
12280
15211
18142
21073
24004
26935
29866
32797
35728
38659
41590
44521
47452
50383
53314
56245
59176
62107
65038
67969
70900
73831
76762
79693
82624
85555
88486
91417
94348
97279
-1
-1
-1
-1
-1
-1
-1
727
3658
6589
9520
12451
15382
18313
21244
24175
27106
30037
32968
35899
38830
41761
44692
47623
50554
53485
56416
59347
62278
65209
68140
71071
74002
76933
79864
82795
85726
88657
91588
94519
97450
-1
-1
-1
-1
-1
-1
-1
898
3829
6760
9691
12622
15553
18484
21415
24346
27277
30208
33139
36070
39001
41932
44863
47794
50725
53656
56587
59518
62449
65380
68311
71242
74173
77104
80035
82966
85897
88828
91759
94690
97621
-1
-1
-1
-1
-1
-1
-1
1069
4000
6931
9862
12793
15724
18655
21586
24517
27448
30379
33310
36241
39172
42103
45034
47965
50896
53827
56758
59689
62620
65551
68482
71413
74344
77275
80206
83137
86068
88999
91930
94861
97792
-1
-1
-1
-1
-1
-1
-1
1240
4171
7102
10033
12964
15895
18826
21757
24688
27619
30550
33481
36412
39343
42274
45205
48136
51067
53998
56929
59860
62791
65722
68653
71584
74515
77446
80377
83308
86239
89170
92101
95032
97963
-1
-1
-1
-1
-1
-1
-1
1411
4342
7273
10204
13135
16066
18997
21928
24859
27790
30721
33652
36583
39514
42445
45376
48307
51238
54169
57100
60031
62962
65893
68824
71755
74686
77617
80548
83479
86410
89341
92272
95203
98134
-1
-1
-1
-1
-1
-1
-1
1582
4513
7444
10375
13306
16237
19168
22099
25030
27961
30892
33823
36754
39685
42616
45547
48478
51409
54340
57271
60202
63133
66064
68995
71926
74857
77788
80719
83650
86581
89512
92443
95374
98305
-1
-1
-1
-1
-1
-1
-1
1753
4684
7615
10546
13477
16408
19339
22270
25201
28132
31063
33994
36925
39856
42787
45718
48649
51580
54511
57442
60373
63304
66235
69166
72097
75028
77959
80890
83821
86752
89683
92614
95545
98476
-1
-1
-1
-1
-1
-1
-1
1924
4855
7786
10717
13648
16579
19510
22441
25372
28303
31234
34165
37096
40027
42958
45889
48820
51751
54682
57613
60544
63475
66406
69337
72268
75199
78130
81061
83992
86923
89854
92785
95716
98647
-1
-1
-1
-1
-1
-1
-1
2095
5026
7957
10888
13819
16750
19681
22612
25543
28474
31405
34336
37267
40198
43129
46060
48991
51922
54853
57784
60715
63646
66577
69508
72439
75370
78301
81232
84163
87094
90025
92956
95887
98818
-1
-1
-1
-1
-1
-1
-1
2266
5197
8128
11059
13990
16921
19852
22783
25714
28645
31576
34507
37438
40369
43300
46231
49162
52093
55024
57955
60886
63817
66748
69679
72610
75541
78472
81403
84334
87265
90196
93127
96058
98989
-1
-1
-1
-1
-1
-1
-1
2437
5368
8299
11230
14161
17092
20023
22954
25885
28816
31747
34678
37609
40540
43471
46402
49333
52264
55195
58126
61057
63988
66919
69850
72781
75712
78643
81574
84505
87436
90367
93298
96229
99160
-1
-1
-1
-1
-1
-1
-1
2608
5539
8470
11401
14332
17263
20194
23125
26056
28987
31918
34849
37780
40711
43642
46573
49504
52435
55366
58297
61228
64159
67090
70021
72952
75883
78814
81745
84676
87607
90538
93469
96400
99331
-1
-1
-1
-1
-1
-1
-1
2779
5710
8641
11572
14503
17434
20365
23296
26227
29158
32089
35020
37951
40882
43813
46744
49675
52606
55537
58468
61399
64330
67261
70192
73123
76054
78985
81916
84847
87778
90709
93640
96571
99502
-1
-1
-1
-1
-1
-1
19
2950
5881
8812
11743
14674
17605
20536
23467
26398
29329
32260
35191
38122
41053
43984
46915
49846
52777
55708
58639
61570
64501
67432
70363
73294
76225
79156
82087
85018
87949
90880
93811
96742
99673
-1
-1
-1
-1
-1
-1
190
3121
6052
8983
11914
14845
17776
20707
23638
26569
29500
32431
35362
38293
41224
44155
47086
50017
52948
55879
58810
61741
64672
67603
70534
73465
76396
79327
82258
85189
88120
91051
93982
96913
99844
-1
-1
-1
-1
-1
-1
361
3292
6223
9154
12085
15016
17947
20878
23809
26740
29671
32602
35533
38464
41395
44326
47257
50188
53119
56050
58981
61912
64843
67774
70705
73636
76567
79498
82429
85360
88291
91222
94153
97084
-1
-1
-1
-1
-1
-1
-1
532
3463
6394
9325
12256
15187
18118
21049
23980
26911
29842
32773
35704
38635
41566
44497
47428
50359
53290
56221
59152
62083
65014
67945
70876
73807
76738
79669
82600
85531
88462
91393
94324
97255
-1
-1
-1
-1
-1
-1
-1
703
3634
6565
9496
12427
15358
18289
21220
24151
27082
30013
32944
35875
38806
41737
44668
47599
50530
53461
56392
59323
62254
65185
68116
71047
73978
76909
79840
82771
85702
88633
91564
94495
97426
-1
-1
-1
-1
-1
-1
-1
874
3805
6736
9667
12598
15529
18460
21391
24322
27253
30184
33115
36046
38977
41908
44839
47770
50701
53632
56563
59494
62425
65356
68287
71218
74149
77080
80011
82942
85873
88804
91735
94666
97597
-1
-1
-1
-1
-1
-1
-1
1045
3976
6907
9838
12769
15700
18631
21562
24493
27424
30355
33286
36217
39148
42079
45010
47941
50872
53803
56734
59665
62596
65527
68458
71389
74320
77251
80182
83113
86044
88975
91906
94837
97768
-1
-1
-1
-1
-1
-1
-1
1216
4147
7078
10009
12940
15871
18802
21733
24664
27595
30526
33457
36388
39319
42250
45181
48112
51043
53974
56905
59836
62767
65698
68629
71560
74491
77422
80353
83284
86215
89146
92077
95008
97939
-1
-1
-1
-1
-1
-1
-1
1387
4318
7249
10180
13111
16042
18973
21904
24835
27766
30697
33628
36559
39490
42421
45352
48283
51214
54145
57076
60007
62938
65869
68800
71731
74662
77593
80524
83455
86386
89317
92248
95179
98110
-1
-1
-1
-1
-1
-1
-1
1558
4489
7420
10351
13282
16213
19144
22075
25006
27937
30868
33799
36730
39661
42592
45523
48454
51385
54316
57247
60178
63109
66040
68971
71902
74833
77764
80695
83626
86557
89488
92419
95350
98281
-1
-1
-1
-1
-1
-1
-1
1729
4660
7591
10522
13453
16384
19315
22246
25177
28108
31039
33970
36901
39832
42763
45694
48625
51556
54487
57418
60349
63280
66211
69142
72073
75004
77935
80866
83797
86728
89659
92590
95521
98452
-1
-1
-1
-1
-1
-1
-1
1900
4831
7762
10693
13624
16555
19486
22417
25348
28279
31210
34141
37072
40003
42934
45865
48796
51727
54658
57589
60520
63451
66382
69313
72244
75175
78106
81037
83968
86899
89830
92761
95692
98623
-1
-1
-1
-1
-1
-1
-1
2071
5002
7933
10864
13795
16726
19657
22588
25519
28450
31381
34312
37243
40174
43105
46036
48967
51898
54829
57760
60691
63622
66553
69484
72415
75346
78277
81208
84139
87070
90001
92932
95863
98794
-1
-1
-1
-1
-1
-1
-1
2242
5173
8104
11035
13966
16897
19828
22759
25690
28621
31552
34483
37414
40345
43276
46207
49138
52069
55000
57931
60862
63793
66724
69655
72586
75517
78448
81379
84310
87241
90172
93103
96034
98965
-1
-1
-1
-1
-1
-1
-1
2413
5344
8275
11206
14137
17068
19999
22930
25861
28792
31723
34654
37585
40516
43447
46378
49309
52240
55171
58102
61033
63964
66895
69826
72757
75688
78619
81550
84481
87412
90343
93274
96205
99136
-1
-1
-1
-1
-1
-1
-1
2584
5515
8446
11377
14308
17239
20170
23101
26032
28963
31894
34825
37756
40687
43618
46549
49480
52411
55342
58273
61204
64135
67066
69997
72928
75859
78790
81721
84652
87583
90514
93445
96376
99307
-1
-1
-1
-1
-1
-1
-1
2755
5686
8617
11548
14479
17410
20341
23272
26203
29134
32065
34996
37927
40858
43789
46720
49651
52582
55513
58444
61375
64306
67237
70168
73099
76030
78961
81892
84823
87754
90685
93616
96547
99478
-1
-1
-1
-1
-1
-1
-1
2926
5857
8788
11719
14650
17581
20512
23443
26374
29305
32236
35167
38098
41029
43960
46891
49822
52753
55684
58615
61546
64477
67408
70339
73270
76201
79132
82063
84994
87925
90856
93787
96718
99649
-1
-1
-1
-1
-1
-1
166
3097
6028
8959
11890
14821
17752
20683
23614
26545
29476
32407
35338
38269
41200
44131
47062
49993
52924
55855
58786
61717
64648
67579
70510
73441
76372
79303
82234
85165
88096
91027
93958
96889
99820
-1
-1
-1
-1
-1
-1
337
3268
6199
9130
12061
14992
17923
20854
23785
26716
29647
32578
35509
38440
41371
44302
47233
50164
53095
56026
58957
61888
64819
67750
70681
73612
76543
79474
82405
85336
88267
91198
94129
97060
99991
-1
-1
-1
-1
-1
-1
508
3439
6370
9301
12232
15163
18094
21025
23956
26887
29818
32749
35680
38611
41542
44473
47404
50335
53266
56197
59128
62059
64990
67921
70852
73783
76714
79645
82576
85507
88438
91369
94300
97231
-1
-1
-1
-1
-1
-1
-1
679
3610
6541
9472
12403
15334
18265
21196
24127
27058
29989
32920
35851
38782
41713
44644
47575
50506
53437
56368
59299
62230
65161
68092
71023
73954
76885
79816
82747
85678
88609
91540
94471
97402
-1
-1
-1
-1
-1
-1
-1
850
3781
6712
9643
12574
15505
18436
21367
24298
27229
30160
33091
36022
38953
41884
44815
47746
50677
53608
56539
59470
62401
65332
68263
71194
74125
77056
79987
82918
85849
88780
91711
94642
97573
-1
-1
-1
-1
-1
-1
-1
1021
3952
6883
9814
12745
15676
18607
21538
24469
27400
30331
33262
36193
39124
42055
44986
47917
50848
53779
56710
59641
62572
65503
68434
71365
74296
77227
80158
83089
86020
88951
91882
94813
97744
-1
-1
-1
-1
-1
-1
-1
1192
4123
7054
9985
12916
15847
18778
21709
24640
27571
30502
33433
36364
39295
42226
45157
48088
51019
53950
56881
59812
62743
65674
68605
71536
74467
77398
80329
83260
86191
89122
92053
94984
97915
-1
-1
-1
-1
-1
-1
-1
1363
4294
7225
10156
13087
16018
18949
21880
24811
27742
30673
33604
36535
39466
42397
45328
48259
51190
54121
57052
59983
62914
65845
68776
71707
74638
77569
80500
83431
86362
89293
92224
95155
98086
-1
-1
-1
-1
-1
-1
-1
1534
4465
7396
10327
13258
16189
19120
22051
24982
27913
30844
33775
36706
39637
42568
45499
48430
51361
54292
57223
60154
63085
66016
68947
71878
74809
77740
80671
83602
86533
89464
92395
95326
98257
-1
-1
-1
-1
-1
-1
-1
1705
4636
7567
10498
13429
16360
19291
22222
25153
28084
31015
33946
36877
39808
42739
45670
48601
51532
54463
57394
60325
63256
66187
69118
72049
74980
77911
80842
83773
86704
89635
92566
95497
98428
-1
-1
-1
-1
-1
-1
-1
1876
4807
7738
10669
13600
16531
19462
22393
25324
28255
31186
34117
37048
39979
42910
45841
48772
51703
54634
57565
60496
63427
66358
69289
72220
75151
78082
81013
83944
86875
89806
92737
95668
98599
-1
-1
-1
-1
-1
-1
-1
2047
4978
7909
10840
13771
16702
19633
22564
25495
28426
31357
34288
37219
40150
43081
46012
48943
51874
54805
57736
60667
63598
66529
69460
72391
75322
78253
81184
84115
87046
89977
92908
95839
98770
-1
-1
-1
-1
-1
-1
-1
2218
5149
8080
11011
13942
16873
19804
22735
25666
28597
31528
34459
37390
40321
43252
46183
49114
52045
54976
57907
60838
63769
66700
69631
72562
75493
78424
81355
84286
87217
90148
93079
96010
98941
-1
-1
-1
-1
-1
-1
-1
2389
5320
8251
11182
14113
17044
19975
22906
25837
28768
31699
34630
37561
40492
43423
46354
49285
52216
55147
58078
61009
63940
66871
69802
72733
75664
78595
81526
84457
87388
90319
93250
96181
99112
-1
-1
-1
-1
-1
-1
-1
2560
5491
8422
11353
14284
17215
20146
23077
26008
28939
31870
34801
37732
40663
43594
46525
49456
52387
55318
58249
61180
64111
67042
69973
72904
75835
78766
81697
84628
87559
90490
93421
96352
99283
-1
-1
-1
-1
-1
-1
-1
2731
5662
8593
11524
14455
17386
20317
23248
26179
29110
32041
34972
37903
40834
43765
46696
49627
52558
55489
58420
61351
64282
67213
70144
73075
76006
78937
81868
84799
87730
90661
93592
96523
99454
-1
-1
-1
-1
-1
-1
-1
2902
5833
8764
11695
14626
17557
20488
23419
26350
29281
32212
35143
38074
41005
43936
46867
49798
52729
55660
58591
61522
64453
67384
70315
73246
76177
79108
82039
84970
87901
90832
93763
96694
99625
-1
-1
-1
-1
-1
-1
142
3073
6004
8935
11866
14797
17728
20659
23590
26521
29452
32383
35314
38245
41176
44107
47038
49969
52900
55831
58762
61693
64624
67555
70486
73417
76348
79279
82210
85141
88072
91003
93934
96865
99796
-1
-1
-1
-1
-1
-1
313
3244
6175
9106
12037
14968
17899
20830
23761
26692
29623
32554
35485
38416
41347
44278
47209
50140
53071
56002
58933
61864
64795
67726
70657
73588
76519
79450
82381
85312
88243
91174
94105
97036
99967
-1
-1
-1
-1
-1
-1
484
3415
6346
9277
12208
15139
18070
21001
23932
26863
29794
32725
35656
38587
41518
44449
47380
50311
53242
56173
59104
62035
64966
67897
70828
73759
76690
79621
82552
85483
88414
91345
94276
97207
-1
-1
-1
-1
-1
-1
-1
655
3586
6517
9448
12379
15310
18241
21172
24103
27034
29965
32896
35827
38758
41689
44620
47551
50482
53413
56344
59275
62206
65137
68068
70999
73930
76861
79792
82723
85654
88585
91516
94447
97378
-1
-1
-1
-1
-1
-1
-1
826
3757
6688
9619
12550
15481
18412
21343
24274
27205
30136
33067
35998
38929
41860
44791
47722
50653
53584
56515
59446
62377
65308
68239
71170
74101
77032
79963
82894
85825
88756
91687
94618
97549
-1
-1
-1
-1
-1
-1
-1
997
3928
6859
9790
12721
15652
18583
21514
24445
27376
30307
33238
36169
39100
42031
44962
47893
50824
53755
56686
59617
62548
65479
68410
71341
74272
77203
80134
83065
85996
88927
91858
94789
97720
-1
-1
-1
-1
-1
-1
-1
1168
4099
7030
9961
12892
15823
18754
21685
24616
27547
30478
33409
36340
39271
42202
45133
48064
50995
53926
56857
59788
62719
65650
68581
71512
74443
77374
80305
83236
86167
89098
92029
94960
97891
-1
-1
-1
-1
-1
-1
-1
1339
4270
7201
10132
13063
15994
18925
21856
24787
27718
30649
33580
36511
39442
42373
45304
48235
51166
54097
57028
59959
62890
65821
68752
71683
74614
77545
80476
83407
86338
89269
92200
95131
98062
-1
-1
-1
-1
-1
-1
-1
1510
4441
7372
10303
13234
16165
19096
22027
24958
27889
30820
33751
36682
39613
42544
45475
48406
51337
54268
57199
60130
63061
65992
68923
71854
74785
77716
80647
83578
86509
89440
92371
95302
98233
-1
-1
-1
-1
-1
-1
-1
1681
4612
7543
10474
13405
16336
19267
22198
25129
28060
30991
33922
36853
39784
42715
45646
48577
51508
54439
57370
60301
63232
66163
69094
72025
74956
77887
80818
83749
86680
89611
92542
95473
98404
-1
-1
-1
-1
-1
-1
-1
1852
4783
7714
10645
13576
16507
19438
22369
25300
28231
31162
34093
37024
39955
42886
45817
48748
51679
54610
57541
60472
63403
66334
69265
72196
75127
78058
80989
83920
86851
89782
92713
95644
98575
-1
-1
-1
-1
-1
-1
-1
2023
4954
7885
10816
13747
16678
19609
22540
25471
28402
31333
34264
37195
40126
43057
45988
48919
51850
54781
57712
60643
63574
66505
69436
72367
75298
78229
81160
84091
87022
89953
92884
95815
98746
-1
-1
-1
-1
-1
-1
-1
2194
5125
8056
10987
13918
16849
19780
22711
25642
28573
31504
34435
37366
40297
43228
46159
49090
52021
54952
57883
60814
63745
66676
69607
72538
75469
78400
81331
84262
87193
90124
93055
95986
98917
-1
-1
-1
-1
-1
-1
-1
2365
5296
8227
11158
14089
17020
19951
22882
25813
28744
31675
34606
37537
40468
43399
46330
49261
52192
55123
58054
60985
63916
66847
69778
72709
75640
78571
81502
84433
87364
90295
93226
96157
99088
-1
-1
-1
-1
-1
-1
-1
2536
5467
8398
11329
14260
17191
20122
23053
25984
28915
31846
34777
37708
40639
43570
46501
49432
52363
55294
58225
61156
64087
67018
69949
72880
75811
78742
81673
84604
87535
90466
93397
96328
99259
-1
-1
-1
-1
-1
-1
-1
2707
5638
8569
11500
14431
17362
20293
23224
26155
29086
32017
34948
37879
40810
43741
46672
49603
52534
55465
58396
61327
64258
67189
70120
73051
75982
78913
81844
84775
87706
90637
93568
96499
99430
-1
-1
-1
-1
-1
-1
-1
2878
5809
8740
11671
14602
17533
20464
23395
26326
29257
32188
35119
38050
40981
43912
46843
49774
52705
55636
58567
61498
64429
67360
70291
73222
76153
79084
82015
84946
87877
90808
93739
96670
99601
-1
-1
-1
-1
-1
-1
118
3049
5980
8911
11842
14773
17704
20635
23566
26497
29428
32359
35290
38221
41152
44083
47014
49945
52876
55807
58738
61669
64600
67531
70462
73393
76324
79255
82186
85117
88048
90979
93910
96841
99772
-1
-1
-1
-1
-1
-1
289
3220
6151
9082
12013
14944
17875
20806
23737
26668
29599
32530
35461
38392
41323
44254
47185
50116
53047
55978
58909
61840
64771
67702
70633
73564
76495
79426
82357
85288
88219
91150
94081
97012
99943
-1
-1
-1
-1
-1
-1
460
3391
6322
9253
12184
15115
18046
20977
23908
26839
29770
32701
35632
38563
41494
44425
47356
50287
53218
56149
59080
62011
64942
67873
70804
73735
76666
79597
82528
85459
88390
91321
94252
97183
-1
-1
-1
-1
-1
-1
-1
631
3562
6493
9424
12355
15286
18217
21148
24079
27010
29941
32872
35803
38734
41665
44596
47527
50458
53389
56320
59251
62182
65113
68044
70975
73906
76837
79768
82699
85630
88561
91492
94423
97354
-1
-1
-1
-1
-1
-1
-1
802
3733
6664
9595
12526
15457
18388
21319
24250
27181
30112
33043
35974
38905
41836
44767
47698
50629
53560
56491
59422
62353
65284
68215
71146
74077
77008
79939
82870
85801
88732
91663
94594
97525
-1
-1
-1
-1
-1
-1
-1
973
3904
6835
9766
12697
15628
18559
21490
24421
27352
30283
33214
36145
39076
42007
44938
47869
50800
53731
56662
59593
62524
65455
68386
71317
74248
77179
80110
83041
85972
88903
91834
94765
97696
-1
-1
-1
-1
-1
-1
-1
1144
4075
7006
9937
12868
15799
18730
21661
24592
27523
30454
33385
36316
39247
42178
45109
48040
50971
53902
56833
59764
62695
65626
68557
71488
74419
77350
80281
83212
86143
89074
92005
94936
97867
-1
-1
-1
-1
-1
-1
-1
1315
4246
7177
10108
13039
15970
18901
21832
24763
27694
30625
33556
36487
39418
42349
45280
48211
51142
54073
57004
59935
62866
65797
68728
71659
74590
77521
80452
83383
86314
89245
92176
95107
98038
-1
-1
-1
-1
-1
-1
-1
1486
4417
7348
10279
13210
16141
19072
22003
24934
27865
30796
33727
36658
39589
42520
45451
48382
51313
54244
57175
60106
63037
65968
68899
71830
74761
77692
80623
83554
86485
89416
92347
95278
98209
-1
-1
-1
-1
-1
-1
-1
1657
4588
7519
10450
13381
16312
19243
22174
25105
28036
30967
33898
36829
39760
42691
45622
48553
51484
54415
57346
60277
63208
66139
69070
72001
74932
77863
80794
83725
86656
89587
92518
95449
98380
-1
-1
-1
-1
-1
-1
-1
1828
4759
7690
10621
13552
16483
19414
22345
25276
28207
31138
34069
37000
39931
42862
45793
48724
51655
54586
57517
60448
63379
66310
69241
72172
75103
78034
80965
83896
86827
89758
92689
95620
98551
-1
-1
-1
-1
-1
-1
-1
1999
4930
7861
10792
13723
16654
19585
22516
25447
28378
31309
34240
37171
40102
43033
45964
48895
51826
54757
57688
60619
63550
66481
69412
72343
75274
78205
81136
84067
86998
89929
92860
95791
98722
-1
-1
-1
-1
-1
-1
-1
2170
5101
8032
10963
13894
16825
19756
22687
25618
28549
31480
34411
37342
40273
43204
46135
49066
51997
54928
57859
60790
63721
66652
69583
72514
75445
78376
81307
84238
87169
90100
93031
95962
98893
-1
-1
-1
-1
-1
-1
-1
2341
5272
8203
11134
14065
16996
19927
22858
25789
28720
31651
34582
37513
40444
43375
46306
49237
52168
55099
58030
60961
63892
66823
69754
72685
75616
78547
81478
84409
87340
90271
93202
96133
99064
-1
-1
-1
-1
-1
-1
-1
2512
5443
8374
11305
14236
17167
20098
23029
25960
28891
31822
34753
37684
40615
43546
46477
49408
52339
55270
58201
61132
64063
66994
69925
72856
75787
78718
81649
84580
87511
90442
93373
96304
99235
-1
-1
-1
-1
-1
-1
-1
2683
5614
8545
11476
14407
17338
20269
23200
26131
29062
31993
34924
37855
40786
43717
46648
49579
52510
55441
58372
61303
64234
67165
70096
73027
75958
78889
81820
84751
87682
90613
93544
96475
99406
-1
-1
-1
-1
-1
-1
-1
2854
5785
8716
11647
14578
17509
20440
23371
26302
29233
32164
35095
38026
40957
43888
46819
49750
52681
55612
58543
61474
64405
67336
70267
73198
76129
79060
81991
84922
87853
90784
93715
96646
99577
-1
-1
-1
-1
-1
-1
94
3025
5956
8887
11818
14749
17680
20611
23542
26473
29404
32335
35266
38197
41128
44059
46990
49921
52852
55783
58714
61645
64576
67507
70438
73369
76300
79231
82162
85093
88024
90955
93886
96817
99748
-1
-1
-1
-1
-1
-1
265
3196
6127
9058
11989
14920
17851
20782
23713
26644
29575
32506
35437
38368
41299
44230
47161
50092
53023
55954
58885
61816
64747
67678
70609
73540
76471
79402
82333
85264
88195
91126
94057
96988
99919
-1
-1
-1
-1
-1
-1
436
3367
6298
9229
12160
15091
18022
20953
23884
26815
29746
32677
35608
38539
41470
44401
47332
50263
53194
56125
59056
61987
64918
67849
70780
73711
76642
79573
82504
85435
88366
91297
94228
97159
-1
-1
-1
-1
-1
-1
-1
607
3538
6469
9400
12331
15262
18193
21124
24055
26986
29917
32848
35779
38710
41641
44572
47503
50434
53365
56296
59227
62158
65089
68020
70951
73882
76813
79744
82675
85606
88537
91468
94399
97330
-1
-1
-1
-1
-1
-1
-1
778
3709
6640
9571
12502
15433
18364
21295
24226
27157
30088
33019
35950
38881
41812
44743
47674
50605
53536
56467
59398
62329
65260
68191
71122
74053
76984
79915
82846
85777
88708
91639
94570
97501
-1
-1
-1
-1
-1
-1
-1
949
3880
6811
9742
12673
15604
18535
21466
24397
27328
30259
33190
36121
39052
41983
44914
47845
50776
53707
56638
59569
62500
65431
68362
71293
74224
77155
80086
83017
85948
88879
91810
94741
97672
-1
-1
-1
-1
-1
-1
-1
1120
4051
6982
9913
12844
15775
18706
21637
24568
27499
30430
33361
36292
39223
42154
45085
48016
50947
53878
56809
59740
62671
65602
68533
71464
74395
77326
80257
83188
86119
89050
91981
94912
97843
-1
-1
-1
-1
-1
-1
-1
1291
4222
7153
10084
13015
15946
18877
21808
24739
27670
30601
33532
36463
39394
42325
45256
48187
51118
54049
56980
59911
62842
65773
68704
71635
74566
77497
80428
83359
86290
89221
92152
95083
98014
-1
-1
-1
-1
-1
-1
-1
1462
4393
7324
10255
13186
16117
19048
21979
24910
27841
30772
33703
36634
39565
42496
45427
48358
51289
54220
57151
60082
63013
65944
68875
71806
74737
77668
80599
83530
86461
89392
92323
95254
98185
-1
-1
-1
-1
-1
-1
-1
1633
4564
7495
10426
13357
16288
19219
22150
25081
28012
30943
33874
36805
39736
42667
45598
48529
51460
54391
57322
60253
63184
66115
69046
71977
74908
77839
80770
83701
86632
89563
92494
95425
98356
-1
-1
-1
-1
-1
-1
-1
1804
4735
7666
10597
13528
16459
19390
22321
25252
28183
31114
34045
36976
39907
42838
45769
48700
51631
54562
57493
60424
63355
66286
69217
72148
75079
78010
80941
83872
86803
89734
92665
95596
98527
-1
-1
-1
-1
-1
-1
-1
1975
4906
7837
10768
13699
16630
19561
22492
25423
28354
31285
34216
37147
40078
43009
45940
48871
51802
54733
57664
60595
63526
66457
69388
72319
75250
78181
81112
84043
86974
89905
92836
95767
98698
-1
-1
-1
-1
-1
-1
-1
2146
5077
8008
10939
13870
16801
19732
22663
25594
28525
31456
34387
37318
40249
43180
46111
49042
51973
54904
57835
60766
63697
66628
69559
72490
75421
78352
81283
84214
87145
90076
93007
95938
98869
-1
-1
-1
-1
-1
-1
-1
2317
5248
8179
11110
14041
16972
19903
22834
25765
28696
31627
34558
37489
40420
43351
46282
49213
52144
55075
58006
60937
63868
66799
69730
72661
75592
78523
81454
84385
87316
90247
93178
96109
99040
-1
-1
-1
-1
-1
-1
-1
2488
5419
8350
11281
14212
17143
20074
23005
25936
28867
31798
34729
37660
40591
43522
46453
49384
52315
55246
58177
61108
64039
66970
69901
72832
75763
78694
81625
84556
87487
90418
93349
96280
99211
-1
-1
-1
-1
-1
-1
-1
2659
5590
8521
11452
14383
17314
20245
23176
26107
29038
31969
34900
37831
40762
43693
46624
49555
52486
55417
58348
61279
64210
67141
70072
73003
75934
78865
81796
84727
87658
90589
93520
96451
99382
-1
-1
-1
-1
-1
-1
-1
2830
5761
8692
11623
14554
17485
20416
23347
26278
29209
32140
35071
38002
40933
43864
46795
49726
52657
55588
58519
61450
64381
67312
70243
73174
76105
79036
81967
84898
87829
90760
93691
96622
99553
-1
-1
-1
-1
-1
-1
70
3001
5932
8863
11794
14725
17656
20587
23518
26449
29380
32311
35242
38173
41104
44035
46966
49897
52828
55759
58690
61621
64552
67483
70414
73345
76276
79207
82138
85069
88000
90931
93862
96793
99724
-1
-1
-1
-1
-1
-1
241
3172
6103
9034
11965
14896
17827
20758
23689
26620
29551
32482
35413
38344
41275
44206
47137
50068
52999
55930
58861
61792
64723
67654
70585
73516
76447
79378
82309
85240
88171
91102
94033
96964
99895
-1
-1
-1
-1
-1
-1
412
3343
6274
9205
12136
15067
17998
20929
23860
26791
29722
32653
35584
38515
41446
44377
47308
50239
53170
56101
59032
61963
64894
67825
70756
73687
76618
79549
82480
85411
88342
91273
94204
97135
-1
-1
-1
-1
-1
-1
-1
583
3514
6445
9376
12307
15238
18169
21100
24031
26962
29893
32824
35755
38686
41617
44548
47479
50410
53341
56272
59203
62134
65065
67996
70927
73858
76789
79720
82651
85582
88513
91444
94375
97306
-1
-1
-1
-1
-1
-1
-1
754
3685
6616
9547
12478
15409
18340
21271
24202
27133
30064
32995
35926
38857
41788
44719
47650
50581
53512
56443
59374
62305
65236
68167
71098
74029
76960
79891
82822
85753
88684
91615
94546
97477
-1
-1
-1
-1
-1
-1
-1
925
3856
6787
9718
12649
15580
18511
21442
24373
27304
30235
33166
36097
39028
41959
44890
47821
50752
53683
56614
59545
62476
65407
68338
71269
74200
77131
80062
82993
85924
88855
91786
94717
97648
-1
-1
-1
-1
-1
-1
-1
1096
4027
6958
9889
12820
15751
18682
21613
24544
27475
30406
33337
36268
39199
42130
45061
47992
50923
53854
56785
59716
62647
65578
68509
71440
74371
77302
80233
83164
86095
89026
91957
94888
97819
-1
-1
-1
-1
-1
-1
-1
1267
4198
7129
10060
12991
15922
18853
21784
24715
27646
30577
33508
36439
39370
42301
45232
48163
51094
54025
56956
59887
62818
65749
68680
71611
74542
77473
80404
83335
86266
89197
92128
95059
97990
-1
-1
-1
-1
-1
-1
-1
1438
4369
7300
10231
13162
16093
19024
21955
24886
27817
30748
33679
36610
39541
42472
45403
48334
51265
54196
57127
60058
62989
65920
68851
71782
74713
77644
80575
83506
86437
89368
92299
95230
98161
-1
-1
-1
-1
-1
-1
-1
1609
4540
7471
10402
13333
16264
19195
22126
25057
27988
30919
33850
36781
39712
42643
45574
48505
51436
54367
57298
60229
63160
66091
69022
71953
74884
77815
80746
83677
86608
89539
92470
95401
98332
-1
-1
-1
-1
-1
-1
-1
1780
4711
7642
10573
13504
16435
19366
22297
25228
28159
31090
34021
36952
39883
42814
45745
48676
51607
54538
57469
60400
63331
66262
69193
72124
75055
77986
80917
83848
86779
89710
92641
95572
98503
-1
-1
-1
-1
-1
-1
-1
1951
4882
7813
10744
13675
16606
19537
22468
25399
28330
31261
34192
37123
40054
42985
45916
48847
51778
54709
57640
60571
63502
66433
69364
72295
75226
78157
81088
84019
86950
89881
92812
95743
98674
-1
-1
-1
-1
-1
-1
-1
2122
5053
7984
10915
13846
16777
19708
22639
25570
28501
31432
34363
37294
40225
43156
46087
49018
51949
54880
57811
60742
63673
66604
69535
72466
75397
78328
81259
84190
87121
90052
92983
95914
98845
-1
-1
-1
-1
-1
-1
-1
2293
5224
8155
11086
14017
16948
19879
22810
25741
28672
31603
34534
37465
40396
43327
46258
49189
52120
55051
57982
60913
63844
66775
69706
72637
75568
78499
81430
84361
87292
90223
93154
96085
99016
-1
-1
-1
-1
-1
-1
-1
2464
5395
8326
11257
14188
17119
20050
22981
25912
28843
31774
34705
37636
40567
43498
46429
49360
52291
55222
58153
61084
64015
66946
69877
72808
75739
78670
81601
84532
87463
90394
93325
96256
99187
-1
-1
-1
-1
-1
-1
-1
2635
5566
8497
11428
14359
17290
20221
23152
26083
29014
31945
34876
37807
40738
43669
46600
49531
52462
55393
58324
61255
64186
67117
70048
72979
75910
78841
81772
84703
87634
90565
93496
96427
99358
-1
-1
-1
-1
-1
-1
-1
2806
5737
8668
11599
14530
17461
20392
23323
26254
29185
32116
35047
37978
40909
43840
46771
49702
52633
55564
58495
61426
64357
67288
70219
73150
76081
79012
81943
84874
87805
90736
93667
96598
99529
-1
-1
-1
-1
-1
-1
46
2977
5908
8839
11770
14701
17632
20563
23494
26425
29356
32287
35218
38149
41080
44011
46942
49873
52804
55735
58666
61597
64528
67459
70390
73321
76252
79183
82114
85045
87976
90907
93838
96769
99700
-1
-1
-1
-1
-1
-1
217
3148
6079
9010
11941
14872
17803
20734
23665
26596
29527
32458
35389
38320
41251
44182
47113
50044
52975
55906
58837
61768
64699
67630
70561
73492
76423
79354
82285
85216
88147
91078
94009
96940
99871
-1
-1
-1
-1
-1
-1
388
3319
6250
9181
12112
15043
17974
20905
23836
26767
29698
32629
35560
38491
41422
44353
47284
50215
53146
56077
59008
61939
64870
67801
70732
73663
76594
79525
82456
85387
88318
91249
94180
97111
-1
-1
-1
-1
-1
-1
-1
559
3490
6421
9352
12283
15214
18145
21076
24007
26938
29869
32800
35731
38662
41593
44524
47455
50386
53317
56248
59179
62110
65041
67972
70903
73834
76765
79696
82627
85558
88489
91420
94351
97282
-1
-1
-1
-1
-1
-1
-1
730
3661
6592
9523
12454
15385
18316
21247
24178
27109
30040
32971
35902
38833
41764
44695
47626
50557
53488
56419
59350
62281
65212
68143
71074
74005
76936
79867
82798
85729
88660
91591
94522
97453
-1
-1
-1
-1
-1
-1
-1
901
3832
6763
9694
12625
15556
18487
21418
24349
27280
30211
33142
36073
39004
41935
44866
47797
50728
53659
56590
59521
62452
65383
68314
71245
74176
77107
80038
82969
85900
88831
91762
94693
97624
-1
-1
-1
-1
-1
-1
-1
1072
4003
6934
9865
12796
15727
18658
21589
24520
27451
30382
33313
36244
39175
42106
45037
47968
50899
53830
56761
59692
62623
65554
68485
71416
74347
77278
80209
83140
86071
89002
91933
94864
97795
-1
-1
-1
-1
-1
-1
-1
1243
4174
7105
10036
12967
15898
18829
21760
24691
27622
30553
33484
36415
39346
42277
45208
48139
51070
54001
56932
59863
62794
65725
68656
71587
74518
77449
80380
83311
86242
89173
92104
95035
97966
-1
-1
-1
-1
-1
-1
-1
1414
4345
7276
10207
13138
16069
19000
21931
24862
27793
30724
33655
36586
39517
42448
45379
48310
51241
54172
57103
60034
62965
65896
68827
71758
74689
77620
80551
83482
86413
89344
92275
95206
98137
-1
-1
-1
-1
-1
-1
-1
1585
4516
7447
10378
13309
16240
19171
22102
25033
27964
30895
33826
36757
39688
42619
45550
48481
51412
54343
57274
60205
63136
66067
68998
71929
74860
77791
80722
83653
86584
89515
92446
95377
98308
-1
-1
-1
-1
-1
-1
-1
1756
4687
7618
10549
13480
16411
19342
22273
25204
28135
31066
33997
36928
39859
42790
45721
48652
51583
54514
57445
60376
63307
66238
69169
72100
75031
77962
80893
83824
86755
89686
92617
95548
98479
-1
-1
-1
-1
-1
-1
-1
1927
4858
7789
10720
13651
16582
19513
22444
25375
28306
31237
34168
37099
40030
42961
45892
48823
51754
54685
57616
60547
63478
66409
69340
72271
75202
78133
81064
83995
86926
89857
92788
95719
98650
-1
-1
-1
-1
-1
-1
-1
2098
5029
7960
10891
13822
16753
19684
22615
25546
28477
31408
34339
37270
40201
43132
46063
48994
51925
54856
57787
60718
63649
66580
69511
72442
75373
78304
81235
84166
87097
90028
92959
95890
98821
-1
-1
-1
-1
-1
-1
-1
2269
5200
8131
11062
13993
16924
19855
22786
25717
28648
31579
34510
37441
40372
43303
46234
49165
52096
55027
57958
60889
63820
66751
69682
72613
75544
78475
81406
84337
87268
90199
93130
96061
98992
-1
-1
-1
-1
-1
-1
-1
2440
5371
8302
11233
14164
17095
20026
22957
25888
28819
31750
34681
37612
40543
43474
46405
49336
52267
55198
58129
61060
63991
66922
69853
72784
75715
78646
81577
84508
87439
90370
93301
96232
99163
-1
-1
-1
-1
-1
-1
-1
2611
5542
8473
11404
14335
17266
20197
23128
26059
28990
31921
34852
37783
40714
43645
46576
49507
52438
55369
58300
61231
64162
67093
70024
72955
75886
78817
81748
84679
87610
90541
93472
96403
99334
-1
-1
-1
-1
-1
-1
-1
2782
5713
8644
11575
14506
17437
20368
23299
26230
29161
32092
35023
37954
40885
43816
46747
49678
52609
55540
58471
61402
64333
67264
70195
73126
76057
78988
81919
84850
87781
90712
93643
96574
99505
-1
-1
-1
-1
-1
-1
22
2953
5884
8815
11746
14677
17608
20539
23470
26401
29332
32263
35194
38125
41056
43987
46918
49849
52780
55711
58642
61573
64504
67435
70366
73297
76228
79159
82090
85021
87952
90883
93814
96745
99676
-1
-1
-1
-1
-1
-1
193
3124
6055
8986
11917
14848
17779
20710
23641
26572
29503
32434
35365
38296
41227
44158
47089
50020
52951
55882
58813
61744
64675
67606
70537
73468
76399
79330
82261
85192
88123
91054
93985
96916
99847
-1
-1
-1
-1
-1
-1
364
3295
6226
9157
12088
15019
17950
20881
23812
26743
29674
32605
35536
38467
41398
44329
47260
50191
53122
56053
58984
61915
64846
67777
70708
73639
76570
79501
82432
85363
88294
91225
94156
97087
-1
-1
-1
-1
-1
-1
-1
535
3466
6397
9328
12259
15190
18121
21052
23983
26914
29845
32776
35707
38638
41569
44500
47431
50362
53293
56224
59155
62086
65017
67948
70879
73810
76741
79672
82603
85534
88465
91396
94327
97258
-1
-1
-1
-1
-1
-1
-1
706
3637
6568
9499
12430
15361
18292
21223
24154
27085
30016
32947
35878
38809
41740
44671
47602
50533
53464
56395
59326
62257
65188
68119
71050
73981
76912
79843
82774
85705
88636
91567
94498
97429
-1
-1
-1
-1
-1
-1
-1
877
3808
6739
9670
12601
15532
18463
21394
24325
27256
30187
33118
36049
38980
41911
44842
47773
50704
53635
56566
59497
62428
65359
68290
71221
74152
77083
80014
82945
85876
88807
91738
94669
97600
-1
-1
-1
-1
-1
-1
-1
1048
3979
6910
9841
12772
15703
18634
21565
24496
27427
30358
33289
36220
39151
42082
45013
47944
50875
53806
56737
59668
62599
65530
68461
71392
74323
77254
80185
83116
86047
88978
91909
94840
97771
-1
-1
-1
-1
-1
-1
-1
1219
4150
7081
10012
12943
15874
18805
21736
24667
27598
30529
33460
36391
39322
42253
45184
48115
51046
53977
56908
59839
62770
65701
68632
71563
74494
77425
80356
83287
86218
89149
92080
95011
97942
-1
-1
-1
-1
-1
-1
-1
1390
4321
7252
10183
13114
16045
18976
21907
24838
27769
30700
33631
36562
39493
42424
45355
48286
51217
54148
57079
60010
62941
65872
68803
71734
74665
77596
80527
83458
86389
89320
92251
95182
98113
-1
-1
-1
-1
-1
-1
-1
1561
4492
7423
10354
13285
16216
19147
22078
25009
27940
30871
33802
36733
39664
42595
45526
48457
51388
54319
57250
60181
63112
66043
68974
71905
74836
77767
80698
83629
86560
89491
92422
95353
98284
-1
-1
-1
-1
-1
-1
-1
1732
4663
7594
10525
13456
16387
19318
22249
25180
28111
31042
33973
36904
39835
42766
45697
48628
51559
54490
57421
60352
63283
66214
69145
72076
75007
77938
80869
83800
86731
89662
92593
95524
98455
-1
-1
-1
-1
-1
-1
-1
1903
4834
7765
10696
13627
16558
19489
22420
25351
28282
31213
34144
37075
40006
42937
45868
48799
51730
54661
57592
60523
63454
66385
69316
72247
75178
78109
81040
83971
86902
89833
92764
95695
98626
-1
-1
-1
-1
-1
-1
-1
2074
5005
7936
10867
13798
16729
19660
22591
25522
28453
31384
34315
37246
40177
43108
46039
48970
51901
54832
57763
60694
63625
66556
69487
72418
75349
78280
81211
84142
87073
90004
92935
95866
98797
-1
-1
-1
-1
-1
-1
-1
2245
5176
8107
11038
13969
16900
19831
22762
25693
28624
31555
34486
37417
40348
43279
46210
49141
52072
55003
57934
60865
63796
66727
69658
72589
75520
78451
81382
84313
87244
90175
93106
96037
98968
-1
-1
-1
-1
-1
-1
-1
2416
5347
8278
11209
14140
17071
20002
22933
25864
28795
31726
34657
37588
40519
43450
46381
49312
52243
55174
58105
61036
63967
66898
69829
72760
75691
78622
81553
84484
87415
90346
93277
96208
99139
-1
-1
-1
-1
-1
-1
-1
2587
5518
8449
11380
14311
17242
20173
23104
26035
28966
31897
34828
37759
40690
43621
46552
49483
52414
55345
58276
61207
64138
67069
70000
72931
75862
78793
81724
84655
87586
90517
93448
96379
99310
-1
-1
-1
-1
-1
-1
-1
2758
5689
8620
11551
14482
17413
20344
23275
26206
29137
32068
34999
37930
40861
43792
46723
49654
52585
55516
58447
61378
64309
67240
70171
73102
76033
78964
81895
84826
87757
90688
93619
96550
99481
-1
-1
-1
-1
-1
-1
-1
2929
5860
8791
11722
14653
17584
20515
23446
26377
29308
32239
35170
38101
41032
43963
46894
49825
52756
55687
58618
61549
64480
67411
70342
73273
76204
79135
82066
84997
87928
90859
93790
96721
99652
-1
-1
-1
-1
-1
-1
169
3100
6031
8962
11893
14824
17755
20686
23617
26548
29479
32410
35341
38272
41203
44134
47065
49996
52927
55858
58789
61720
64651
67582
70513
73444
76375
79306
82237
85168
88099
91030
93961
96892
99823
-1
-1
-1
-1
-1
-1
340
3271
6202
9133
12064
14995
17926
20857
23788
26719
29650
32581
35512
38443
41374
44305
47236
50167
53098
56029
58960
61891
64822
67753
70684
73615
76546
79477
82408
85339
88270
91201
94132
97063
99994
-1
-1
-1
-1
-1
-1
511
3442
6373
9304
12235
15166
18097
21028
23959
26890
29821
32752
35683
38614
41545
44476
47407
50338
53269
56200
59131
62062
64993
67924
70855
73786
76717
79648
82579
85510
88441
91372
94303
97234
-1
-1
-1
-1
-1
-1
-1
682
3613
6544
9475
12406
15337
18268
21199
24130
27061
29992
32923
35854
38785
41716
44647
47578
50509
53440
56371
59302
62233
65164
68095
71026
73957
76888
79819
82750
85681
88612
91543
94474
97405
-1
-1
-1
-1
-1
-1
-1
853
3784
6715
9646
12577
15508
18439
21370
24301
27232
30163
33094
36025
38956
41887
44818
47749
50680
53611
56542
59473
62404
65335
68266
71197
74128
77059
79990
82921
85852
88783
91714
94645
97576
-1
-1
-1
-1
-1
-1
-1
1024
3955
6886
9817
12748
15679
18610
21541
24472
27403
30334
33265
36196
39127
42058
44989
47920
50851
53782
56713
59644
62575
65506
68437
71368
74299
77230
80161
83092
86023
88954
91885
94816
97747
-1
-1
-1
-1
-1
-1
-1
1195
4126
7057
9988
12919
15850
18781
21712
24643
27574
30505
33436
36367
39298
42229
45160
48091
51022
53953
56884
59815
62746
65677
68608
71539
74470
77401
80332
83263
86194
89125
92056
94987
97918
-1
-1
-1
-1
-1
-1
-1
1366
4297
7228
10159
13090
16021
18952
21883
24814
27745
30676
33607
36538
39469
42400
45331
48262
51193
54124
57055
59986
62917
65848
68779
71710
74641
77572
80503
83434
86365
89296
92227
95158
98089
-1
-1
-1
-1
-1
-1
-1
1537
4468
7399
10330
13261
16192
19123
22054
24985
27916
30847
33778
36709
39640
42571
45502
48433
51364
54295
57226
60157
63088
66019
68950
71881
74812
77743
80674
83605
86536
89467
92398
95329
98260
-1
-1
-1
-1
-1
-1
-1
1708
4639
7570
10501
13432
16363
19294
22225
25156
28087
31018
33949
36880
39811
42742
45673
48604
51535
54466
57397
60328
63259
66190
69121
72052
74983
77914
80845
83776
86707
89638
92569
95500
98431
-1
-1
-1
-1
-1
-1
-1
1879
4810
7741
10672
13603
16534
19465
22396
25327
28258
31189
34120
37051
39982
42913
45844
48775
51706
54637
57568
60499
63430
66361
69292
72223
75154
78085
81016
83947
86878
89809
92740
95671
98602
-1
-1
-1
-1
-1
-1
-1
2050
4981
7912
10843
13774
16705
19636
22567
25498
28429
31360
34291
37222
40153
43084
46015
48946
51877
54808
57739
60670
63601
66532
69463
72394
75325
78256
81187
84118
87049
89980
92911
95842
98773
-1
-1
-1
-1
-1
-1
-1
2221
5152
8083
11014
13945
16876
19807
22738
25669
28600
31531
34462
37393
40324
43255
46186
49117
52048
54979
57910
60841
63772
66703
69634
72565
75496
78427
81358
84289
87220
90151
93082
96013
98944
-1
-1
-1
-1
-1
-1
-1
2392
5323
8254
11185
14116
17047
19978
22909
25840
28771
31702
34633
37564
40495
43426
46357
49288
52219
55150
58081
61012
63943
66874
69805
72736
75667
78598
81529
84460
87391
90322
93253
96184
99115
-1
-1
-1
-1
-1
-1
-1
2563
5494
8425
11356
14287
17218
20149
23080
26011
28942
31873
34804
37735
40666
43597
46528
49459
52390
55321
58252
61183
64114
67045
69976
72907
75838
78769
81700
84631
87562
90493
93424
96355
99286
-1
-1
-1
-1
-1
-1
-1
2734
5665
8596
11527
14458
17389
20320
23251
26182
29113
32044
34975
37906
40837
43768
46699
49630
52561
55492
58423
61354
64285
67216
70147
73078
76009
78940
81871
84802
87733
90664
93595
96526
99457
-1
-1
-1
-1
-1
-1
-1
2905
5836
8767
11698
14629
17560
20491
23422
26353
29284
32215
35146
38077
41008
43939
46870
49801
52732
55663
58594
61525
64456
67387
70318
73249
76180
79111
82042
84973
87904
90835
93766
96697
99628
-1
-1
-1
-1
-1
-1
145
3076
6007
8938
11869
14800
17731
20662
23593
26524
29455
32386
35317
38248
41179
44110
47041
49972
52903
55834
58765
61696
64627
67558
70489
73420
76351
79282
82213
85144
88075
91006
93937
96868
99799
-1
-1
-1
-1
-1
-1
316
3247
6178
9109
12040
14971
17902
20833
23764
26695
29626
32557
35488
38419
41350
44281
47212
50143
53074
56005
58936
61867
64798
67729
70660
73591
76522
79453
82384
85315
88246
91177
94108
97039
99970
-1
-1
-1
-1
-1
-1
487
3418
6349
9280
12211
15142
18073
21004
23935
26866
29797
32728
35659
38590
41521
44452
47383
50314
53245
56176
59107
62038
64969
67900
70831
73762
76693
79624
82555
85486
88417
91348
94279
97210
-1
-1
-1
-1
-1
-1
-1
658
3589
6520
9451
12382
15313
18244
21175
24106
27037
29968
32899
35830
38761
41692
44623
47554
50485
53416
56347
59278
62209
65140
68071
71002
73933
76864
79795
82726
85657
88588
91519
94450
97381
-1
-1
-1
-1
-1
-1
-1
829
3760
6691
9622
12553
15484
18415
21346
24277
27208
30139
33070
36001
38932
41863
44794
47725
50656
53587
56518
59449
62380
65311
68242
71173
74104
77035
79966
82897
85828
88759
91690
94621
97552
-1
-1
-1
-1
-1
-1
-1
1000
3931
6862
9793
12724
15655
18586
21517
24448
27379
30310
33241
36172
39103
42034
44965
47896
50827
53758
56689
59620
62551
65482
68413
71344
74275
77206
80137
83068
85999
88930
91861
94792
97723
-1
-1
-1
-1
-1
-1
-1
1171
4102
7033
9964
12895
15826
18757
21688
24619
27550
30481
33412
36343
39274
42205
45136
48067
50998
53929
56860
59791
62722
65653
68584
71515
74446
77377
80308
83239
86170
89101
92032
94963
97894
-1
-1
-1
-1
-1
-1
-1
1342
4273
7204
10135
13066
15997
18928
21859
24790
27721
30652
33583
36514
39445
42376
45307
48238
51169
54100
57031
59962
62893
65824
68755
71686
74617
77548
80479
83410
86341
89272
92203
95134
98065
-1
-1
-1
-1
-1
-1
-1
1513
4444
7375
10306
13237
16168
19099
22030
24961
27892
30823
33754
36685
39616
42547
45478
48409
51340
54271
57202
60133
63064
65995
68926
71857
74788
77719
80650
83581
86512
89443
92374
95305
98236
-1
-1
-1
-1
-1
-1
-1
1684
4615
7546
10477
13408
16339
19270
22201
25132
28063
30994
33925
36856
39787
42718
45649
48580
51511
54442
57373
60304
63235
66166
69097
72028
74959
77890
80821
83752
86683
89614
92545
95476
98407
-1
-1
-1
-1
-1
-1
-1
1855
4786
7717
10648
13579
16510
19441
22372
25303
28234
31165
34096
37027
39958
42889
45820
48751
51682
54613
57544
60475
63406
66337
69268
72199
75130
78061
80992
83923
86854
89785
92716
95647
98578
-1
-1
-1
-1
-1
-1
-1
2026
4957
7888
10819
13750
16681
19612
22543
25474
28405
31336
34267
37198
40129
43060
45991
48922
51853
54784
57715
60646
63577
66508
69439
72370
75301
78232
81163
84094
87025
89956
92887
95818
98749
-1
-1
-1
-1
-1
-1
-1
2197
5128
8059
10990
13921
16852
19783
22714
25645
28576
31507
34438
37369
40300
43231
46162
49093
52024
54955
57886
60817
63748
66679
69610
72541
75472
78403
81334
84265
87196
90127
93058
95989
98920
-1
-1
-1
-1
-1
-1
-1
2368
5299
8230
11161
14092
17023
19954
22885
25816
28747
31678
34609
37540
40471
43402
46333
49264
52195
55126
58057
60988
63919
66850
69781
72712
75643
78574
81505
84436
87367
90298
93229
96160
99091
-1
-1
-1
-1
-1
-1
-1
2539
5470
8401
11332
14263
17194
20125
23056
25987
28918
31849
34780
37711
40642
43573
46504
49435
52366
55297
58228
61159
64090
67021
69952
72883
75814
78745
81676
84607
87538
90469
93400
96331
99262
-1
-1
-1
-1
-1
-1
-1
2710
5641
8572
11503
14434
17365
20296
23227
26158
29089
32020
34951
37882
40813
43744
46675
49606
52537
55468
58399
61330
64261
67192
70123
73054
75985
78916
81847
84778
87709
90640
93571
96502
99433
-1
-1
-1
-1
-1
-1
-1
2881
5812
8743
11674
14605
17536
20467
23398
26329
29260
32191
35122
38053
40984
43915
46846
49777
52708
55639
58570
61501
64432
67363
70294
73225
76156
79087
82018
84949
87880
90811
93742
96673
99604
-1
-1
-1
-1
-1
-1
121
3052
5983
8914
11845
14776
17707
20638
23569
26500
29431
32362
35293
38224
41155
44086
47017
49948
52879
55810
58741
61672
64603
67534
70465
73396
76327
79258
82189
85120
88051
90982
93913
96844
99775
-1
-1
-1
-1
-1
-1
292
3223
6154
9085
12016
14947
17878
20809
23740
26671
29602
32533
35464
38395
41326
44257
47188
50119
53050
55981
58912
61843
64774
67705
70636
73567
76498
79429
82360
85291
88222
91153
94084
97015
99946
-1
-1
-1
-1
-1
-1
463
3394
6325
9256
12187
15118
18049
20980
23911
26842
29773
32704
35635
38566
41497
44428
47359
50290
53221
56152
59083
62014
64945
67876
70807
73738
76669
79600
82531
85462
88393
91324
94255
97186
-1
-1
-1
-1
-1
-1
-1
634
3565
6496
9427
12358
15289
18220
21151
24082
27013
29944
32875
35806
38737
41668
44599
47530
50461
53392
56323
59254
62185
65116
68047
70978
73909
76840
79771
82702
85633
88564
91495
94426
97357
-1
-1
-1
-1
-1
-1
-1
805
3736
6667
9598
12529
15460
18391
21322
24253
27184
30115
33046
35977
38908
41839
44770
47701
50632
53563
56494
59425
62356
65287
68218
71149
74080
77011
79942
82873
85804
88735
91666
94597
97528
-1
-1
-1
-1
-1
-1
-1
976
3907
6838
9769
12700
15631
18562
21493
24424
27355
30286
33217
36148
39079
42010
44941
47872
50803
53734
56665
59596
62527
65458
68389
71320
74251
77182
80113
83044
85975
88906
91837
94768
97699
-1
-1
-1
-1
-1
-1
-1
1147
4078
7009
9940
12871
15802
18733
21664
24595
27526
30457
33388
36319
39250
42181
45112
48043
50974
53905
56836
59767
62698
65629
68560
71491
74422
77353
80284
83215
86146
89077
92008
94939
97870
-1
-1
-1
-1
-1
-1
-1
1318
4249
7180
10111
13042
15973
18904
21835
24766
27697
30628
33559
36490
39421
42352
45283
48214
51145
54076
57007
59938
62869
65800
68731
71662
74593
77524
80455
83386
86317
89248
92179
95110
98041
-1
-1
-1
-1
-1
-1
-1
1489
4420
7351
10282
13213
16144
19075
22006
24937
27868
30799
33730
36661
39592
42523
45454
48385
51316
54247
57178
60109
63040
65971
68902
71833
74764
77695
80626
83557
86488
89419
92350
95281
98212
-1
-1
-1
-1
-1
-1
-1
1660
4591
7522
10453
13384
16315
19246
22177
25108
28039
30970
33901
36832
39763
42694
45625
48556
51487
54418
57349
60280
63211
66142
69073
72004
74935
77866
80797
83728
86659
89590
92521
95452
98383
-1
-1
-1
-1
-1
-1
-1
1831
4762
7693
10624
13555
16486
19417
22348
25279
28210
31141
34072
37003
39934
42865
45796
48727
51658
54589
57520
60451
63382
66313
69244
72175
75106
78037
80968
83899
86830
89761
92692
95623
98554
-1
-1
-1
-1
-1
-1
-1
2002
4933
7864
10795
13726
16657
19588
22519
25450
28381
31312
34243
37174
40105
43036
45967
48898
51829
54760
57691
60622
63553
66484
69415
72346
75277
78208
81139
84070
87001
89932
92863
95794
98725
-1
-1
-1
-1
-1
-1
-1
2173
5104
8035
10966
13897
16828
19759
22690
25621
28552
31483
34414
37345
40276
43207
46138
49069
52000
54931
57862
60793
63724
66655
69586
72517
75448
78379
81310
84241
87172
90103
93034
95965
98896
-1
-1
-1
-1
-1
-1
-1
2344
5275
8206
11137
14068
16999
19930
22861
25792
28723
31654
34585
37516
40447
43378
46309
49240
52171
55102
58033
60964
63895
66826
69757
72688
75619
78550
81481
84412
87343
90274
93205
96136
99067
-1
-1
-1
-1
-1
-1
-1
2515
5446
8377
11308
14239
17170
20101
23032
25963
28894
31825
34756
37687
40618
43549
46480
49411
52342
55273
58204
61135
64066
66997
69928
72859
75790
78721
81652
84583
87514
90445
93376
96307
99238
-1
-1
-1
-1
-1
-1
-1
2686
5617
8548
11479
14410
17341
20272
23203
26134
29065
31996
34927
37858
40789
43720
46651
49582
52513
55444
58375
61306
64237
67168
70099
73030
75961
78892
81823
84754
87685
90616
93547
96478
99409
-1
-1
-1
-1
-1
-1
-1
2857
5788
8719
11650
14581
17512
20443
23374
26305
29236
32167
35098
38029
40960
43891
46822
49753
52684
55615
58546
61477
64408
67339
70270
73201
76132
79063
81994
84925
87856
90787
93718
96649
99580
-1
-1
-1
-1
-1
-1
97
3028
5959
8890
11821
14752
17683
20614
23545
26476
29407
32338
35269
38200
41131
44062
46993
49924
52855
55786
58717
61648
64579
67510
70441
73372
76303
79234
82165
85096
88027
90958
93889
96820
99751
-1
-1
-1
-1
-1
-1
268
3199
6130
9061
11992
14923
17854
20785
23716
26647
29578
32509
35440
38371
41302
44233
47164
50095
53026
55957
58888
61819
64750
67681
70612
73543
76474
79405
82336
85267
88198
91129
94060
96991
99922
-1
-1
-1
-1
-1
-1
439
3370
6301
9232
12163
15094
18025
20956
23887
26818
29749
32680
35611
38542
41473
44404
47335
50266
53197
56128
59059
61990
64921
67852
70783
73714
76645
79576
82507
85438
88369
91300
94231
97162
-1
-1
-1
-1
-1
-1
-1
610
3541
6472
9403
12334
15265
18196
21127
24058
26989
29920
32851
35782
38713
41644
44575
47506
50437
53368
56299
59230
62161
65092
68023
70954
73885
76816
79747
82678
85609
88540
91471
94402
97333
-1
-1
-1
-1
-1
-1
-1
781
3712
6643
9574
12505
15436
18367
21298
24229
27160
30091
33022
35953
38884
41815
44746
47677
50608
53539
56470
59401
62332
65263
68194
71125
74056
76987
79918
82849
85780
88711
91642
94573
97504
-1
-1
-1
-1
-1
-1
-1
952
3883
6814
9745
12676
15607
18538
21469
24400
27331
30262
33193
36124
39055
41986
44917
47848
50779
53710
56641
59572
62503
65434
68365
71296
74227
77158
80089
83020
85951
88882
91813
94744
97675
-1
-1
-1
-1
-1
-1
-1
1123
4054
6985
9916
12847
15778
18709
21640
24571
27502
30433
33364
36295
39226
42157
45088
48019
50950
53881
56812
59743
62674
65605
68536
71467
74398
77329
80260
83191
86122
89053
91984
94915
97846
-1
-1
-1
-1
-1
-1
-1
1294
4225
7156
10087
13018
15949
18880
21811
24742
27673
30604
33535
36466
39397
42328
45259
48190
51121
54052
56983
59914
62845
65776
68707
71638
74569
77500
80431
83362
86293
89224
92155
95086
98017
-1
-1
-1
-1
-1
-1
-1
1465
4396
7327
10258
13189
16120
19051
21982
24913
27844
30775
33706
36637
39568
42499
45430
48361
51292
54223
57154
60085
63016
65947
68878
71809
74740
77671
80602
83533
86464
89395
92326
95257
98188
-1
-1
-1
-1
-1
-1
-1
1636
4567
7498
10429
13360
16291
19222
22153
25084
28015
30946
33877
36808
39739
42670
45601
48532
51463
54394
57325
60256
63187
66118
69049
71980
74911
77842
80773
83704
86635
89566
92497
95428
98359
-1
-1
-1
-1
-1
-1
-1
1807
4738
7669
10600
13531
16462
19393
22324
25255
28186
31117
34048
36979
39910
42841
45772
48703
51634
54565
57496
60427
63358
66289
69220
72151
75082
78013
80944
83875
86806
89737
92668
95599
98530
-1
-1
-1
-1
-1
-1
-1
1978
4909
7840
10771
13702
16633
19564
22495
25426
28357
31288
34219
37150
40081
43012
45943
48874
51805
54736
57667
60598
63529
66460
69391
72322
75253
78184
81115
84046
86977
89908
92839
95770
98701
-1
-1
-1
-1
-1
-1
-1
2149
5080
8011
10942
13873
16804
19735
22666
25597
28528
31459
34390
37321
40252
43183
46114
49045
51976
54907
57838
60769
63700
66631
69562
72493
75424
78355
81286
84217
87148
90079
93010
95941
98872
-1
-1
-1
-1
-1
-1
-1
2320
5251
8182
11113
14044
16975
19906
22837
25768
28699
31630
34561
37492
40423
43354
46285
49216
52147
55078
58009
60940
63871
66802
69733
72664
75595
78526
81457
84388
87319
90250
93181
96112
99043
-1
-1
-1
-1
-1
-1
-1
2491
5422
8353
11284
14215
17146
20077
23008
25939
28870
31801
34732
37663
40594
43525
46456
49387
52318
55249
58180
61111
64042
66973
69904
72835
75766
78697
81628
84559
87490
90421
93352
96283
99214
-1
-1
-1
-1
-1
-1
-1
2662
5593
8524
11455
14386
17317
20248
23179
26110
29041
31972
34903
37834
40765
43696
46627
49558
52489
55420
58351
61282
64213
67144
70075
73006
75937
78868
81799
84730
87661
90592
93523
96454
99385
-1
-1
-1
-1
-1
-1
-1
2833
5764
8695
11626
14557
17488
20419
23350
26281
29212
32143
35074
38005
40936
43867
46798
49729
52660
55591
58522
61453
64384
67315
70246
73177
76108
79039
81970
84901
87832
90763
93694
96625
99556
-1
-1
-1
-1
-1
-1
73
3004
5935
8866
11797
14728
17659
20590
23521
26452
29383
32314
35245
38176
41107
44038
46969
49900
52831
55762
58693
61624
64555
67486
70417
73348
76279
79210
82141
85072
88003
90934
93865
96796
99727
-1
-1
-1
-1
-1
-1
244
3175
6106
9037
11968
14899
17830
20761
23692
26623
29554
32485
35416
38347
41278
44209
47140
50071
53002
55933
58864
61795
64726
67657
70588
73519
76450
79381
82312
85243
88174
91105
94036
96967
99898
-1
-1
-1
-1
-1
-1
415
3346
6277
9208
12139
15070
18001
20932
23863
26794
29725
32656
35587
38518
41449
44380
47311
50242
53173
56104
59035
61966
64897
67828
70759
73690
76621
79552
82483
85414
88345
91276
94207
97138
-1
-1
-1
-1
-1
-1
-1
586
3517
6448
9379
12310
15241
18172
21103
24034
26965
29896
32827
35758
38689
41620
44551
47482
50413
53344
56275
59206
62137
65068
67999
70930
73861
76792
79723
82654
85585
88516
91447
94378
97309
-1
-1
-1
-1
-1
-1
-1
757
3688
6619
9550
12481
15412
18343
21274
24205
27136
30067
32998
35929
38860
41791
44722
47653
50584
53515
56446
59377
62308
65239
68170
71101
74032
76963
79894
82825
85756
88687
91618
94549
97480
-1
-1
-1
-1
-1
-1
-1
928
3859
6790
9721
12652
15583
18514
21445
24376
27307
30238
33169
36100
39031
41962
44893
47824
50755
53686
56617
59548
62479
65410
68341
71272
74203
77134
80065
82996
85927
88858
91789
94720
97651
-1
-1
-1
-1
-1
-1
-1
1099
4030
6961
9892
12823
15754
18685
21616
24547
27478
30409
33340
36271
39202
42133
45064
47995
50926
53857
56788
59719
62650
65581
68512
71443
74374
77305
80236
83167
86098
89029
91960
94891
97822
-1
-1
-1
-1
-1
-1
-1
1270
4201
7132
10063
12994
15925
18856
21787
24718
27649
30580
33511
36442
39373
42304
45235
48166
51097
54028
56959
59890
62821
65752
68683
71614
74545
77476
80407
83338
86269
89200
92131
95062
97993
-1
-1
-1
-1
-1
-1
-1
1441
4372
7303
10234
13165
16096
19027
21958
24889
27820
30751
33682
36613
39544
42475
45406
48337
51268
54199
57130
60061
62992
65923
68854
71785
74716
77647
80578
83509
86440
89371
92302
95233
98164
-1
-1
-1
-1
-1
-1
-1
1612
4543
7474
10405
13336
16267
19198
22129
25060
27991
30922
33853
36784
39715
42646
45577
48508
51439
54370
57301
60232
63163
66094
69025
71956
74887
77818
80749
83680
86611
89542
92473
95404
98335
-1
-1
-1
-1
-1
-1
-1
1783
4714
7645
10576
13507
16438
19369
22300
25231
28162
31093
34024
36955
39886
42817
45748
48679
51610
54541
57472
60403
63334
66265
69196
72127
75058
77989
80920
83851
86782
89713
92644
95575
98506
-1
-1
-1
-1
-1
-1
-1
1954
4885
7816
10747
13678
16609
19540
22471
25402
28333
31264
34195
37126
40057
42988
45919
48850
51781
54712
57643
60574
63505
66436
69367
72298
75229
78160
81091
84022
86953
89884
92815
95746
98677
-1
-1
-1
-1
-1
-1
-1
2125
5056
7987
10918
13849
16780
19711
22642
25573
28504
31435
34366
37297
40228
43159
46090
49021
51952
54883
57814
60745
63676
66607
69538
72469
75400
78331
81262
84193
87124
90055
92986
95917
98848
-1
-1
-1
-1
-1
-1
-1
2296
5227
8158
11089
14020
16951
19882
22813
25744
28675
31606
34537
37468
40399
43330
46261
49192
52123
55054
57985
60916
63847
66778
69709
72640
75571
78502
81433
84364
87295
90226
93157
96088
99019
-1
-1
-1
-1
-1
-1
-1
2467
5398
8329
11260
14191
17122
20053
22984
25915
28846
31777
34708
37639
40570
43501
46432
49363
52294
55225
58156
61087
64018
66949
69880
72811
75742
78673
81604
84535
87466
90397
93328
96259
99190
-1
-1
-1
-1
-1
-1
-1
2638
5569
8500
11431
14362
17293
20224
23155
26086
29017
31948
34879
37810
40741
43672
46603
49534
52465
55396
58327
61258
64189
67120
70051
72982
75913
78844
81775
84706
87637
90568
93499
96430
99361
-1
-1
-1
-1
-1
-1
-1
2809
5740
8671
11602
14533
17464
20395
23326
26257
29188
32119
35050
37981
40912
43843
46774
49705
52636
55567
58498
61429
64360
67291
70222
73153
76084
79015
81946
84877
87808
90739
93670
96601
99532
-1
-1
-1
-1
-1
-1
49
2980
5911
8842
11773
14704
17635
20566
23497
26428
29359
32290
35221
38152
41083
44014
46945
49876
52807
55738
58669
61600
64531
67462
70393
73324
76255
79186
82117
85048
87979
90910
93841
96772
99703
-1
-1
-1
-1
-1
-1
220
3151
6082
9013
11944
14875
17806
20737
23668
26599
29530
32461
35392
38323
41254
44185
47116
50047
52978
55909
58840
61771
64702
67633
70564
73495
76426
79357
82288
85219
88150
91081
94012
96943
99874
-1
-1
-1
-1
-1
-1
391
3322
6253
9184
12115
15046
17977
20908
23839
26770
29701
32632
35563
38494
41425
44356
47287
50218
53149
56080
59011
61942
64873
67804
70735
73666
76597
79528
82459
85390
88321
91252
94183
97114
-1
-1
-1
-1
-1
-1
-1
562
3493
6424
9355
12286
15217
18148
21079
24010
26941
29872
32803
35734
38665
41596
44527
47458
50389
53320
56251
59182
62113
65044
67975
70906
73837
76768
79699
82630
85561
88492
91423
94354
97285
-1
-1
-1
-1
-1
-1
-1
733
3664
6595
9526
12457
15388
18319
21250
24181
27112
30043
32974
35905
38836
41767
44698
47629
50560
53491
56422
59353
62284
65215
68146
71077
74008
76939
79870
82801
85732
88663
91594
94525
97456
-1
-1
-1
-1
-1
-1
-1
904
3835
6766
9697
12628
15559
18490
21421
24352
27283
30214
33145
36076
39007
41938
44869
47800
50731
53662
56593
59524
62455
65386
68317
71248
74179
77110
80041
82972
85903
88834
91765
94696
97627
-1
-1
-1
-1
-1
-1
-1
1075
4006
6937
9868
12799
15730
18661
21592
24523
27454
30385
33316
36247
39178
42109
45040
47971
50902
53833
56764
59695
62626
65557
68488
71419
74350
77281
80212
83143
86074
89005
91936
94867
97798
-1
-1
-1
-1
-1
-1
-1
1246
4177
7108
10039
12970
15901
18832
21763
24694
27625
30556
33487
36418
39349
42280
45211
48142
51073
54004
56935
59866
62797
65728
68659
71590
74521
77452
80383
83314
86245
89176
92107
95038
97969
-1
-1
-1
-1
-1
-1
-1
1417
4348
7279
10210
13141
16072
19003
21934
24865
27796
30727
33658
36589
39520
42451
45382
48313
51244
54175
57106
60037
62968
65899
68830
71761
74692
77623
80554
83485
86416
89347
92278
95209
98140
-1
-1
-1
-1
-1
-1
-1
1588
4519
7450
10381
13312
16243
19174
22105
25036
27967
30898
33829
36760
39691
42622
45553
48484
51415
54346
57277
60208
63139
66070
69001
71932
74863
77794
80725
83656
86587
89518
92449
95380
98311
-1
-1
-1
-1
-1
-1
-1
1759
4690
7621
10552
13483
16414
19345
22276
25207
28138
31069
34000
36931
39862
42793
45724
48655
51586
54517
57448
60379
63310
66241
69172
72103
75034
77965
80896
83827
86758
89689
92620
95551
98482
-1
-1
-1
-1
-1
-1
-1
1930
4861
7792
10723
13654
16585
19516
22447
25378
28309
31240
34171
37102
40033
42964
45895
48826
51757
54688
57619
60550
63481
66412
69343
72274
75205
78136
81067
83998
86929
89860
92791
95722
98653
-1
-1
-1
-1
-1
-1
-1
2101
5032
7963
10894
13825
16756
19687
22618
25549
28480
31411
34342
37273
40204
43135
46066
48997
51928
54859
57790
60721
63652
66583
69514
72445
75376
78307
81238
84169
87100
90031
92962
95893
98824
-1
-1
-1
-1
-1
-1
-1
2272
5203
8134
11065
13996
16927
19858
22789
25720
28651
31582
34513
37444
40375
43306
46237
49168
52099
55030
57961
60892
63823
66754
69685
72616
75547
78478
81409
84340
87271
90202
93133
96064
98995
-1
-1
-1
-1
-1
-1
-1
2443
5374
8305
11236
14167
17098
20029
22960
25891
28822
31753
34684
37615
40546
43477
46408
49339
52270
55201
58132
61063
63994
66925
69856
72787
75718
78649
81580
84511
87442
90373
93304
96235
99166
-1
-1
-1
-1
-1
-1
-1
2614
5545
8476
11407
14338
17269
20200
23131
26062
28993
31924
34855
37786
40717
43648
46579
49510
52441
55372
58303
61234
64165
67096
70027
72958
75889
78820
81751
84682
87613
90544
93475
96406
99337
-1
-1
-1
-1
-1
-1
-1
2785
5716
8647
11578
14509
17440
20371
23302
26233
29164
32095
35026
37957
40888
43819
46750
49681
52612
55543
58474
61405
64336
67267
70198
73129
76060
78991
81922
84853
87784
90715
93646
96577
99508
-1
-1
-1
-1
-1
-1
25
2956
5887
8818
11749
14680
17611
20542
23473
26404
29335
32266
35197
38128
41059
43990
46921
49852
52783
55714
58645
61576
64507
67438
70369
73300
76231
79162
82093
85024
87955
90886
93817
96748
99679
-1
-1
-1
-1
-1
-1
196
3127
6058
8989
11920
14851
17782
20713
23644
26575
29506
32437
35368
38299
41230
44161
47092
50023
52954
55885
58816
61747
64678
67609
70540
73471
76402
79333
82264
85195
88126
91057
93988
96919
99850
-1
-1
-1
-1
-1
-1
367
3298
6229
9160
12091
15022
17953
20884
23815
26746
29677
32608
35539
38470
41401
44332
47263
50194
53125
56056
58987
61918
64849
67780
70711
73642
76573
79504
82435
85366
88297
91228
94159
97090
-1
-1
-1
-1
-1
-1
-1
538
3469
6400
9331
12262
15193
18124
21055
23986
26917
29848
32779
35710
38641
41572
44503
47434
50365
53296
56227
59158
62089
65020
67951
70882
73813
76744
79675
82606
85537
88468
91399
94330
97261
-1
-1
-1
-1
-1
-1
-1
709
3640
6571
9502
12433
15364
18295
21226
24157
27088
30019
32950
35881
38812
41743
44674
47605
50536
53467
56398
59329
62260
65191
68122
71053
73984
76915
79846
82777
85708
88639
91570
94501
97432
-1
-1
-1
-1
-1
-1
-1
880
3811
6742
9673
12604
15535
18466
21397
24328
27259
30190
33121
36052
38983
41914
44845
47776
50707
53638
56569
59500
62431
65362
68293
71224
74155
77086
80017
82948
85879
88810
91741
94672
97603
-1
-1
-1
-1
-1
-1
-1
1051
3982
6913
9844
12775
15706
18637
21568
24499
27430
30361
33292
36223
39154
42085
45016
47947
50878
53809
56740
59671
62602
65533
68464
71395
74326
77257
80188
83119
86050
88981
91912
94843
97774
-1
-1
-1
-1
-1
-1
-1
1222
4153
7084
10015
12946
15877
18808
21739
24670
27601
30532
33463
36394
39325
42256
45187
48118
51049
53980
56911
59842
62773
65704
68635
71566
74497
77428
80359
83290
86221
89152
92083
95014
97945
-1
-1
-1
-1
-1
-1
-1
1393
4324
7255
10186
13117
16048
18979
21910
24841
27772
30703
33634
36565
39496
42427
45358
48289
51220
54151
57082
60013
62944
65875
68806
71737
74668
77599
80530
83461
86392
89323
92254
95185
98116
-1
-1
-1
-1
-1
-1
-1
1564
4495
7426
10357
13288
16219
19150
22081
25012
27943
30874
33805
36736
39667
42598
45529
48460
51391
54322
57253
60184
63115
66046
68977
71908
74839
77770
80701
83632
86563
89494
92425
95356
98287
-1
-1
-1
-1
-1
-1
-1
1735
4666
7597
10528
13459
16390
19321
22252
25183
28114
31045
33976
36907
39838
42769
45700
48631
51562
54493
57424
60355
63286
66217
69148
72079
75010
77941
80872
83803
86734
89665
92596
95527
98458
-1
-1
-1
-1
-1
-1
-1
1906
4837
7768
10699
13630
16561
19492
22423
25354
28285
31216
34147
37078
40009
42940
45871
48802
51733
54664
57595
60526
63457
66388
69319
72250
75181
78112
81043
83974
86905
89836
92767
95698
98629
-1
-1
-1
-1
-1
-1
-1
2077
5008
7939
10870
13801
16732
19663
22594
25525
28456
31387
34318
37249
40180
43111
46042
48973
51904
54835
57766
60697
63628
66559
69490
72421
75352
78283
81214
84145
87076
90007
92938
95869
98800
-1
-1
-1
-1
-1
-1
-1
2248
5179
8110
11041
13972
16903
19834
22765
25696
28627
31558
34489
37420
40351
43282
46213
49144
52075
55006
57937
60868
63799
66730
69661
72592
75523
78454
81385
84316
87247
90178
93109
96040
98971
-1
-1
-1
-1
-1
-1
-1
2419
5350
8281
11212
14143
17074
20005
22936
25867
28798
31729
34660
37591
40522
43453
46384
49315
52246
55177
58108
61039
63970
66901
69832
72763
75694
78625
81556
84487
87418
90349
93280
96211
99142
-1
-1
-1
-1
-1
-1
-1
2590
5521
8452
11383
14314
17245
20176
23107
26038
28969
31900
34831
37762
40693
43624
46555
49486
52417
55348
58279
61210
64141
67072
70003
72934
75865
78796
81727
84658
87589
90520
93451
96382
99313
-1
-1
-1
-1
-1
-1
-1
2761
5692
8623
11554
14485
17416
20347
23278
26209
29140
32071
35002
37933
40864
43795
46726
49657
52588
55519
58450
61381
64312
67243
70174
73105
76036
78967
81898
84829
87760
90691
93622
96553
99484
-1
-1
-1
-1
-1
-1
1
2932
5863
8794
11725
14656
17587
20518
23449
26380
29311
32242
35173
38104
41035
43966
46897
49828
52759
55690
58621
61552
64483
67414
70345
73276
76207
79138
82069
85000
87931
90862
93793
96724
99655
-1
-1
-1
-1
-1
-1
172
3103
6034
8965
11896
14827
17758
20689
23620
26551
29482
32413
35344
38275
41206
44137
47068
49999
52930
55861
58792
61723
64654
67585
70516
73447
76378
79309
82240
85171
88102
91033
93964
96895
99826
-1
-1
-1
-1
-1
-1
343
3274
6205
9136
12067
14998
17929
20860
23791
26722
29653
32584
35515
38446
41377
44308
47239
50170
53101
56032
58963
61894
64825
67756
70687
73618
76549
79480
82411
85342
88273
91204
94135
97066
99997
-1
-1
-1
-1
-1
-1
514
3445
6376
9307
12238
15169
18100
21031
23962
26893
29824
32755
35686
38617
41548
44479
47410
50341
53272
56203
59134
62065
64996
67927
70858
73789
76720
79651
82582
85513
88444
91375
94306
97237
-1
-1
-1
-1
-1
-1
-1
685
3616
6547
9478
12409
15340
18271
21202
24133
27064
29995
32926
35857
38788
41719
44650
47581
50512
53443
56374
59305
62236
65167
68098
71029
73960
76891
79822
82753
85684
88615
91546
94477
97408
-1
-1
-1
-1
-1
-1
-1
856
3787
6718
9649
12580
15511
18442
21373
24304
27235
30166
33097
36028
38959
41890
44821
47752
50683
53614
56545
59476
62407
65338
68269
71200
74131
77062
79993
82924
85855
88786
91717
94648
97579
-1
-1
-1
-1
-1
-1
-1
1027
3958
6889
9820
12751
15682
18613
21544
24475
27406
30337
33268
36199
39130
42061
44992
47923
50854
53785
56716
59647
62578
65509
68440
71371
74302
77233
80164
83095
86026
88957
91888
94819
97750
-1
-1
-1
-1
-1
-1
-1
1198
4129
7060
9991
12922
15853
18784
21715
24646
27577
30508
33439
36370
39301
42232
45163
48094
51025
53956
56887
59818
62749
65680
68611
71542
74473
77404
80335
83266
86197
89128
92059
94990
97921
-1
-1
-1
-1
-1
-1
-1
1369
4300
7231
10162
13093
16024
18955
21886
24817
27748
30679
33610
36541
39472
42403
45334
48265
51196
54127
57058
59989
62920
65851
68782
71713
74644
77575
80506
83437
86368
89299
92230
95161
98092
-1
-1
-1
-1
-1
-1
-1
1540
4471
7402
10333
13264
16195
19126
22057
24988
27919
30850
33781
36712
39643
42574
45505
48436
51367
54298
57229
60160
63091
66022
68953
71884
74815
77746
80677
83608
86539
89470
92401
95332
98263
-1
-1
-1
-1
-1
-1
-1
1711
4642
7573
10504
13435
16366
19297
22228
25159
28090
31021
33952
36883
39814
42745
45676
48607
51538
54469
57400
60331
63262
66193
69124
72055
74986
77917
80848
83779
86710
89641
92572
95503
98434
-1
-1
-1
-1
-1
-1
-1
1882
4813
7744
10675
13606
16537
19468
22399
25330
28261
31192
34123
37054
39985
42916
45847
48778
51709
54640
57571
60502
63433
66364
69295
72226
75157
78088
81019
83950
86881
89812
92743
95674
98605
-1
-1
-1
-1
-1
-1
-1
2053
4984
7915
10846
13777
16708
19639
22570
25501
28432
31363
34294
37225
40156
43087
46018
48949
51880
54811
57742
60673
63604
66535
69466
72397
75328
78259
81190
84121
87052
89983
92914
95845
98776
-1
-1
-1
-1
-1
-1
-1
2224
5155
8086
11017
13948
16879
19810
22741
25672
28603
31534
34465
37396
40327
43258
46189
49120
52051
54982
57913
60844
63775
66706
69637
72568
75499
78430
81361
84292
87223
90154
93085
96016
98947
-1
-1
-1
-1
-1
-1
-1
2395
5326
8257
11188
14119
17050
19981
22912
25843
28774
31705
34636
37567
40498
43429
46360
49291
52222
55153
58084
61015
63946
66877
69808
72739
75670
78601
81532
84463
87394
90325
93256
96187
99118
-1
-1
-1
-1
-1
-1
-1
2566
5497
8428
11359
14290
17221
20152
23083
26014
28945
31876
34807
37738
40669
43600
46531
49462
52393
55324
58255
61186
64117
67048
69979
72910
75841
78772
81703
84634
87565
90496
93427
96358
99289
-1
-1
-1
-1
-1
-1
-1
2737
5668
8599
11530
14461
17392
20323
23254
26185
29116
32047
34978
37909
40840
43771
46702
49633
52564
55495
58426
61357
64288
67219
70150
73081
76012
78943
81874
84805
87736
90667
93598
96529
99460
-1
-1
-1
-1
-1
-1
-1
2908
5839
8770
11701
14632
17563
20494
23425
26356
29287
32218
35149
38080
41011
43942
46873
49804
52735
55666
58597
61528
64459
67390
70321
73252
76183
79114
82045
84976
87907
90838
93769
96700
99631
-1
-1
-1
-1
-1
-1
148
3079
6010
8941
11872
14803
17734
20665
23596
26527
29458
32389
35320
38251
41182
44113
47044
49975
52906
55837
58768
61699
64630
67561
70492
73423
76354
79285
82216
85147
88078
91009
93940
96871
99802
-1
-1
-1
-1
-1
-1
319
3250
6181
9112
12043
14974
17905
20836
23767
26698
29629
32560
35491
38422
41353
44284
47215
50146
53077
56008
58939
61870
64801
67732
70663
73594
76525
79456
82387
85318
88249
91180
94111
97042
99973
-1
-1
-1
-1
-1
-1
490
3421
6352
9283
12214
15145
18076
21007
23938
26869
29800
32731
35662
38593
41524
44455
47386
50317
53248
56179
59110
62041
64972
67903
70834
73765
76696
79627
82558
85489
88420
91351
94282
97213
-1
-1
-1
-1
-1
-1
-1
661
3592
6523
9454
12385
15316
18247
21178
24109
27040
29971
32902
35833
38764
41695
44626
47557
50488
53419
56350
59281
62212
65143
68074
71005
73936
76867
79798
82729
85660
88591
91522
94453
97384
-1
-1
-1
-1
-1
-1
-1
832
3763
6694
9625
12556
15487
18418
21349
24280
27211
30142
33073
36004
38935
41866
44797
47728
50659
53590
56521
59452
62383
65314
68245
71176
74107
77038
79969
82900
85831
88762
91693
94624
97555
-1
-1
-1
-1
-1
-1
-1
1003
3934
6865
9796
12727
15658
18589
21520
24451
27382
30313
33244
36175
39106
42037
44968
47899
50830
53761
56692
59623
62554
65485
68416
71347
74278
77209
80140
83071
86002
88933
91864
94795
97726
-1
-1
-1
-1
-1
-1
-1
1174
4105
7036
9967
12898
15829
18760
21691
24622
27553
30484
33415
36346
39277
42208
45139
48070
51001
53932
56863
59794
62725
65656
68587
71518
74449
77380
80311
83242
86173
89104
92035
94966
97897
-1
-1
-1
-1
-1
-1
-1
1345
4276
7207
10138
13069
16000
18931
21862
24793
27724
30655
33586
36517
39448
42379
45310
48241
51172
54103
57034
59965
62896
65827
68758
71689
74620
77551
80482
83413
86344
89275
92206
95137
98068
-1
-1
-1
-1
-1
-1
-1
1516
4447
7378
10309
13240
16171
19102
22033
24964
27895
30826
33757
36688
39619
42550
45481
48412
51343
54274
57205
60136
63067
65998
68929
71860
74791
77722
80653
83584
86515
89446
92377
95308
98239
-1
-1
-1
-1
-1
-1
-1
1687
4618
7549
10480
13411
16342
19273
22204
25135
28066
30997
33928
36859
39790
42721
45652
48583
51514
54445
57376
60307
63238
66169
69100
72031
74962
77893
80824
83755
86686
89617
92548
95479
98410
-1
-1
-1
-1
-1
-1
-1
1858
4789
7720
10651
13582
16513
19444
22375
25306
28237
31168
34099
37030
39961
42892
45823
48754
51685
54616
57547
60478
63409
66340
69271
72202
75133
78064
80995
83926
86857
89788
92719
95650
98581
-1
-1
-1
-1
-1
-1
-1
2029
4960
7891
10822
13753
16684
19615
22546
25477
28408
31339
34270
37201
40132
43063
45994
48925
51856
54787
57718
60649
63580
66511
69442
72373
75304
78235
81166
84097
87028
89959
92890
95821
98752
-1
-1
-1
-1
-1
-1
-1
2200
5131
8062
10993
13924
16855
19786
22717
25648
28579
31510
34441
37372
40303
43234
46165
49096
52027
54958
57889
60820
63751
66682
69613
72544
75475
78406
81337
84268
87199
90130
93061
95992
98923
-1
-1
-1
-1
-1
-1
-1
2371
5302
8233
11164
14095
17026
19957
22888
25819
28750
31681
34612
37543
40474
43405
46336
49267
52198
55129
58060
60991
63922
66853
69784
72715
75646
78577
81508
84439
87370
90301
93232
96163
99094
-1
-1
-1
-1
-1
-1
-1
2542
5473
8404
11335
14266
17197
20128
23059
25990
28921
31852
34783
37714
40645
43576
46507
49438
52369
55300
58231
61162
64093
67024
69955
72886
75817
78748
81679
84610
87541
90472
93403
96334
99265
-1
-1
-1
-1
-1
-1
-1
2713
5644
8575
11506
14437
17368
20299
23230
26161
29092
32023
34954
37885
40816
43747
46678
49609
52540
55471
58402
61333
64264
67195
70126
73057
75988
78919
81850
84781
87712
90643
93574
96505
99436
-1
-1
-1
-1
-1
-1
-1
2884
5815
8746
11677
14608
17539
20470
23401
26332
29263
32194
35125
38056
40987
43918
46849
49780
52711
55642
58573
61504
64435
67366
70297
73228
76159
79090
82021
84952
87883
90814
93745
96676
99607
-1
-1
-1
-1
-1
-1
124
3055
5986
8917
11848
14779
17710
20641
23572
26503
29434
32365
35296
38227
41158
44089
47020
49951
52882
55813
58744
61675
64606
67537
70468
73399
76330
79261
82192
85123
88054
90985
93916
96847
99778
-1
-1
-1
-1
-1
-1
295
3226
6157
9088
12019
14950
17881
20812
23743
26674
29605
32536
35467
38398
41329
44260
47191
50122
53053
55984
58915
61846
64777
67708
70639
73570
76501
79432
82363
85294
88225
91156
94087
97018
99949
-1
-1
-1
-1
-1
-1
466
3397
6328
9259
12190
15121
18052
20983
23914
26845
29776
32707
35638
38569
41500
44431
47362
50293
53224
56155
59086
62017
64948
67879
70810
73741
76672
79603
82534
85465
88396
91327
94258
97189
-1
-1
-1
-1
-1
-1
-1
637
3568
6499
9430
12361
15292
18223
21154
24085
27016
29947
32878
35809
38740
41671
44602
47533
50464
53395
56326
59257
62188
65119
68050
70981
73912
76843
79774
82705
85636
88567
91498
94429
97360
-1
-1
-1
-1
-1
-1
-1
808
3739
6670
9601
12532
15463
18394
21325
24256
27187
30118
33049
35980
38911
41842
44773
47704
50635
53566
56497
59428
62359
65290
68221
71152
74083
77014
79945
82876
85807
88738
91669
94600
97531
-1
-1
-1
-1
-1
-1
-1
979
3910
6841
9772
12703
15634
18565
21496
24427
27358
30289
33220
36151
39082
42013
44944
47875
50806
53737
56668
59599
62530
65461
68392
71323
74254
77185
80116
83047
85978
88909
91840
94771
97702
-1
-1
-1
-1
-1
-1
-1
1150
4081
7012
9943
12874
15805
18736
21667
24598
27529
30460
33391
36322
39253
42184
45115
48046
50977
53908
56839
59770
62701
65632
68563
71494
74425
77356
80287
83218
86149
89080
92011
94942
97873
-1
-1
-1
-1
-1
-1
-1
1321
4252
7183
10114
13045
15976
18907
21838
24769
27700
30631
33562
36493
39424
42355
45286
48217
51148
54079
57010
59941
62872
65803
68734
71665
74596
77527
80458
83389
86320
89251
92182
95113
98044
-1
-1
-1
-1
-1
-1
-1
1492
4423
7354
10285
13216
16147
19078
22009
24940
27871
30802
33733
36664
39595
42526
45457
48388
51319
54250
57181
60112
63043
65974
68905
71836
74767
77698
80629
83560
86491
89422
92353
95284
98215
-1
-1
-1
-1
-1
-1
-1
1663
4594
7525
10456
13387
16318
19249
22180
25111
28042
30973
33904
36835
39766
42697
45628
48559
51490
54421
57352
60283
63214
66145
69076
72007
74938
77869
80800
83731
86662
89593
92524
95455
98386
-1
-1
-1
-1
-1
-1
-1
1834
4765
7696
10627
13558
16489
19420
22351
25282
28213
31144
34075
37006
39937
42868
45799
48730
51661
54592
57523
60454
63385
66316
69247
72178
75109
78040
80971
83902
86833
89764
92695
95626
98557
-1
-1
-1
-1
-1
-1
-1
2005
4936
7867
10798
13729
16660
19591
22522
25453
28384
31315
34246
37177
40108
43039
45970
48901
51832
54763
57694
60625
63556
66487
69418
72349
75280
78211
81142
84073
87004
89935
92866
95797
98728
-1
-1
-1
-1
-1
-1
-1
2176
5107
8038
10969
13900
16831
19762
22693
25624
28555
31486
34417
37348
40279
43210
46141
49072
52003
54934
57865
60796
63727
66658
69589
72520
75451
78382
81313
84244
87175
90106
93037
95968
98899
-1
-1
-1
-1
-1
-1
-1
2347
5278
8209
11140
14071
17002
19933
22864
25795
28726
31657
34588
37519
40450
43381
46312
49243
52174
55105
58036
60967
63898
66829
69760
72691
75622
78553
81484
84415
87346
90277
93208
96139
99070
-1
-1
-1
-1
-1
-1
-1
2518
5449
8380
11311
14242
17173
20104
23035
25966
28897
31828
34759
37690
40621
43552
46483
49414
52345
55276
58207
61138
64069
67000
69931
72862
75793
78724
81655
84586
87517
90448
93379
96310
99241
-1
-1
-1
-1
-1
-1
-1
2689
5620
8551
11482
14413
17344
20275
23206
26137
29068
31999
34930
37861
40792
43723
46654
49585
52516
55447
58378
61309
64240
67171
70102
73033
75964
78895
81826
84757
87688
90619
93550
96481
99412
-1
-1
-1
-1
-1
-1
-1
2860
5791
8722
11653
14584
17515
20446
23377
26308
29239
32170
35101
38032
40963
43894
46825
49756
52687
55618
58549
61480
64411
67342
70273
73204
76135
79066
81997
84928
87859
90790
93721
96652
99583
-1
-1
-1
-1
-1
-1
100
3031
5962
8893
11824
14755
17686
20617
23548
26479
29410
32341
35272
38203
41134
44065
46996
49927
52858
55789
58720
61651
64582
67513
70444
73375
76306
79237
82168
85099
88030
90961
93892
96823
99754
-1
-1
-1
-1
-1
-1
271
3202
6133
9064
11995
14926
17857
20788
23719
26650
29581
32512
35443
38374
41305
44236
47167
50098
53029
55960
58891
61822
64753
67684
70615
73546
76477
79408
82339
85270
88201
91132
94063
96994
99925
-1
-1
-1
-1
-1
-1
442
3373
6304
9235
12166
15097
18028
20959
23890
26821
29752
32683
35614
38545
41476
44407
47338
50269
53200
56131
59062
61993
64924
67855
70786
73717
76648
79579
82510
85441
88372
91303
94234
97165
-1
-1
-1
-1
-1
-1
-1
613
3544
6475
9406
12337
15268
18199
21130
24061
26992
29923
32854
35785
38716
41647
44578
47509
50440
53371
56302
59233
62164
65095
68026
70957
73888
76819
79750
82681
85612
88543
91474
94405
97336
-1
-1
-1
-1
-1
-1
-1
784
3715
6646
9577
12508
15439
18370
21301
24232
27163
30094
33025
35956
38887
41818
44749
47680
50611
53542
56473
59404
62335
65266
68197
71128
74059
76990
79921
82852
85783
88714
91645
94576
97507
-1
-1
-1
-1
-1
-1
-1
955
3886
6817
9748
12679
15610
18541
21472
24403
27334
30265
33196
36127
39058
41989
44920
47851
50782
53713
56644
59575
62506
65437
68368
71299
74230
77161
80092
83023
85954
88885
91816
94747
97678
-1
-1
-1
-1
-1
-1
-1
1126
4057
6988
9919
12850
15781
18712
21643
24574
27505
30436
33367
36298
39229
42160
45091
48022
50953
53884
56815
59746
62677
65608
68539
71470
74401
77332
80263
83194
86125
89056
91987
94918
97849
-1
-1
-1
-1
-1
-1
-1
1297
4228
7159
10090
13021
15952
18883
21814
24745
27676
30607
33538
36469
39400
42331
45262
48193
51124
54055
56986
59917
62848
65779
68710
71641
74572
77503
80434
83365
86296
89227
92158
95089
98020
-1
-1
-1
-1
-1
-1
-1
1468
4399
7330
10261
13192
16123
19054
21985
24916
27847
30778
33709
36640
39571
42502
45433
48364
51295
54226
57157
60088
63019
65950
68881
71812
74743
77674
80605
83536
86467
89398
92329
95260
98191
-1
-1
-1
-1
-1
-1
-1
1639
4570
7501
10432
13363
16294
19225
22156
25087
28018
30949
33880
36811
39742
42673
45604
48535
51466
54397
57328
60259
63190
66121
69052
71983
74914
77845
80776
83707
86638
89569
92500
95431
98362
-1
-1
-1
-1
-1
-1
-1
1810
4741
7672
10603
13534
16465
19396
22327
25258
28189
31120
34051
36982
39913
42844
45775
48706
51637
54568
57499
60430
63361
66292
69223
72154
75085
78016
80947
83878
86809
89740
92671
95602
98533
-1
-1
-1
-1
-1
-1
-1
1981
4912
7843
10774
13705
16636
19567
22498
25429
28360
31291
34222
37153
40084
43015
45946
48877
51808
54739
57670
60601
63532
66463
69394
72325
75256
78187
81118
84049
86980
89911
92842
95773
98704
-1
-1
-1
-1
-1
-1
-1
2152
5083
8014
10945
13876
16807
19738
22669
25600
28531
31462
34393
37324
40255
43186
46117
49048
51979
54910
57841
60772
63703
66634
69565
72496
75427
78358
81289
84220
87151
90082
93013
95944
98875
-1
-1
-1
-1
-1
-1
-1
2323
5254
8185
11116
14047
16978
19909
22840
25771
28702
31633
34564
37495
40426
43357
46288
49219
52150
55081
58012
60943
63874
66805
69736
72667
75598
78529
81460
84391
87322
90253
93184
96115
99046
-1
-1
-1
-1
-1
-1
-1
2494
5425
8356
11287
14218
17149
20080
23011
25942
28873
31804
34735
37666
40597
43528
46459
49390
52321
55252
58183
61114
64045
66976
69907
72838
75769
78700
81631
84562
87493
90424
93355
96286
99217
-1
-1
-1
-1
-1
-1
-1
2665
5596
8527
11458
14389
17320
20251
23182
26113
29044
31975
34906
37837
40768
43699
46630
49561
52492
55423
58354
61285
64216
67147
70078
73009
75940
78871
81802
84733
87664
90595
93526
96457
99388
-1
-1
-1
-1
-1
-1
-1
2836
5767
8698
11629
14560
17491
20422
23353
26284
29215
32146
35077
38008
40939
43870
46801
49732
52663
55594
58525
61456
64387
67318
70249
73180
76111
79042
81973
84904
87835
90766
93697
96628
99559
-1
-1
-1
-1
-1
-1
76
3007
5938
8869
11800
14731
17662
20593
23524
26455
29386
32317
35248
38179
41110
44041
46972
49903
52834
55765
58696
61627
64558
67489
70420
73351
76282
79213
82144
85075
88006
90937
93868
96799
99730
-1
-1
-1
-1
-1
-1
247
3178
6109
9040
11971
14902
17833
20764
23695
26626
29557
32488
35419
38350
41281
44212
47143
50074
53005
55936
58867
61798
64729
67660
70591
73522
76453
79384
82315
85246
88177
91108
94039
96970
99901
-1
-1
-1
-1
-1
-1
418
3349
6280
9211
12142
15073
18004
20935
23866
26797
29728
32659
35590
38521
41452
44383
47314
50245
53176
56107
59038
61969
64900
67831
70762
73693
76624
79555
82486
85417
88348
91279
94210
97141
-1
-1
-1
-1
-1
-1
-1
589
3520
6451
9382
12313
15244
18175
21106
24037
26968
29899
32830
35761
38692
41623
44554
47485
50416
53347
56278
59209
62140
65071
68002
70933
73864
76795
79726
82657
85588
88519
91450
94381
97312
-1
-1
-1
-1
-1
-1
-1
760
3691
6622
9553
12484
15415
18346
21277
24208
27139
30070
33001
35932
38863
41794
44725
47656
50587
53518
56449
59380
62311
65242
68173
71104
74035
76966
79897
82828
85759
88690
91621
94552
97483
-1
-1
-1
-1
-1
-1
-1
931
3862
6793
9724
12655
15586
18517
21448
24379
27310
30241
33172
36103
39034
41965
44896
47827
50758
53689
56620
59551
62482
65413
68344
71275
74206
77137
80068
82999
85930
88861
91792
94723
97654
-1
-1
-1
-1
-1
-1
-1
1102
4033
6964
9895
12826
15757
18688
21619
24550
27481
30412
33343
36274
39205
42136
45067
47998
50929
53860
56791
59722
62653
65584
68515
71446
74377
77308
80239
83170
86101
89032
91963
94894
97825
-1
-1
-1
-1
-1
-1
-1
1273
4204
7135
10066
12997
15928
18859
21790
24721
27652
30583
33514
36445
39376
42307
45238
48169
51100
54031
56962
59893
62824
65755
68686
71617
74548
77479
80410
83341
86272
89203
92134
95065
97996
-1
-1
-1
-1
-1
-1
-1
1444
4375
7306
10237
13168
16099
19030
21961
24892
27823
30754
33685
36616
39547
42478
45409
48340
51271
54202
57133
60064
62995
65926
68857
71788
74719
77650
80581
83512
86443
89374
92305
95236
98167
-1
-1
-1
-1
-1
-1
-1
1615
4546
7477
10408
13339
16270
19201
22132
25063
27994
30925
33856
36787
39718
42649
45580
48511
51442
54373
57304
60235
63166
66097
69028
71959
74890
77821
80752
83683
86614
89545
92476
95407
98338
-1
-1
-1
-1
-1
-1
-1
1786
4717
7648
10579
13510
16441
19372
22303
25234
28165
31096
34027
36958
39889
42820
45751
48682
51613
54544
57475
60406
63337
66268
69199
72130
75061
77992
80923
83854
86785
89716
92647
95578
98509
-1
-1
-1
-1
-1
-1
-1
1957
4888
7819
10750
13681
16612
19543
22474
25405
28336
31267
34198
37129
40060
42991
45922
48853
51784
54715
57646
60577
63508
66439
69370
72301
75232
78163
81094
84025
86956
89887
92818
95749
98680
-1
-1
-1
-1
-1
-1
-1
2128
5059
7990
10921
13852
16783
19714
22645
25576
28507
31438
34369
37300
40231
43162
46093
49024
51955
54886
57817
60748
63679
66610
69541
72472
75403
78334
81265
84196
87127
90058
92989
95920
98851
-1
-1
-1
-1
-1
-1
-1
2299
5230
8161
11092
14023
16954
19885
22816
25747
28678
31609
34540
37471
40402
43333
46264
49195
52126
55057
57988
60919
63850
66781
69712
72643
75574
78505
81436
84367
87298
90229
93160
96091
99022
-1
-1
-1
-1
-1
-1
-1
2470
5401
8332
11263
14194
17125
20056
22987
25918
28849
31780
34711
37642
40573
43504
46435
49366
52297
55228
58159
61090
64021
66952
69883
72814
75745
78676
81607
84538
87469
90400
93331
96262
99193
-1
-1
-1
-1
-1
-1
-1
2641
5572
8503
11434
14365
17296
20227
23158
26089
29020
31951
34882
37813
40744
43675
46606
49537
52468
55399
58330
61261
64192
67123
70054
72985
75916
78847
81778
84709
87640
90571
93502
96433
99364
-1
-1
-1
-1
-1
-1
-1
2812
5743
8674
11605
14536
17467
20398
23329
26260
29191
32122
35053
37984
40915
43846
46777
49708
52639
55570
58501
61432
64363
67294
70225
73156
76087
79018
81949
84880
87811
90742
93673
96604
99535
-1
-1
-1
-1
-1
-1
52
2983
5914
8845
11776
14707
17638
20569
23500
26431
29362
32293
35224
38155
41086
44017
46948
49879
52810
55741
58672
61603
64534
67465
70396
73327
76258
79189
82120
85051
87982
90913
93844
96775
99706
-1
-1
-1
-1
-1
-1
223
3154
6085
9016
11947
14878
17809
20740
23671
26602
29533
32464
35395
38326
41257
44188
47119
50050
52981
55912
58843
61774
64705
67636
70567
73498
76429
79360
82291
85222
88153
91084
94015
96946
99877
-1
-1
-1
-1
-1
-1
394
3325
6256
9187
12118
15049
17980
20911
23842
26773
29704
32635
35566
38497
41428
44359
47290
50221
53152
56083
59014
61945
64876
67807
70738
73669
76600
79531
82462
85393
88324
91255
94186
97117
-1
-1
-1
-1
-1
-1
-1
565
3496
6427
9358
12289
15220
18151
21082
24013
26944
29875
32806
35737
38668
41599
44530
47461
50392
53323
56254
59185
62116
65047
67978
70909
73840
76771
79702
82633
85564
88495
91426
94357
97288
-1
-1
-1
-1
-1
-1
-1
736
3667
6598
9529
12460
15391
18322
21253
24184
27115
30046
32977
35908
38839
41770
44701
47632
50563
53494
56425
59356
62287
65218
68149
71080
74011
76942
79873
82804
85735
88666
91597
94528
97459
-1
-1
-1
-1
-1
-1
-1
907
3838
6769
9700
12631
15562
18493
21424
24355
27286
30217
33148
36079
39010
41941
44872
47803
50734
53665
56596
59527
62458
65389
68320
71251
74182
77113
80044
82975
85906
88837
91768
94699
97630
-1
-1
-1
-1
-1
-1
-1
1078
4009
6940
9871
12802
15733
18664
21595
24526
27457
30388
33319
36250
39181
42112
45043
47974
50905
53836
56767
59698
62629
65560
68491
71422
74353
77284
80215
83146
86077
89008
91939
94870
97801
-1
-1
-1
-1
-1
-1
-1
1249
4180
7111
10042
12973
15904
18835
21766
24697
27628
30559
33490
36421
39352
42283
45214
48145
51076
54007
56938
59869
62800
65731
68662
71593
74524
77455
80386
83317
86248
89179
92110
95041
97972
-1
-1
-1
-1
-1
-1
-1
1420
4351
7282
10213
13144
16075
19006
21937
24868
27799
30730
33661
36592
39523
42454
45385
48316
51247
54178
57109
60040
62971
65902
68833
71764
74695
77626
80557
83488
86419
89350
92281
95212
98143
-1
-1
-1
-1
-1
-1
-1
1591
4522
7453
10384
13315
16246
19177
22108
25039
27970
30901
33832
36763
39694
42625
45556
48487
51418
54349
57280
60211
63142
66073
69004
71935
74866
77797
80728
83659
86590
89521
92452
95383
98314
-1
-1
-1
-1
-1
-1
-1
1762
4693
7624
10555
13486
16417
19348
22279
25210
28141
31072
34003
36934
39865
42796
45727
48658
51589
54520
57451
60382
63313
66244
69175
72106
75037
77968
80899
83830
86761
89692
92623
95554
98485
-1
-1
-1
-1
-1
-1
-1
1933
4864
7795
10726
13657
16588
19519
22450
25381
28312
31243
34174
37105
40036
42967
45898
48829
51760
54691
57622
60553
63484
66415
69346
72277
75208
78139
81070
84001
86932
89863
92794
95725
98656
-1
-1
-1
-1
-1
-1
-1
2104
5035
7966
10897
13828
16759
19690
22621
25552
28483
31414
34345
37276
40207
43138
46069
49000
51931
54862
57793
60724
63655
66586
69517
72448
75379
78310
81241
84172
87103
90034
92965
95896
98827
-1
-1
-1
-1
-1
-1
-1
2275
5206
8137
11068
13999
16930
19861
22792
25723
28654
31585
34516
37447
40378
43309
46240
49171
52102
55033
57964
60895
63826
66757
69688
72619
75550
78481
81412
84343
87274
90205
93136
96067
98998
-1
-1
-1
-1
-1
-1
-1
2446
5377
8308
11239
14170
17101
20032
22963
25894
28825
31756
34687
37618
40549
43480
46411
49342
52273
55204
58135
61066
63997
66928
69859
72790
75721
78652
81583
84514
87445
90376
93307
96238
99169
-1
-1
-1
-1
-1
-1
-1
2617
5548
8479
11410
14341
17272
20203
23134
26065
28996
31927
34858
37789
40720
43651
46582
49513
52444
55375
58306
61237
64168
67099
70030
72961
75892
78823
81754
84685
87616
90547
93478
96409
99340
-1
-1
-1
-1
-1
-1
-1
2788
5719
8650
11581
14512
17443
20374
23305
26236
29167
32098
35029
37960
40891
43822
46753
49684
52615
55546
58477
61408
64339
67270
70201
73132
76063
78994
81925
84856
87787
90718
93649
96580
99511
-1
-1
-1
-1
-1
-1
28
2959
5890
8821
11752
14683
17614
20545
23476
26407
29338
32269
35200
38131
41062
43993
46924
49855
52786
55717
58648
61579
64510
67441
70372
73303
76234
79165
82096
85027
87958
90889
93820
96751
99682
-1
-1
-1
-1
-1
-1
199
3130
6061
8992
11923
14854
17785
20716
23647
26578
29509
32440
35371
38302
41233
44164
47095
50026
52957
55888
58819
61750
64681
67612
70543
73474
76405
79336
82267
85198
88129
91060
93991
96922
99853
-1
-1
-1
-1
-1
-1
370
3301
6232
9163
12094
15025
17956
20887
23818
26749
29680
32611
35542
38473
41404
44335
47266
50197
53128
56059
58990
61921
64852
67783
70714
73645
76576
79507
82438
85369
88300
91231
94162
97093
-1
-1
-1
-1
-1
-1
-1
541
3472
6403
9334
12265
15196
18127
21058
23989
26920
29851
32782
35713
38644
41575
44506
47437
50368
53299
56230
59161
62092
65023
67954
70885
73816
76747
79678
82609
85540
88471
91402
94333
97264
-1
-1
-1
-1
-1
-1
-1
712
3643
6574
9505
12436
15367
18298
21229
24160
27091
30022
32953
35884
38815
41746
44677
47608
50539
53470
56401
59332
62263
65194
68125
71056
73987
76918
79849
82780
85711
88642
91573
94504
97435
-1
-1
-1
-1
-1
-1
-1
883
3814
6745
9676
12607
15538
18469
21400
24331
27262
30193
33124
36055
38986
41917
44848
47779
50710
53641
56572
59503
62434
65365
68296
71227
74158
77089
80020
82951
85882
88813
91744
94675
97606
-1
-1
-1
-1
-1
-1
-1
1054
3985
6916
9847
12778
15709
18640
21571
24502
27433
30364
33295
36226
39157
42088
45019
47950
50881
53812
56743
59674
62605
65536
68467
71398
74329
77260
80191
83122
86053
88984
91915
94846
97777
-1
-1
-1
-1
-1
-1
-1
1225
4156
7087
10018
12949
15880
18811
21742
24673
27604
30535
33466
36397
39328
42259
45190
48121
51052
53983
56914
59845
62776
65707
68638
71569
74500
77431
80362
83293
86224
89155
92086
95017
97948
-1
-1
-1
-1
-1
-1
-1
1396
4327
7258
10189
13120
16051
18982
21913
24844
27775
30706
33637
36568
39499
42430
45361
48292
51223
54154
57085
60016
62947
65878
68809
71740
74671
77602
80533
83464
86395
89326
92257
95188
98119
-1
-1
-1
-1
-1
-1
-1
1567
4498
7429
10360
13291
16222
19153
22084
25015
27946
30877
33808
36739
39670
42601
45532
48463
51394
54325
57256
60187
63118
66049
68980
71911
74842
77773
80704
83635
86566
89497
92428
95359
98290
-1
-1
-1
-1
-1
-1
-1
1738
4669
7600
10531
13462
16393
19324
22255
25186
28117
31048
33979
36910
39841
42772
45703
48634
51565
54496
57427
60358
63289
66220
69151
72082
75013
77944
80875
83806
86737
89668
92599
95530
98461
-1
-1
-1
-1
-1
-1
-1
1909
4840
7771
10702
13633
16564
19495
22426
25357
28288
31219
34150
37081
40012
42943
45874
48805
51736
54667
57598
60529
63460
66391
69322
72253
75184
78115
81046
83977
86908
89839
92770
95701
98632
-1
-1
-1
-1
-1
-1
-1
2080
5011
7942
10873
13804
16735
19666
22597
25528
28459
31390
34321
37252
40183
43114
46045
48976
51907
54838
57769
60700
63631
66562
69493
72424
75355
78286
81217
84148
87079
90010
92941
95872
98803
-1
-1
-1
-1
-1
-1
-1
2251
5182
8113
11044
13975
16906
19837
22768
25699
28630
31561
34492
37423
40354
43285
46216
49147
52078
55009
57940
60871
63802
66733
69664
72595
75526
78457
81388
84319
87250
90181
93112
96043
98974
-1
-1
-1
-1
-1
-1
-1
2422
5353
8284
11215
14146
17077
20008
22939
25870
28801
31732
34663
37594
40525
43456
46387
49318
52249
55180
58111
61042
63973
66904
69835
72766
75697
78628
81559
84490
87421
90352
93283
96214
99145
-1
-1
-1
-1
-1
-1
-1
2593
5524
8455
11386
14317
17248
20179
23110
26041
28972
31903
34834
37765
40696
43627
46558
49489
52420
55351
58282
61213
64144
67075
70006
72937
75868
78799
81730
84661
87592
90523
93454
96385
99316
-1
-1
-1
-1
-1
-1
-1
2764
5695
8626
11557
14488
17419
20350
23281
26212
29143
32074
35005
37936
40867
43798
46729
49660
52591
55522
58453
61384
64315
67246
70177
73108
76039
78970
81901
84832
87763
90694
93625
96556
99487
-1
-1
-1
-1
-1
-1
4
2935
5866
8797
11728
14659
17590
20521
23452
26383
29314
32245
35176
38107
41038
43969
46900
49831
52762
55693
58624
61555
64486
67417
70348
73279
76210
79141
82072
85003
87934
90865
93796
96727
99658
-1
-1
-1
-1
-1
-1
175
3106
6037
8968
11899
14830
17761
20692
23623
26554
29485
32416
35347
38278
41209
44140
47071
50002
52933
55864
58795
61726
64657
67588
70519
73450
76381
79312
82243
85174
88105
91036
93967
96898
99829
-1
-1
-1
-1
-1
-1
346
3277
6208
9139
12070
15001
17932
20863
23794
26725
29656
32587
35518
38449
41380
44311
47242
50173
53104
56035
58966
61897
64828
67759
70690
73621
76552
79483
82414
85345
88276
91207
94138
97069
100000
-1
-1
-1
-1
-1
-1
517
3448
6379
9310
12241
15172
18103
21034
23965
26896
29827
32758
35689
38620
41551
44482
47413
50344
53275
56206
59137
62068
64999
67930
70861
73792
76723
79654
82585
85516
88447
91378
94309
97240
-1
-1
-1
-1
-1
-1
-1
688
3619
6550
9481
12412
15343
18274
21205
24136
27067
29998
32929
35860
38791
41722
44653
47584
50515
53446
56377
59308
62239
65170
68101
71032
73963
76894
79825
82756
85687
88618
91549
94480
97411
-1
-1
-1
-1
-1
-1
-1
859
3790
6721
9652
12583
15514
18445
21376
24307
27238
30169
33100
36031
38962
41893
44824
47755
50686
53617
56548
59479
62410
65341
68272
71203
74134
77065
79996
82927
85858
88789
91720
94651
97582
-1
-1
-1
-1
-1
-1
-1
1030
3961
6892
9823
12754
15685
18616
21547
24478
27409
30340
33271
36202
39133
42064
44995
47926
50857
53788
56719
59650
62581
65512
68443
71374
74305
77236
80167
83098
86029
88960
91891
94822
97753
-1
-1
-1
-1
-1
-1
-1
1201
4132
7063
9994
12925
15856
18787
21718
24649
27580
30511
33442
36373
39304
42235
45166
48097
51028
53959
56890
59821
62752
65683
68614
71545
74476
77407
80338
83269
86200
89131
92062
94993
97924
-1
-1
-1
-1
-1
-1
-1
1372
4303
7234
10165
13096
16027
18958
21889
24820
27751
30682
33613
36544
39475
42406
45337
48268
51199
54130
57061
59992
62923
65854
68785
71716
74647
77578
80509
83440
86371
89302
92233
95164
98095
-1
-1
-1
-1
-1
-1
-1
1543
4474
7405
10336
13267
16198
19129
22060
24991
27922
30853
33784
36715
39646
42577
45508
48439
51370
54301
57232
60163
63094
66025
68956
71887
74818
77749
80680
83611
86542
89473
92404
95335
98266
-1
-1
-1
-1
-1
-1
-1
1714
4645
7576
10507
13438
16369
19300
22231
25162
28093
31024
33955
36886
39817
42748
45679
48610
51541
54472
57403
60334
63265
66196
69127
72058
74989
77920
80851
83782
86713
89644
92575
95506
98437
-1
-1
-1
-1
-1
-1
-1
1885
4816
7747
10678
13609
16540
19471
22402
25333
28264
31195
34126
37057
39988
42919
45850
48781
51712
54643
57574
60505
63436
66367
69298
72229
75160
78091
81022
83953
86884
89815
92746
95677
98608
-1
-1
-1
-1
-1
-1
-1
2056
4987
7918
10849
13780
16711
19642
22573
25504
28435
31366
34297
37228
40159
43090
46021
48952
51883
54814
57745
60676
63607
66538
69469
72400
75331
78262
81193
84124
87055
89986
92917
95848
98779
-1
-1
-1
-1
-1
-1
-1
2227
5158
8089
11020
13951
16882
19813
22744
25675
28606
31537
34468
37399
40330
43261
46192
49123
52054
54985
57916
60847
63778
66709
69640
72571
75502
78433
81364
84295
87226
90157
93088
96019
98950
-1
-1
-1
-1
-1
-1
-1
2398
5329
8260
11191
14122
17053
19984
22915
25846
28777
31708
34639
37570
40501
43432
46363
49294
52225
55156
58087
61018
63949
66880
69811
72742
75673
78604
81535
84466
87397
90328
93259
96190
99121
-1
-1
-1
-1
-1
-1
-1
2569
5500
8431
11362
14293
17224
20155
23086
26017
28948
31879
34810
37741
40672
43603
46534
49465
52396
55327
58258
61189
64120
67051
69982
72913
75844
78775
81706
84637
87568
90499
93430
96361
99292
-1
-1
-1
-1
-1
-1
-1
2740
5671
8602
11533
14464
17395
20326
23257
26188
29119
32050
34981
37912
40843
43774
46705
49636
52567
55498
58429
61360
64291
67222
70153
73084
76015
78946
81877
84808
87739
90670
93601
96532
99463
-1
-1
-1
-1
-1
-1
-1
2911
5842
8773
11704
14635
17566
20497
23428
26359
29290
32221
35152
38083
41014
43945
46876
49807
52738
55669
58600
61531
64462
67393
70324
73255
76186
79117
82048
84979
87910
90841
93772
96703
99634
-1
-1
-1
-1
-1
-1
151
3082
6013
8944
11875
14806
17737
20668
23599
26530
29461
32392
35323
38254
41185
44116
47047
49978
52909
55840
58771
61702
64633
67564
70495
73426
76357
79288
82219
85150
88081
91012
93943
96874
99805
-1
-1
-1
-1
-1
-1
322
3253
6184
9115
12046
14977
17908
20839
23770
26701
29632
32563
35494
38425
41356
44287
47218
50149
53080
56011
58942
61873
64804
67735
70666
73597
76528
79459
82390
85321
88252
91183
94114
97045
99976
-1
-1
-1
-1
-1
-1
493
3424
6355
9286
12217
15148
18079
21010
23941
26872
29803
32734
35665
38596
41527
44458
47389
50320
53251
56182
59113
62044
64975
67906
70837
73768
76699
79630
82561
85492
88423
91354
94285
97216
-1
-1
-1
-1
-1
-1
-1
664
3595
6526
9457
12388
15319
18250
21181
24112
27043
29974
32905
35836
38767
41698
44629
47560
50491
53422
56353
59284
62215
65146
68077
71008
73939
76870
79801
82732
85663
88594
91525
94456
97387
-1
-1
-1
-1
-1
-1
-1
835
3766
6697
9628
12559
15490
18421
21352
24283
27214
30145
33076
36007
38938
41869
44800
47731
50662
53593
56524
59455
62386
65317
68248
71179
74110
77041
79972
82903
85834
88765
91696
94627
97558
-1
-1
-1
-1
-1
-1
-1
1006
3937
6868
9799
12730
15661
18592
21523
24454
27385
30316
33247
36178
39109
42040
44971
47902
50833
53764
56695
59626
62557
65488
68419
71350
74281
77212
80143
83074
86005
88936
91867
94798
97729
-1
-1
-1
-1
-1
-1
-1
1177
4108
7039
9970
12901
15832
18763
21694
24625
27556
30487
33418
36349
39280
42211
45142
48073
51004
53935
56866
59797
62728
65659
68590
71521
74452
77383
80314
83245
86176
89107
92038
94969
97900
-1
-1
-1
-1
-1
-1
-1
1348
4279
7210
10141
13072
16003
18934
21865
24796
27727
30658
33589
36520
39451
42382
45313
48244
51175
54106
57037
59968
62899
65830
68761
71692
74623
77554
80485
83416
86347
89278
92209
95140
98071
-1
-1
-1
-1
-1
-1
-1
1519
4450
7381
10312
13243
16174
19105
22036
24967
27898
30829
33760
36691
39622
42553
45484
48415
51346
54277
57208
60139
63070
66001
68932
71863
74794
77725
80656
83587
86518
89449
92380
95311
98242
-1
-1
-1
-1
-1
-1
-1
1690
4621
7552
10483
13414
16345
19276
22207
25138
28069
31000
33931
36862
39793
42724
45655
48586
51517
54448
57379
60310
63241
66172
69103
72034
74965
77896
80827
83758
86689
89620
92551
95482
98413
-1
-1
-1
-1
-1
-1
-1
1861
4792
7723
10654
13585
16516
19447
22378
25309
28240
31171
34102
37033
39964
42895
45826
48757
51688
54619
57550
60481
63412
66343
69274
72205
75136
78067
80998
83929
86860
89791
92722
95653
98584
-1
-1
-1
-1
-1
-1
-1
2032
4963
7894
10825
13756
16687
19618
22549
25480
28411
31342
34273
37204
40135
43066
45997
48928
51859
54790
57721
60652
63583
66514
69445
72376
75307
78238
81169
84100
87031
89962
92893
95824
98755
-1
-1
-1
-1
-1
-1
-1
2203
5134
8065
10996
13927
16858
19789
22720
25651
28582
31513
34444
37375
40306
43237
46168
49099
52030
54961
57892
60823
63754
66685
69616
72547
75478
78409
81340
84271
87202
90133
93064
95995
98926
-1
-1
-1
-1
-1
-1
-1
2374
5305
8236
11167
14098
17029
19960
22891
25822
28753
31684
34615
37546
40477
43408
46339
49270
52201
55132
58063
60994
63925
66856
69787
72718
75649
78580
81511
84442
87373
90304
93235
96166
99097
-1
-1
-1
-1
-1
-1
-1
2545
5476
8407
11338
14269
17200
20131
23062
25993
28924
31855
34786
37717
40648
43579
46510
49441
52372
55303
58234
61165
64096
67027
69958
72889
75820
78751
81682
84613
87544
90475
93406
96337
99268
-1
-1
-1
-1
-1
-1
-1
2716
5647
8578
11509
14440
17371
20302
23233
26164
29095
32026
34957
37888
40819
43750
46681
49612
52543
55474
58405
61336
64267
67198
70129
73060
75991
78922
81853
84784
87715
90646
93577
96508
99439
-1
-1
-1
-1
-1
-1
-1
2887
5818
8749
11680
14611
17542
20473
23404
26335
29266
32197
35128
38059
40990
43921
46852
49783
52714
55645
58576
61507
64438
67369
70300
73231
76162
79093
82024
84955
87886
90817
93748
96679
99610
-1
-1
-1
-1
-1
-1
127
3058
5989
8920
11851
14782
17713
20644
23575
26506
29437
32368
35299
38230
41161
44092
47023
49954
52885
55816
58747
61678
64609
67540
70471
73402
76333
79264
82195
85126
88057
90988
93919
96850
99781
-1
-1
-1
-1
-1
-1
298
3229
6160
9091
12022
14953
17884
20815
23746
26677
29608
32539
35470
38401
41332
44263
47194
50125
53056
55987
58918
61849
64780
67711
70642
73573
76504
79435
82366
85297
88228
91159
94090
97021
99952
-1
-1
-1
-1
-1
-1
469
3400
6331
9262
12193
15124
18055
20986
23917
26848
29779
32710
35641
38572
41503
44434
47365
50296
53227
56158
59089
62020
64951
67882
70813
73744
76675
79606
82537
85468
88399
91330
94261
97192
-1
-1
-1
-1
-1
-1
-1
640
3571
6502
9433
12364
15295
18226
21157
24088
27019
29950
32881
35812
38743
41674
44605
47536
50467
53398
56329
59260
62191
65122
68053
70984
73915
76846
79777
82708
85639
88570
91501
94432
97363
-1
-1
-1
-1
-1
-1
-1
811
3742
6673
9604
12535
15466
18397
21328
24259
27190
30121
33052
35983
38914
41845
44776
47707
50638
53569
56500
59431
62362
65293
68224
71155
74086
77017
79948
82879
85810
88741
91672
94603
97534
-1
-1
-1
-1
-1
-1
-1
982
3913
6844
9775
12706
15637
18568
21499
24430
27361
30292
33223
36154
39085
42016
44947
47878
50809
53740
56671
59602
62533
65464
68395
71326
74257
77188
80119
83050
85981
88912
91843
94774
97705
-1
-1
-1
-1
-1
-1
-1
1153
4084
7015
9946
12877
15808
18739
21670
24601
27532
30463
33394
36325
39256
42187
45118
48049
50980
53911
56842
59773
62704
65635
68566
71497
74428
77359
80290
83221
86152
89083
92014
94945
97876
-1
-1
-1
-1
-1
-1
-1
1324
4255
7186
10117
13048
15979
18910
21841
24772
27703
30634
33565
36496
39427
42358
45289
48220
51151
54082
57013
59944
62875
65806
68737
71668
74599
77530
80461
83392
86323
89254
92185
95116
98047
-1
-1
-1
-1
-1
-1
-1
1495
4426
7357
10288
13219
16150
19081
22012
24943
27874
30805
33736
36667
39598
42529
45460
48391
51322
54253
57184
60115
63046
65977
68908
71839
74770
77701
80632
83563
86494
89425
92356
95287
98218
-1
-1
-1
-1
-1
-1
-1
1666
4597
7528
10459
13390
16321
19252
22183
25114
28045
30976
33907
36838
39769
42700
45631
48562
51493
54424
57355
60286
63217
66148
69079
72010
74941
77872
80803
83734
86665
89596
92527
95458
98389
-1
-1
-1
-1
-1
-1
-1
1837
4768
7699
10630
13561
16492
19423
22354
25285
28216
31147
34078
37009
39940
42871
45802
48733
51664
54595
57526
60457
63388
66319
69250
72181
75112
78043
80974
83905
86836
89767
92698
95629
98560
-1
-1
-1
-1
-1
-1
-1
2008
4939
7870
10801
13732
16663
19594
22525
25456
28387
31318
34249
37180
40111
43042
45973
48904
51835
54766
57697
60628
63559
66490
69421
72352
75283
78214
81145
84076
87007
89938
92869
95800
98731
-1
-1
-1
-1
-1
-1
-1
2179
5110
8041
10972
13903
16834
19765
22696
25627
28558
31489
34420
37351
40282
43213
46144
49075
52006
54937
57868
60799
63730
66661
69592
72523
75454
78385
81316
84247
87178
90109
93040
95971
98902
-1
-1
-1
-1
-1
-1
-1
2350
5281
8212
11143
14074
17005
19936
22867
25798
28729
31660
34591
37522
40453
43384
46315
49246
52177
55108
58039
60970
63901
66832
69763
72694
75625
78556
81487
84418
87349
90280
93211
96142
99073
-1
-1
-1
-1
-1
-1
-1
2521
5452
8383
11314
14245
17176
20107
23038
25969
28900
31831
34762
37693
40624
43555
46486
49417
52348
55279
58210
61141
64072
67003
69934
72865
75796
78727
81658
84589
87520
90451
93382
96313
99244
-1
-1
-1
-1
-1
-1
-1
2692
5623
8554
11485
14416
17347
20278
23209
26140
29071
32002
34933
37864
40795
43726
46657
49588
52519
55450
58381
61312
64243
67174
70105
73036
75967
78898
81829
84760
87691
90622
93553
96484
99415
-1
-1
-1
-1
-1
-1
-1
2863
5794
8725
11656
14587
17518
20449
23380
26311
29242
32173
35104
38035
40966
43897
46828
49759
52690
55621
58552
61483
64414
67345
70276
73207
76138
79069
82000
84931
87862
90793
93724
96655
99586
-1
-1
-1
-1
-1
-1
103
3034
5965
8896
11827
14758
17689
20620
23551
26482
29413
32344
35275
38206
41137
44068
46999
49930
52861
55792
58723
61654
64585
67516
70447
73378
76309
79240
82171
85102
88033
90964
93895
96826
99757
-1
-1
-1
-1
-1
-1
274
3205
6136
9067
11998
14929
17860
20791
23722
26653
29584
32515
35446
38377
41308
44239
47170
50101
53032
55963
58894
61825
64756
67687
70618
73549
76480
79411
82342
85273
88204
91135
94066
96997
99928
-1
-1
-1
-1
-1
-1
445
3376
6307
9238
12169
15100
18031
20962
23893
26824
29755
32686
35617
38548
41479
44410
47341
50272
53203
56134
59065
61996
64927
67858
70789
73720
76651
79582
82513
85444
88375
91306
94237
97168
-1
-1
-1
-1
-1
-1
-1
616
3547
6478
9409
12340
15271
18202
21133
24064
26995
29926
32857
35788
38719
41650
44581
47512
50443
53374
56305
59236
62167
65098
68029
70960
73891
76822
79753
82684
85615
88546
91477
94408
97339
-1
-1
-1
-1
-1
-1
-1
787
3718
6649
9580
12511
15442
18373
21304
24235
27166
30097
33028
35959
38890
41821
44752
47683
50614
53545
56476
59407
62338
65269
68200
71131
74062
76993
79924
82855
85786
88717
91648
94579
97510
-1
-1
-1
-1
-1
-1
-1
958
3889
6820
9751
12682
15613
18544
21475
24406
27337
30268
33199
36130
39061
41992
44923
47854
50785
53716
56647
59578
62509
65440
68371
71302
74233
77164
80095
83026
85957
88888
91819
94750
97681
-1
-1
-1
-1
-1
-1
-1
1129
4060
6991
9922
12853
15784
18715
21646
24577
27508
30439
33370
36301
39232
42163
45094
48025
50956
53887
56818
59749
62680
65611
68542
71473
74404
77335
80266
83197
86128
89059
91990
94921
97852
-1
-1
-1
-1
-1
-1
-1
1300
4231
7162
10093
13024
15955
18886
21817
24748
27679
30610
33541
36472
39403
42334
45265
48196
51127
54058
56989
59920
62851
65782
68713
71644
74575
77506
80437
83368
86299
89230
92161
95092
98023
-1
-1
-1
-1
-1
-1
-1
1471
4402
7333
10264
13195
16126
19057
21988
24919
27850
30781
33712
36643
39574
42505
45436
48367
51298
54229
57160
60091
63022
65953
68884
71815
74746
77677
80608
83539
86470
89401
92332
95263
98194
-1
-1
-1
-1
-1
-1
-1
1642
4573
7504
10435
13366
16297
19228
22159
25090
28021
30952
33883
36814
39745
42676
45607
48538
51469
54400
57331
60262
63193
66124
69055
71986
74917
77848
80779
83710
86641
89572
92503
95434
98365
-1
-1
-1
-1
-1
-1
-1
1813
4744
7675
10606
13537
16468
19399
22330
25261
28192
31123
34054
36985
39916
42847
45778
48709
51640
54571
57502
60433
63364
66295
69226
72157
75088
78019
80950
83881
86812
89743
92674
95605
98536
-1
-1
-1
-1
-1
-1
-1
1984
4915
7846
10777
13708
16639
19570
22501
25432
28363
31294
34225
37156
40087
43018
45949
48880
51811
54742
57673
60604
63535
66466
69397
72328
75259
78190
81121
84052
86983
89914
92845
95776
98707
-1
-1
-1
-1
-1
-1
-1
2155
5086
8017
10948
13879
16810
19741
22672
25603
28534
31465
34396
37327
40258
43189
46120
49051
51982
54913
57844
60775
63706
66637
69568
72499
75430
78361
81292
84223
87154
90085
93016
95947
98878
-1
-1
-1
-1
-1
-1
-1
2326
5257
8188
11119
14050
16981
19912
22843
25774
28705
31636
34567
37498
40429
43360
46291
49222
52153
55084
58015
60946
63877
66808
69739
72670
75601
78532
81463
84394
87325
90256
93187
96118
99049
-1
-1
-1
-1
-1
-1
-1
2497
5428
8359
11290
14221
17152
20083
23014
25945
28876
31807
34738
37669
40600
43531
46462
49393
52324
55255
58186
61117
64048
66979
69910
72841
75772
78703
81634
84565
87496
90427
93358
96289
99220
-1
-1
-1
-1
-1
-1
-1
2668
5599
8530
11461
14392
17323
20254
23185
26116
29047
31978
34909
37840
40771
43702
46633
49564
52495
55426
58357
61288
64219
67150
70081
73012
75943
78874
81805
84736
87667
90598
93529
96460
99391
-1
-1
-1
-1
-1
-1
-1
2839
5770
8701
11632
14563
17494
20425
23356
26287
29218
32149
35080
38011
40942
43873
46804
49735
52666
55597
58528
61459
64390
67321
70252
73183
76114
79045
81976
84907
87838
90769
93700
96631
99562
-1
-1
-1
-1
-1
-1
79
3010
5941
8872
11803
14734
17665
20596
23527
26458
29389
32320
35251
38182
41113
44044
46975
49906
52837
55768
58699
61630
64561
67492
70423
73354
76285
79216
82147
85078
88009
90940
93871
96802
99733
-1
-1
-1
-1
-1
-1
250
3181
6112
9043
11974
14905
17836
20767
23698
26629
29560
32491
35422
38353
41284
44215
47146
50077
53008
55939
58870
61801
64732
67663
70594
73525
76456
79387
82318
85249
88180
91111
94042
96973
99904
-1
-1
-1
-1
-1
-1
421
3352
6283
9214
12145
15076
18007
20938
23869
26800
29731
32662
35593
38524
41455
44386
47317
50248
53179
56110
59041
61972
64903
67834
70765
73696
76627
79558
82489
85420
88351
91282
94213
97144
-1
-1
-1
-1
-1
-1
-1
592
3523
6454
9385
12316
15247
18178
21109
24040
26971
29902
32833
35764
38695
41626
44557
47488
50419
53350
56281
59212
62143
65074
68005
70936
73867
76798
79729
82660
85591
88522
91453
94384
97315
-1
-1
-1
-1
-1
-1
-1
763
3694
6625
9556
12487
15418
18349
21280
24211
27142
30073
33004
35935
38866
41797
44728
47659
50590
53521
56452
59383
62314
65245
68176
71107
74038
76969
79900
82831
85762
88693
91624
94555
97486
-1
-1
-1
-1
-1
-1
-1
934
3865
6796
9727
12658
15589
18520
21451
24382
27313
30244
33175
36106
39037
41968
44899
47830
50761
53692
56623
59554
62485
65416
68347
71278
74209
77140
80071
83002
85933
88864
91795
94726
97657
-1
-1
-1
-1
-1
-1
-1
1105
4036
6967
9898
12829
15760
18691
21622
24553
27484
30415
33346
36277
39208
42139
45070
48001
50932
53863
56794
59725
62656
65587
68518
71449
74380
77311
80242
83173
86104
89035
91966
94897
97828
-1
-1
-1
-1
-1
-1
-1
1276
4207
7138
10069
13000
15931
18862
21793
24724
27655
30586
33517
36448
39379
42310
45241
48172
51103
54034
56965
59896
62827
65758
68689
71620
74551
77482
80413
83344
86275
89206
92137
95068
97999
-1
-1
-1
-1
-1
-1
-1
1447
4378
7309
10240
13171
16102
19033
21964
24895
27826
30757
33688
36619
39550
42481
45412
48343
51274
54205
57136
60067
62998
65929
68860
71791
74722
77653
80584
83515
86446
89377
92308
95239
98170
-1
-1
-1
-1
-1
-1
-1
1618
4549
7480
10411
13342
16273
19204
22135
25066
27997
30928
33859
36790
39721
42652
45583
48514
51445
54376
57307
60238
63169
66100
69031
71962
74893
77824
80755
83686
86617
89548
92479
95410
98341
-1
-1
-1
-1
-1
-1
-1
1789
4720
7651
10582
13513
16444
19375
22306
25237
28168
31099
34030
36961
39892
42823
45754
48685
51616
54547
57478
60409
63340
66271
69202
72133
75064
77995
80926
83857
86788
89719
92650
95581
98512
-1
-1
-1
-1
-1
-1
-1
1960
4891
7822
10753
13684
16615
19546
22477
25408
28339
31270
34201
37132
40063
42994
45925
48856
51787
54718
57649
60580
63511
66442
69373
72304
75235
78166
81097
84028
86959
89890
92821
95752
98683
-1
-1
-1
-1
-1
-1
-1
2131
5062
7993
10924
13855
16786
19717
22648
25579
28510
31441
34372
37303
40234
43165
46096
49027
51958
54889
57820
60751
63682
66613
69544
72475
75406
78337
81268
84199
87130
90061
92992
95923
98854
-1
-1
-1
-1
-1
-1
-1
2302
5233
8164
11095
14026
16957
19888
22819
25750
28681
31612
34543
37474
40405
43336
46267
49198
52129
55060
57991
60922
63853
66784
69715
72646
75577
78508
81439
84370
87301
90232
93163
96094
99025
-1
-1
-1
-1
-1
-1
-1
2473
5404
8335
11266
14197
17128
20059
22990
25921
28852
31783
34714
37645
40576
43507
46438
49369
52300
55231
58162
61093
64024
66955
69886
72817
75748
78679
81610
84541
87472
90403
93334
96265
99196
-1
-1
-1
-1
-1
-1
-1
2644
5575
8506
11437
14368
17299
20230
23161
26092
29023
31954
34885
37816
40747
43678
46609
49540
52471
55402
58333
61264
64195
67126
70057
72988
75919
78850
81781
84712
87643
90574
93505
96436
99367
-1
-1
-1
-1
-1
-1
-1
2815
5746
8677
11608
14539
17470
20401
23332
26263
29194
32125
35056
37987
40918
43849
46780
49711
52642
55573
58504
61435
64366
67297
70228
73159
76090
79021
81952
84883
87814
90745
93676
96607
99538
-1
-1
-1
-1
-1
-1
55
2986
5917
8848
11779
14710
17641
20572
23503
26434
29365
32296
35227
38158
41089
44020
46951
49882
52813
55744
58675
61606
64537
67468
70399
73330
76261
79192
82123
85054
87985
90916
93847
96778
99709
-1
-1
-1
-1
-1
-1
226
3157
6088
9019
11950
14881
17812
20743
23674
26605
29536
32467
35398
38329
41260
44191
47122
50053
52984
55915
58846
61777
64708
67639
70570
73501
76432
79363
82294
85225
88156
91087
94018
96949
99880
-1
-1
-1
-1
-1
-1
397
3328
6259
9190
12121
15052
17983
20914
23845
26776
29707
32638
35569
38500
41431
44362
47293
50224
53155
56086
59017
61948
64879
67810
70741
73672
76603
79534
82465
85396
88327
91258
94189
97120
-1
-1
-1
-1
-1
-1
-1
568
3499
6430
9361
12292
15223
18154
21085
24016
26947
29878
32809
35740
38671
41602
44533
47464
50395
53326
56257
59188
62119
65050
67981
70912
73843
76774
79705
82636
85567
88498
91429
94360
97291
-1
-1
-1
-1
-1
-1
-1
739
3670
6601
9532
12463
15394
18325
21256
24187
27118
30049
32980
35911
38842
41773
44704
47635
50566
53497
56428
59359
62290
65221
68152
71083
74014
76945
79876
82807
85738
88669
91600
94531
97462
-1
-1
-1
-1
-1
-1
-1
910
3841
6772
9703
12634
15565
18496
21427
24358
27289
30220
33151
36082
39013
41944
44875
47806
50737
53668
56599
59530
62461
65392
68323
71254
74185
77116
80047
82978
85909
88840
91771
94702
97633
-1
-1
-1
-1
-1
-1
-1
1081
4012
6943
9874
12805
15736
18667
21598
24529
27460
30391
33322
36253
39184
42115
45046
47977
50908
53839
56770
59701
62632
65563
68494
71425
74356
77287
80218
83149
86080
89011
91942
94873
97804
-1
-1
-1
-1
-1
-1
-1
1252
4183
7114
10045
12976
15907
18838
21769
24700
27631
30562
33493
36424
39355
42286
45217
48148
51079
54010
56941
59872
62803
65734
68665
71596
74527
77458
80389
83320
86251
89182
92113
95044
97975
-1
-1
-1
-1
-1
-1
-1
1423
4354
7285
10216
13147
16078
19009
21940
24871
27802
30733
33664
36595
39526
42457
45388
48319
51250
54181
57112
60043
62974
65905
68836
71767
74698
77629
80560
83491
86422
89353
92284
95215
98146
-1
-1
-1
-1
-1
-1
-1
1594
4525
7456
10387
13318
16249
19180
22111
25042
27973
30904
33835
36766
39697
42628
45559
48490
51421
54352
57283
60214
63145
66076
69007
71938
74869
77800
80731
83662
86593
89524
92455
95386
98317
-1
-1
-1
-1
-1
-1
-1
1765
4696
7627
10558
13489
16420
19351
22282
25213
28144
31075
34006
36937
39868
42799
45730
48661
51592
54523
57454
60385
63316
66247
69178
72109
75040
77971
80902
83833
86764
89695
92626
95557
98488
-1
-1
-1
-1
-1
-1
-1
1936
4867
7798
10729
13660
16591
19522
22453
25384
28315
31246
34177
37108
40039
42970
45901
48832
51763
54694
57625
60556
63487
66418
69349
72280
75211
78142
81073
84004
86935
89866
92797
95728
98659
-1
-1
-1
-1
-1
-1
-1
2107
5038
7969
10900
13831
16762
19693
22624
25555
28486
31417
34348
37279
40210
43141
46072
49003
51934
54865
57796
60727
63658
66589
69520
72451
75382
78313
81244
84175
87106
90037
92968
95899
98830
-1
-1
-1
-1
-1
-1
-1
2278
5209
8140
11071
14002
16933
19864
22795
25726
28657
31588
34519
37450
40381
43312
46243
49174
52105
55036
57967
60898
63829
66760
69691
72622
75553
78484
81415
84346
87277
90208
93139
96070
99001
-1
-1
-1
-1
-1
-1
-1
2449
5380
8311
11242
14173
17104
20035
22966
25897
28828
31759
34690
37621
40552
43483
46414
49345
52276
55207
58138
61069
64000
66931
69862
72793
75724
78655
81586
84517
87448
90379
93310
96241
99172
-1
-1
-1
-1
-1
-1
-1
2620
5551
8482
11413
14344
17275
20206
23137
26068
28999
31930
34861
37792
40723
43654
46585
49516
52447
55378
58309
61240
64171
67102
70033
72964
75895
78826
81757
84688
87619
90550
93481
96412
99343
-1
-1
-1
-1
-1
-1
-1
2791
5722
8653
11584
14515
17446
20377
23308
26239
29170
32101
35032
37963
40894
43825
46756
49687
52618
55549
58480
61411
64342
67273
70204
73135
76066
78997
81928
84859
87790
90721
93652
96583
99514
-1
-1
-1
-1
-1
-1
31
2962
5893
8824
11755
14686
17617
20548
23479
26410
29341
32272
35203
38134
41065
43996
46927
49858
52789
55720
58651
61582
64513
67444
70375
73306
76237
79168
82099
85030
87961
90892
93823
96754
99685
-1
-1
-1
-1
-1
-1
202
3133
6064
8995
11926
14857
17788
20719
23650
26581
29512
32443
35374
38305
41236
44167
47098
50029
52960
55891
58822
61753
64684
67615
70546
73477
76408
79339
82270
85201
88132
91063
93994
96925
99856
-1
-1
-1
-1
-1
-1
373
3304
6235
9166
12097
15028
17959
20890
23821
26752
29683
32614
35545
38476
41407
44338
47269
50200
53131
56062
58993
61924
64855
67786
70717
73648
76579
79510
82441
85372
88303
91234
94165
97096
-1
-1
-1
-1
-1
-1
-1
544
3475
6406
9337
12268
15199
18130
21061
23992
26923
29854
32785
35716
38647
41578
44509
47440
50371
53302
56233
59164
62095
65026
67957
70888
73819
76750
79681
82612
85543
88474
91405
94336
97267
-1
-1
-1
-1
-1
-1
-1
715
3646
6577
9508
12439
15370
18301
21232
24163
27094
30025
32956
35887
38818
41749
44680
47611
50542
53473
56404
59335
62266
65197
68128
71059
73990
76921
79852
82783
85714
88645
91576
94507
97438
-1
-1
-1
-1
-1
-1
-1
886
3817
6748
9679
12610
15541
18472
21403
24334
27265
30196
33127
36058
38989
41920
44851
47782
50713
53644
56575
59506
62437
65368
68299
71230
74161
77092
80023
82954
85885
88816
91747
94678
97609
-1
-1
-1
-1
-1
-1
-1
1057
3988
6919
9850
12781
15712
18643
21574
24505
27436
30367
33298
36229
39160
42091
45022
47953
50884
53815
56746
59677
62608
65539
68470
71401
74332
77263
80194
83125
86056
88987
91918
94849
97780
-1
-1
-1
-1
-1
-1
-1
1228
4159
7090
10021
12952
15883
18814
21745
24676
27607
30538
33469
36400
39331
42262
45193
48124
51055
53986
56917
59848
62779
65710
68641
71572
74503
77434
80365
83296
86227
89158
92089
95020
97951
-1
-1
-1
-1
-1
-1
-1
1399
4330
7261
10192
13123
16054
18985
21916
24847
27778
30709
33640
36571
39502
42433
45364
48295
51226
54157
57088
60019
62950
65881
68812
71743
74674
77605
80536
83467
86398
89329
92260
95191
98122
-1
-1
-1
-1
-1
-1
-1
1570
4501
7432
10363
13294
16225
19156
22087
25018
27949
30880
33811
36742
39673
42604
45535
48466
51397
54328
57259
60190
63121
66052
68983
71914
74845
77776
80707
83638
86569
89500
92431
95362
98293
-1
-1
-1
-1
-1
-1
-1
1741
4672
7603
10534
13465
16396
19327
22258
25189
28120
31051
33982
36913
39844
42775
45706
48637
51568
54499
57430
60361
63292
66223
69154
72085
75016
77947
80878
83809
86740
89671
92602
95533
98464
-1
-1
-1
-1
-1
-1
-1
1912
4843
7774
10705
13636
16567
19498
22429
25360
28291
31222
34153
37084
40015
42946
45877
48808
51739
54670
57601
60532
63463
66394
69325
72256
75187
78118
81049
83980
86911
89842
92773
95704
98635
-1
-1
-1
-1
-1
-1
-1
2083
5014
7945
10876
13807
16738
19669
22600
25531
28462
31393
34324
37255
40186
43117
46048
48979
51910
54841
57772
60703
63634
66565
69496
72427
75358
78289
81220
84151
87082
90013
92944
95875
98806
-1
-1
-1
-1
-1
-1
-1
2254
5185
8116
11047
13978
16909
19840
22771
25702
28633
31564
34495
37426
40357
43288
46219
49150
52081
55012
57943
60874
63805
66736
69667
72598
75529
78460
81391
84322
87253
90184
93115
96046
98977
-1
-1
-1
-1
-1
-1
-1
2425
5356
8287
11218
14149
17080
20011
22942
25873
28804
31735
34666
37597
40528
43459
46390
49321
52252
55183
58114
61045
63976
66907
69838
72769
75700
78631
81562
84493
87424
90355
93286
96217
99148
-1
-1
-1
-1
-1
-1
-1
2596
5527
8458
11389
14320
17251
20182
23113
26044
28975
31906
34837
37768
40699
43630
46561
49492
52423
55354
58285
61216
64147
67078
70009
72940
75871
78802
81733
84664
87595
90526
93457
96388
99319
-1
-1
-1
-1
-1
-1
-1
2767
5698
8629
11560
14491
17422
20353
23284
26215
29146
32077
35008
37939
40870
43801
46732
49663
52594
55525
58456
61387
64318
67249
70180
73111
76042
78973
81904
84835
87766
90697
93628
96559
99490
-1
-1
-1
-1
-1
-1
7
2938
5869
8800
11731
14662
17593
20524
23455
26386
29317
32248
35179
38110
41041
43972
46903
49834
52765
55696
58627
61558
64489
67420
70351
73282
76213
79144
82075
85006
87937
90868
93799
96730
99661
-1
-1
-1
-1
-1
-1
178
3109
6040
8971
11902
14833
17764
20695
23626
26557
29488
32419
35350
38281
41212
44143
47074
50005
52936
55867
58798
61729
64660
67591
70522
73453
76384
79315
82246
85177
88108
91039
93970
96901
99832
-1
-1
-1
-1
-1
-1
349
3280
6211
9142
12073
15004
17935
20866
23797
26728
29659
32590
35521
38452
41383
44314
47245
50176
53107
56038
58969
61900
64831
67762
70693
73624
76555
79486
82417
85348
88279
91210
94141
97072
-1
-1
-1
-1
-1
-1
-1
520
3451
6382
9313
12244
15175
18106
21037
23968
26899
29830
32761
35692
38623
41554
44485
47416
50347
53278
56209
59140
62071
65002
67933
70864
73795
76726
79657
82588
85519
88450
91381
94312
97243
-1
-1
-1
-1
-1
-1
-1
691
3622
6553
9484
12415
15346
18277
21208
24139
27070
30001
32932
35863
38794
41725
44656
47587
50518
53449
56380
59311
62242
65173
68104
71035
73966
76897
79828
82759
85690
88621
91552
94483
97414
-1
-1
-1
-1
-1
-1
-1
862
3793
6724
9655
12586
15517
18448
21379
24310
27241
30172
33103
36034
38965
41896
44827
47758
50689
53620
56551
59482
62413
65344
68275
71206
74137
77068
79999
82930
85861
88792
91723
94654
97585
-1
-1
-1
-1
-1
-1
-1
1033
3964
6895
9826
12757
15688
18619
21550
24481
27412
30343
33274
36205
39136
42067
44998
47929
50860
53791
56722
59653
62584
65515
68446
71377
74308
77239
80170
83101
86032
88963
91894
94825
97756
-1
-1
-1
-1
-1
-1
-1
1204
4135
7066
9997
12928
15859
18790
21721
24652
27583
30514
33445
36376
39307
42238
45169
48100
51031
53962
56893
59824
62755
65686
68617
71548
74479
77410
80341
83272
86203
89134
92065
94996
97927
-1
-1
-1
-1
-1
-1
-1
1375
4306
7237
10168
13099
16030
18961
21892
24823
27754
30685
33616
36547
39478
42409
45340
48271
51202
54133
57064
59995
62926
65857
68788
71719
74650
77581
80512
83443
86374
89305
92236
95167
98098
-1
-1
-1
-1
-1
-1
-1
1546
4477
7408
10339
13270
16201
19132
22063
24994
27925
30856
33787
36718
39649
42580
45511
48442
51373
54304
57235
60166
63097
66028
68959
71890
74821
77752
80683
83614
86545
89476
92407
95338
98269
-1
-1
-1
-1
-1
-1
-1
1717
4648
7579
10510
13441
16372
19303
22234
25165
28096
31027
33958
36889
39820
42751
45682
48613
51544
54475
57406
60337
63268
66199
69130
72061
74992
77923
80854
83785
86716
89647
92578
95509
98440
-1
-1
-1
-1
-1
-1
-1
1888
4819
7750
10681
13612
16543
19474
22405
25336
28267
31198
34129
37060
39991
42922
45853
48784
51715
54646
57577
60508
63439
66370
69301
72232
75163
78094
81025
83956
86887
89818
92749
95680
98611
-1
-1
-1
-1
-1
-1
-1
2059
4990
7921
10852
13783
16714
19645
22576
25507
28438
31369
34300
37231
40162
43093
46024
48955
51886
54817
57748
60679
63610
66541
69472
72403
75334
78265
81196
84127
87058
89989
92920
95851
98782
-1
-1
-1
-1
-1
-1
-1
2230
5161
8092
11023
13954
16885
19816
22747
25678
28609
31540
34471
37402
40333
43264
46195
49126
52057
54988
57919
60850
63781
66712
69643
72574
75505
78436
81367
84298
87229
90160
93091
96022
98953
-1
-1
-1
-1
-1
-1
-1
2401
5332
8263
11194
14125
17056
19987
22918
25849
28780
31711
34642
37573
40504
43435
46366
49297
52228
55159
58090
61021
63952
66883
69814
72745
75676
78607
81538
84469
87400
90331
93262
96193
99124
-1
-1
-1
-1
-1
-1
-1
2572
5503
8434
11365
14296
17227
20158
23089
26020
28951
31882
34813
37744
40675
43606
46537
49468
52399
55330
58261
61192
64123
67054
69985
72916
75847
78778
81709
84640
87571
90502
93433
96364
99295
-1
-1
-1
-1
-1
-1
-1
2743
5674
8605
11536
14467
17398
20329
23260
26191
29122
32053
34984
37915
40846
43777
46708
49639
52570
55501
58432
61363
64294
67225
70156
73087
76018
78949
81880
84811
87742
90673
93604
96535
99466
-1
-1
-1
-1
-1
-1
-1
2914
5845
8776
11707
14638
17569
20500
23431
26362
29293
32224
35155
38086
41017
43948
46879
49810
52741
55672
58603
61534
64465
67396
70327
73258
76189
79120
82051
84982
87913
90844
93775
96706
99637
-1
-1
-1
-1
-1
-1
154
3085
6016
8947
11878
14809
17740
20671
23602
26533
29464
32395
35326
38257
41188
44119
47050
49981
52912
55843
58774
61705
64636
67567
70498
73429
76360
79291
82222
85153
88084
91015
93946
96877
99808
-1
-1
-1
-1
-1
-1
325
3256
6187
9118
12049
14980
17911
20842
23773
26704
29635
32566
35497
38428
41359
44290
47221
50152
53083
56014
58945
61876
64807
67738
70669
73600
76531
79462
82393
85324
88255
91186
94117
97048
99979
-1
-1
-1
-1
-1
-1
496
3427
6358
9289
12220
15151
18082
21013
23944
26875
29806
32737
35668
38599
41530
44461
47392
50323
53254
56185
59116
62047
64978
67909
70840
73771
76702
79633
82564
85495
88426
91357
94288
97219
-1
-1
-1
-1
-1
-1
-1
667
3598
6529
9460
12391
15322
18253
21184
24115
27046
29977
32908
35839
38770
41701
44632
47563
50494
53425
56356
59287
62218
65149
68080
71011
73942
76873
79804
82735
85666
88597
91528
94459
97390
-1
-1
-1
-1
-1
-1
-1
838
3769
6700
9631
12562
15493
18424
21355
24286
27217
30148
33079
36010
38941
41872
44803
47734
50665
53596
56527
59458
62389
65320
68251
71182
74113
77044
79975
82906
85837
88768
91699
94630
97561
-1
-1
-1
-1
-1
-1
-1
1009
3940
6871
9802
12733
15664
18595
21526
24457
27388
30319
33250
36181
39112
42043
44974
47905
50836
53767
56698
59629
62560
65491
68422
71353
74284
77215
80146
83077
86008
88939
91870
94801
97732
-1
-1
-1
-1
-1
-1
-1
1180
4111
7042
9973
12904
15835
18766
21697
24628
27559
30490
33421
36352
39283
42214
45145
48076
51007
53938
56869
59800
62731
65662
68593
71524
74455
77386
80317
83248
86179
89110
92041
94972
97903
-1
-1
-1
-1
-1
-1
-1
1351
4282
7213
10144
13075
16006
18937
21868
24799
27730
30661
33592
36523
39454
42385
45316
48247
51178
54109
57040
59971
62902
65833
68764
71695
74626
77557
80488
83419
86350
89281
92212
95143
98074
-1
-1
-1
-1
-1
-1
-1
1522
4453
7384
10315
13246
16177
19108
22039
24970
27901
30832
33763
36694
39625
42556
45487
48418
51349
54280
57211
60142
63073
66004
68935
71866
74797
77728
80659
83590
86521
89452
92383
95314
98245
-1
-1
-1
-1
-1
-1
-1
1693
4624
7555
10486
13417
16348
19279
22210
25141
28072
31003
33934
36865
39796
42727
45658
48589
51520
54451
57382
60313
63244
66175
69106
72037
74968
77899
80830
83761
86692
89623
92554
95485
98416
-1
-1
-1
-1
-1
-1
-1
1864
4795
7726
10657
13588
16519
19450
22381
25312
28243
31174
34105
37036
39967
42898
45829
48760
51691
54622
57553
60484
63415
66346
69277
72208
75139
78070
81001
83932
86863
89794
92725
95656
98587
-1
-1
-1
-1
-1
-1
-1
2035
4966
7897
10828
13759
16690
19621
22552
25483
28414
31345
34276
37207
40138
43069
46000
48931
51862
54793
57724
60655
63586
66517
69448
72379
75310
78241
81172
84103
87034
89965
92896
95827
98758
-1
-1
-1
-1
-1
-1
-1
2206
5137
8068
10999
13930
16861
19792
22723
25654
28585
31516
34447
37378
40309
43240
46171
49102
52033
54964
57895
60826
63757
66688
69619
72550
75481
78412
81343
84274
87205
90136
93067
95998
98929
-1
-1
-1
-1
-1
-1
-1
2377
5308
8239
11170
14101
17032
19963
22894
25825
28756
31687
34618
37549
40480
43411
46342
49273
52204
55135
58066
60997
63928
66859
69790
72721
75652
78583
81514
84445
87376
90307
93238
96169
99100
-1
-1
-1
-1
-1
-1
-1
2548
5479
8410
11341
14272
17203
20134
23065
25996
28927
31858
34789
37720
40651
43582
46513
49444
52375
55306
58237
61168
64099
67030
69961
72892
75823
78754
81685
84616
87547
90478
93409
96340
99271
-1
-1
-1
-1
-1
-1
-1
2719
5650
8581
11512
14443
17374
20305
23236
26167
29098
32029
34960
37891
40822
43753
46684
49615
52546
55477
58408
61339
64270
67201
70132
73063
75994
78925
81856
84787
87718
90649
93580
96511
99442
-1
-1
-1
-1
-1
-1
-1
2890
5821
8752
11683
14614
17545
20476
23407
26338
29269
32200
35131
38062
40993
43924
46855
49786
52717
55648
58579
61510
64441
67372
70303
73234
76165
79096
82027
84958
87889
90820
93751
96682
99613
-1
-1
-1
-1
-1
-1
130
3061
5992
8923
11854
14785
17716
20647
23578
26509
29440
32371
35302
38233
41164
44095
47026
49957
52888
55819
58750
61681
64612
67543
70474
73405
76336
79267
82198
85129
88060
90991
93922
96853
99784
-1
-1
-1
-1
-1
-1
301
3232
6163
9094
12025
14956
17887
20818
23749
26680
29611
32542
35473
38404
41335
44266
47197
50128
53059
55990
58921
61852
64783
67714
70645
73576
76507
79438
82369
85300
88231
91162
94093
97024
99955
-1
-1
-1
-1
-1
-1
472
3403
6334
9265
12196
15127
18058
20989
23920
26851
29782
32713
35644
38575
41506
44437
47368
50299
53230
56161
59092
62023
64954
67885
70816
73747
76678
79609
82540
85471
88402
91333
94264
97195
-1
-1
-1
-1
-1
-1
-1
643
3574
6505
9436
12367
15298
18229
21160
24091
27022
29953
32884
35815
38746
41677
44608
47539
50470
53401
56332
59263
62194
65125
68056
70987
73918
76849
79780
82711
85642
88573
91504
94435
97366
-1
-1
-1
-1
-1
-1
-1
814
3745
6676
9607
12538
15469
18400
21331
24262
27193
30124
33055
35986
38917
41848
44779
47710
50641
53572
56503
59434
62365
65296
68227
71158
74089
77020
79951
82882
85813
88744
91675
94606
97537
-1
-1
-1
-1
-1
-1
-1
985
3916
6847
9778
12709
15640
18571
21502
24433
27364
30295
33226
36157
39088
42019
44950
47881
50812
53743
56674
59605
62536
65467
68398
71329
74260
77191
80122
83053
85984
88915
91846
94777
97708
-1
-1
-1
-1
-1
-1
-1
1156
4087
7018
9949
12880
15811
18742
21673
24604
27535
30466
33397
36328
39259
42190
45121
48052
50983
53914
56845
59776
62707
65638
68569
71500
74431
77362
80293
83224
86155
89086
92017
94948
97879
-1
-1
-1
-1
-1
-1
-1
1327
4258
7189
10120
13051
15982
18913
21844
24775
27706
30637
33568
36499
39430
42361
45292
48223
51154
54085
57016
59947
62878
65809
68740
71671
74602
77533
80464
83395
86326
89257
92188
95119
98050
-1
-1
-1
-1
-1
-1
-1
1498
4429
7360
10291
13222
16153
19084
22015
24946
27877
30808
33739
36670
39601
42532
45463
48394
51325
54256
57187
60118
63049
65980
68911
71842
74773
77704
80635
83566
86497
89428
92359
95290
98221
-1
-1
-1
-1
-1
-1
-1
1669
4600
7531
10462
13393
16324
19255
22186
25117
28048
30979
33910
36841
39772
42703
45634
48565
51496
54427
57358
60289
63220
66151
69082
72013
74944
77875
80806
83737
86668
89599
92530
95461
98392
-1
-1
-1
-1
-1
-1
-1
1840
4771
7702
10633
13564
16495
19426
22357
25288
28219
31150
34081
37012
39943
42874
45805
48736
51667
54598
57529
60460
63391
66322
69253
72184
75115
78046
80977
83908
86839
89770
92701
95632
98563
-1
-1
-1
-1
-1
-1
-1
2011
4942
7873
10804
13735
16666
19597
22528
25459
28390
31321
34252
37183
40114
43045
45976
48907
51838
54769
57700
60631
63562
66493
69424
72355
75286
78217
81148
84079
87010
89941
92872
95803
98734
-1
-1
-1
-1
-1
-1
-1
2182
5113
8044
10975
13906
16837
19768
22699
25630
28561
31492
34423
37354
40285
43216
46147
49078
52009
54940
57871
60802
63733
66664
69595
72526
75457
78388
81319
84250
87181
90112
93043
95974
98905
-1
-1
-1
-1
-1
-1
-1
2353
5284
8215
11146
14077
17008
19939
22870
25801
28732
31663
34594
37525
40456
43387
46318
49249
52180
55111
58042
60973
63904
66835
69766
72697
75628
78559
81490
84421
87352
90283
93214
96145
99076
-1
-1
-1
-1
-1
-1
-1
2524
5455
8386
11317
14248
17179
20110
23041
25972
28903
31834
34765
37696
40627
43558
46489
49420
52351
55282
58213
61144
64075
67006
69937
72868
75799
78730
81661
84592
87523
90454
93385
96316
99247
-1
-1
-1
-1
-1
-1
-1
2695
5626
8557
11488
14419
17350
20281
23212
26143
29074
32005
34936
37867
40798
43729
46660
49591
52522
55453
58384
61315
64246
67177
70108
73039
75970
78901
81832
84763
87694
90625
93556
96487
99418
-1
-1
-1
-1
-1
-1
-1
2866
5797
8728
11659
14590
17521
20452
23383
26314
29245
32176
35107
38038
40969
43900
46831
49762
52693
55624
58555
61486
64417
67348
70279
73210
76141
79072
82003
84934
87865
90796
93727
96658
99589
-1
-1
-1
-1
-1
-1
106
3037
5968
8899
11830
14761
17692
20623
23554
26485
29416
32347
35278
38209
41140
44071
47002
49933
52864
55795
58726
61657
64588
67519
70450
73381
76312
79243
82174
85105
88036
90967
93898
96829
99760
-1
-1
-1
-1
-1
-1
277
3208
6139
9070
12001
14932
17863
20794
23725
26656
29587
32518
35449
38380
41311
44242
47173
50104
53035
55966
58897
61828
64759
67690
70621
73552
76483
79414
82345
85276
88207
91138
94069
97000
99931
-1
-1
-1
-1
-1
-1
448
3379
6310
9241
12172
15103
18034
20965
23896
26827
29758
32689
35620
38551
41482
44413
47344
50275
53206
56137
59068
61999
64930
67861
70792
73723
76654
79585
82516
85447
88378
91309
94240
97171
-1
-1
-1
-1
-1
-1
-1
619
3550
6481
9412
12343
15274
18205
21136
24067
26998
29929
32860
35791
38722
41653
44584
47515
50446
53377
56308
59239
62170
65101
68032
70963
73894
76825
79756
82687
85618
88549
91480
94411
97342
-1
-1
-1
-1
-1
-1
-1
790
3721
6652
9583
12514
15445
18376
21307
24238
27169
30100
33031
35962
38893
41824
44755
47686
50617
53548
56479
59410
62341
65272
68203
71134
74065
76996
79927
82858
85789
88720
91651
94582
97513
-1
-1
-1
-1
-1
-1
-1
961
3892
6823
9754
12685
15616
18547
21478
24409
27340
30271
33202
36133
39064
41995
44926
47857
50788
53719
56650
59581
62512
65443
68374
71305
74236
77167
80098
83029
85960
88891
91822
94753
97684
-1
-1
-1
-1
-1
-1
-1
1132
4063
6994
9925
12856
15787
18718
21649
24580
27511
30442
33373
36304
39235
42166
45097
48028
50959
53890
56821
59752
62683
65614
68545
71476
74407
77338
80269
83200
86131
89062
91993
94924
97855
-1
-1
-1
-1
-1
-1
-1
1303
4234
7165
10096
13027
15958
18889
21820
24751
27682
30613
33544
36475
39406
42337
45268
48199
51130
54061
56992
59923
62854
65785
68716
71647
74578
77509
80440
83371
86302
89233
92164
95095
98026
-1
-1
-1
-1
-1
-1
-1
1474
4405
7336
10267
13198
16129
19060
21991
24922
27853
30784
33715
36646
39577
42508
45439
48370
51301
54232
57163
60094
63025
65956
68887
71818
74749
77680
80611
83542
86473
89404
92335
95266
98197
-1
-1
-1
-1
-1
-1
-1
1645
4576
7507
10438
13369
16300
19231
22162
25093
28024
30955
33886
36817
39748
42679
45610
48541
51472
54403
57334
60265
63196
66127
69058
71989
74920
77851
80782
83713
86644
89575
92506
95437
98368
-1
-1
-1
-1
-1
-1
-1
1816
4747
7678
10609
13540
16471
19402
22333
25264
28195
31126
34057
36988
39919
42850
45781
48712
51643
54574
57505
60436
63367
66298
69229
72160
75091
78022
80953
83884
86815
89746
92677
95608
98539
-1
-1
-1
-1
-1
-1
-1
1987
4918
7849
10780
13711
16642
19573
22504
25435
28366
31297
34228
37159
40090
43021
45952
48883
51814
54745
57676
60607
63538
66469
69400
72331
75262
78193
81124
84055
86986
89917
92848
95779
98710
-1
-1
-1
-1
-1
-1
-1
2158
5089
8020
10951
13882
16813
19744
22675
25606
28537
31468
34399
37330
40261
43192
46123
49054
51985
54916
57847
60778
63709
66640
69571
72502
75433
78364
81295
84226
87157
90088
93019
95950
98881
-1
-1
-1
-1
-1
-1
-1
2329
5260
8191
11122
14053
16984
19915
22846
25777
28708
31639
34570
37501
40432
43363
46294
49225
52156
55087
58018
60949
63880
66811
69742
72673
75604
78535
81466
84397
87328
90259
93190
96121
99052
-1
-1
-1
-1
-1
-1
-1
2500
5431
8362
11293
14224
17155
20086
23017
25948
28879
31810
34741
37672
40603
43534
46465
49396
52327
55258
58189
61120
64051
66982
69913
72844
75775
78706
81637
84568
87499
90430
93361
96292
99223
-1
-1
-1
-1
-1
-1
-1
2671
5602
8533
11464
14395
17326
20257
23188
26119
29050
31981
34912
37843
40774
43705
46636
49567
52498
55429
58360
61291
64222
67153
70084
73015
75946
78877
81808
84739
87670
90601
93532
96463
99394
-1
-1
-1
-1
-1
-1
-1
2842
5773
8704
11635
14566
17497
20428
23359
26290
29221
32152
35083
38014
40945
43876
46807
49738
52669
55600
58531
61462
64393
67324
70255
73186
76117
79048
81979
84910
87841
90772
93703
96634
99565
-1
-1
-1
-1
-1
-1
82
3013
5944
8875
11806
14737
17668
20599
23530
26461
29392
32323
35254
38185
41116
44047
46978
49909
52840
55771
58702
61633
64564
67495
70426
73357
76288
79219
82150
85081
88012
90943
93874
96805
99736
-1
-1
-1
-1
-1
-1
253
3184
6115
9046
11977
14908
17839
20770
23701
26632
29563
32494
35425
38356
41287
44218
47149
50080
53011
55942
58873
61804
64735
67666
70597
73528
76459
79390
82321
85252
88183
91114
94045
96976
99907
-1
-1
-1
-1
-1
-1
424
3355
6286
9217
12148
15079
18010
20941
23872
26803
29734
32665
35596
38527
41458
44389
47320
50251
53182
56113
59044
61975
64906
67837
70768
73699
76630
79561
82492
85423
88354
91285
94216
97147
-1
-1
-1
-1
-1
-1
-1
595
3526
6457
9388
12319
15250
18181
21112
24043
26974
29905
32836
35767
38698
41629
44560
47491
50422
53353
56284
59215
62146
65077
68008
70939
73870
76801
79732
82663
85594
88525
91456
94387
97318
-1
-1
-1
-1
-1
-1
-1
766
3697
6628
9559
12490
15421
18352
21283
24214
27145
30076
33007
35938
38869
41800
44731
47662
50593
53524
56455
59386
62317
65248
68179
71110
74041
76972
79903
82834
85765
88696
91627
94558
97489
-1
-1
-1
-1
-1
-1
-1
937
3868
6799
9730
12661
15592
18523
21454
24385
27316
30247
33178
36109
39040
41971
44902
47833
50764
53695
56626
59557
62488
65419
68350
71281
74212
77143
80074
83005
85936
88867
91798
94729
97660
-1
-1
-1
-1
-1
-1
-1
1108
4039
6970
9901
12832
15763
18694
21625
24556
27487
30418
33349
36280
39211
42142
45073
48004
50935
53866
56797
59728
62659
65590
68521
71452
74383
77314
80245
83176
86107
89038
91969
94900
97831
-1
-1
-1
-1
-1
-1
-1
1279
4210
7141
10072
13003
15934
18865
21796
24727
27658
30589
33520
36451
39382
42313
45244
48175
51106
54037
56968
59899
62830
65761
68692
71623
74554
77485
80416
83347
86278
89209
92140
95071
98002
-1
-1
-1
-1
-1
-1
-1
1450
4381
7312
10243
13174
16105
19036
21967
24898
27829
30760
33691
36622
39553
42484
45415
48346
51277
54208
57139
60070
63001
65932
68863
71794
74725
77656
80587
83518
86449
89380
92311
95242
98173
-1
-1
-1
-1
-1
-1
-1
1621
4552
7483
10414
13345
16276
19207
22138
25069
28000
30931
33862
36793
39724
42655
45586
48517
51448
54379
57310
60241
63172
66103
69034
71965
74896
77827
80758
83689
86620
89551
92482
95413
98344
-1
-1
-1
-1
-1
-1
-1
1792
4723
7654
10585
13516
16447
19378
22309
25240
28171
31102
34033
36964
39895
42826
45757
48688
51619
54550
57481
60412
63343
66274
69205
72136
75067
77998
80929
83860
86791
89722
92653
95584
98515
-1
-1
-1
-1
-1
-1
-1
1963
4894
7825
10756
13687
16618
19549
22480
25411
28342
31273
34204
37135
40066
42997
45928
48859
51790
54721
57652
60583
63514
66445
69376
72307
75238
78169
81100
84031
86962
89893
92824
95755
98686
-1
-1
-1
-1
-1
-1
-1
2134
5065
7996
10927
13858
16789
19720
22651
25582
28513
31444
34375
37306
40237
43168
46099
49030
51961
54892
57823
60754
63685
66616
69547
72478
75409
78340
81271
84202
87133
90064
92995
95926
98857
-1
-1
-1
-1
-1
-1
-1
2305
5236
8167
11098
14029
16960
19891
22822
25753
28684
31615
34546
37477
40408
43339
46270
49201
52132
55063
57994
60925
63856
66787
69718
72649
75580
78511
81442
84373
87304
90235
93166
96097
99028
-1
-1
-1
-1
-1
-1
-1
2476
5407
8338
11269
14200
17131
20062
22993
25924
28855
31786
34717
37648
40579
43510
46441
49372
52303
55234
58165
61096
64027
66958
69889
72820
75751
78682
81613
84544
87475
90406
93337
96268
99199
-1
-1
-1
-1
-1
-1
-1
2647
5578
8509
11440
14371
17302
20233
23164
26095
29026
31957
34888
37819
40750
43681
46612
49543
52474
55405
58336
61267
64198
67129
70060
72991
75922
78853
81784
84715
87646
90577
93508
96439
99370
-1
-1
-1
-1
-1
-1
-1
2818
5749
8680
11611
14542
17473
20404
23335
26266
29197
32128
35059
37990
40921
43852
46783
49714
52645
55576
58507
61438
64369
67300
70231
73162
76093
79024
81955
84886
87817
90748
93679
96610
99541
-1
-1
-1
-1
-1
-1
58
2989
5920
8851
11782
14713
17644
20575
23506
26437
29368
32299
35230
38161
41092
44023
46954
49885
52816
55747
58678
61609
64540
67471
70402
73333
76264
79195
82126
85057
87988
90919
93850
96781
99712
-1
-1
-1
-1
-1
-1
229
3160
6091
9022
11953
14884
17815
20746
23677
26608
29539
32470
35401
38332
41263
44194
47125
50056
52987
55918
58849
61780
64711
67642
70573
73504
76435
79366
82297
85228
88159
91090
94021
96952
99883
-1
-1
-1
-1
-1
-1
400
3331
6262
9193
12124
15055
17986
20917
23848
26779
29710
32641
35572
38503
41434
44365
47296
50227
53158
56089
59020
61951
64882
67813
70744
73675
76606
79537
82468
85399
88330
91261
94192
97123
-1
-1
-1
-1
-1
-1
-1
571
3502
6433
9364
12295
15226
18157
21088
24019
26950
29881
32812
35743
38674
41605
44536
47467
50398
53329
56260
59191
62122
65053
67984
70915
73846
76777
79708
82639
85570
88501
91432
94363
97294
-1
-1
-1
-1
-1
-1
-1
742
3673
6604
9535
12466
15397
18328
21259
24190
27121
30052
32983
35914
38845
41776
44707
47638
50569
53500
56431
59362
62293
65224
68155
71086
74017
76948
79879
82810
85741
88672
91603
94534
97465
-1
-1
-1
-1
-1
-1
-1
913
3844
6775
9706
12637
15568
18499
21430
24361
27292
30223
33154
36085
39016
41947
44878
47809
50740
53671
56602
59533
62464
65395
68326
71257
74188
77119
80050
82981
85912
88843
91774
94705
97636
-1
-1
-1
-1
-1
-1
-1
1084
4015
6946
9877
12808
15739
18670
21601
24532
27463
30394
33325
36256
39187
42118
45049
47980
50911
53842
56773
59704
62635
65566
68497
71428
74359
77290
80221
83152
86083
89014
91945
94876
97807
-1
-1
-1
-1
-1
-1
-1
1255
4186
7117
10048
12979
15910
18841
21772
24703
27634
30565
33496
36427
39358
42289
45220
48151
51082
54013
56944
59875
62806
65737
68668
71599
74530
77461
80392
83323
86254
89185
92116
95047
97978
-1
-1
-1
-1
-1
-1
-1
1426
4357
7288
10219
13150
16081
19012
21943
24874
27805
30736
33667
36598
39529
42460
45391
48322
51253
54184
57115
60046
62977
65908
68839
71770
74701
77632
80563
83494
86425
89356
92287
95218
98149
-1
-1
-1
-1
-1
-1
-1
1597
4528
7459
10390
13321
16252
19183
22114
25045
27976
30907
33838
36769
39700
42631
45562
48493
51424
54355
57286
60217
63148
66079
69010
71941
74872
77803
80734
83665
86596
89527
92458
95389
98320
-1
-1
-1
-1
-1
-1
-1
1768
4699
7630
10561
13492
16423
19354
22285
25216
28147
31078
34009
36940
39871
42802
45733
48664
51595
54526
57457
60388
63319
66250
69181
72112
75043
77974
80905
83836
86767
89698
92629
95560
98491
-1
-1
-1
-1
-1
-1
-1
1939
4870
7801
10732
13663
16594
19525
22456
25387
28318
31249
34180
37111
40042
42973
45904
48835
51766
54697
57628
60559
63490
66421
69352
72283
75214
78145
81076
84007
86938
89869
92800
95731
98662
-1
-1
-1
-1
-1
-1
-1
2110
5041
7972
10903
13834
16765
19696
22627
25558
28489
31420
34351
37282
40213
43144
46075
49006
51937
54868
57799
60730
63661
66592
69523
72454
75385
78316
81247
84178
87109
90040
92971
95902
98833
-1
-1
-1
-1
-1
-1
-1
2281
5212
8143
11074
14005
16936
19867
22798
25729
28660
31591
34522
37453
40384
43315
46246
49177
52108
55039
57970
60901
63832
66763
69694
72625
75556
78487
81418
84349
87280
90211
93142
96073
99004
-1
-1
-1
-1
-1
-1
-1
2452
5383
8314
11245
14176
17107
20038
22969
25900
28831
31762
34693
37624
40555
43486
46417
49348
52279
55210
58141
61072
64003
66934
69865
72796
75727
78658
81589
84520
87451
90382
93313
96244
99175
-1
-1
-1
-1
-1
-1
-1
2623
5554
8485
11416
14347
17278
20209
23140
26071
29002
31933
34864
37795
40726
43657
46588
49519
52450
55381
58312
61243
64174
67105
70036
72967
75898
78829
81760
84691
87622
90553
93484
96415
99346
-1
-1
-1
-1
-1
-1
-1
2794
5725
8656
11587
14518
17449
20380
23311
26242
29173
32104
35035
37966
40897
43828
46759
49690
52621
55552
58483
61414
64345
67276
70207
73138
76069
79000
81931
84862
87793
90724
93655
96586
99517
-1
-1
-1
-1
-1
-1
34
2965
5896
8827
11758
14689
17620
20551
23482
26413
29344
32275
35206
38137
41068
43999
46930
49861
52792
55723
58654
61585
64516
67447
70378
73309
76240
79171
82102
85033
87964
90895
93826
96757
99688
-1
-1
-1
-1
-1
-1
205
3136
6067
8998
11929
14860
17791
20722
23653
26584
29515
32446
35377
38308
41239
44170
47101
50032
52963
55894
58825
61756
64687
67618
70549
73480
76411
79342
82273
85204
88135
91066
93997
96928
99859
-1
-1
-1
-1
-1
-1
376
3307
6238
9169
12100
15031
17962
20893
23824
26755
29686
32617
35548
38479
41410
44341
47272
50203
53134
56065
58996
61927
64858
67789
70720
73651
76582
79513
82444
85375
88306
91237
94168
97099
-1
-1
-1
-1
-1
-1
-1
547
3478
6409
9340
12271
15202
18133
21064
23995
26926
29857
32788
35719
38650
41581
44512
47443
50374
53305
56236
59167
62098
65029
67960
70891
73822
76753
79684
82615
85546
88477
91408
94339
97270
-1
-1
-1
-1
-1
-1
-1
718
3649
6580
9511
12442
15373
18304
21235
24166
27097
30028
32959
35890
38821
41752
44683
47614
50545
53476
56407
59338
62269
65200
68131
71062
73993
76924
79855
82786
85717
88648
91579
94510
97441
-1
-1
-1
-1
-1
-1
-1
889
3820
6751
9682
12613
15544
18475
21406
24337
27268
30199
33130
36061
38992
41923
44854
47785
50716
53647
56578
59509
62440
65371
68302
71233
74164
77095
80026
82957
85888
88819
91750
94681
97612
-1
-1
-1
-1
-1
-1
-1
1060
3991
6922
9853
12784
15715
18646
21577
24508
27439
30370
33301
36232
39163
42094
45025
47956
50887
53818
56749
59680
62611
65542
68473
71404
74335
77266
80197
83128
86059
88990
91921
94852
97783
-1
-1
-1
-1
-1
-1
-1
1231
4162
7093
10024
12955
15886
18817
21748
24679
27610
30541
33472
36403
39334
42265
45196
48127
51058
53989
56920
59851
62782
65713
68644
71575
74506
77437
80368
83299
86230
89161
92092
95023
97954
-1
-1
-1
-1
-1
-1
-1
1402
4333
7264
10195
13126
16057
18988
21919
24850
27781
30712
33643
36574
39505
42436
45367
48298
51229
54160
57091
60022
62953
65884
68815
71746
74677
77608
80539
83470
86401
89332
92263
95194
98125
-1
-1
-1
-1
-1
-1
-1
1573
4504
7435
10366
13297
16228
19159
22090
25021
27952
30883
33814
36745
39676
42607
45538
48469
51400
54331
57262
60193
63124
66055
68986
71917
74848
77779
80710
83641
86572
89503
92434
95365
98296
-1
-1
-1
-1
-1
-1
-1
1744
4675
7606
10537
13468
16399
19330
22261
25192
28123
31054
33985
36916
39847
42778
45709
48640
51571
54502
57433
60364
63295
66226
69157
72088
75019
77950
80881
83812
86743
89674
92605
95536
98467
-1
-1
-1
-1
-1
-1
-1
1915
4846
7777
10708
13639
16570
19501
22432
25363
28294
31225
34156
37087
40018
42949
45880
48811
51742
54673
57604
60535
63466
66397
69328
72259
75190
78121
81052
83983
86914
89845
92776
95707
98638
-1
-1
-1
-1
-1
-1
-1
2086
5017
7948
10879
13810
16741
19672
22603
25534
28465
31396
34327
37258
40189
43120
46051
48982
51913
54844
57775
60706
63637
66568
69499
72430
75361
78292
81223
84154
87085
90016
92947
95878
98809
-1
-1
-1
-1
-1
-1
-1
2257
5188
8119
11050
13981
16912
19843
22774
25705
28636
31567
34498
37429
40360
43291
46222
49153
52084
55015
57946
60877
63808
66739
69670
72601
75532
78463
81394
84325
87256
90187
93118
96049
98980
-1
-1
-1
-1
-1
-1
-1
2428
5359
8290
11221
14152
17083
20014
22945
25876
28807
31738
34669
37600
40531
43462
46393
49324
52255
55186
58117
61048
63979
66910
69841
72772
75703
78634
81565
84496
87427
90358
93289
96220
99151
-1
-1
-1
-1
-1
-1
-1
2599
5530
8461
11392
14323
17254
20185
23116
26047
28978
31909
34840
37771
40702
43633
46564
49495
52426
55357
58288
61219
64150
67081
70012
72943
75874
78805
81736
84667
87598
90529
93460
96391
99322
-1
-1
-1
-1
-1
-1
-1
2770
5701
8632
11563
14494
17425
20356
23287
26218
29149
32080
35011
37942
40873
43804
46735
49666
52597
55528
58459
61390
64321
67252
70183
73114
76045
78976
81907
84838
87769
90700
93631
96562
99493
-1
-1
-1
-1
-1
-1
10
2941
5872
8803
11734
14665
17596
20527
23458
26389
29320
32251
35182
38113
41044
43975
46906
49837
52768
55699
58630
61561
64492
67423
70354
73285
76216
79147
82078
85009
87940
90871
93802
96733
99664
-1
-1
-1
-1
-1
-1
181
3112
6043
8974
11905
14836
17767
20698
23629
26560
29491
32422
35353
38284
41215
44146
47077
50008
52939
55870
58801
61732
64663
67594
70525
73456
76387
79318
82249
85180
88111
91042
93973
96904
99835
-1
-1
-1
-1
-1
-1
352
3283
6214
9145
12076
15007
17938
20869
23800
26731
29662
32593
35524
38455
41386
44317
47248
50179
53110
56041
58972
61903
64834
67765
70696
73627
76558
79489
82420
85351
88282
91213
94144
97075
-1
-1
-1
-1
-1
-1
-1
523
3454
6385
9316
12247
15178
18109
21040
23971
26902
29833
32764
35695
38626
41557
44488
47419
50350
53281
56212
59143
62074
65005
67936
70867
73798
76729
79660
82591
85522
88453
91384
94315
97246
-1
-1
-1
-1
-1
-1
-1
694
3625
6556
9487
12418
15349
18280
21211
24142
27073
30004
32935
35866
38797
41728
44659
47590
50521
53452
56383
59314
62245
65176
68107
71038
73969
76900
79831
82762
85693
88624
91555
94486
97417
-1
-1
-1
-1
-1
-1
-1
865
3796
6727
9658
12589
15520
18451
21382
24313
27244
30175
33106
36037
38968
41899
44830
47761
50692
53623
56554
59485
62416
65347
68278
71209
74140
77071
80002
82933
85864
88795
91726
94657
97588
-1
-1
-1
-1
-1
-1
-1
1036
3967
6898
9829
12760
15691
18622
21553
24484
27415
30346
33277
36208
39139
42070
45001
47932
50863
53794
56725
59656
62587
65518
68449
71380
74311
77242
80173
83104
86035
88966
91897
94828
97759
-1
-1
-1
-1
-1
-1
-1
1207
4138
7069
10000
12931
15862
18793
21724
24655
27586
30517
33448
36379
39310
42241
45172
48103
51034
53965
56896
59827
62758
65689
68620
71551
74482
77413
80344
83275
86206
89137
92068
94999
97930
-1
-1
-1
-1
-1
-1
-1
1378
4309
7240
10171
13102
16033
18964
21895
24826
27757
30688
33619
36550
39481
42412
45343
48274
51205
54136
57067
59998
62929
65860
68791
71722
74653
77584
80515
83446
86377
89308
92239
95170
98101
-1
-1
-1
-1
-1
-1
-1
1549
4480
7411
10342
13273
16204
19135
22066
24997
27928
30859
33790
36721
39652
42583
45514
48445
51376
54307
57238
60169
63100
66031
68962
71893
74824
77755
80686
83617
86548
89479
92410
95341
98272
-1
-1
-1
-1
-1
-1
-1
1720
4651
7582
10513
13444
16375
19306
22237
25168
28099
31030
33961
36892
39823
42754
45685
48616
51547
54478
57409
60340
63271
66202
69133
72064
74995
77926
80857
83788
86719
89650
92581
95512
98443
-1
-1
-1
-1
-1
-1
-1
1891
4822
7753
10684
13615
16546
19477
22408
25339
28270
31201
34132
37063
39994
42925
45856
48787
51718
54649
57580
60511
63442
66373
69304
72235
75166
78097
81028
83959
86890
89821
92752
95683
98614
-1
-1
-1
-1
-1
-1
-1
2062
4993
7924
10855
13786
16717
19648
22579
25510
28441
31372
34303
37234
40165
43096
46027
48958
51889
54820
57751
60682
63613
66544
69475
72406
75337
78268
81199
84130
87061
89992
92923
95854
98785
-1
-1
-1
-1
-1
-1
-1
2233
5164
8095
11026
13957
16888
19819
22750
25681
28612
31543
34474
37405
40336
43267
46198
49129
52060
54991
57922
60853
63784
66715
69646
72577
75508
78439
81370
84301
87232
90163
93094
96025
98956
-1
-1
-1
-1
-1
-1
-1
2404
5335
8266
11197
14128
17059
19990
22921
25852
28783
31714
34645
37576
40507
43438
46369
49300
52231
55162
58093
61024
63955
66886
69817
72748
75679
78610
81541
84472
87403
90334
93265
96196
99127
-1
-1
-1
-1
-1
-1
-1
2575
5506
8437
11368
14299
17230
20161
23092
26023
28954
31885
34816
37747
40678
43609
46540
49471
52402
55333
58264
61195
64126
67057
69988
72919
75850
78781
81712
84643
87574
90505
93436
96367
99298
-1
-1
-1
-1
-1
-1
-1
2746
5677
8608
11539
14470
17401
20332
23263
26194
29125
32056
34987
37918
40849
43780
46711
49642
52573
55504
58435
61366
64297
67228
70159
73090
76021
78952
81883
84814
87745
90676
93607
96538
99469
-1
-1
-1
-1
-1
-1
-1
2917
5848
8779
11710
14641
17572
20503
23434
26365
29296
32227
35158
38089
41020
43951
46882
49813
52744
55675
58606
61537
64468
67399
70330
73261
76192
79123
82054
84985
87916
90847
93778
96709
99640
-1
-1
-1
-1
-1
-1
157
3088
6019
8950
11881
14812
17743
20674
23605
26536
29467
32398
35329
38260
41191
44122
47053
49984
52915
55846
58777
61708
64639
67570
70501
73432
76363
79294
82225
85156
88087
91018
93949
96880
99811
-1
-1
-1
-1
-1
-1
328
3259
6190
9121
12052
14983
17914
20845
23776
26707
29638
32569
35500
38431
41362
44293
47224
50155
53086
56017
58948
61879
64810
67741
70672
73603
76534
79465
82396
85327
88258
91189
94120
97051
99982
-1
-1
-1
-1
-1
-1
499
3430
6361
9292
12223
15154
18085
21016
23947
26878
29809
32740
35671
38602
41533
44464
47395
50326
53257
56188
59119
62050
64981
67912
70843
73774
76705
79636
82567
85498
88429
91360
94291
97222
-1
-1
-1
-1
-1
-1
-1
670
3601
6532
9463
12394
15325
18256
21187
24118
27049
29980
32911
35842
38773
41704
44635
47566
50497
53428
56359
59290
62221
65152
68083
71014
73945
76876
79807
82738
85669
88600
91531
94462
97393
-1
-1
-1
-1
-1
-1
-1
841
3772
6703
9634
12565
15496
18427
21358
24289
27220
30151
33082
36013
38944
41875
44806
47737
50668
53599
56530
59461
62392
65323
68254
71185
74116
77047
79978
82909
85840
88771
91702
94633
97564
-1
-1
-1
-1
-1
-1
-1
1012
3943
6874
9805
12736
15667
18598
21529
24460
27391
30322
33253
36184
39115
42046
44977
47908
50839
53770
56701
59632
62563
65494
68425
71356
74287
77218
80149
83080
86011
88942
91873
94804
97735
-1
-1
-1
-1
-1
-1
-1
1183
4114
7045
9976
12907
15838
18769
21700
24631
27562
30493
33424
36355
39286
42217
45148
48079
51010
53941
56872
59803
62734
65665
68596
71527
74458
77389
80320
83251
86182
89113
92044
94975
97906
-1
-1
-1
-1
-1
-1
-1
1354
4285
7216
10147
13078
16009
18940
21871
24802
27733
30664
33595
36526
39457
42388
45319
48250
51181
54112
57043
59974
62905
65836
68767
71698
74629
77560
80491
83422
86353
89284
92215
95146
98077
-1
-1
-1
-1
-1
-1
-1
1525
4456
7387
10318
13249
16180
19111
22042
24973
27904
30835
33766
36697
39628
42559
45490
48421
51352
54283
57214
60145
63076
66007
68938
71869
74800
77731
80662
83593
86524
89455
92386
95317
98248
-1
-1
-1
-1
-1
-1
-1
1696
4627
7558
10489
13420
16351
19282
22213
25144
28075
31006
33937
36868
39799
42730
45661
48592
51523
54454
57385
60316
63247
66178
69109
72040
74971
77902
80833
83764
86695
89626
92557
95488
98419
-1
-1
-1
-1
-1
-1
-1
1867
4798
7729
10660
13591
16522
19453
22384
25315
28246
31177
34108
37039
39970
42901
45832
48763
51694
54625
57556
60487
63418
66349
69280
72211
75142
78073
81004
83935
86866
89797
92728
95659
98590
-1
-1
-1
-1
-1
-1
-1
2038
4969
7900
10831
13762
16693
19624
22555
25486
28417
31348
34279
37210
40141
43072
46003
48934
51865
54796
57727
60658
63589
66520
69451
72382
75313
78244
81175
84106
87037
89968
92899
95830
98761
-1
-1
-1
-1
-1
-1
-1
2209
5140
8071
11002
13933
16864
19795
22726
25657
28588
31519
34450
37381
40312
43243
46174
49105
52036
54967
57898
60829
63760
66691
69622
72553
75484
78415
81346
84277
87208
90139
93070
96001
98932
-1
-1
-1
-1
-1
-1
-1
2380
5311
8242
11173
14104
17035
19966
22897
25828
28759
31690
34621
37552
40483
43414
46345
49276
52207
55138
58069
61000
63931
66862
69793
72724
75655
78586
81517
84448
87379
90310
93241
96172
99103
-1
-1
-1
-1
-1
-1
-1
2551
5482
8413
11344
14275
17206
20137
23068
25999
28930
31861
34792
37723
40654
43585
46516
49447
52378
55309
58240
61171
64102
67033
69964
72895
75826
78757
81688
84619
87550
90481
93412
96343
99274
-1
-1
-1
-1
-1
-1
-1
2722
5653
8584
11515
14446
17377
20308
23239
26170
29101
32032
34963
37894
40825
43756
46687
49618
52549
55480
58411
61342
64273
67204
70135
73066
75997
78928
81859
84790
87721
90652
93583
96514
99445
-1
-1
-1
-1
-1
-1
-1
2893
5824
8755
11686
14617
17548
20479
23410
26341
29272
32203
35134
38065
40996
43927
46858
49789
52720
55651
58582
61513
64444
67375
70306
73237
76168
79099
82030
84961
87892
90823
93754
96685
99616
-1
-1
-1
-1
-1
-1
133
3064
5995
8926
11857
14788
17719
20650
23581
26512
29443
32374
35305
38236
41167
44098
47029
49960
52891
55822
58753
61684
64615
67546
70477
73408
76339
79270
82201
85132
88063
90994
93925
96856
99787
-1
-1
-1
-1
-1
-1
304
3235
6166
9097
12028
14959
17890
20821
23752
26683
29614
32545
35476
38407
41338
44269
47200
50131
53062
55993
58924
61855
64786
67717
70648
73579
76510
79441
82372
85303
88234
91165
94096
97027
99958
-1
-1
-1
-1
-1
-1
475
3406
6337
9268
12199
15130
18061
20992
23923
26854
29785
32716
35647
38578
41509
44440
47371
50302
53233
56164
59095
62026
64957
67888
70819
73750
76681
79612
82543
85474
88405
91336
94267
97198
-1
-1
-1
-1
-1
-1
-1
646
3577
6508
9439
12370
15301
18232
21163
24094
27025
29956
32887
35818
38749
41680
44611
47542
50473
53404
56335
59266
62197
65128
68059
70990
73921
76852
79783
82714
85645
88576
91507
94438
97369
-1
-1
-1
-1
-1
-1
-1
817
3748
6679
9610
12541
15472
18403
21334
24265
27196
30127
33058
35989
38920
41851
44782
47713
50644
53575
56506
59437
62368
65299
68230
71161
74092
77023
79954
82885
85816
88747
91678
94609
97540
-1
-1
-1
-1
-1
-1
-1
988
3919
6850
9781
12712
15643
18574
21505
24436
27367
30298
33229
36160
39091
42022
44953
47884
50815
53746
56677
59608
62539
65470
68401
71332
74263
77194
80125
83056
85987
88918
91849
94780
97711
-1
-1
-1
-1
-1
-1
-1
1159
4090
7021
9952
12883
15814
18745
21676
24607
27538
30469
33400
36331
39262
42193
45124
48055
50986
53917
56848
59779
62710
65641
68572
71503
74434
77365
80296
83227
86158
89089
92020
94951
97882
-1
-1
-1
-1
-1
-1
-1
1330
4261
7192
10123
13054
15985
18916
21847
24778
27709
30640
33571
36502
39433
42364
45295
48226
51157
54088
57019
59950
62881
65812
68743
71674
74605
77536
80467
83398
86329
89260
92191
95122
98053
-1
-1
-1
-1
-1
-1
-1
1501
4432
7363
10294
13225
16156
19087
22018
24949
27880
30811
33742
36673
39604
42535
45466
48397
51328
54259
57190
60121
63052
65983
68914
71845
74776
77707
80638
83569
86500
89431
92362
95293
98224
-1
-1
-1
-1
-1
-1
-1
1672
4603
7534
10465
13396
16327
19258
22189
25120
28051
30982
33913
36844
39775
42706
45637
48568
51499
54430
57361
60292
63223
66154
69085
72016
74947
77878
80809
83740
86671
89602
92533
95464
98395
-1
-1
-1
-1
-1
-1
-1
1843
4774
7705
10636
13567
16498
19429
22360
25291
28222
31153
34084
37015
39946
42877
45808
48739
51670
54601
57532
60463
63394
66325
69256
72187
75118
78049
80980
83911
86842
89773
92704
95635
98566
-1
-1
-1
-1
-1
-1
-1
2014
4945
7876
10807
13738
16669
19600
22531
25462
28393
31324
34255
37186
40117
43048
45979
48910
51841
54772
57703
60634
63565
66496
69427
72358
75289
78220
81151
84082
87013
89944
92875
95806
98737
-1
-1
-1
-1
-1
-1
-1
2185
5116
8047
10978
13909
16840
19771
22702
25633
28564
31495
34426
37357
40288
43219
46150
49081
52012
54943
57874
60805
63736
66667
69598
72529
75460
78391
81322
84253
87184
90115
93046
95977
98908
-1
-1
-1
-1
-1
-1
-1
2356
5287
8218
11149
14080
17011
19942
22873
25804
28735
31666
34597
37528
40459
43390
46321
49252
52183
55114
58045
60976
63907
66838
69769
72700
75631
78562
81493
84424
87355
90286
93217
96148
99079
-1
-1
-1
-1
-1
-1
-1
2527
5458
8389
11320
14251
17182
20113
23044
25975
28906
31837
34768
37699
40630
43561
46492
49423
52354
55285
58216
61147
64078
67009
69940
72871
75802
78733
81664
84595
87526
90457
93388
96319
99250
-1
-1
-1
-1
-1
-1
-1
2698
5629
8560
11491
14422
17353
20284
23215
26146
29077
32008
34939
37870
40801
43732
46663
49594
52525
55456
58387
61318
64249
67180
70111
73042
75973
78904
81835
84766
87697
90628
93559
96490
99421
-1
-1
-1
-1
-1
-1
-1
2869
5800
8731
11662
14593
17524
20455
23386
26317
29248
32179
35110
38041
40972
43903
46834
49765
52696
55627
58558
61489
64420
67351
70282
73213
76144
79075
82006
84937
87868
90799
93730
96661
99592
-1
-1
-1
-1
-1
-1
109
3040
5971
8902
11833
14764
17695
20626
23557
26488
29419
32350
35281
38212
41143
44074
47005
49936
52867
55798
58729
61660
64591
67522
70453
73384
76315
79246
82177
85108
88039
90970
93901
96832
99763
-1
-1
-1
-1
-1
-1
280
3211
6142
9073
12004
14935
17866
20797
23728
26659
29590
32521
35452
38383
41314
44245
47176
50107
53038
55969
58900
61831
64762
67693
70624
73555
76486
79417
82348
85279
88210
91141
94072
97003
99934
-1
-1
-1
-1
-1
-1
451
3382
6313
9244
12175
15106
18037
20968
23899
26830
29761
32692
35623
38554
41485
44416
47347
50278
53209
56140
59071
62002
64933
67864
70795
73726
76657
79588
82519
85450
88381
91312
94243
97174
-1
-1
-1
-1
-1
-1
-1
622
3553
6484
9415
12346
15277
18208
21139
24070
27001
29932
32863
35794
38725
41656
44587
47518
50449
53380
56311
59242
62173
65104
68035
70966
73897
76828
79759
82690
85621
88552
91483
94414
97345
-1
-1
-1
-1
-1
-1
-1
793
3724
6655
9586
12517
15448
18379
21310
24241
27172
30103
33034
35965
38896
41827
44758
47689
50620
53551
56482
59413
62344
65275
68206
71137
74068
76999
79930
82861
85792
88723
91654
94585
97516
-1
-1
-1
-1
-1
-1
-1
964
3895
6826
9757
12688
15619
18550
21481
24412
27343
30274
33205
36136
39067
41998
44929
47860
50791
53722
56653
59584
62515
65446
68377
71308
74239
77170
80101
83032
85963
88894
91825
94756
97687
-1
-1
-1
-1
-1
-1
-1
1135
4066
6997
9928
12859
15790
18721
21652
24583
27514
30445
33376
36307
39238
42169
45100
48031
50962
53893
56824
59755
62686
65617
68548
71479
74410
77341
80272
83203
86134
89065
91996
94927
97858
-1
-1
-1
-1
-1
-1
-1
1306
4237
7168
10099
13030
15961
18892
21823
24754
27685
30616
33547
36478
39409
42340
45271
48202
51133
54064
56995
59926
62857
65788
68719
71650
74581
77512
80443
83374
86305
89236
92167
95098
98029
-1
-1
-1
-1
-1
-1
-1
1477
4408
7339
10270
13201
16132
19063
21994
24925
27856
30787
33718
36649
39580
42511
45442
48373
51304
54235
57166
60097
63028
65959
68890
71821
74752
77683
80614
83545
86476
89407
92338
95269
98200
-1
-1
-1
-1
-1
-1
-1
1648
4579
7510
10441
13372
16303
19234
22165
25096
28027
30958
33889
36820
39751
42682
45613
48544
51475
54406
57337
60268
63199
66130
69061
71992
74923
77854
80785
83716
86647
89578
92509
95440
98371
-1
-1
-1
-1
-1
-1
-1
1819
4750
7681
10612
13543
16474
19405
22336
25267
28198
31129
34060
36991
39922
42853
45784
48715
51646
54577
57508
60439
63370
66301
69232
72163
75094
78025
80956
83887
86818
89749
92680
95611
98542
-1
-1
-1
-1
-1
-1
-1
1990
4921
7852
10783
13714
16645
19576
22507
25438
28369
31300
34231
37162
40093
43024
45955
48886
51817
54748
57679
60610
63541
66472
69403
72334
75265
78196
81127
84058
86989
89920
92851
95782
98713
-1
-1
-1
-1
-1
-1
-1
2161
5092
8023
10954
13885
16816
19747
22678
25609
28540
31471
34402
37333
40264
43195
46126
49057
51988
54919
57850
60781
63712
66643
69574
72505
75436
78367
81298
84229
87160
90091
93022
95953
98884
-1
-1
-1
-1
-1
-1
-1
2332
5263
8194
11125
14056
16987
19918
22849
25780
28711
31642
34573
37504
40435
43366
46297
49228
52159
55090
58021
60952
63883
66814
69745
72676
75607
78538
81469
84400
87331
90262
93193
96124
99055
-1
-1
-1
-1
-1
-1
-1
2503
5434
8365
11296
14227
17158
20089
23020
25951
28882
31813
34744
37675
40606
43537
46468
49399
52330
55261
58192
61123
64054
66985
69916
72847
75778
78709
81640
84571
87502
90433
93364
96295
99226
-1
-1
-1
-1
-1
-1
-1
2674
5605
8536
11467
14398
17329
20260
23191
26122
29053
31984
34915
37846
40777
43708
46639
49570
52501
55432
58363
61294
64225
67156
70087
73018
75949
78880
81811
84742
87673
90604
93535
96466
99397
-1
-1
-1
-1
-1
-1
-1
2845
5776
8707
11638
14569
17500
20431
23362
26293
29224
32155
35086
38017
40948
43879
46810
49741
52672
55603
58534
61465
64396
67327
70258
73189
76120
79051
81982
84913
87844
90775
93706
96637
99568
-1
-1
-1
-1
-1
-1
85
3016
5947
8878
11809
14740
17671
20602
23533
26464
29395
32326
35257
38188
41119
44050
46981
49912
52843
55774
58705
61636
64567
67498
70429
73360
76291
79222
82153
85084
88015
90946
93877
96808
99739
-1
-1
-1
-1
-1
-1
256
3187
6118
9049
11980
14911
17842
20773
23704
26635
29566
32497
35428
38359
41290
44221
47152
50083
53014
55945
58876
61807
64738
67669
70600
73531
76462
79393
82324
85255
88186
91117
94048
96979
99910
-1
-1
-1
-1
-1
-1
427
3358
6289
9220
12151
15082
18013
20944
23875
26806
29737
32668
35599
38530
41461
44392
47323
50254
53185
56116
59047
61978
64909
67840
70771
73702
76633
79564
82495
85426
88357
91288
94219
97150
-1
-1
-1
-1
-1
-1
-1
598
3529
6460
9391
12322
15253
18184
21115
24046
26977
29908
32839
35770
38701
41632
44563
47494
50425
53356
56287
59218
62149
65080
68011
70942
73873
76804
79735
82666
85597
88528
91459
94390
97321
-1
-1
-1
-1
-1
-1
-1
769
3700
6631
9562
12493
15424
18355
21286
24217
27148
30079
33010
35941
38872
41803
44734
47665
50596
53527
56458
59389
62320
65251
68182
71113
74044
76975
79906
82837
85768
88699
91630
94561
97492
-1
-1
-1
-1
-1
-1
-1
940
3871
6802
9733
12664
15595
18526
21457
24388
27319
30250
33181
36112
39043
41974
44905
47836
50767
53698
56629
59560
62491
65422
68353
71284
74215
77146
80077
83008
85939
88870
91801
94732
97663
-1
-1
-1
-1
-1
-1
-1
1111
4042
6973
9904
12835
15766
18697
21628
24559
27490
30421
33352
36283
39214
42145
45076
48007
50938
53869
56800
59731
62662
65593
68524
71455
74386
77317
80248
83179
86110
89041
91972
94903
97834
-1
-1
-1
-1
-1
-1
-1
1282
4213
7144
10075
13006
15937
18868
21799
24730
27661
30592
33523
36454
39385
42316
45247
48178
51109
54040
56971
59902
62833
65764
68695
71626
74557
77488
80419
83350
86281
89212
92143
95074
98005
-1
-1
-1
-1
-1
-1
-1
1453
4384
7315
10246
13177
16108
19039
21970
24901
27832
30763
33694
36625
39556
42487
45418
48349
51280
54211
57142
60073
63004
65935
68866
71797
74728
77659
80590
83521
86452
89383
92314
95245
98176
-1
-1
-1
-1
-1
-1
-1
1624
4555
7486
10417
13348
16279
19210
22141
25072
28003
30934
33865
36796
39727
42658
45589
48520
51451
54382
57313
60244
63175
66106
69037
71968
74899
77830
80761
83692
86623
89554
92485
95416
98347
-1
-1
-1
-1
-1
-1
-1
1795
4726
7657
10588
13519
16450
19381
22312
25243
28174
31105
34036
36967
39898
42829
45760
48691
51622
54553
57484
60415
63346
66277
69208
72139
75070
78001
80932
83863
86794
89725
92656
95587
98518
-1
-1
-1
-1
-1
-1
-1
1966
4897
7828
10759
13690
16621
19552
22483
25414
28345
31276
34207
37138
40069
43000
45931
48862
51793
54724
57655
60586
63517
66448
69379
72310
75241
78172
81103
84034
86965
89896
92827
95758
98689
-1
-1
-1
-1
-1
-1
-1
2137
5068
7999
10930
13861
16792
19723
22654
25585
28516
31447
34378
37309
40240
43171
46102
49033
51964
54895
57826
60757
63688
66619
69550
72481
75412
78343
81274
84205
87136
90067
92998
95929
98860
-1
-1
-1
-1
-1
-1
-1
2308
5239
8170
11101
14032
16963
19894
22825
25756
28687
31618
34549
37480
40411
43342
46273
49204
52135
55066
57997
60928
63859
66790
69721
72652
75583
78514
81445
84376
87307
90238
93169
96100
99031
-1
-1
-1
-1
-1
-1
-1
2479
5410
8341
11272
14203
17134
20065
22996
25927
28858
31789
34720
37651
40582
43513
46444
49375
52306
55237
58168
61099
64030
66961
69892
72823
75754
78685
81616
84547
87478
90409
93340
96271
99202
-1
-1
-1
-1
-1
-1
-1
2650
5581
8512
11443
14374
17305
20236
23167
26098
29029
31960
34891
37822
40753
43684
46615
49546
52477
55408
58339
61270
64201
67132
70063
72994
75925
78856
81787
84718
87649
90580
93511
96442
99373
-1
-1
-1
-1
-1
-1
-1
2821
5752
8683
11614
14545
17476
20407
23338
26269
29200
32131
35062
37993
40924
43855
46786
49717
52648
55579
58510
61441
64372
67303
70234
73165
76096
79027
81958
84889
87820
90751
93682
96613
99544
-1
-1
-1
-1
-1
-1
61
2992
5923
8854
11785
14716
17647
20578
23509
26440
29371
32302
35233
38164
41095
44026
46957
49888
52819
55750
58681
61612
64543
67474
70405
73336
76267
79198
82129
85060
87991
90922
93853
96784
99715
-1
-1
-1
-1
-1
-1
232
3163
6094
9025
11956
14887
17818
20749
23680
26611
29542
32473
35404
38335
41266
44197
47128
50059
52990
55921
58852
61783
64714
67645
70576
73507
76438
79369
82300
85231
88162
91093
94024
96955
99886
-1
-1
-1
-1
-1
-1
403
3334
6265
9196
12127
15058
17989
20920
23851
26782
29713
32644
35575
38506
41437
44368
47299
50230
53161
56092
59023
61954
64885
67816
70747
73678
76609
79540
82471
85402
88333
91264
94195
97126
-1
-1
-1
-1
-1
-1
-1
574
3505
6436
9367
12298
15229
18160
21091
24022
26953
29884
32815
35746
38677
41608
44539
47470
50401
53332
56263
59194
62125
65056
67987
70918
73849
76780
79711
82642
85573
88504
91435
94366
97297
-1
-1
-1
-1
-1
-1
-1
745
3676
6607
9538
12469
15400
18331
21262
24193
27124
30055
32986
35917
38848
41779
44710
47641
50572
53503
56434
59365
62296
65227
68158
71089
74020
76951
79882
82813
85744
88675
91606
94537
97468
-1
-1
-1
-1
-1
-1
-1
916
3847
6778
9709
12640
15571
18502
21433
24364
27295
30226
33157
36088
39019
41950
44881
47812
50743
53674
56605
59536
62467
65398
68329
71260
74191
77122
80053
82984
85915
88846
91777
94708
97639
-1
-1
-1
-1
-1
-1
-1
1087
4018
6949
9880
12811
15742
18673
21604
24535
27466
30397
33328
36259
39190
42121
45052
47983
50914
53845
56776
59707
62638
65569
68500
71431
74362
77293
80224
83155
86086
89017
91948
94879
97810
-1
-1
-1
-1
-1
-1
-1
1258
4189
7120
10051
12982
15913
18844
21775
24706
27637
30568
33499
36430
39361
42292
45223
48154
51085
54016
56947
59878
62809
65740
68671
71602
74533
77464
80395
83326
86257
89188
92119
95050
97981
-1
-1
-1
-1
-1
-1
-1
1429
4360
7291
10222
13153
16084
19015
21946
24877
27808
30739
33670
36601
39532
42463
45394
48325
51256
54187
57118
60049
62980
65911
68842
71773
74704
77635
80566
83497
86428
89359
92290
95221
98152
-1
-1
-1
-1
-1
-1
-1
1600
4531
7462
10393
13324
16255
19186
22117
25048
27979
30910
33841
36772
39703
42634
45565
48496
51427
54358
57289
60220
63151
66082
69013
71944
74875
77806
80737
83668
86599
89530
92461
95392
98323
-1
-1
-1
-1
-1
-1
-1
1771
4702
7633
10564
13495
16426
19357
22288
25219
28150
31081
34012
36943
39874
42805
45736
48667
51598
54529
57460
60391
63322
66253
69184
72115
75046
77977
80908
83839
86770
89701
92632
95563
98494
-1
-1
-1
-1
-1
-1
-1
1942
4873
7804
10735
13666
16597
19528
22459
25390
28321
31252
34183
37114
40045
42976
45907
48838
51769
54700
57631
60562
63493
66424
69355
72286
75217
78148
81079
84010
86941
89872
92803
95734
98665
-1
-1
-1
-1
-1
-1
-1
2113
5044
7975
10906
13837
16768
19699
22630
25561
28492
31423
34354
37285
40216
43147
46078
49009
51940
54871
57802
60733
63664
66595
69526
72457
75388
78319
81250
84181
87112
90043
92974
95905
98836
-1
-1
-1
-1
-1
-1
-1
2284
5215
8146
11077
14008
16939
19870
22801
25732
28663
31594
34525
37456
40387
43318
46249
49180
52111
55042
57973
60904
63835
66766
69697
72628
75559
78490
81421
84352
87283
90214
93145
96076
99007
-1
-1
-1
-1
-1
-1
-1
2455
5386
8317
11248
14179
17110
20041
22972
25903
28834
31765
34696
37627
40558
43489
46420
49351
52282
55213
58144
61075
64006
66937
69868
72799
75730
78661
81592
84523
87454
90385
93316
96247
99178
-1
-1
-1
-1
-1
-1
-1
2626
5557
8488
11419
14350
17281
20212
23143
26074
29005
31936
34867
37798
40729
43660
46591
49522
52453
55384
58315
61246
64177
67108
70039
72970
75901
78832
81763
84694
87625
90556
93487
96418
99349
-1
-1
-1
-1
-1
-1
-1
2797
5728
8659
11590
14521
17452
20383
23314
26245
29176
32107
35038
37969
40900
43831
46762
49693
52624
55555
58486
61417
64348
67279
70210
73141
76072
79003
81934
84865
87796
90727
93658
96589
99520
-1
-1
-1
-1
-1
-1
37
2968
5899
8830
11761
14692
17623
20554
23485
26416
29347
32278
35209
38140
41071
44002
46933
49864
52795
55726
58657
61588
64519
67450
70381
73312
76243
79174
82105
85036
87967
90898
93829
96760
99691
-1
-1
-1
-1
-1
-1
208
3139
6070
9001
11932
14863
17794
20725
23656
26587
29518
32449
35380
38311
41242
44173
47104
50035
52966
55897
58828
61759
64690
67621
70552
73483
76414
79345
82276
85207
88138
91069
94000
96931
99862
-1
-1
-1
-1
-1
-1
379
3310
6241
9172
12103
15034
17965
20896
23827
26758
29689
32620
35551
38482
41413
44344
47275
50206
53137
56068
58999
61930
64861
67792
70723
73654
76585
79516
82447
85378
88309
91240
94171
97102
-1
-1
-1
-1
-1
-1
-1
550
3481
6412
9343
12274
15205
18136
21067
23998
26929
29860
32791
35722
38653
41584
44515
47446
50377
53308
56239
59170
62101
65032
67963
70894
73825
76756
79687
82618
85549
88480
91411
94342
97273
-1
-1
-1
-1
-1
-1
-1
721
3652
6583
9514
12445
15376
18307
21238
24169
27100
30031
32962
35893
38824
41755
44686
47617
50548
53479
56410
59341
62272
65203
68134
71065
73996
76927
79858
82789
85720
88651
91582
94513
97444
-1
-1
-1
-1
-1
-1
-1
892
3823
6754
9685
12616
15547
18478
21409
24340
27271
30202
33133
36064
38995
41926
44857
47788
50719
53650
56581
59512
62443
65374
68305
71236
74167
77098
80029
82960
85891
88822
91753
94684
97615
-1
-1
-1
-1
-1
-1
-1
1063
3994
6925
9856
12787
15718
18649
21580
24511
27442
30373
33304
36235
39166
42097
45028
47959
50890
53821
56752
59683
62614
65545
68476
71407
74338
77269
80200
83131
86062
88993
91924
94855
97786
-1
-1
-1
-1
-1
-1
-1
1234
4165
7096
10027
12958
15889
18820
21751
24682
27613
30544
33475
36406
39337
42268
45199
48130
51061
53992
56923
59854
62785
65716
68647
71578
74509
77440
80371
83302
86233
89164
92095
95026
97957
-1
-1
-1
-1
-1
-1
-1
1405
4336
7267
10198
13129
16060
18991
21922
24853
27784
30715
33646
36577
39508
42439
45370
48301
51232
54163
57094
60025
62956
65887
68818
71749
74680
77611
80542
83473
86404
89335
92266
95197
98128
-1
-1
-1
-1
-1
-1
-1
1576
4507
7438
10369
13300
16231
19162
22093
25024
27955
30886
33817
36748
39679
42610
45541
48472
51403
54334
57265
60196
63127
66058
68989
71920
74851
77782
80713
83644
86575
89506
92437
95368
98299
-1
-1
-1
-1
-1
-1
-1
1747
4678
7609
10540
13471
16402
19333
22264
25195
28126
31057
33988
36919
39850
42781
45712
48643
51574
54505
57436
60367
63298
66229
69160
72091
75022
77953
80884
83815
86746
89677
92608
95539
98470
-1
-1
-1
-1
-1
-1
-1
1918
4849
7780
10711
13642
16573
19504
22435
25366
28297
31228
34159
37090
40021
42952
45883
48814
51745
54676
57607
60538
63469
66400
69331
72262
75193
78124
81055
83986
86917
89848
92779
95710
98641
-1
-1
-1
-1
-1
-1
-1
2089
5020
7951
10882
13813
16744
19675
22606
25537
28468
31399
34330
37261
40192
43123
46054
48985
51916
54847
57778
60709
63640
66571
69502
72433
75364
78295
81226
84157
87088
90019
92950
95881
98812
-1
-1
-1
-1
-1
-1
-1
2260
5191
8122
11053
13984
16915
19846
22777
25708
28639
31570
34501
37432
40363
43294
46225
49156
52087
55018
57949
60880
63811
66742
69673
72604
75535
78466
81397
84328
87259
90190
93121
96052
98983
-1
-1
-1
-1
-1
-1
-1
2431
5362
8293
11224
14155
17086
20017
22948
25879
28810
31741
34672
37603
40534
43465
46396
49327
52258
55189
58120
61051
63982
66913
69844
72775
75706
78637
81568
84499
87430
90361
93292
96223
99154
-1
-1
-1
-1
-1
-1
-1
2602
5533
8464
11395
14326
17257
20188
23119
26050
28981
31912
34843
37774
40705
43636
46567
49498
52429
55360
58291
61222
64153
67084
70015
72946
75877
78808
81739
84670
87601
90532
93463
96394
99325
-1
-1
-1
-1
-1
-1
-1
2773
5704
8635
11566
14497
17428
20359
23290
26221
29152
32083
35014
37945
40876
43807
46738
49669
52600
55531
58462
61393
64324
67255
70186
73117
76048
78979
81910
84841
87772
90703
93634
96565
99496
-1
-1
-1
-1
-1
-1
13
2944
5875
8806
11737
14668
17599
20530
23461
26392
29323
32254
35185
38116
41047
43978
46909
49840
52771
55702
58633
61564
64495
67426
70357
73288
76219
79150
82081
85012
87943
90874
93805
96736
99667
-1
-1
-1
-1
-1
-1
184
3115
6046
8977
11908
14839
17770
20701
23632
26563
29494
32425
35356
38287
41218
44149
47080
50011
52942
55873
58804
61735
64666
67597
70528
73459
76390
79321
82252
85183
88114
91045
93976
96907
99838
-1
-1
-1
-1
-1
-1
355
3286
6217
9148
12079
15010
17941
20872
23803
26734
29665
32596
35527
38458
41389
44320
47251
50182
53113
56044
58975
61906
64837
67768
70699
73630
76561
79492
82423
85354
88285
91216
94147
97078
-1
-1
-1
-1
-1
-1
-1
526
3457
6388
9319
12250
15181
18112
21043
23974
26905
29836
32767
35698
38629
41560
44491
47422
50353
53284
56215
59146
62077
65008
67939
70870
73801
76732
79663
82594
85525
88456
91387
94318
97249
-1
-1
-1
-1
-1
-1
-1
697
3628
6559
9490
12421
15352
18283
21214
24145
27076
30007
32938
35869
38800
41731
44662
47593
50524
53455
56386
59317
62248
65179
68110
71041
73972
76903
79834
82765
85696
88627
91558
94489
97420
-1
-1
-1
-1
-1
-1
-1
868
3799
6730
9661
12592
15523
18454
21385
24316
27247
30178
33109
36040
38971
41902
44833
47764
50695
53626
56557
59488
62419
65350
68281
71212
74143
77074
80005
82936
85867
88798
91729
94660
97591
-1
-1
-1
-1
-1
-1
-1
1039
3970
6901
9832
12763
15694
18625
21556
24487
27418
30349
33280
36211
39142
42073
45004
47935
50866
53797
56728
59659
62590
65521
68452
71383
74314
77245
80176
83107
86038
88969
91900
94831
97762
-1
-1
-1
-1
-1
-1
-1
1210
4141
7072
10003
12934
15865
18796
21727
24658
27589
30520
33451
36382
39313
42244
45175
48106
51037
53968
56899
59830
62761
65692
68623
71554
74485
77416
80347
83278
86209
89140
92071
95002
97933
-1
-1
-1
-1
-1
-1
-1
1381
4312
7243
10174
13105
16036
18967
21898
24829
27760
30691
33622
36553
39484
42415
45346
48277
51208
54139
57070
60001
62932
65863
68794
71725
74656
77587
80518
83449
86380
89311
92242
95173
98104
-1
-1
-1
-1
-1
-1
-1
1552
4483
7414
10345
13276
16207
19138
22069
25000
27931
30862
33793
36724
39655
42586
45517
48448
51379
54310
57241
60172
63103
66034
68965
71896
74827
77758
80689
83620
86551
89482
92413
95344
98275
-1
-1
-1
-1
-1
-1
-1
1723
4654
7585
10516
13447
16378
19309
22240
25171
28102
31033
33964
36895
39826
42757
45688
48619
51550
54481
57412
60343
63274
66205
69136
72067
74998
77929
80860
83791
86722
89653
92584
95515
98446
-1
-1
-1
-1
-1
-1
-1
1894
4825
7756
10687
13618
16549
19480
22411
25342
28273
31204
34135
37066
39997
42928
45859
48790
51721
54652
57583
60514
63445
66376
69307
72238
75169
78100
81031
83962
86893
89824
92755
95686
98617
-1
-1
-1
-1
-1
-1
-1
2065
4996
7927
10858
13789
16720
19651
22582
25513
28444
31375
34306
37237
40168
43099
46030
48961
51892
54823
57754
60685
63616
66547
69478
72409
75340
78271
81202
84133
87064
89995
92926
95857
98788
-1
-1
-1
-1
-1
-1
-1
2236
5167
8098
11029
13960
16891
19822
22753
25684
28615
31546
34477
37408
40339
43270
46201
49132
52063
54994
57925
60856
63787
66718
69649
72580
75511
78442
81373
84304
87235
90166
93097
96028
98959
-1
-1
-1
-1
-1
-1
-1
2407
5338
8269
11200
14131
17062
19993
22924
25855
28786
31717
34648
37579
40510
43441
46372
49303
52234
55165
58096
61027
63958
66889
69820
72751
75682
78613
81544
84475
87406
90337
93268
96199
99130
-1
-1
-1
-1
-1
-1
-1
2578
5509
8440
11371
14302
17233
20164
23095
26026
28957
31888
34819
37750
40681
43612
46543
49474
52405
55336
58267
61198
64129
67060
69991
72922
75853
78784
81715
84646
87577
90508
93439
96370
99301
-1
-1
-1
-1
-1
-1
-1
2749
5680
8611
11542
14473
17404
20335
23266
26197
29128
32059
34990
37921
40852
43783
46714
49645
52576
55507
58438
61369
64300
67231
70162
73093
76024
78955
81886
84817
87748
90679
93610
96541
99472
-1
-1
-1
-1
-1
-1
-1
2920
5851
8782
11713
14644
17575
20506
23437
26368
29299
32230
35161
38092
41023
43954
46885
49816
52747
55678
58609
61540
64471
67402
70333
73264
76195
79126
82057
84988
87919
90850
93781
96712
99643
-1
-1
-1
-1
-1
-1
160
3091
6022
8953
11884
14815
17746
20677
23608
26539
29470
32401
35332
38263
41194
44125
47056
49987
52918
55849
58780
61711
64642
67573
70504
73435
76366
79297
82228
85159
88090
91021
93952
96883
99814
-1
-1
-1
-1
-1
-1
331
3262
6193
9124
12055
14986
17917
20848
23779
26710
29641
32572
35503
38434
41365
44296
47227
50158
53089
56020
58951
61882
64813
67744
70675
73606
76537
79468
82399
85330
88261
91192
94123
97054
99985
-1
-1
-1
-1
-1
-1
502
3433
6364
9295
12226
15157
18088
21019
23950
26881
29812
32743
35674
38605
41536
44467
47398
50329
53260
56191
59122
62053
64984
67915
70846
73777
76708
79639
82570
85501
88432
91363
94294
97225
-1
-1
-1
-1
-1
-1
-1
673
3604
6535
9466
12397
15328
18259
21190
24121
27052
29983
32914
35845
38776
41707
44638
47569
50500
53431
56362
59293
62224
65155
68086
71017
73948
76879
79810
82741
85672
88603
91534
94465
97396
-1
-1
-1
-1
-1
-1
-1
844
3775
6706
9637
12568
15499
18430
21361
24292
27223
30154
33085
36016
38947
41878
44809
47740
50671
53602
56533
59464
62395
65326
68257
71188
74119
77050
79981
82912
85843
88774
91705
94636
97567
-1
-1
-1
-1
-1
-1
-1
1015
3946
6877
9808
12739
15670
18601
21532
24463
27394
30325
33256
36187
39118
42049
44980
47911
50842
53773
56704
59635
62566
65497
68428
71359
74290
77221
80152
83083
86014
88945
91876
94807
97738
-1
-1
-1
-1
-1
-1
-1
1186
4117
7048
9979
12910
15841
18772
21703
24634
27565
30496
33427
36358
39289
42220
45151
48082
51013
53944
56875
59806
62737
65668
68599
71530
74461
77392
80323
83254
86185
89116
92047
94978
97909
-1
-1
-1
-1
-1
-1
-1
1357
4288
7219
10150
13081
16012
18943
21874
24805
27736
30667
33598
36529
39460
42391
45322
48253
51184
54115
57046
59977
62908
65839
68770
71701
74632
77563
80494
83425
86356
89287
92218
95149
98080
-1
-1
-1
-1
-1
-1
-1
1528
4459
7390
10321
13252
16183
19114
22045
24976
27907
30838
33769
36700
39631
42562
45493
48424
51355
54286
57217
60148
63079
66010
68941
71872
74803
77734
80665
83596
86527
89458
92389
95320
98251
-1
-1
-1
-1
-1
-1
-1
1699
4630
7561
10492
13423
16354
19285
22216
25147
28078
31009
33940
36871
39802
42733
45664
48595
51526
54457
57388
60319
63250
66181
69112
72043
74974
77905
80836
83767
86698
89629
92560
95491
98422
-1
-1
-1
-1
-1
-1
-1
1870
4801
7732
10663
13594
16525
19456
22387
25318
28249
31180
34111
37042
39973
42904
45835
48766
51697
54628
57559
60490
63421
66352
69283
72214
75145
78076
81007
83938
86869
89800
92731
95662
98593
-1
-1
-1
-1
-1
-1
-1
2041
4972
7903
10834
13765
16696
19627
22558
25489
28420
31351
34282
37213
40144
43075
46006
48937
51868
54799
57730
60661
63592
66523
69454
72385
75316
78247
81178
84109
87040
89971
92902
95833
98764
-1
-1
-1
-1
-1
-1
-1
2212
5143
8074
11005
13936
16867
19798
22729
25660
28591
31522
34453
37384
40315
43246
46177
49108
52039
54970
57901
60832
63763
66694
69625
72556
75487
78418
81349
84280
87211
90142
93073
96004
98935
-1
-1
-1
-1
-1
-1
-1
2383
5314
8245
11176
14107
17038
19969
22900
25831
28762
31693
34624
37555
40486
43417
46348
49279
52210
55141
58072
61003
63934
66865
69796
72727
75658
78589
81520
84451
87382
90313
93244
96175
99106
-1
-1
-1
-1
-1
-1
-1
2554
5485
8416
11347
14278
17209
20140
23071
26002
28933
31864
34795
37726
40657
43588
46519
49450
52381
55312
58243
61174
64105
67036
69967
72898
75829
78760
81691
84622
87553
90484
93415
96346
99277
-1
-1
-1
-1
-1
-1
-1
2725
5656
8587
11518
14449
17380
20311
23242
26173
29104
32035
34966
37897
40828
43759
46690
49621
52552
55483
58414
61345
64276
67207
70138
73069
76000
78931
81862
84793
87724
90655
93586
96517
99448
-1
-1
-1
-1
-1
-1
-1
2896
5827
8758
11689
14620
17551
20482
23413
26344
29275
32206
35137
38068
40999
43930
46861
49792
52723
55654
58585
61516
64447
67378
70309
73240
76171
79102
82033
84964
87895
90826
93757
96688
99619
-1
-1
-1
-1
-1
-1
136
3067
5998
8929
11860
14791
17722
20653
23584
26515
29446
32377
35308
38239
41170
44101
47032
49963
52894
55825
58756
61687
64618
67549
70480
73411
76342
79273
82204
85135
88066
90997
93928
96859
99790
-1
-1
-1
-1
-1
-1
307
3238
6169
9100
12031
14962
17893
20824
23755
26686
29617
32548
35479
38410
41341
44272
47203
50134
53065
55996
58927
61858
64789
67720
70651
73582
76513
79444
82375
85306
88237
91168
94099
97030
99961
-1
-1
-1
-1
-1
-1
478
3409
6340
9271
12202
15133
18064
20995
23926
26857
29788
32719
35650
38581
41512
44443
47374
50305
53236
56167
59098
62029
64960
67891
70822
73753
76684
79615
82546
85477
88408
91339
94270
97201
-1
-1
-1
-1
-1
-1
-1
649
3580
6511
9442
12373
15304
18235
21166
24097
27028
29959
32890
35821
38752
41683
44614
47545
50476
53407
56338
59269
62200
65131
68062
70993
73924
76855
79786
82717
85648
88579
91510
94441
97372
-1
-1
-1
-1
-1
-1
-1
820
3751
6682
9613
12544
15475
18406
21337
24268
27199
30130
33061
35992
38923
41854
44785
47716
50647
53578
56509
59440
62371
65302
68233
71164
74095
77026
79957
82888
85819
88750
91681
94612
97543
-1
-1
-1
-1
-1
-1
-1
991
3922
6853
9784
12715
15646
18577
21508
24439
27370
30301
33232
36163
39094
42025
44956
47887
50818
53749
56680
59611
62542
65473
68404
71335
74266
77197
80128
83059
85990
88921
91852
94783
97714
-1
-1
-1
-1
-1
-1
-1
1162
4093
7024
9955
12886
15817
18748
21679
24610
27541
30472
33403
36334
39265
42196
45127
48058
50989
53920
56851
59782
62713
65644
68575
71506
74437
77368
80299
83230
86161
89092
92023
94954
97885
-1
-1
-1
-1
-1
-1
-1
1333
4264
7195
10126
13057
15988
18919
21850
24781
27712
30643
33574
36505
39436
42367
45298
48229
51160
54091
57022
59953
62884
65815
68746
71677
74608
77539
80470
83401
86332
89263
92194
95125
98056
-1
-1
-1
-1
-1
-1
-1
1504
4435
7366
10297
13228
16159
19090
22021
24952
27883
30814
33745
36676
39607
42538
45469
48400
51331
54262
57193
60124
63055
65986
68917
71848
74779
77710
80641
83572
86503
89434
92365
95296
98227
-1
-1
-1
-1
-1
-1
-1
1675
4606
7537
10468
13399
16330
19261
22192
25123
28054
30985
33916
36847
39778
42709
45640
48571
51502
54433
57364
60295
63226
66157
69088
72019
74950
77881
80812
83743
86674
89605
92536
95467
98398
-1
-1
-1
-1
-1
-1
-1
1846
4777
7708
10639
13570
16501
19432
22363
25294
28225
31156
34087
37018
39949
42880
45811
48742
51673
54604
57535
60466
63397
66328
69259
72190
75121
78052
80983
83914
86845
89776
92707
95638
98569
-1
-1
-1
-1
-1
-1
-1
2017
4948
7879
10810
13741
16672
19603
22534
25465
28396
31327
34258
37189
40120
43051
45982
48913
51844
54775
57706
60637
63568
66499
69430
72361
75292
78223
81154
84085
87016
89947
92878
95809
98740
-1
-1
-1
-1
-1
-1
-1
2188
5119
8050
10981
13912
16843
19774
22705
25636
28567
31498
34429
37360
40291
43222
46153
49084
52015
54946
57877
60808
63739
66670
69601
72532
75463
78394
81325
84256
87187
90118
93049
95980
98911
-1
-1
-1
-1
-1
-1
-1
2359
5290
8221
11152
14083
17014
19945
22876
25807
28738
31669
34600
37531
40462
43393
46324
49255
52186
55117
58048
60979
63910
66841
69772
72703
75634
78565
81496
84427
87358
90289
93220
96151
99082
-1
-1
-1
-1
-1
-1
-1
2530
5461
8392
11323
14254
17185
20116
23047
25978
28909
31840
34771
37702
40633
43564
46495
49426
52357
55288
58219
61150
64081
67012
69943
72874
75805
78736
81667
84598
87529
90460
93391
96322
99253
-1
-1
-1
-1
-1
-1
-1
2701
5632
8563
11494
14425
17356
20287
23218
26149
29080
32011
34942
37873
40804
43735
46666
49597
52528
55459
58390
61321
64252
67183
70114
73045
75976
78907
81838
84769
87700
90631
93562
96493
99424
-1
-1
-1
-1
-1
-1
-1
2872
5803
8734
11665
14596
17527
20458
23389
26320
29251
32182
35113
38044
40975
43906
46837
49768
52699
55630
58561
61492
64423
67354
70285
73216
76147
79078
82009
84940
87871
90802
93733
96664
99595
-1
-1
-1
-1
-1
-1
112
3043
5974
8905
11836
14767
17698
20629
23560
26491
29422
32353
35284
38215
41146
44077
47008
49939
52870
55801
58732
61663
64594
67525
70456
73387
76318
79249
82180
85111
88042
90973
93904
96835
99766
-1
-1
-1
-1
-1
-1
283
3214
6145
9076
12007
14938
17869
20800
23731
26662
29593
32524
35455
38386
41317
44248
47179
50110
53041
55972
58903
61834
64765
67696
70627
73558
76489
79420
82351
85282
88213
91144
94075
97006
99937
-1
-1
-1
-1
-1
-1
454
3385
6316
9247
12178
15109
18040
20971
23902
26833
29764
32695
35626
38557
41488
44419
47350
50281
53212
56143
59074
62005
64936
67867
70798
73729
76660
79591
82522
85453
88384
91315
94246
97177
-1
-1
-1
-1
-1
-1
-1
625
3556
6487
9418
12349
15280
18211
21142
24073
27004
29935
32866
35797
38728
41659
44590
47521
50452
53383
56314
59245
62176
65107
68038
70969
73900
76831
79762
82693
85624
88555
91486
94417
97348
-1
-1
-1
-1
-1
-1
-1
796
3727
6658
9589
12520
15451
18382
21313
24244
27175
30106
33037
35968
38899
41830
44761
47692
50623
53554
56485
59416
62347
65278
68209
71140
74071
77002
79933
82864
85795
88726
91657
94588
97519
-1
-1
-1
-1
-1
-1
-1
967
3898
6829
9760
12691
15622
18553
21484
24415
27346
30277
33208
36139
39070
42001
44932
47863
50794
53725
56656
59587
62518
65449
68380
71311
74242
77173
80104
83035
85966
88897
91828
94759
97690
-1
-1
-1
-1
-1
-1
-1
1138
4069
7000
9931
12862
15793
18724
21655
24586
27517
30448
33379
36310
39241
42172
45103
48034
50965
53896
56827
59758
62689
65620
68551
71482
74413
77344
80275
83206
86137
89068
91999
94930
97861
-1
-1
-1
-1
-1
-1
-1
1309
4240
7171
10102
13033
15964
18895
21826
24757
27688
30619
33550
36481
39412
42343
45274
48205
51136
54067
56998
59929
62860
65791
68722
71653
74584
77515
80446
83377
86308
89239
92170
95101
98032
-1
-1
-1
-1
-1
-1
-1
1480
4411
7342
10273
13204
16135
19066
21997
24928
27859
30790
33721
36652
39583
42514
45445
48376
51307
54238
57169
60100
63031
65962
68893
71824
74755
77686
80617
83548
86479
89410
92341
95272
98203
-1
-1
-1
-1
-1
-1
-1
1651
4582
7513
10444
13375
16306
19237
22168
25099
28030
30961
33892
36823
39754
42685
45616
48547
51478
54409
57340
60271
63202
66133
69064
71995
74926
77857
80788
83719
86650
89581
92512
95443
98374
-1
-1
-1
-1
-1
-1
-1
1822
4753
7684
10615
13546
16477
19408
22339
25270
28201
31132
34063
36994
39925
42856
45787
48718
51649
54580
57511
60442
63373
66304
69235
72166
75097
78028
80959
83890
86821
89752
92683
95614
98545
-1
-1
-1
-1
-1
-1
-1
1993
4924
7855
10786
13717
16648
19579
22510
25441
28372
31303
34234
37165
40096
43027
45958
48889
51820
54751
57682
60613
63544
66475
69406
72337
75268
78199
81130
84061
86992
89923
92854
95785
98716
-1
-1
-1
-1
-1
-1
-1
2164
5095
8026
10957
13888
16819
19750
22681
25612
28543
31474
34405
37336
40267
43198
46129
49060
51991
54922
57853
60784
63715
66646
69577
72508
75439
78370
81301
84232
87163
90094
93025
95956
98887
-1
-1
-1
-1
-1
-1
-1
2335
5266
8197
11128
14059
16990
19921
22852
25783
28714
31645
34576
37507
40438
43369
46300
49231
52162
55093
58024
60955
63886
66817
69748
72679
75610
78541
81472
84403
87334
90265
93196
96127
99058
-1
-1
-1
-1
-1
-1
-1
2506
5437
8368
11299
14230
17161
20092
23023
25954
28885
31816
34747
37678
40609
43540
46471
49402
52333
55264
58195
61126
64057
66988
69919
72850
75781
78712
81643
84574
87505
90436
93367
96298
99229
-1
-1
-1
-1
-1
-1
-1
2677
5608
8539
11470
14401
17332
20263
23194
26125
29056
31987
34918
37849
40780
43711
46642
49573
52504
55435
58366
61297
64228
67159
70090
73021
75952
78883
81814
84745
87676
90607
93538
96469
99400
-1
-1
-1
-1
-1
-1
-1
2848
5779
8710
11641
14572
17503
20434
23365
26296
29227
32158
35089
38020
40951
43882
46813
49744
52675
55606
58537
61468
64399
67330
70261
73192
76123
79054
81985
84916
87847
90778
93709
96640
99571
-1
-1
-1
-1
-1
-1
88
3019
5950
8881
11812
14743
17674
20605
23536
26467
29398
32329
35260
38191
41122
44053
46984
49915
52846
55777
58708
61639
64570
67501
70432
73363
76294
79225
82156
85087
88018
90949
93880
96811
99742
-1
-1
-1
-1
-1
-1
259
3190
6121
9052
11983
14914
17845
20776
23707
26638
29569
32500
35431
38362
41293
44224
47155
50086
53017
55948
58879
61810
64741
67672
70603
73534
76465
79396
82327
85258
88189
91120
94051
96982
99913
-1
-1
-1
-1
-1
-1
430
3361
6292
9223
12154
15085
18016
20947
23878
26809
29740
32671
35602
38533
41464
44395
47326
50257
53188
56119
59050
61981
64912
67843
70774
73705
76636
79567
82498
85429
88360
91291
94222
97153
-1
-1
-1
-1
-1
-1
-1
601
3532
6463
9394
12325
15256
18187
21118
24049
26980
29911
32842
35773
38704
41635
44566
47497
50428
53359
56290
59221
62152
65083
68014
70945
73876
76807
79738
82669
85600
88531
91462
94393
97324
-1
-1
-1
-1
-1
-1
-1
772
3703
6634
9565
12496
15427
18358
21289
24220
27151
30082
33013
35944
38875
41806
44737
47668
50599
53530
56461
59392
62323
65254
68185
71116
74047
76978
79909
82840
85771
88702
91633
94564
97495
-1
-1
-1
-1
-1
-1
-1
943
3874
6805
9736
12667
15598
18529
21460
24391
27322
30253
33184
36115
39046
41977
44908
47839
50770
53701
56632
59563
62494
65425
68356
71287
74218
77149
80080
83011
85942
88873
91804
94735
97666
-1
-1
-1
-1
-1
-1
-1
1114
4045
6976
9907
12838
15769
18700
21631
24562
27493
30424
33355
36286
39217
42148
45079
48010
50941
53872
56803
59734
62665
65596
68527
71458
74389
77320
80251
83182
86113
89044
91975
94906
97837
-1
-1
-1
-1
-1
-1
-1
1285
4216
7147
10078
13009
15940
18871
21802
24733
27664
30595
33526
36457
39388
42319
45250
48181
51112
54043
56974
59905
62836
65767
68698
71629
74560
77491
80422
83353
86284
89215
92146
95077
98008
-1
-1
-1
-1
-1
-1
-1
1456
4387
7318
10249
13180
16111
19042
21973
24904
27835
30766
33697
36628
39559
42490
45421
48352
51283
54214
57145
60076
63007
65938
68869
71800
74731
77662
80593
83524
86455
89386
92317
95248
98179
-1
-1
-1
-1
-1
-1
-1
1627
4558
7489
10420
13351
16282
19213
22144
25075
28006
30937
33868
36799
39730
42661
45592
48523
51454
54385
57316
60247
63178
66109
69040
71971
74902
77833
80764
83695
86626
89557
92488
95419
98350
-1
-1
-1
-1
-1
-1
-1
1798
4729
7660
10591
13522
16453
19384
22315
25246
28177
31108
34039
36970
39901
42832
45763
48694
51625
54556
57487
60418
63349
66280
69211
72142
75073
78004
80935
83866
86797
89728
92659
95590
98521
-1
-1
-1
-1
-1
-1
-1
1969
4900
7831
10762
13693
16624
19555
22486
25417
28348
31279
34210
37141
40072
43003
45934
48865
51796
54727
57658
60589
63520
66451
69382
72313
75244
78175
81106
84037
86968
89899
92830
95761
98692
-1
-1
-1
-1
-1
-1
-1
2140
5071
8002
10933
13864
16795
19726
22657
25588
28519
31450
34381
37312
40243
43174
46105
49036
51967
54898
57829
60760
63691
66622
69553
72484
75415
78346
81277
84208
87139
90070
93001
95932
98863
-1
-1
-1
-1
-1
-1
-1
2311
5242
8173
11104
14035
16966
19897
22828
25759
28690
31621
34552
37483
40414
43345
46276
49207
52138
55069
58000
60931
63862
66793
69724
72655
75586
78517
81448
84379
87310
90241
93172
96103
99034
-1
-1
-1
-1
-1
-1
-1
2482
5413
8344
11275
14206
17137
20068
22999
25930
28861
31792
34723
37654
40585
43516
46447
49378
52309
55240
58171
61102
64033
66964
69895
72826
75757
78688
81619
84550
87481
90412
93343
96274
99205
-1
-1
-1
-1
-1
-1
-1
2653
5584
8515
11446
14377
17308
20239
23170
26101
29032
31963
34894
37825
40756
43687
46618
49549
52480
55411
58342
61273
64204
67135
70066
72997
75928
78859
81790
84721
87652
90583
93514
96445
99376
-1
-1
-1
-1
-1
-1
-1
2824
5755
8686
11617
14548
17479
20410
23341
26272
29203
32134
35065
37996
40927
43858
46789
49720
52651
55582
58513
61444
64375
67306
70237
73168
76099
79030
81961
84892
87823
90754
93685
96616
99547
-1
-1
-1
-1
-1
-1
64
2995
5926
8857
11788
14719
17650
20581
23512
26443
29374
32305
35236
38167
41098
44029
46960
49891
52822
55753
58684
61615
64546
67477
70408
73339
76270
79201
82132
85063
87994
90925
93856
96787
99718
-1
-1
-1
-1
-1
-1
235
3166
6097
9028
11959
14890
17821
20752
23683
26614
29545
32476
35407
38338
41269
44200
47131
50062
52993
55924
58855
61786
64717
67648
70579
73510
76441
79372
82303
85234
88165
91096
94027
96958
99889
-1
-1
-1
-1
-1
-1
406
3337
6268
9199
12130
15061
17992
20923
23854
26785
29716
32647
35578
38509
41440
44371
47302
50233
53164
56095
59026
61957
64888
67819
70750
73681
76612
79543
82474
85405
88336
91267
94198
97129
-1
-1
-1
-1
-1
-1
-1
577
3508
6439
9370
12301
15232
18163
21094
24025
26956
29887
32818
35749
38680
41611
44542
47473
50404
53335
56266
59197
62128
65059
67990
70921
73852
76783
79714
82645
85576
88507
91438
94369
97300
-1
-1
-1
-1
-1
-1
-1
748
3679
6610
9541
12472
15403
18334
21265
24196
27127
30058
32989
35920
38851
41782
44713
47644
50575
53506
56437
59368
62299
65230
68161
71092
74023
76954
79885
82816
85747
88678
91609
94540
97471
-1
-1
-1
-1
-1
-1
-1
919
3850
6781
9712
12643
15574
18505
21436
24367
27298
30229
33160
36091
39022
41953
44884
47815
50746
53677
56608
59539
62470
65401
68332
71263
74194
77125
80056
82987
85918
88849
91780
94711
97642
-1
-1
-1
-1
-1
-1
-1
1090
4021
6952
9883
12814
15745
18676
21607
24538
27469
30400
33331
36262
39193
42124
45055
47986
50917
53848
56779
59710
62641
65572
68503
71434
74365
77296
80227
83158
86089
89020
91951
94882
97813
-1
-1
-1
-1
-1
-1
-1
1261
4192
7123
10054
12985
15916
18847
21778
24709
27640
30571
33502
36433
39364
42295
45226
48157
51088
54019
56950
59881
62812
65743
68674
71605
74536
77467
80398
83329
86260
89191
92122
95053
97984
-1
-1
-1
-1
-1
-1
-1
1432
4363
7294
10225
13156
16087
19018
21949
24880
27811
30742
33673
36604
39535
42466
45397
48328
51259
54190
57121
60052
62983
65914
68845
71776
74707
77638
80569
83500
86431
89362
92293
95224
98155
-1
-1
-1
-1
-1
-1
-1
1603
4534
7465
10396
13327
16258
19189
22120
25051
27982
30913
33844
36775
39706
42637
45568
48499
51430
54361
57292
60223
63154
66085
69016
71947
74878
77809
80740
83671
86602
89533
92464
95395
98326
-1
-1
-1
-1
-1
-1
-1
1774
4705
7636
10567
13498
16429
19360
22291
25222
28153
31084
34015
36946
39877
42808
45739
48670
51601
54532
57463
60394
63325
66256
69187
72118
75049
77980
80911
83842
86773
89704
92635
95566
98497
-1
-1
-1
-1
-1
-1
-1
1945
4876
7807
10738
13669
16600
19531
22462
25393
28324
31255
34186
37117
40048
42979
45910
48841
51772
54703
57634
60565
63496
66427
69358
72289
75220
78151
81082
84013
86944
89875
92806
95737
98668
-1
-1
-1
-1
-1
-1
-1
2116
5047
7978
10909
13840
16771
19702
22633
25564
28495
31426
34357
37288
40219
43150
46081
49012
51943
54874
57805
60736
63667
66598
69529
72460
75391
78322
81253
84184
87115
90046
92977
95908
98839
-1
-1
-1
-1
-1
-1
-1
2287
5218
8149
11080
14011
16942
19873
22804
25735
28666
31597
34528
37459
40390
43321
46252
49183
52114
55045
57976
60907
63838
66769
69700
72631
75562
78493
81424
84355
87286
90217
93148
96079
99010
-1
-1
-1
-1
-1
-1
-1
2458
5389
8320
11251
14182
17113
20044
22975
25906
28837
31768
34699
37630
40561
43492
46423
49354
52285
55216
58147
61078
64009
66940
69871
72802
75733
78664
81595
84526
87457
90388
93319
96250
99181
-1
-1
-1
-1
-1
-1
-1
2629
5560
8491
11422
14353
17284
20215
23146
26077
29008
31939
34870
37801
40732
43663
46594
49525
52456
55387
58318
61249
64180
67111
70042
72973
75904
78835
81766
84697
87628
90559
93490
96421
99352
-1
-1
-1
-1
-1
-1
-1
2800
5731
8662
11593
14524
17455
20386
23317
26248
29179
32110
35041
37972
40903
43834
46765
49696
52627
55558
58489
61420
64351
67282
70213
73144
76075
79006
81937
84868
87799
90730
93661
96592
99523
-1
-1
-1
-1
-1
-1
40
2971
5902
8833
11764
14695
17626
20557
23488
26419
29350
32281
35212
38143
41074
44005
46936
49867
52798
55729
58660
61591
64522
67453
70384
73315
76246
79177
82108
85039
87970
90901
93832
96763
99694
-1
-1
-1
-1
-1
-1
211
3142
6073
9004
11935
14866
17797
20728
23659
26590
29521
32452
35383
38314
41245
44176
47107
50038
52969
55900
58831
61762
64693
67624
70555
73486
76417
79348
82279
85210
88141
91072
94003
96934
99865
-1
-1
-1
-1
-1
-1
382
3313
6244
9175
12106
15037
17968
20899
23830
26761
29692
32623
35554
38485
41416
44347
47278
50209
53140
56071
59002
61933
64864
67795
70726
73657
76588
79519
82450
85381
88312
91243
94174
97105
-1
-1
-1
-1
-1
-1
-1
553
3484
6415
9346
12277
15208
18139
21070
24001
26932
29863
32794
35725
38656
41587
44518
47449
50380
53311
56242
59173
62104
65035
67966
70897
73828
76759
79690
82621
85552
88483
91414
94345
97276
-1
-1
-1
-1
-1
-1
-1
724
3655
6586
9517
12448
15379
18310
21241
24172
27103
30034
32965
35896
38827
41758
44689
47620
50551
53482
56413
59344
62275
65206
68137
71068
73999
76930
79861
82792
85723
88654
91585
94516
97447
-1
-1
-1
-1
-1
-1
-1
895
3826
6757
9688
12619
15550
18481
21412
24343
27274
30205
33136
36067
38998
41929
44860
47791
50722
53653
56584
59515
62446
65377
68308
71239
74170
77101
80032
82963
85894
88825
91756
94687
97618
-1
-1
-1
-1
-1
-1
-1
1066
3997
6928
9859
12790
15721
18652
21583
24514
27445
30376
33307
36238
39169
42100
45031
47962
50893
53824
56755
59686
62617
65548
68479
71410
74341
77272
80203
83134
86065
88996
91927
94858
97789
-1
-1
-1
-1
-1
-1
-1
1237
4168
7099
10030
12961
15892
18823
21754
24685
27616
30547
33478
36409
39340
42271
45202
48133
51064
53995
56926
59857
62788
65719
68650
71581
74512
77443
80374
83305
86236
89167
92098
95029
97960
-1
-1
-1
-1
-1
-1
-1
1408
4339
7270
10201
13132
16063
18994
21925
24856
27787
30718
33649
36580
39511
42442
45373
48304
51235
54166
57097
60028
62959
65890
68821
71752
74683
77614
80545
83476
86407
89338
92269
95200
98131
-1
-1
-1
-1
-1
-1
-1
1579
4510
7441
10372
13303
16234
19165
22096
25027
27958
30889
33820
36751
39682
42613
45544
48475
51406
54337
57268
60199
63130
66061
68992
71923
74854
77785
80716
83647
86578
89509
92440
95371
98302
-1
-1
-1
-1
-1
-1
-1
1750
4681
7612
10543
13474
16405
19336
22267
25198
28129
31060
33991
36922
39853
42784
45715
48646
51577
54508
57439
60370
63301
66232
69163
72094
75025
77956
80887
83818
86749
89680
92611
95542
98473
-1
-1
-1
-1
-1
-1
-1
1921
4852
7783
10714
13645
16576
19507
22438
25369
28300
31231
34162
37093
40024
42955
45886
48817
51748
54679
57610
60541
63472
66403
69334
72265
75196
78127
81058
83989
86920
89851
92782
95713
98644
-1
-1
-1
-1
-1
-1
-1
2092
5023
7954
10885
13816
16747
19678
22609
25540
28471
31402
34333
37264
40195
43126
46057
48988
51919
54850
57781
60712
63643
66574
69505
72436
75367
78298
81229
84160
87091
90022
92953
95884
98815
-1
-1
-1
-1
-1
-1
-1
2263
5194
8125
11056
13987
16918
19849
22780
25711
28642
31573
34504
37435
40366
43297
46228
49159
52090
55021
57952
60883
63814
66745
69676
72607
75538
78469
81400
84331
87262
90193
93124
96055
98986
-1
-1
-1
-1
-1
-1
-1
2434
5365
8296
11227
14158
17089
20020
22951
25882
28813
31744
34675
37606
40537
43468
46399
49330
52261
55192
58123
61054
63985
66916
69847
72778
75709
78640
81571
84502
87433
90364
93295
96226
99157
-1
-1
-1
-1
-1
-1
-1
2605
5536
8467
11398
14329
17260
20191
23122
26053
28984
31915
34846
37777
40708
43639
46570
49501
52432
55363
58294
61225
64156
67087
70018
72949
75880
78811
81742
84673
87604
90535
93466
96397
99328
-1
-1
-1
-1
-1
-1
-1
2776
5707
8638
11569
14500
17431
20362
23293
26224
29155
32086
35017
37948
40879
43810
46741
49672
52603
55534
58465
61396
64327
67258
70189
73120
76051
78982
81913
84844
87775
90706
93637
96568
99499
-1
-1
-1
-1
-1
-1
16
2947
5878
8809
11740
14671
17602
20533
23464
26395
29326
32257
35188
38119
41050
43981
46912
49843
52774
55705
58636
61567
64498
67429
70360
73291
76222
79153
82084
85015
87946
90877
93808
96739
99670
-1
-1
-1
-1
-1
-1
187
3118
6049
8980
11911
14842
17773
20704
23635
26566
29497
32428
35359
38290
41221
44152
47083
50014
52945
55876
58807
61738
64669
67600
70531
73462
76393
79324
82255
85186
88117
91048
93979
96910
99841
-1
-1
-1
-1
-1
-1
358
3289
6220
9151
12082
15013
17944
20875
23806
26737
29668
32599
35530
38461
41392
44323
47254
50185
53116
56047
58978
61909
64840
67771
70702
73633
76564
79495
82426
85357
88288
91219
94150
97081
-1
-1
-1
-1
-1
-1
-1
529
3460
6391
9322
12253
15184
18115
21046
23977
26908
29839
32770
35701
38632
41563
44494
47425
50356
53287
56218
59149
62080
65011
67942
70873
73804
76735
79666
82597
85528
88459
91390
94321
97252
-1
-1
-1
-1
-1
-1
-1
700
3631
6562
9493
12424
15355
18286
21217
24148
27079
30010
32941
35872
38803
41734
44665
47596
50527
53458
56389
59320
62251
65182
68113
71044
73975
76906
79837
82768
85699
88630
91561
94492
97423
-1
-1
-1
-1
-1
-1
-1
871
3802
6733
9664
12595
15526
18457
21388
24319
27250
30181
33112
36043
38974
41905
44836
47767
50698
53629
56560
59491
62422
65353
68284
71215
74146
77077
80008
82939
85870
88801
91732
94663
97594
-1
-1
-1
-1
-1
-1
-1
1042
3973
6904
9835
12766
15697
18628
21559
24490
27421
30352
33283
36214
39145
42076
45007
47938
50869
53800
56731
59662
62593
65524
68455
71386
74317
77248
80179
83110
86041
88972
91903
94834
97765
-1
-1
-1
-1
-1
-1
-1
1213
4144
7075
10006
12937
15868
18799
21730
24661
27592
30523
33454
36385
39316
42247
45178
48109
51040
53971
56902
59833
62764
65695
68626
71557
74488
77419
80350
83281
86212
89143
92074
95005
97936
-1
-1
-1
-1
-1
-1
-1
1384
4315
7246
10177
13108
16039
18970
21901
24832
27763
30694
33625
36556
39487
42418
45349
48280
51211
54142
57073
60004
62935
65866
68797
71728
74659
77590
80521
83452
86383
89314
92245
95176
98107
-1
-1
-1
-1
-1
-1
-1
1555
4486
7417
10348
13279
16210
19141
22072
25003
27934
30865
33796
36727
39658
42589
45520
48451
51382
54313
57244
60175
63106
66037
68968
71899
74830
77761
80692
83623
86554
89485
92416
95347
98278
-1
-1
-1
-1
-1
-1
-1
1726
4657
7588
10519
13450
16381
19312
22243
25174
28105
31036
33967
36898
39829
42760
45691
48622
51553
54484
57415
60346
63277
66208
69139
72070
75001
77932
80863
83794
86725
89656
92587
95518
98449
-1
-1
-1
-1
-1
-1
-1
1897
4828
7759
10690
13621
16552
19483
22414
25345
28276
31207
34138
37069
40000
42931
45862
48793
51724
54655
57586
60517
63448
66379
69310
72241
75172
78103
81034
83965
86896
89827
92758
95689
98620
-1
-1
-1
-1
-1
-1
-1
2068
4999
7930
10861
13792
16723
19654
22585
25516
28447
31378
34309
37240
40171
43102
46033
48964
51895
54826
57757
60688
63619
66550
69481
72412
75343
78274
81205
84136
87067
89998
92929
95860
98791
-1
-1
-1
-1
-1
-1
-1
2239
5170
8101
11032
13963
16894
19825
22756
25687
28618
31549
34480
37411
40342
43273
46204
49135
52066
54997
57928
60859
63790
66721
69652
72583
75514
78445
81376
84307
87238
90169
93100
96031
98962
-1
-1
-1
-1
-1
-1
-1
2410
5341
8272
11203
14134
17065
19996
22927
25858
28789
31720
34651
37582
40513
43444
46375
49306
52237
55168
58099
61030
63961
66892
69823
72754
75685
78616
81547
84478
87409
90340
93271
96202
99133
-1
-1
-1
-1
-1
-1
-1
2581
5512
8443
11374
14305
17236
20167
23098
26029
28960
31891
34822
37753
40684
43615
46546
49477
52408
55339
58270
61201
64132
67063
69994
72925
75856
78787
81718
84649
87580
90511
93442
96373
99304
-1
-1
-1
-1
-1
-1
-1
2752
5683
8614
11545
14476
17407
20338
23269
26200
29131
32062
34993
37924
40855
43786
46717
49648
52579
55510
58441
61372
64303
67234
70165
73096
76027
78958
81889
84820
87751
90682
93613
96544
99475
-1
-1
-1
-1
-1
-1
-1
2923
5854
8785
11716
14647
17578
20509
23440
26371
29302
32233
35164
38095
41026
43957
46888
49819
52750
55681
58612
61543
64474
67405
70336
73267
76198
79129
82060
84991
87922
90853
93784
96715
99646
-1
-1
-1
-1
-1
-1
163
3094
6025
8956
11887
14818
17749
20680
23611
26542
29473
32404
35335
38266
41197
44128
47059
49990
52921
55852
58783
61714
64645
67576
70507
73438
76369
79300
82231
85162
88093
91024
93955
96886
99817
-1
-1
-1
-1
-1
-1
334
3265
6196
9127
12058
14989
17920
20851
23782
26713
29644
32575
35506
38437
41368
44299
47230
50161
53092
56023
58954
61885
64816
67747
70678
73609
76540
79471
82402
85333
88264
91195
94126
97057
99988
-1
-1
-1
-1
-1
-1
505
3436
6367
9298
12229
15160
18091
21022
23953
26884
29815
32746
35677
38608
41539
44470
47401
50332
53263
56194
59125
62056
64987
67918
70849
73780
76711
79642
82573
85504
88435
91366
94297
97228
-1
-1
-1
-1
-1
-1
-1
676
3607
6538
9469
12400
15331
18262
21193
24124
27055
29986
32917
35848
38779
41710
44641
47572
50503
53434
56365
59296
62227
65158
68089
71020
73951
76882
79813
82744
85675
88606
91537
94468
97399
-1
-1
-1
-1
-1
-1
-1
847
3778
6709
9640
12571
15502
18433
21364
24295
27226
30157
33088
36019
38950
41881
44812
47743
50674
53605
56536
59467
62398
65329
68260
71191
74122
77053
79984
82915
85846
88777
91708
94639
97570
-1
-1
-1
-1
-1
-1
-1
1018
3949
6880
9811
12742
15673
18604
21535
24466
27397
30328
33259
36190
39121
42052
44983
47914
50845
53776
56707
59638
62569
65500
68431
71362
74293
77224
80155
83086
86017
88948
91879
94810
97741
-1
-1
-1
-1
-1
-1
-1
1189
4120
7051
9982
12913
15844
18775
21706
24637
27568
30499
33430
36361
39292
42223
45154
48085
51016
53947
56878
59809
62740
65671
68602
71533
74464
77395
80326
83257
86188
89119
92050
94981
97912
-1
-1
-1
-1
-1
-1
-1
1360
4291
7222
10153
13084
16015
18946
21877
24808
27739
30670
33601
36532
39463
42394
45325
48256
51187
54118
57049
59980
62911
65842
68773
71704
74635
77566
80497
83428
86359
89290
92221
95152
98083
-1
-1
-1
-1
-1
-1
-1
1531
4462
7393
10324
13255
16186
19117
22048
24979
27910
30841
33772
36703
39634
42565
45496
48427
51358
54289
57220
60151
63082
66013
68944
71875
74806
77737
80668
83599
86530
89461
92392
95323
98254
-1
-1
-1
-1
-1
-1
-1
1702
4633
7564
10495
13426
16357
19288
22219
25150
28081
31012
33943
36874
39805
42736
45667
48598
51529
54460
57391
60322
63253
66184
69115
72046
74977
77908
80839
83770
86701
89632
92563
95494
98425
-1
-1
-1
-1
-1
-1
-1
1873
4804
7735
10666
13597
16528
19459
22390
25321
28252
31183
34114
37045
39976
42907
45838
48769
51700
54631
57562
60493
63424
66355
69286
72217
75148
78079
81010
83941
86872
89803
92734
95665
98596
-1
-1
-1
-1
-1
-1
-1
2044
4975
7906
10837
13768
16699
19630
22561
25492
28423
31354
34285
37216
40147
43078
46009
48940
51871
54802
57733
60664
63595
66526
69457
72388
75319
78250
81181
84112
87043
89974
92905
95836
98767
-1
-1
-1
-1
-1
-1
-1
2215
5146
8077
11008
13939
16870
19801
22732
25663
28594
31525
34456
37387
40318
43249
46180
49111
52042
54973
57904
60835
63766
66697
69628
72559
75490
78421
81352
84283
87214
90145
93076
96007
98938
-1
-1
-1
-1
-1
-1
-1
2386
5317
8248
11179
14110
17041
19972
22903
25834
28765
31696
34627
37558
40489
43420
46351
49282
52213
55144
58075
61006
63937
66868
69799
72730
75661
78592
81523
84454
87385
90316
93247
96178
99109
-1
-1
-1
-1
-1
-1
-1
2557
5488
8419
11350
14281
17212
20143
23074
26005
28936
31867
34798
37729
40660
43591
46522
49453
52384
55315
58246
61177
64108
67039
69970
72901
75832
78763
81694
84625
87556
90487
93418
96349
99280
-1
-1
-1
-1
-1
-1
-1
2728
5659
8590
11521
14452
17383
20314
23245
26176
29107
32038
34969
37900
40831
43762
46693
49624
52555
55486
58417
61348
64279
67210
70141
73072
76003
78934
81865
84796
87727
90658
93589
96520
99451
-1
-1
-1
-1
-1
-1
-1
2899
5830
8761
11692
14623
17554
20485
23416
26347
29278
32209
35140
38071
41002
43933
46864
49795
52726
55657
58588
61519
64450
67381
70312
73243
76174
79105
82036
84967
87898
90829
93760
96691
99622
-1
-1
-1
-1
-1
-1
139
3070
6001
8932
11863
14794
17725
20656
23587
26518
29449
32380
35311
38242
41173
44104
47035
49966
52897
55828
58759
61690
64621
67552
70483
73414
76345
79276
82207
85138
88069
91000
93931
96862
99793
-1
-1
-1
-1
-1
-1
310
3241
6172
9103
12034
14965
17896
20827
23758
26689
29620
32551
35482
38413
41344
44275
47206
50137
53068
55999
58930
61861
64792
67723
70654
73585
76516
79447
82378
85309
88240
91171
94102
97033
99964
-1
-1
-1
-1
-1
-1
481
3412
6343
9274
12205
15136
18067
20998
23929
26860
29791
32722
35653
38584
41515
44446
47377
50308
53239
56170
59101
62032
64963
67894
70825
73756
76687
79618
82549
85480
88411
91342
94273
97204
-1
-1
-1
-1
-1
-1
-1
652
3583
6514
9445
12376
15307
18238
21169
24100
27031
29962
32893
35824
38755
41686
44617
47548
50479
53410
56341
59272
62203
65134
68065
70996
73927
76858
79789
82720
85651
88582
91513
94444
97375
-1
-1
-1
-1
-1
-1
-1
823
3754
6685
9616
12547
15478
18409
21340
24271
27202
30133
33064
35995
38926
41857
44788
47719
50650
53581
56512
59443
62374
65305
68236
71167
74098
77029
79960
82891
85822
88753
91684
94615
97546
-1
-1
-1
-1
-1
-1
-1
994
3925
6856
9787
12718
15649
18580
21511
24442
27373
30304
33235
36166
39097
42028
44959
47890
50821
53752
56683
59614
62545
65476
68407
71338
74269
77200
80131
83062
85993
88924
91855
94786
97717
-1
-1
-1
-1
-1
-1
-1
1165
4096
7027
9958
12889
15820
18751
21682
24613
27544
30475
33406
36337
39268
42199
45130
48061
50992
53923
56854
59785
62716
65647
68578
71509
74440
77371
80302
83233
86164
89095
92026
94957
97888
-1
-1
-1
-1
-1
-1
-1
1336
4267
7198
10129
13060
15991
18922
21853
24784
27715
30646
33577
36508
39439
42370
45301
48232
51163
54094
57025
59956
62887
65818
68749
71680
74611
77542
80473
83404
86335
89266
92197
95128
98059
-1
-1
-1
-1
-1
-1
-1
1507
4438
7369
10300
13231
16162
19093
22024
24955
27886
30817
33748
36679
39610
42541
45472
48403
51334
54265
57196
60127
63058
65989
68920
71851
74782
77713
80644
83575
86506
89437
92368
95299
98230
-1
-1
-1
-1
-1
-1
-1
1678
4609
7540
10471
13402
16333
19264
22195
25126
28057
30988
33919
36850
39781
42712
45643
48574
51505
54436
57367
60298
63229
66160
69091
72022
74953
77884
80815
83746
86677
89608
92539
95470
98401
-1
-1
-1
-1
-1
-1
-1
1849
4780
7711
10642
13573
16504
19435
22366
25297
28228
31159
34090
37021
39952
42883
45814
48745
51676
54607
57538
60469
63400
66331
69262
72193
75124
78055
80986
83917
86848
89779
92710
95641
98572
-1
-1
-1
-1
-1
-1
-1
2020
4951
7882
10813
13744
16675
19606
22537
25468
28399
31330
34261
37192
40123
43054
45985
48916
51847
54778
57709
60640
63571
66502
69433
72364
75295
78226
81157
84088
87019
89950
92881
95812
98743
-1
-1
-1
-1
-1
-1
-1
2191
5122
8053
10984
13915
16846
19777
22708
25639
28570
31501
34432
37363
40294
43225
46156
49087
52018
54949
57880
60811
63742
66673
69604
72535
75466
78397
81328
84259
87190
90121
93052
95983
98914
-1
-1
-1
-1
-1
-1
-1
2362
5293
8224
11155
14086
17017
19948
22879
25810
28741
31672
34603
37534
40465
43396
46327
49258
52189
55120
58051
60982
63913
66844
69775
72706
75637
78568
81499
84430
87361
90292
93223
96154
99085
-1
-1
-1
-1
-1
-1
-1
2533
5464
8395
11326
14257
17188
20119
23050
25981
28912
31843
34774
37705
40636
43567
46498
49429
52360
55291
58222
61153
64084
67015
69946
72877
75808
78739
81670
84601
87532
90463
93394
96325
99256
-1
-1
-1
-1
-1
-1
-1
2704
5635
8566
11497
14428
17359
20290
23221
26152
29083
32014
34945
37876
40807
43738
46669
49600
52531
55462
58393
61324
64255
67186
70117
73048
75979
78910
81841
84772
87703
90634
93565
96496
99427
-1
-1
-1
-1
-1
-1
-1
2875
5806
8737
11668
14599
17530
20461
23392
26323
29254
32185
35116
38047
40978
43909
46840
49771
52702
55633
58564
61495
64426
67357
70288
73219
76150
79081
82012
84943
87874
90805
93736
96667
99598
-1
-1
-1
-1
-1
-1
115
3046
5977
8908
11839
14770
17701
20632
23563
26494
29425
32356
35287
38218
41149
44080
47011
49942
52873
55804
58735
61666
64597
67528
70459
73390
76321
79252
82183
85114
88045
90976
93907
96838
99769
-1
-1
-1
-1
-1
-1
286
3217
6148
9079
12010
14941
17872
20803
23734
26665
29596
32527
35458
38389
41320
44251
47182
50113
53044
55975
58906
61837
64768
67699
70630
73561
76492
79423
82354
85285
88216
91147
94078
97009
99940
-1
-1
-1
-1
-1
-1
457
3388
6319
9250
12181
15112
18043
20974
23905
26836
29767
32698
35629
38560
41491
44422
47353
50284
53215
56146
59077
62008
64939
67870
70801
73732
76663
79594
82525
85456
88387
91318
94249
97180
-1
-1
-1
-1
-1
-1
-1
628
3559
6490
9421
12352
15283
18214
21145
24076
27007
29938
32869
35800
38731
41662
44593
47524
50455
53386
56317
59248
62179
65110
68041
70972
73903
76834
79765
82696
85627
88558
91489
94420
97351
-1
-1
-1
-1
-1
-1
-1
799
3730
6661
9592
12523
15454
18385
21316
24247
27178
30109
33040
35971
38902
41833
44764
47695
50626
53557
56488
59419
62350
65281
68212
71143
74074
77005
79936
82867
85798
88729
91660
94591
97522
-1
-1
-1
-1
-1
-1
-1
970
3901
6832
9763
12694
15625
18556
21487
24418
27349
30280
33211
36142
39073
42004
44935
47866
50797
53728
56659
59590
62521
65452
68383
71314
74245
77176
80107
83038
85969
88900
91831
94762
97693
-1
-1
-1
-1
-1
-1
-1
1141
4072
7003
9934
12865
15796
18727
21658
24589
27520
30451
33382
36313
39244
42175
45106
48037
50968
53899
56830
59761
62692
65623
68554
71485
74416
77347
80278
83209
86140
89071
92002
94933
97864
-1
-1
-1
-1
-1
-1
-1
1312
4243
7174
10105
13036
15967
18898
21829
24760
27691
30622
33553
36484
39415
42346
45277
48208
51139
54070
57001
59932
62863
65794
68725
71656
74587
77518
80449
83380
86311
89242
92173
95104
98035
-1
-1
-1
-1
-1
-1
-1
1483
4414
7345
10276
13207
16138
19069
22000
24931
27862
30793
33724
36655
39586
42517
45448
48379
51310
54241
57172
60103
63034
65965
68896
71827
74758
77689
80620
83551
86482
89413
92344
95275
98206
-1
-1
-1
-1
-1
-1
-1
1654
4585
7516
10447
13378
16309
19240
22171
25102
28033
30964
33895
36826
39757
42688
45619
48550
51481
54412
57343
60274
63205
66136
69067
71998
74929
77860
80791
83722
86653
89584
92515
95446
98377
-1
-1
-1
-1
-1
-1
-1
1825
4756
7687
10618
13549
16480
19411
22342
25273
28204
31135
34066
36997
39928
42859
45790
48721
51652
54583
57514
60445
63376
66307
69238
72169
75100
78031
80962
83893
86824
89755
92686
95617
98548
-1
-1
-1
-1
-1
-1
-1
1996
4927
7858
10789
13720
16651
19582
22513
25444
28375
31306
34237
37168
40099
43030
45961
48892
51823
54754
57685
60616
63547
66478
69409
72340
75271
78202
81133
84064
86995
89926
92857
95788
98719
-1
-1
-1
-1
-1
-1
-1
2167
5098
8029
10960
13891
16822
19753
22684
25615
28546
31477
34408
37339
40270
43201
46132
49063
51994
54925
57856
60787
63718
66649
69580
72511
75442
78373
81304
84235
87166
90097
93028
95959
98890
-1
-1
-1
-1
-1
-1
-1
2338
5269
8200
11131
14062
16993
19924
22855
25786
28717
31648
34579
37510
40441
43372
46303
49234
52165
55096
58027
60958
63889
66820
69751
72682
75613
78544
81475
84406
87337
90268
93199
96130
99061
-1
-1
-1
-1
-1
-1
-1
2509
5440
8371
11302
14233
17164
20095
23026
25957
28888
31819
34750
37681
40612
43543
46474
49405
52336
55267
58198
61129
64060
66991
69922
72853
75784
78715
81646
84577
87508
90439
93370
96301
99232
-1
-1
-1
-1
-1
-1
-1
2680
5611
8542
11473
14404
17335
20266
23197
26128
29059
31990
34921
37852
40783
43714
46645
49576
52507
55438
58369
61300
64231
67162
70093
73024
75955
78886
81817
84748
87679
90610
93541
96472
99403
-1
-1
-1
-1
-1
-1
-1
2851
5782
8713
11644
14575
17506
20437
23368
26299
29230
32161
35092
38023
40954
43885
46816
49747
52678
55609
58540
61471
64402
67333
70264
73195
76126
79057
81988
84919
87850
90781
93712
96643
99574
-1
-1
-1
-1
-1
-1
91
3022
5953
8884
11815
14746
17677
20608
23539
26470
29401
32332
35263
38194
41125
44056
46987
49918
52849
55780
58711
61642
64573
67504
70435
73366
76297
79228
82159
85090
88021
90952
93883
96814
99745
-1
-1
-1
-1
-1
-1
262
3193
6124
9055
11986
14917
17848
20779
23710
26641
29572
32503
35434
38365
41296
44227
47158
50089
53020
55951
58882
61813
64744
67675
70606
73537
76468
79399
82330
85261
88192
91123
94054
96985
99916
-1
-1
-1
-1
-1
-1
433
3364
6295
9226
12157
15088
18019
20950
23881
26812
29743
32674
35605
38536
41467
44398
47329
50260
53191
56122
59053
61984
64915
67846
70777
73708
76639
79570
82501
85432
88363
91294
94225
97156
-1
-1
-1
-1
-1
-1
-1
604
3535
6466
9397
12328
15259
18190
21121
24052
26983
29914
32845
35776
38707
41638
44569
47500
50431
53362
56293
59224
62155
65086
68017
70948
73879
76810
79741
82672
85603
88534
91465
94396
97327
-1
-1
-1
-1
-1
-1
-1
775
3706
6637
9568
12499
15430
18361
21292
24223
27154
30085
33016
35947
38878
41809
44740
47671
50602
53533
56464
59395
62326
65257
68188
71119
74050
76981
79912
82843
85774
88705
91636
94567
97498
-1
-1
-1
-1
-1
-1
-1
946
3877
6808
9739
12670
15601
18532
21463
24394
27325
30256
33187
36118
39049
41980
44911
47842
50773
53704
56635
59566
62497
65428
68359
71290
74221
77152
80083
83014
85945
88876
91807
94738
97669
-1
-1
-1
-1
-1
-1
-1
1117
4048
6979
9910
12841
15772
18703
21634
24565
27496
30427
33358
36289
39220
42151
45082
48013
50944
53875
56806
59737
62668
65599
68530
71461
74392
77323
80254
83185
86116
89047
91978
94909
97840
-1
-1
-1
-1
-1
-1
-1
1288
4219
7150
10081
13012
15943
18874
21805
24736
27667
30598
33529
36460
39391
42322
45253
48184
51115
54046
56977
59908
62839
65770
68701
71632
74563
77494
80425
83356
86287
89218
92149
95080
98011
-1
-1
-1
-1
-1
-1
-1
1459
4390
7321
10252
13183
16114
19045
21976
24907
27838
30769
33700
36631
39562
42493
45424
48355
51286
54217
57148
60079
63010
65941
68872
71803
74734
77665
80596
83527
86458
89389
92320
95251
98182
-1
-1
-1
-1
-1
-1
-1
1630
4561
7492
10423
13354
16285
19216
22147
25078
28009
30940
33871
36802
39733
42664
45595
48526
51457
54388
57319
60250
63181
66112
69043
71974
74905
77836
80767
83698
86629
89560
92491
95422
98353
-1
-1
-1
-1
-1
-1
-1
1801
4732
7663
10594
13525
16456
19387
22318
25249
28180
31111
34042
36973
39904
42835
45766
48697
51628
54559
57490
60421
63352
66283
69214
72145
75076
78007
80938
83869
86800
89731
92662
95593
98524
-1
-1
-1
-1
-1
-1
-1
1972
4903
7834
10765
13696
16627
19558
22489
25420
28351
31282
34213
37144
40075
43006
45937
48868
51799
54730
57661
60592
63523
66454
69385
72316
75247
78178
81109
84040
86971
89902
92833
95764
98695
-1
-1
-1
-1
-1
-1
-1
2143
5074
8005
10936
13867
16798
19729
22660
25591
28522
31453
34384
37315
40246
43177
46108
49039
51970
54901
57832
60763
63694
66625
69556
72487
75418
78349
81280
84211
87142
90073
93004
95935
98866
-1
-1
-1
-1
-1
-1
-1
2314
5245
8176
11107
14038
16969
19900
22831
25762
28693
31624
34555
37486
40417
43348
46279
49210
52141
55072
58003
60934
63865
66796
69727
72658
75589
78520
81451
84382
87313
90244
93175
96106
99037
-1
-1
-1
-1
-1
-1
-1
2485
5416
8347
11278
14209
17140
20071
23002
25933
28864
31795
34726
37657
40588
43519
46450
49381
52312
55243
58174
61105
64036
66967
69898
72829
75760
78691
81622
84553
87484
90415
93346
96277
99208
-1
-1
-1
-1
-1
-1
-1
2656
5587
8518
11449
14380
17311
20242
23173
26104
29035
31966
34897
37828
40759
43690
46621
49552
52483
55414
58345
61276
64207
67138
70069
73000
75931
78862
81793
84724
87655
90586
93517
96448
99379
-1
-1
-1
-1
-1
-1
-1
2827
5758
8689
11620
14551
17482
20413
23344
26275
29206
32137
35068
37999
40930
43861
46792
49723
52654
55585
58516
61447
64378
67309
70240
73171
76102
79033
81964
84895
87826
90757
93688
96619
99550
-1
-1
-1
-1
-1
-1
67
2998
5929
8860
11791
14722
17653
20584
23515
26446
29377
32308
35239
38170
41101
44032
46963
49894
52825
55756
58687
61618
64549
67480
70411
73342
76273
79204
82135
85066
87997
90928
93859
96790
99721
-1
-1
-1
-1
-1
-1
238
3169
6100
9031
11962
14893
17824
20755
23686
26617
29548
32479
35410
38341
41272
44203
47134
50065
52996
55927
58858
61789
64720
67651
70582
73513
76444
79375
82306
85237
88168
91099
94030
96961
99892
-1
-1
-1
-1
-1
-1
409
3340
6271
9202
12133
15064
17995
20926
23857
26788
29719
32650
35581
38512
41443
44374
47305
50236
53167
56098
59029
61960
64891
67822
70753
73684
76615
79546
82477
85408
88339
91270
94201
97132
-1
-1
-1
-1
-1
-1
-1
580
3511
6442
9373
12304
15235
18166
21097
24028
26959
29890
32821
35752
38683
41614
44545
47476
50407
53338
56269
59200
62131
65062
67993
70924
73855
76786
79717
82648
85579
88510
91441
94372
97303
-1
-1
-1
-1
-1
-1
-1
751
3682
6613
9544
12475
15406
18337
21268
24199
27130
30061
32992
35923
38854
41785
44716
47647
50578
53509
56440
59371
62302
65233
68164
71095
74026
76957
79888
82819
85750
88681
91612
94543
97474
-1
-1
-1
-1
-1
-1
-1
922
3853
6784
9715
12646
15577
18508
21439
24370
27301
30232
33163
36094
39025
41956
44887
47818
50749
53680
56611
59542
62473
65404
68335
71266
74197
77128
80059
82990
85921
88852
91783
94714
97645
-1
-1
-1
-1
-1
-1
-1
1093
4024
6955
9886
12817
15748
18679
21610
24541
27472
30403
33334
36265
39196
42127
45058
47989
50920
53851
56782
59713
62644
65575
68506
71437
74368
77299
80230
83161
86092
89023
91954
94885
97816
-1
-1
-1
-1
-1
-1
-1
1264
4195
7126
10057
12988
15919
18850
21781
24712
27643
30574
33505
36436
39367
42298
45229
48160
51091
54022
56953
59884
62815
65746
68677
71608
74539
77470
80401
83332
86263
89194
92125
95056
97987
-1
-1
-1
-1
-1
-1
-1
1435
4366
7297
10228
13159
16090
19021
21952
24883
27814
30745
33676
36607
39538
42469
45400
48331
51262
54193
57124
60055
62986
65917
68848
71779
74710
77641
80572
83503
86434
89365
92296
95227
98158
-1
-1
-1
-1
-1
-1
-1
1606
4537
7468
10399
13330
16261
19192
22123
25054
27985
30916
33847
36778
39709
42640
45571
48502
51433
54364
57295
60226
63157
66088
69019
71950
74881
77812
80743
83674
86605
89536
92467
95398
98329
-1
-1
-1
-1
-1
-1
-1
1777
4708
7639
10570
13501
16432
19363
22294
25225
28156
31087
34018
36949
39880
42811
45742
48673
51604
54535
57466
60397
63328
66259
69190
72121
75052
77983
80914
83845
86776
89707
92638
95569
98500
-1
-1
-1
-1
-1
-1
-1
1948
4879
7810
10741
13672
16603
19534
22465
25396
28327
31258
34189
37120
40051
42982
45913
48844
51775
54706
57637
60568
63499
66430
69361
72292
75223
78154
81085
84016
86947
89878
92809
95740
98671
-1
-1
-1
-1
-1
-1
-1
2119
5050
7981
10912
13843
16774
19705
22636
25567
28498
31429
34360
37291
40222
43153
46084
49015
51946
54877
57808
60739
63670
66601
69532
72463
75394
78325
81256
84187
87118
90049
92980
95911
98842
-1
-1
-1
-1
-1
-1
-1
2290
5221
8152
11083
14014
16945
19876
22807
25738
28669
31600
34531
37462
40393
43324
46255
49186
52117
55048
57979
60910
63841
66772
69703
72634
75565
78496
81427
84358
87289
90220
93151
96082
99013
-1
-1
-1
-1
-1
-1
-1
2461
5392
8323
11254
14185
17116
20047
22978
25909
28840
31771
34702
37633
40564
43495
46426
49357
52288
55219
58150
61081
64012
66943
69874
72805
75736
78667
81598
84529
87460
90391
93322
96253
99184
-1
-1
-1
-1
-1
-1
-1
2632
5563
8494
11425
14356
17287
20218
23149
26080
29011
31942
34873
37804
40735
43666
46597
49528
52459
55390
58321
61252
64183
67114
70045
72976
75907
78838
81769
84700
87631
90562
93493
96424
99355
-1
-1
-1
-1
-1
-1
-1
2803
5734
8665
11596
14527
17458
20389
23320
26251
29182
32113
35044
37975
40906
43837
46768
49699
52630
55561
58492
61423
64354
67285
70216
73147
76078
79009
81940
84871
87802
90733
93664
96595
99526
-1
-1
-1
-1
-1
-1
43
2974
5905
8836
11767
14698
17629
20560
23491
26422
29353
32284
35215
38146
41077
44008
46939
49870
52801
55732
58663
61594
64525
67456
70387
73318
76249
79180
82111
85042
87973
90904
93835
96766
99697
-1
-1
-1
-1
-1
-1
214
3145
6076
9007
11938
14869
17800
20731
23662
26593
29524
32455
35386
38317
41248
44179
47110
50041
52972
55903
58834
61765
64696
67627
70558
73489
76420
79351
82282
85213
88144
91075
94006
96937
99868
-1
-1
-1
-1
-1
-1
385
3316
6247
9178
12109
15040
17971
20902
23833
26764
29695
32626
35557
38488
41419
44350
47281
50212
53143
56074
59005
61936
64867
67798
70729
73660
76591
79522
82453
85384
88315
91246
94177
97108
-1
-1
-1
-1
-1
-1
-1
556
3487
6418
9349
12280
15211
18142
21073
24004
26935
29866
32797
35728
38659
41590
44521
47452
50383
53314
56245
59176
62107
65038
67969
70900
73831
76762
79693
82624
85555
88486
91417
94348
97279
-1
-1
-1
-1
-1
-1
-1
727
3658
6589
9520
12451
15382
18313
21244
24175
27106
30037
32968
35899
38830
41761
44692
47623
50554
53485
56416
59347
62278
65209
68140
71071
74002
76933
79864
82795
85726
88657
91588
94519
97450
-1
-1
-1
-1
-1
-1
-1
898
3829
6760
9691
12622
15553
18484
21415
24346
27277
30208
33139
36070
39001
41932
44863
47794
50725
53656
56587
59518
62449
65380
68311
71242
74173
77104
80035
82966
85897
88828
91759
94690
97621
-1
-1
-1
-1
-1
-1
-1
1069
4000
6931
9862
12793
15724
18655
21586
24517
27448
30379
33310
36241
39172
42103
45034
47965
50896
53827
56758
59689
62620
65551
68482
71413
74344
77275
80206
83137
86068
88999
91930
94861
97792
-1
-1
-1
-1
-1
-1
-1
1240
4171
7102
10033
12964
15895
18826
21757
24688
27619
30550
33481
36412
39343
42274
45205
48136
51067
53998
56929
59860
62791
65722
68653
71584
74515
77446
80377
83308
86239
89170
92101
95032
97963
-1
-1
-1
-1
-1
-1
-1
1411
4342
7273
10204
13135
16066
18997
21928
24859
27790
30721
33652
36583
39514
42445
45376
48307
51238
54169
57100
60031
62962
65893
68824
71755
74686
77617
80548
83479
86410
89341
92272
95203
98134
-1
-1
-1
-1
-1
-1
-1
1582
4513
7444
10375
13306
16237
19168
22099
25030
27961
30892
33823
36754
39685
42616
45547
48478
51409
54340
57271
60202
63133
66064
68995
71926
74857
77788
80719
83650
86581
89512
92443
95374
98305
-1
-1
-1
-1
-1
-1
-1
1753
4684
7615
10546
13477
16408
19339
22270
25201
28132
31063
33994
36925
39856
42787
45718
48649
51580
54511
57442
60373
63304
66235
69166
72097
75028
77959
80890
83821
86752
89683
92614
95545
98476
-1
-1
-1
-1
-1
-1
-1
1924
4855
7786
10717
13648
16579
19510
22441
25372
28303
31234
34165
37096
40027
42958
45889
48820
51751
54682
57613
60544
63475
66406
69337
72268
75199
78130
81061
83992
86923
89854
92785
95716
98647
-1
-1
-1
-1
-1
-1
-1
2095
5026
7957
10888
13819
16750
19681
22612
25543
28474
31405
34336
37267
40198
43129
46060
48991
51922
54853
57784
60715
63646
66577
69508
72439
75370
78301
81232
84163
87094
90025
92956
95887
98818
-1
-1
-1
-1
-1
-1
-1
2266
5197
8128
11059
13990
16921
19852
22783
25714
28645
31576
34507
37438
40369
43300
46231
49162
52093
55024
57955
60886
63817
66748
69679
72610
75541
78472
81403
84334
87265
90196
93127
96058
98989
-1
-1
-1
-1
-1
-1
-1
2437
5368
8299
11230
14161
17092
20023
22954
25885
28816
31747
34678
37609
40540
43471
46402
49333
52264
55195
58126
61057
63988
66919
69850
72781
75712
78643
81574
84505
87436
90367
93298
96229
99160
-1
-1
-1
-1
-1
-1
-1
2608
5539
8470
11401
14332
17263
20194
23125
26056
28987
31918
34849
37780
40711
43642
46573
49504
52435
55366
58297
61228
64159
67090
70021
72952
75883
78814
81745
84676
87607
90538
93469
96400
99331
-1
-1
-1
-1
-1
-1
-1
2779
5710
8641
11572
14503
17434
20365
23296
26227
29158
32089
35020
37951
40882
43813
46744
49675
52606
55537
58468
61399
64330
67261
70192
73123
76054
78985
81916
84847
87778
90709
93640
96571
99502
-1
-1
-1
-1
-1
-1
19
2950
5881
8812
11743
14674
17605
20536
23467
26398
29329
32260
35191
38122
41053
43984
46915
49846
52777
55708
58639
61570
64501
67432
70363
73294
76225
79156
82087
85018
87949
90880
93811
96742
99673
-1
-1
-1
-1
-1
-1
190
3121
6052
8983
11914
14845
17776
20707
23638
26569
29500
32431
35362
38293
41224
44155
47086
50017
52948
55879
58810
61741
64672
67603
70534
73465
76396
79327
82258
85189
88120
91051
93982
96913
99844
-1
-1
-1
-1
-1
-1
361
3292
6223
9154
12085
15016
17947
20878
23809
26740
29671
32602
35533
38464
41395
44326
47257
50188
53119
56050
58981
61912
64843
67774
70705
73636
76567
79498
82429
85360
88291
91222
94153
97084
-1
-1
-1
-1
-1
-1
-1
532
3463
6394
9325
12256
15187
18118
21049
23980
26911
29842
32773
35704
38635
41566
44497
47428
50359
53290
56221
59152
62083
65014
67945
70876
73807
76738
79669
82600
85531
88462
91393
94324
97255
-1
-1
-1
-1
-1
-1
-1
703
3634
6565
9496
12427
15358
18289
21220
24151
27082
30013
32944
35875
38806
41737
44668
47599
50530
53461
56392
59323
62254
65185
68116
71047
73978
76909
79840
82771
85702
88633
91564
94495
97426
-1
-1
-1
-1
-1
-1
-1
874
3805
6736
9667
12598
15529
18460
21391
24322
27253
30184
33115
36046
38977
41908
44839
47770
50701
53632
56563
59494
62425
65356
68287
71218
74149
77080
80011
82942
85873
88804
91735
94666
97597
-1
-1
-1
-1
-1
-1
-1
1045
3976
6907
9838
12769
15700
18631
21562
24493
27424
30355
33286
36217
39148
42079
45010
47941
50872
53803
56734
59665
62596
65527
68458
71389
74320
77251
80182
83113
86044
88975
91906
94837
97768
-1
-1
-1
-1
-1
-1
-1
1216
4147
7078
10009
12940
15871
18802
21733
24664
27595
30526
33457
36388
39319
42250
45181
48112
51043
53974
56905
59836
62767
65698
68629
71560
74491
77422
80353
83284
86215
89146
92077
95008
97939
-1
-1
-1
-1
-1
-1
-1
1387
4318
7249
10180
13111
16042
18973
21904
24835
27766
30697
33628
36559
39490
42421
45352
48283
51214
54145
57076
60007
62938
65869
68800
71731
74662
77593
80524
83455
86386
89317
92248
95179
98110
-1
-1
-1
-1
-1
-1
-1
1558
4489
7420
10351
13282
16213
19144
22075
25006
27937
30868
33799
36730
39661
42592
45523
48454
51385
54316
57247
60178
63109
66040
68971
71902
74833
77764
80695
83626
86557
89488
92419
95350
98281
-1
-1
-1
-1
-1
-1
-1
1729
4660
7591
10522
13453
16384
19315
22246
25177
28108
31039
33970
36901
39832
42763
45694
48625
51556
54487
57418
60349
63280
66211
69142
72073
75004
77935
80866
83797
86728
89659
92590
95521
98452
-1
-1
-1
-1
-1
-1
-1
1900
4831
7762
10693
13624
16555
19486
22417
25348
28279
31210
34141
37072
40003
42934
45865
48796
51727
54658
57589
60520
63451
66382
69313
72244
75175
78106
81037
83968
86899
89830
92761
95692
98623
-1
-1
-1
-1
-1
-1
-1
2071
5002
7933
10864
13795
16726
19657
22588
25519
28450
31381
34312
37243
40174
43105
46036
48967
51898
54829
57760
60691
63622
66553
69484
72415
75346
78277
81208
84139
87070
90001
92932
95863
98794
-1
-1
-1
-1
-1
-1
-1
2242
5173
8104
11035
13966
16897
19828
22759
25690
28621
31552
34483
37414
40345
43276
46207
49138
52069
55000
57931
60862
63793
66724
69655
72586
75517
78448
81379
84310
87241
90172
93103
96034
98965
-1
-1
-1
-1
-1
-1
-1
2413
5344
8275
11206
14137
17068
19999
22930
25861
28792
31723
34654
37585
40516
43447
46378
49309
52240
55171
58102
61033
63964
66895
69826
72757
75688
78619
81550
84481
87412
90343
93274
96205
99136
-1
-1
-1
-1
-1
-1
-1
2584
5515
8446
11377
14308
17239
20170
23101
26032
28963
31894
34825
37756
40687
43618
46549
49480
52411
55342
58273
61204
64135
67066
69997
72928
75859
78790
81721
84652
87583
90514
93445
96376
99307
-1
-1
-1
-1
-1
-1
-1
2755
5686
8617
11548
14479
17410
20341
23272
26203
29134
32065
34996
37927
40858
43789
46720
49651
52582
55513
58444
61375
64306
67237
70168
73099
76030
78961
81892
84823
87754
90685
93616
96547
99478
-1
-1
-1
-1
-1
-1
-1
2926
5857
8788
11719
14650
17581
20512
23443
26374
29305
32236
35167
38098
41029
43960
46891
49822
52753
55684
58615
61546
64477
67408
70339
73270
76201
79132
82063
84994
87925
90856
93787
96718
99649
-1
-1
-1
-1
-1
-1
166
3097
6028
8959
11890
14821
17752
20683
23614
26545
29476
32407
35338
38269
41200
44131
47062
49993
52924
55855
58786
61717
64648
67579
70510
73441
76372
79303
82234
85165
88096
91027
93958
96889
99820
-1
-1
-1
-1
-1
-1
337
3268
6199
9130
12061
14992
17923
20854
23785
26716
29647
32578
35509
38440
41371
44302
47233
50164
53095
56026
58957
61888
64819
67750
70681
73612
76543
79474
82405
85336
88267
91198
94129
97060
99991
-1
-1
-1
-1
-1
-1
508
3439
6370
9301
12232
15163
18094
21025
23956
26887
29818
32749
35680
38611
41542
44473
47404
50335
53266
56197
59128
62059
64990
67921
70852
73783
76714
79645
82576
85507
88438
91369
94300
97231
-1
-1
-1
-1
-1
-1
-1
679
3610
6541
9472
12403
15334
18265
21196
24127
27058
29989
32920
35851
38782
41713
44644
47575
50506
53437
56368
59299
62230
65161
68092
71023
73954
76885
79816
82747
85678
88609
91540
94471
97402
-1
-1
-1
-1
-1
-1
-1
850
3781
6712
9643
12574
15505
18436
21367
24298
27229
30160
33091
36022
38953
41884
44815
47746
50677
53608
56539
59470
62401
65332
68263
71194
74125
77056
79987
82918
85849
88780
91711
94642
97573
-1
-1
-1
-1
-1
-1
-1
1021
3952
6883
9814
12745
15676
18607
21538
24469
27400
30331
33262
36193
39124
42055
44986
47917
50848
53779
56710
59641
62572
65503
68434
71365
74296
77227
80158
83089
86020
88951
91882
94813
97744
-1
-1
-1
-1
-1
-1
-1
1192
4123
7054
9985
12916
15847
18778
21709
24640
27571
30502
33433
36364
39295
42226
45157
48088
51019
53950
56881
59812
62743
65674
68605
71536
74467
77398
80329
83260
86191
89122
92053
94984
97915
-1
-1
-1
-1
-1
-1
-1
1363
4294
7225
10156
13087
16018
18949
21880
24811
27742
30673
33604
36535
39466
42397
45328
48259
51190
54121
57052
59983
62914
65845
68776
71707
74638
77569
80500
83431
86362
89293
92224
95155
98086
-1
-1
-1
-1
-1
-1
-1
1534
4465
7396
10327
13258
16189
19120
22051
24982
27913
30844
33775
36706
39637
42568
45499
48430
51361
54292
57223
60154
63085
66016
68947
71878
74809
77740
80671
83602
86533
89464
92395
95326
98257
-1
-1
-1
-1
-1
-1
-1
1705
4636
7567
10498
13429
16360
19291
22222
25153
28084
31015
33946
36877
39808
42739
45670
48601
51532
54463
57394
60325
63256
66187
69118
72049
74980
77911
80842
83773
86704
89635
92566
95497
98428
-1
-1
-1
-1
-1
-1
-1
1876
4807
7738
10669
13600
16531
19462
22393
25324
28255
31186
34117
37048
39979
42910
45841
48772
51703
54634
57565
60496
63427
66358
69289
72220
75151
78082
81013
83944
86875
89806
92737
95668
98599
-1
-1
-1
-1
-1
-1
-1
2047
4978
7909
10840
13771
16702
19633
22564
25495
28426
31357
34288
37219
40150
43081
46012
48943
51874
54805
57736
60667
63598
66529
69460
72391
75322
78253
81184
84115
87046
89977
92908
95839
98770
-1
-1
-1
-1
-1
-1
-1
2218
5149
8080
11011
13942
16873
19804
22735
25666
28597
31528
34459
37390
40321
43252
46183
49114
52045
54976
57907
60838
63769
66700
69631
72562
75493
78424
81355
84286
87217
90148
93079
96010
98941
-1
-1
-1
-1
-1
-1
-1
2389
5320
8251
11182
14113
17044
19975
22906
25837
28768
31699
34630
37561
40492
43423
46354
49285
52216
55147
58078
61009
63940
66871
69802
72733
75664
78595
81526
84457
87388
90319
93250
96181
99112
-1
-1
-1
-1
-1
-1
-1
2560
5491
8422
11353
14284
17215
20146
23077
26008
28939
31870
34801
37732
40663
43594
46525
49456
52387
55318
58249
61180
64111
67042
69973
72904
75835
78766
81697
84628
87559
90490
93421
96352
99283
-1
-1
-1
-1
-1
-1
-1
2731
5662
8593
11524
14455
17386
20317
23248
26179
29110
32041
34972
37903
40834
43765
46696
49627
52558
55489
58420
61351
64282
67213
70144
73075
76006
78937
81868
84799
87730
90661
93592
96523
99454
-1
-1
-1
-1
-1
-1
-1
2902
5833
8764
11695
14626
17557
20488
23419
26350
29281
32212
35143
38074
41005
43936
46867
49798
52729
55660
58591
61522
64453
67384
70315
73246
76177
79108
82039
84970
87901
90832
93763
96694
99625
-1
-1
-1
-1
-1
-1
142
3073
6004
8935
11866
14797
17728
20659
23590
26521
29452
32383
35314
38245
41176
44107
47038
49969
52900
55831
58762
61693
64624
67555
70486
73417
76348
79279
82210
85141
88072
91003
93934
96865
99796
-1
-1
-1
-1
-1
-1
313
3244
6175
9106
12037
14968
17899
20830
23761
26692
29623
32554
35485
38416
41347
44278
47209
50140
53071
56002
58933
61864
64795
67726
70657
73588
76519
79450
82381
85312
88243
91174
94105
97036
99967
-1
-1
-1
-1
-1
-1
484
3415
6346
9277
12208
15139
18070
21001
23932
26863
29794
32725
35656
38587
41518
44449
47380
50311
53242
56173
59104
62035
64966
67897
70828
73759
76690
79621
82552
85483
88414
91345
94276
97207
-1
-1
-1
-1
-1
-1
-1
655
3586
6517
9448
12379
15310
18241
21172
24103
27034
29965
32896
35827
38758
41689
44620
47551
50482
53413
56344
59275
62206
65137
68068
70999
73930
76861
79792
82723
85654
88585
91516
94447
97378
-1
-1
-1
-1
-1
-1
-1
826
3757
6688
9619
12550
15481
18412
21343
24274
27205
30136
33067
35998
38929
41860
44791
47722
50653
53584
56515
59446
62377
65308
68239
71170
74101
77032
79963
82894
85825
88756
91687
94618
97549
-1
-1
-1
-1
-1
-1
-1
997
3928
6859
9790
12721
15652
18583
21514
24445
27376
30307
33238
36169
39100
42031
44962
47893
50824
53755
56686
59617
62548
65479
68410
71341
74272
77203
80134
83065
85996
88927
91858
94789
97720
-1
-1
-1
-1
-1
-1
-1
1168
4099
7030
9961
12892
15823
18754
21685
24616
27547
30478
33409
36340
39271
42202
45133
48064
50995
53926
56857
59788
62719
65650
68581
71512
74443
77374
80305
83236
86167
89098
92029
94960
97891
-1
-1
-1
-1
-1
-1
-1
1339
4270
7201
10132
13063
15994
18925
21856
24787
27718
30649
33580
36511
39442
42373
45304
48235
51166
54097
57028
59959
62890
65821
68752
71683
74614
77545
80476
83407
86338
89269
92200
95131
98062
-1
-1
-1
-1
-1
-1
-1
1510
4441
7372
10303
13234
16165
19096
22027
24958
27889
30820
33751
36682
39613
42544
45475
48406
51337
54268
57199
60130
63061
65992
68923
71854
74785
77716
80647
83578
86509
89440
92371
95302
98233
-1
-1
-1
-1
-1
-1
-1
1681
4612
7543
10474
13405
16336
19267
22198
25129
28060
30991
33922
36853
39784
42715
45646
48577
51508
54439
57370
60301
63232
66163
69094
72025
74956
77887
80818
83749
86680
89611
92542
95473
98404
-1
-1
-1
-1
-1
-1
-1
1852
4783
7714
10645
13576
16507
19438
22369
25300
28231
31162
34093
37024
39955
42886
45817
48748
51679
54610
57541
60472
63403
66334
69265
72196
75127
78058
80989
83920
86851
89782
92713
95644
98575
-1
-1
-1
-1
-1
-1
-1
2023
4954
7885
10816
13747
16678
19609
22540
25471
28402
31333
34264
37195
40126
43057
45988
48919
51850
54781
57712
60643
63574
66505
69436
72367
75298
78229
81160
84091
87022
89953
92884
95815
98746
-1
-1
-1
-1
-1
-1
-1
2194
5125
8056
10987
13918
16849
19780
22711
25642
28573
31504
34435
37366
40297
43228
46159
49090
52021
54952
57883
60814
63745
66676
69607
72538
75469
78400
81331
84262
87193
90124
93055
95986
98917
-1
-1
-1
-1
-1
-1
-1
2365
5296
8227
11158
14089
17020
19951
22882
25813
28744
31675
34606
37537
40468
43399
46330
49261
52192
55123
58054
60985
63916
66847
69778
72709
75640
78571
81502
84433
87364
90295
93226
96157
99088
-1
-1
-1
-1
-1
-1
-1
2536
5467
8398
11329
14260
17191
20122
23053
25984
28915
31846
34777
37708
40639
43570
46501
49432
52363
55294
58225
61156
64087
67018
69949
72880
75811
78742
81673
84604
87535
90466
93397
96328
99259
-1
-1
-1
-1
-1
-1
-1
2707
5638
8569
11500
14431
17362
20293
23224
26155
29086
32017
34948
37879
40810
43741
46672
49603
52534
55465
58396
61327
64258
67189
70120
73051
75982
78913
81844
84775
87706
90637
93568
96499
99430
-1
-1
-1
-1
-1
-1
-1
2878
5809
8740
11671
14602
17533
20464
23395
26326
29257
32188
35119
38050
40981
43912
46843
49774
52705
55636
58567
61498
64429
67360
70291
73222
76153
79084
82015
84946
87877
90808
93739
96670
99601
-1
-1
-1
-1
-1
-1
118
3049
5980
8911
11842
14773
17704
20635
23566
26497
29428
32359
35290
38221
41152
44083
47014
49945
52876
55807
58738
61669
64600
67531
70462
73393
76324
79255
82186
85117
88048
90979
93910
96841
99772
-1
-1
-1
-1
-1
-1
289
3220
6151
9082
12013
14944
17875
20806
23737
26668
29599
32530
35461
38392
41323
44254
47185
50116
53047
55978
58909
61840
64771
67702
70633
73564
76495
79426
82357
85288
88219
91150
94081
97012
99943
-1
-1
-1
-1
-1
-1
460
3391
6322
9253
12184
15115
18046
20977
23908
26839
29770
32701
35632
38563
41494
44425
47356
50287
53218
56149
59080
62011
64942
67873
70804
73735
76666
79597
82528
85459
88390
91321
94252
97183
-1
-1
-1
-1
-1
-1
-1
631
3562
6493
9424
12355
15286
18217
21148
24079
27010
29941
32872
35803
38734
41665
44596
47527
50458
53389
56320
59251
62182
65113
68044
70975
73906
76837
79768
82699
85630
88561
91492
94423
97354
-1
-1
-1
-1
-1
-1
-1
802
3733
6664
9595
12526
15457
18388
21319
24250
27181
30112
33043
35974
38905
41836
44767
47698
50629
53560
56491
59422
62353
65284
68215
71146
74077
77008
79939
82870
85801
88732
91663
94594
97525
-1
-1
-1
-1
-1
-1
-1
973
3904
6835
9766
12697
15628
18559
21490
24421
27352
30283
33214
36145
39076
42007
44938
47869
50800
53731
56662
59593
62524
65455
68386
71317
74248
77179
80110
83041
85972
88903
91834
94765
97696
-1
-1
-1
-1
-1
-1
-1
1144
4075
7006
9937
12868
15799
18730
21661
24592
27523
30454
33385
36316
39247
42178
45109
48040
50971
53902
56833
59764
62695
65626
68557
71488
74419
77350
80281
83212
86143
89074
92005
94936
97867
-1
-1
-1
-1
-1
-1
-1
1315
4246
7177
10108
13039
15970
18901
21832
24763
27694
30625
33556
36487
39418
42349
45280
48211
51142
54073
57004
59935
62866
65797
68728
71659
74590
77521
80452
83383
86314
89245
92176
95107
98038
-1
-1
-1
-1
-1
-1
-1
1486
4417
7348
10279
13210
16141
19072
22003
24934
27865
30796
33727
36658
39589
42520
45451
48382
51313
54244
57175
60106
63037
65968
68899
71830
74761
77692
80623
83554
86485
89416
92347
95278
98209
-1
-1
-1
-1
-1
-1
-1
1657
4588
7519
10450
13381
16312
19243
22174
25105
28036
30967
33898
36829
39760
42691
45622
48553
51484
54415
57346
60277
63208
66139
69070
72001
74932
77863
80794
83725
86656
89587
92518
95449
98380
-1
-1
-1
-1
-1
-1
-1
1828
4759
7690
10621
13552
16483
19414
22345
25276
28207
31138
34069
37000
39931
42862
45793
48724
51655
54586
57517
60448
63379
66310
69241
72172
75103
78034
80965
83896
86827
89758
92689
95620
98551
-1
-1
-1
-1
-1
-1
-1
1999
4930
7861
10792
13723
16654
19585
22516
25447
28378
31309
34240
37171
40102
43033
45964
48895
51826
54757
57688
60619
63550
66481
69412
72343
75274
78205
81136
84067
86998
89929
92860
95791
98722
-1
-1
-1
-1
-1
-1
-1
2170
5101
8032
10963
13894
16825
19756
22687
25618
28549
31480
34411
37342
40273
43204
46135
49066
51997
54928
57859
60790
63721
66652
69583
72514
75445
78376
81307
84238
87169
90100
93031
95962
98893
-1
-1
-1
-1
-1
-1
-1
2341
5272
8203
11134
14065
16996
19927
22858
25789
28720
31651
34582
37513
40444
43375
46306
49237
52168
55099
58030
60961
63892
66823
69754
72685
75616
78547
81478
84409
87340
90271
93202
96133
99064
-1
-1
-1
-1
-1
-1
-1
2512
5443
8374
11305
14236
17167
20098
23029
25960
28891
31822
34753
37684
40615
43546
46477
49408
52339
55270
58201
61132
64063
66994
69925
72856
75787
78718
81649
84580
87511
90442
93373
96304
99235
-1
-1
-1
-1
-1
-1
-1
2683
5614
8545
11476
14407
17338
20269
23200
26131
29062
31993
34924
37855
40786
43717
46648
49579
52510
55441
58372
61303
64234
67165
70096
73027
75958
78889
81820
84751
87682
90613
93544
96475
99406
-1
-1
-1
-1
-1
-1
-1
2854
5785
8716
11647
14578
17509
20440
23371
26302
29233
32164
35095
38026
40957
43888
46819
49750
52681
55612
58543
61474
64405
67336
70267
73198
76129
79060
81991
84922
87853
90784
93715
96646
99577
-1
-1
-1
-1
-1
-1
94
3025
5956
8887
11818
14749
17680
20611
23542
26473
29404
32335
35266
38197
41128
44059
46990
49921
52852
55783
58714
61645
64576
67507
70438
73369
76300
79231
82162
85093
88024
90955
93886
96817
99748
-1
-1
-1
-1
-1
-1
265
3196
6127
9058
11989
14920
17851
20782
23713
26644
29575
32506
35437
38368
41299
44230
47161
50092
53023
55954
58885
61816
64747
67678
70609
73540
76471
79402
82333
85264
88195
91126
94057
96988
99919
-1
-1
-1
-1
-1
-1
436
3367
6298
9229
12160
15091
18022
20953
23884
26815
29746
32677
35608
38539
41470
44401
47332
50263
53194
56125
59056
61987
64918
67849
70780
73711
76642
79573
82504
85435
88366
91297
94228
97159
-1
-1
-1
-1
-1
-1
-1
607
3538
6469
9400
12331
15262
18193
21124
24055
26986
29917
32848
35779
38710
41641
44572
47503
50434
53365
56296
59227
62158
65089
68020
70951
73882
76813
79744
82675
85606
88537
91468
94399
97330
-1
-1
-1
-1
-1
-1
-1
778
3709
6640
9571
12502
15433
18364
21295
24226
27157
30088
33019
35950
38881
41812
44743
47674
50605
53536
56467
59398
62329
65260
68191
71122
74053
76984
79915
82846
85777
88708
91639
94570
97501
-1
-1
-1
-1
-1
-1
-1
949
3880
6811
9742
12673
15604
18535
21466
24397
27328
30259
33190
36121
39052
41983
44914
47845
50776
53707
56638
59569
62500
65431
68362
71293
74224
77155
80086
83017
85948
88879
91810
94741
97672
-1
-1
-1
-1
-1
-1
-1
1120
4051
6982
9913
12844
15775
18706
21637
24568
27499
30430
33361
36292
39223
42154
45085
48016
50947
53878
56809
59740
62671
65602
68533
71464
74395
77326
80257
83188
86119
89050
91981
94912
97843
-1
-1
-1
-1
-1
-1
-1
1291
4222
7153
10084
13015
15946
18877
21808
24739
27670
30601
33532
36463
39394
42325
45256
48187
51118
54049
56980
59911
62842
65773
68704
71635
74566
77497
80428
83359
86290
89221
92152
95083
98014
-1
-1
-1
-1
-1
-1
-1
1462
4393
7324
10255
13186
16117
19048
21979
24910
27841
30772
33703
36634
39565
42496
45427
48358
51289
54220
57151
60082
63013
65944
68875
71806
74737
77668
80599
83530
86461
89392
92323
95254
98185
-1
-1
-1
-1
-1
-1
-1
1633
4564
7495
10426
13357
16288
19219
22150
25081
28012
30943
33874
36805
39736
42667
45598
48529
51460
54391
57322
60253
63184
66115
69046
71977
74908
77839
80770
83701
86632
89563
92494
95425
98356
-1
-1
-1
-1
-1
-1
-1
1804
4735
7666
10597
13528
16459
19390
22321
25252
28183
31114
34045
36976
39907
42838
45769
48700
51631
54562
57493
60424
63355
66286
69217
72148
75079
78010
80941
83872
86803
89734
92665
95596
98527
-1
-1
-1
-1
-1
-1
-1
1975
4906
7837
10768
13699
16630
19561
22492
25423
28354
31285
34216
37147
40078
43009
45940
48871
51802
54733
57664
60595
63526
66457
69388
72319
75250
78181
81112
84043
86974
89905
92836
95767
98698
-1
-1
-1
-1
-1
-1
-1
2146
5077
8008
10939
13870
16801
19732
22663
25594
28525
31456
34387
37318
40249
43180
46111
49042
51973
54904
57835
60766
63697
66628
69559
72490
75421
78352
81283
84214
87145
90076
93007
95938
98869
-1
-1
-1
-1
-1
-1
-1
2317
5248
8179
11110
14041
16972
19903
22834
25765
28696
31627
34558
37489
40420
43351
46282
49213
52144
55075
58006
60937
63868
66799
69730
72661
75592
78523
81454
84385
87316
90247
93178
96109
99040
-1
-1
-1
-1
-1
-1
-1
2488
5419
8350
11281
14212
17143
20074
23005
25936
28867
31798
34729
37660
40591
43522
46453
49384
52315
55246
58177
61108
64039
66970
69901
72832
75763
78694
81625
84556
87487
90418
93349
96280
99211
-1
-1
-1
-1
-1
-1
-1
2659
5590
8521
11452
14383
17314
20245
23176
26107
29038
31969
34900
37831
40762
43693
46624
49555
52486
55417
58348
61279
64210
67141
70072
73003
75934
78865
81796
84727
87658
90589
93520
96451
99382
-1
-1
-1
-1
-1
-1
-1
2830
5761
8692
11623
14554
17485
20416
23347
26278
29209
32140
35071
38002
40933
43864
46795
49726
52657
55588
58519
61450
64381
67312
70243
73174
76105
79036
81967
84898
87829
90760
93691
96622
99553
-1
-1
-1
-1
-1
-1
70
3001
5932
8863
11794
14725
17656
20587
23518
26449
29380
32311
35242
38173
41104
44035
46966
49897
52828
55759
58690
61621
64552
67483
70414
73345
76276
79207
82138
85069
88000
90931
93862
96793
99724
-1
-1
-1
-1
-1
-1
241
3172
6103
9034
11965
14896
17827
20758
23689
26620
29551
32482
35413
38344
41275
44206
47137
50068
52999
55930
58861
61792
64723
67654
70585
73516
76447
79378
82309
85240
88171
91102
94033
96964
99895
-1
-1
-1
-1
-1
-1
412
3343
6274
9205
12136
15067
17998
20929
23860
26791
29722
32653
35584
38515
41446
44377
47308
50239
53170
56101
59032
61963
64894
67825
70756
73687
76618
79549
82480
85411
88342
91273
94204
97135
-1
-1
-1
-1
-1
-1
-1
583
3514
6445
9376
12307
15238
18169
21100
24031
26962
29893
32824
35755
38686
41617
44548
47479
50410
53341
56272
59203
62134
65065
67996
70927
73858
76789
79720
82651
85582
88513
91444
94375
97306
-1
-1
-1
-1
-1
-1
-1
754
3685
6616
9547
12478
15409
18340
21271
24202
27133
30064
32995
35926
38857
41788
44719
47650
50581
53512
56443
59374
62305
65236
68167
71098
74029
76960
79891
82822
85753
88684
91615
94546
97477
-1
-1
-1
-1
-1
-1
-1
925
3856
6787
9718
12649
15580
18511
21442
24373
27304
30235
33166
36097
39028
41959
44890
47821
50752
53683
56614
59545
62476
65407
68338
71269
74200
77131
80062
82993
85924
88855
91786
94717
97648
-1
-1
-1
-1
-1
-1
-1
1096
4027
6958
9889
12820
15751
18682
21613
24544
27475
30406
33337
36268
39199
42130
45061
47992
50923
53854
56785
59716
62647
65578
68509
71440
74371
77302
80233
83164
86095
89026
91957
94888
97819
-1
-1
-1
-1
-1
-1
-1
1267
4198
7129
10060
12991
15922
18853
21784
24715
27646
30577
33508
36439
39370
42301
45232
48163
51094
54025
56956
59887
62818
65749
68680
71611
74542
77473
80404
83335
86266
89197
92128
95059
97990
-1
-1
-1
-1
-1
-1
-1
1438
4369
7300
10231
13162
16093
19024
21955
24886
27817
30748
33679
36610
39541
42472
45403
48334
51265
54196
57127
60058
62989
65920
68851
71782
74713
77644
80575
83506
86437
89368
92299
95230
98161
-1
-1
-1
-1
-1
-1
-1
1609
4540
7471
10402
13333
16264
19195
22126
25057
27988
30919
33850
36781
39712
42643
45574
48505
51436
54367
57298
60229
63160
66091
69022
71953
74884
77815
80746
83677
86608
89539
92470
95401
98332
-1
-1
-1
-1
-1
-1
-1
1780
4711
7642
10573
13504
16435
19366
22297
25228
28159
31090
34021
36952
39883
42814
45745
48676
51607
54538
57469
60400
63331
66262
69193
72124
75055
77986
80917
83848
86779
89710
92641
95572
98503
-1
-1
-1
-1
-1
-1
-1
1951
4882
7813
10744
13675
16606
19537
22468
25399
28330
31261
34192
37123
40054
42985
45916
48847
51778
54709
57640
60571
63502
66433
69364
72295
75226
78157
81088
84019
86950
89881
92812
95743
98674
-1
-1
-1
-1
-1
-1
-1
2122
5053
7984
10915
13846
16777
19708
22639
25570
28501
31432
34363
37294
40225
43156
46087
49018
51949
54880
57811
60742
63673
66604
69535
72466
75397
78328
81259
84190
87121
90052
92983
95914
98845
-1
-1
-1
-1
-1
-1
-1
2293
5224
8155
11086
14017
16948
19879
22810
25741
28672
31603
34534
37465
40396
43327
46258
49189
52120
55051
57982
60913
63844
66775
69706
72637
75568
78499
81430
84361
87292
90223
93154
96085
99016
-1
-1
-1
-1
-1
-1
-1
2464
5395
8326
11257
14188
17119
20050
22981
25912
28843
31774
34705
37636
40567
43498
46429
49360
52291
55222
58153
61084
64015
66946
69877
72808
75739
78670
81601
84532
87463
90394
93325
96256
99187
-1
-1
-1
-1
-1
-1
-1
2635
5566
8497
11428
14359
17290
20221
23152
26083
29014
31945
34876
37807
40738
43669
46600
49531
52462
55393
58324
61255
64186
67117
70048
72979
75910
78841
81772
84703
87634
90565
93496
96427
99358
-1
-1
-1
-1
-1
-1
-1
2806
5737
8668
11599
14530
17461
20392
23323
26254
29185
32116
35047
37978
40909
43840
46771
49702
52633
55564
58495
61426
64357
67288
70219
73150
76081
79012
81943
84874
87805
90736
93667
96598
99529
-1
-1
-1
-1
-1
-1
46
2977
5908
8839
11770
14701
17632
20563
23494
26425
29356
32287
35218
38149
41080
44011
46942
49873
52804
55735
58666
61597
64528
67459
70390
73321
76252
79183
82114
85045
87976
90907
93838
96769
99700
-1
-1
-1
-1
-1
-1
217
3148
6079
9010
11941
14872
17803
20734
23665
26596
29527
32458
35389
38320
41251
44182
47113
50044
52975
55906
58837
61768
64699
67630
70561
73492
76423
79354
82285
85216
88147
91078
94009
96940
99871
-1
-1
-1
-1
-1
-1
388
3319
6250
9181
12112
15043
17974
20905
23836
26767
29698
32629
35560
38491
41422
44353
47284
50215
53146
56077
59008
61939
64870
67801
70732
73663
76594
79525
82456
85387
88318
91249
94180
97111
-1
-1
-1
-1
-1
-1
-1
559
3490
6421
9352
12283
15214
18145
21076
24007
26938
29869
32800
35731
38662
41593
44524
47455
50386
53317
56248
59179
62110
65041
67972
70903
73834
76765
79696
82627
85558
88489
91420
94351
97282
-1
-1
-1
-1
-1
-1
-1
730
3661
6592
9523
12454
15385
18316
21247
24178
27109
30040
32971
35902
38833
41764
44695
47626
50557
53488
56419
59350
62281
65212
68143
71074
74005
76936
79867
82798
85729
88660
91591
94522
97453
-1
-1
-1
-1
-1
-1
-1
901
3832
6763
9694
12625
15556
18487
21418
24349
27280
30211
33142
36073
39004
41935
44866
47797
50728
53659
56590
59521
62452
65383
68314
71245
74176
77107
80038
82969
85900
88831
91762
94693
97624
-1
-1
-1
-1
-1
-1
-1
1072
4003
6934
9865
12796
15727
18658
21589
24520
27451
30382
33313
36244
39175
42106
45037
47968
50899
53830
56761
59692
62623
65554
68485
71416
74347
77278
80209
83140
86071
89002
91933
94864
97795
-1
-1
-1
-1
-1
-1
-1
1243
4174
7105
10036
12967
15898
18829
21760
24691
27622
30553
33484
36415
39346
42277
45208
48139
51070
54001
56932
59863
62794
65725
68656
71587
74518
77449
80380
83311
86242
89173
92104
95035
97966
-1
-1
-1
-1
-1
-1
-1
1414
4345
7276
10207
13138
16069
19000
21931
24862
27793
30724
33655
36586
39517
42448
45379
48310
51241
54172
57103
60034
62965
65896
68827
71758
74689
77620
80551
83482
86413
89344
92275
95206
98137
-1
-1
-1
-1
-1
-1
-1
1585
4516
7447
10378
13309
16240
19171
22102
25033
27964
30895
33826
36757
39688
42619
45550
48481
51412
54343
57274
60205
63136
66067
68998
71929
74860
77791
80722
83653
86584
89515
92446
95377
98308
-1
-1
-1
-1
-1
-1
-1
1756
4687
7618
10549
13480
16411
19342
22273
25204
28135
31066
33997
36928
39859
42790
45721
48652
51583
54514
57445
60376
63307
66238
69169
72100
75031
77962
80893
83824
86755
89686
92617
95548
98479
-1
-1
-1
-1
-1
-1
-1
1927
4858
7789
10720
13651
16582
19513
22444
25375
28306
31237
34168
37099
40030
42961
45892
48823
51754
54685
57616
60547
63478
66409
69340
72271
75202
78133
81064
83995
86926
89857
92788
95719
98650
-1
-1
-1
-1
-1
-1
-1
2098
5029
7960
10891
13822
16753
19684
22615
25546
28477
31408
34339
37270
40201
43132
46063
48994
51925
54856
57787
60718
63649
66580
69511
72442
75373
78304
81235
84166
87097
90028
92959
95890
98821
-1
-1
-1
-1
-1
-1
-1
2269
5200
8131
11062
13993
16924
19855
22786
25717
28648
31579
34510
37441
40372
43303
46234
49165
52096
55027
57958
60889
63820
66751
69682
72613
75544
78475
81406
84337
87268
90199
93130
96061
98992
-1
-1
-1
-1
-1
-1
-1
2440
5371
8302
11233
14164
17095
20026
22957
25888
28819
31750
34681
37612
40543
43474
46405
49336
52267
55198
58129
61060
63991
66922
69853
72784
75715
78646
81577
84508
87439
90370
93301
96232
99163
-1
-1
-1
-1
-1
-1
-1
2611
5542
8473
11404
14335
17266
20197
23128
26059
28990
31921
34852
37783
40714
43645
46576
49507
52438
55369
58300
61231
64162
67093
70024
72955
75886
78817
81748
84679
87610
90541
93472
96403
99334
-1
-1
-1
-1
-1
-1
-1
2782
5713
8644
11575
14506
17437
20368
23299
26230
29161
32092
35023
37954
40885
43816
46747
49678
52609
55540
58471
61402
64333
67264
70195
73126
76057
78988
81919
84850
87781
90712
93643
96574
99505
-1
-1
-1
-1
-1
-1
22
2953
5884
8815
11746
14677
17608
20539
23470
26401
29332
32263
35194
38125
41056
43987
46918
49849
52780
55711
58642
61573
64504
67435
70366
73297
76228
79159
82090
85021
87952
90883
93814
96745
99676
-1
-1
-1
-1
-1
-1
193
3124
6055
8986
11917
14848
17779
20710
23641
26572
29503
32434
35365
38296
41227
44158
47089
50020
52951
55882
58813
61744
64675
67606
70537
73468
76399
79330
82261
85192
88123
91054
93985
96916
99847
-1
-1
-1
-1
-1
-1
364
3295
6226
9157
12088
15019
17950
20881
23812
26743
29674
32605
35536
38467
41398
44329
47260
50191
53122
56053
58984
61915
64846
67777
70708
73639
76570
79501
82432
85363
88294
91225
94156
97087
-1
-1
-1
-1
-1
-1
-1
535
3466
6397
9328
12259
15190
18121
21052
23983
26914
29845
32776
35707
38638
41569
44500
47431
50362
53293
56224
59155
62086
65017
67948
70879
73810
76741
79672
82603
85534
88465
91396
94327
97258
-1
-1
-1
-1
-1
-1
-1
706
3637
6568
9499
12430
15361
18292
21223
24154
27085
30016
32947
35878
38809
41740
44671
47602
50533
53464
56395
59326
62257
65188
68119
71050
73981
76912
79843
82774
85705
88636
91567
94498
97429
-1
-1
-1
-1
-1
-1
-1
877
3808
6739
9670
12601
15532
18463
21394
24325
27256
30187
33118
36049
38980
41911
44842
47773
50704
53635
56566
59497
62428
65359
68290
71221
74152
77083
80014
82945
85876
88807
91738
94669
97600
-1
-1
-1
-1
-1
-1
-1
1048
3979
6910
9841
12772
15703
18634
21565
24496
27427
30358
33289
36220
39151
42082
45013
47944
50875
53806
56737
59668
62599
65530
68461
71392
74323
77254
80185
83116
86047
88978
91909
94840
97771
-1
-1
-1
-1
-1
-1
-1
1219
4150
7081
10012
12943
15874
18805
21736
24667
27598
30529
33460
36391
39322
42253
45184
48115
51046
53977
56908
59839
62770
65701
68632
71563
74494
77425
80356
83287
86218
89149
92080
95011
97942
-1
-1
-1
-1
-1
-1
-1
1390
4321
7252
10183
13114
16045
18976
21907
24838
27769
30700
33631
36562
39493
42424
45355
48286
51217
54148
57079
60010
62941
65872
68803
71734
74665
77596
80527
83458
86389
89320
92251
95182
98113
-1
-1
-1
-1
-1
-1
-1
1561
4492
7423
10354
13285
16216
19147
22078
25009
27940
30871
33802
36733
39664
42595
45526
48457
51388
54319
57250
60181
63112
66043
68974
71905
74836
77767
80698
83629
86560
89491
92422
95353
98284
-1
-1
-1
-1
-1
-1
-1
1732
4663
7594
10525
13456
16387
19318
22249
25180
28111
31042
33973
36904
39835
42766
45697
48628
51559
54490
57421
60352
63283
66214
69145
72076
75007
77938
80869
83800
86731
89662
92593
95524
98455
-1
-1
-1
-1
-1
-1
-1
1903
4834
7765
10696
13627
16558
19489
22420
25351
28282
31213
34144
37075
40006
42937
45868
48799
51730
54661
57592
60523
63454
66385
69316
72247
75178
78109
81040
83971
86902
89833
92764
95695
98626
-1
-1
-1
-1
-1
-1
-1
2074
5005
7936
10867
13798
16729
19660
22591
25522
28453
31384
34315
37246
40177
43108
46039
48970
51901
54832
57763
60694
63625
66556
69487
72418
75349
78280
81211
84142
87073
90004
92935
95866
98797
-1
-1
-1
-1
-1
-1
-1
2245
5176
8107
11038
13969
16900
19831
22762
25693
28624
31555
34486
37417
40348
43279
46210
49141
52072
55003
57934
60865
63796
66727
69658
72589
75520
78451
81382
84313
87244
90175
93106
96037
98968
-1
-1
-1
-1
-1
-1
-1
2416
5347
8278
11209
14140
17071
20002
22933
25864
28795
31726
34657
37588
40519
43450
46381
49312
52243
55174
58105
61036
63967
66898
69829
72760
75691
78622
81553
84484
87415
90346
93277
96208
99139
-1
-1
-1
-1
-1
-1
-1
2587
5518
8449
11380
14311
17242
20173
23104
26035
28966
31897
34828
37759
40690
43621
46552
49483
52414
55345
58276
61207
64138
67069
70000
72931
75862
78793
81724
84655
87586
90517
93448
96379
99310
-1
-1
-1
-1
-1
-1
-1
2758
5689
8620
11551
14482
17413
20344
23275
26206
29137
32068
34999
37930
40861
43792
46723
49654
52585
55516
58447
61378
64309
67240
70171
73102
76033
78964
81895
84826
87757
90688
93619
96550
99481
-1
-1
-1
-1
-1
-1
-1
2929
5860
8791
11722
14653
17584
20515
23446
26377
29308
32239
35170
38101
41032
43963
46894
49825
52756
55687
58618
61549
64480
67411
70342
73273
76204
79135
82066
84997
87928
90859
93790
96721
99652
-1
-1
-1
-1
-1
-1
169
3100
6031
8962
11893
14824
17755
20686
23617
26548
29479
32410
35341
38272
41203
44134
47065
49996
52927
55858
58789
61720
64651
67582
70513
73444
76375
79306
82237
85168
88099
91030
93961
96892
99823
-1
-1
-1
-1
-1
-1
340
3271
6202
9133
12064
14995
17926
20857
23788
26719
29650
32581
35512
38443
41374
44305
47236
50167
53098
56029
58960
61891
64822
67753
70684
73615
76546
79477
82408
85339
88270
91201
94132
97063
99994
-1
-1
-1
-1
-1
-1
511
3442
6373
9304
12235
15166
18097
21028
23959
26890
29821
32752
35683
38614
41545
44476
47407
50338
53269
56200
59131
62062
64993
67924
70855
73786
76717
79648
82579
85510
88441
91372
94303
97234
-1
-1
-1
-1
-1
-1
-1
682
3613
6544
9475
12406
15337
18268
21199
24130
27061
29992
32923
35854
38785
41716
44647
47578
50509
53440
56371
59302
62233
65164
68095
71026
73957
76888
79819
82750
85681
88612
91543
94474
97405
-1
-1
-1
-1
-1
-1
-1
853
3784
6715
9646
12577
15508
18439
21370
24301
27232
30163
33094
36025
38956
41887
44818
47749
50680
53611
56542
59473
62404
65335
68266
71197
74128
77059
79990
82921
85852
88783
91714
94645
97576
-1
-1
-1
-1
-1
-1
-1
1024
3955
6886
9817
12748
15679
18610
21541
24472
27403
30334
33265
36196
39127
42058
44989
47920
50851
53782
56713
59644
62575
65506
68437
71368
74299
77230
80161
83092
86023
88954
91885
94816
97747
-1
-1
-1
-1
-1
-1
-1
1195
4126
7057
9988
12919
15850
18781
21712
24643
27574
30505
33436
36367
39298
42229
45160
48091
51022
53953
56884
59815
62746
65677
68608
71539
74470
77401
80332
83263
86194
89125
92056
94987
97918
-1
-1
-1
-1
-1
-1
-1
1366
4297
7228
10159
13090
16021
18952
21883
24814
27745
30676
33607
36538
39469
42400
45331
48262
51193
54124
57055
59986
62917
65848
68779
71710
74641
77572
80503
83434
86365
89296
92227
95158
98089
-1
-1
-1
-1
-1
-1
-1
1537
4468
7399
10330
13261
16192
19123
22054
24985
27916
30847
33778
36709
39640
42571
45502
48433
51364
54295
57226
60157
63088
66019
68950
71881
74812
77743
80674
83605
86536
89467
92398
95329
98260
-1
-1
-1
-1
-1
-1
-1
1708
4639
7570
10501
13432
16363
19294
22225
25156
28087
31018
33949
36880
39811
42742
45673
48604
51535
54466
57397
60328
63259
66190
69121
72052
74983
77914
80845
83776
86707
89638
92569
95500
98431
-1
-1
-1
-1
-1
-1
-1
1879
4810
7741
10672
13603
16534
19465
22396
25327
28258
31189
34120
37051
39982
42913
45844
48775
51706
54637
57568
60499
63430
66361
69292
72223
75154
78085
81016
83947
86878
89809
92740
95671
98602
-1
-1
-1
-1
-1
-1
-1
2050
4981
7912
10843
13774
16705
19636
22567
25498
28429
31360
34291
37222
40153
43084
46015
48946
51877
54808
57739
60670
63601
66532
69463
72394
75325
78256
81187
84118
87049
89980
92911
95842
98773
-1
-1
-1
-1
-1
-1
-1
2221
5152
8083
11014
13945
16876
19807
22738
25669
28600
31531
34462
37393
40324
43255
46186
49117
52048
54979
57910
60841
63772
66703
69634
72565
75496
78427
81358
84289
87220
90151
93082
96013
98944
-1
-1
-1
-1
-1
-1
-1
2392
5323
8254
11185
14116
17047
19978
22909
25840
28771
31702
34633
37564
40495
43426
46357
49288
52219
55150
58081
61012
63943
66874
69805
72736
75667
78598
81529
84460
87391
90322
93253
96184
99115
-1
-1
-1
-1
-1
-1
-1
2563
5494
8425
11356
14287
17218
20149
23080
26011
28942
31873
34804
37735
40666
43597
46528
49459
52390
55321
58252
61183
64114
67045
69976
72907
75838
78769
81700
84631
87562
90493
93424
96355
99286
-1
-1
-1
-1
-1
-1
-1
2734
5665
8596
11527
14458
17389
20320
23251
26182
29113
32044
34975
37906
40837
43768
46699
49630
52561
55492
58423
61354
64285
67216
70147
73078
76009
78940
81871
84802
87733
90664
93595
96526
99457
-1
-1
-1
-1
-1
-1
-1
2905
5836
8767
11698
14629
17560
20491
23422
26353
29284
32215
35146
38077
41008
43939
46870
49801
52732
55663
58594
61525
64456
67387
70318
73249
76180
79111
82042
84973
87904
90835
93766
96697
99628
-1
-1
-1
-1
-1
-1
145
3076
6007
8938
11869
14800
17731
20662
23593
26524
29455
32386
35317
38248
41179
44110
47041
49972
52903
55834
58765
61696
64627
67558
70489
73420
76351
79282
82213
85144
88075
91006
93937
96868
99799
-1
-1
-1
-1
-1
-1
316
3247
6178
9109
12040
14971
17902
20833
23764
26695
29626
32557
35488
38419
41350
44281
47212
50143
53074
56005
58936
61867
64798
67729
70660
73591
76522
79453
82384
85315
88246
91177
94108
97039
99970
-1
-1
-1
-1
-1
-1
487
3418
6349
9280
12211
15142
18073
21004
23935
26866
29797
32728
35659
38590
41521
44452
47383
50314
53245
56176
59107
62038
64969
67900
70831
73762
76693
79624
82555
85486
88417
91348
94279
97210
-1
-1
-1
-1
-1
-1
-1
658
3589
6520
9451
12382
15313
18244
21175
24106
27037
29968
32899
35830
38761
41692
44623
47554
50485
53416
56347
59278
62209
65140
68071
71002
73933
76864
79795
82726
85657
88588
91519
94450
97381
-1
-1
-1
-1
-1
-1
-1
829
3760
6691
9622
12553
15484
18415
21346
24277
27208
30139
33070
36001
38932
41863
44794
47725
50656
53587
56518
59449
62380
65311
68242
71173
74104
77035
79966
82897
85828
88759
91690
94621
97552
-1
-1
-1
-1
-1
-1
-1
1000
3931
6862
9793
12724
15655
18586
21517
24448
27379
30310
33241
36172
39103
42034
44965
47896
50827
53758
56689
59620
62551
65482
68413
71344
74275
77206
80137
83068
85999
88930
91861
94792
97723
-1
-1
-1
-1
-1
-1
-1
1171
4102
7033
9964
12895
15826
18757
21688
24619
27550
30481
33412
36343
39274
42205
45136
48067
50998
53929
56860
59791
62722
65653
68584
71515
74446
77377
80308
83239
86170
89101
92032
94963
97894
-1
-1
-1
-1
-1
-1
-1
1342
4273
7204
10135
13066
15997
18928
21859
24790
27721
30652
33583
36514
39445
42376
45307
48238
51169
54100
57031
59962
62893
65824
68755
71686
74617
77548
80479
83410
86341
89272
92203
95134
98065
-1
-1
-1
-1
-1
-1
-1
1513
4444
7375
10306
13237
16168
19099
22030
24961
27892
30823
33754
36685
39616
42547
45478
48409
51340
54271
57202
60133
63064
65995
68926
71857
74788
77719
80650
83581
86512
89443
92374
95305
98236
-1
-1
-1
-1
-1
-1
-1
1684
4615
7546
10477
13408
16339
19270
22201
25132
28063
30994
33925
36856
39787
42718
45649
48580
51511
54442
57373
60304
63235
66166
69097
72028
74959
77890
80821
83752
86683
89614
92545
95476
98407
-1
-1
-1
-1
-1
-1
-1
1855
4786
7717
10648
13579
16510
19441
22372
25303
28234
31165
34096
37027
39958
42889
45820
48751
51682
54613
57544
60475
63406
66337
69268
72199
75130
78061
80992
83923
86854
89785
92716
95647
98578
-1
-1
-1
-1
-1
-1
-1
2026
4957
7888
10819
13750
16681
19612
22543
25474
28405
31336
34267
37198
40129
43060
45991
48922
51853
54784
57715
60646
63577
66508
69439
72370
75301
78232
81163
84094
87025
89956
92887
95818
98749
-1
-1
-1
-1
-1
-1
-1
2197
5128
8059
10990
13921
16852
19783
22714
25645
28576
31507
34438
37369
40300
43231
46162
49093
52024
54955
57886
60817
63748
66679
69610
72541
75472
78403
81334
84265
87196
90127
93058
95989
98920
-1
-1
-1
-1
-1
-1
-1
2368
5299
8230
11161
14092
17023
19954
22885
25816
28747
31678
34609
37540
40471
43402
46333
49264
52195
55126
58057
60988
63919
66850
69781
72712
75643
78574
81505
84436
87367
90298
93229
96160
99091
-1
-1
-1
-1
-1
-1
-1
2539
5470
8401
11332
14263
17194
20125
23056
25987
28918
31849
34780
37711
40642
43573
46504
49435
52366
55297
58228
61159
64090
67021
69952
72883
75814
78745
81676
84607
87538
90469
93400
96331
99262
-1
-1
-1
-1
-1
-1
-1
2710
5641
8572
11503
14434
17365
20296
23227
26158
29089
32020
34951
37882
40813
43744
46675
49606
52537
55468
58399
61330
64261
67192
70123
73054
75985
78916
81847
84778
87709
90640
93571
96502
99433
-1
-1
-1
-1
-1
-1
-1
2881
5812
8743
11674
14605
17536
20467
23398
26329
29260
32191
35122
38053
40984
43915
46846
49777
52708
55639
58570
61501
64432
67363
70294
73225
76156
79087
82018
84949
87880
90811
93742
96673
99604
-1
-1
-1
-1
-1
-1
121
3052
5983
8914
11845
14776
17707
20638
23569
26500
29431
32362
35293
38224
41155
44086
47017
49948
52879
55810
58741
61672
64603
67534
70465
73396
76327
79258
82189
85120
88051
90982
93913
96844
99775
-1
-1
-1
-1
-1
-1
292
3223
6154
9085
12016
14947
17878
20809
23740
26671
29602
32533
35464
38395
41326
44257
47188
50119
53050
55981
58912
61843
64774
67705
70636
73567
76498
79429
82360
85291
88222
91153
94084
97015
99946
-1
-1
-1
-1
-1
-1
463
3394
6325
9256
12187
15118
18049
20980
23911
26842
29773
32704
35635
38566
41497
44428
47359
50290
53221
56152
59083
62014
64945
67876
70807
73738
76669
79600
82531
85462
88393
91324
94255
97186
-1
-1
-1
-1
-1
-1
-1
634
3565
6496
9427
12358
15289
18220
21151
24082
27013
29944
32875
35806
38737
41668
44599
47530
50461
53392
56323
59254
62185
65116
68047
70978
73909
76840
79771
82702
85633
88564
91495
94426
97357
-1
-1
-1
-1
-1
-1
-1
805
3736
6667
9598
12529
15460
18391
21322
24253
27184
30115
33046
35977
38908
41839
44770
47701
50632
53563
56494
59425
62356
65287
68218
71149
74080
77011
79942
82873
85804
88735
91666
94597
97528
-1
-1
-1
-1
-1
-1
-1
976
3907
6838
9769
12700
15631
18562
21493
24424
27355
30286
33217
36148
39079
42010
44941
47872
50803
53734
56665
59596
62527
65458
68389
71320
74251
77182
80113
83044
85975
88906
91837
94768
97699
-1
-1
-1
-1
-1
-1
-1
1147
4078
7009
9940
12871
15802
18733
21664
24595
27526
30457
33388
36319
39250
42181
45112
48043
50974
53905
56836
59767
62698
65629
68560
71491
74422
77353
80284
83215
86146
89077
92008
94939
97870
-1
-1
-1
-1
-1
-1
-1
1318
4249
7180
10111
13042
15973
18904
21835
24766
27697
30628
33559
36490
39421
42352
45283
48214
51145
54076
57007
59938
62869
65800
68731
71662
74593
77524
80455
83386
86317
89248
92179
95110
98041
-1
-1
-1
-1
-1
-1
-1
1489
4420
7351
10282
13213
16144
19075
22006
24937
27868
30799
33730
36661
39592
42523
45454
48385
51316
54247
57178
60109
63040
65971
68902
71833
74764
77695
80626
83557
86488
89419
92350
95281
98212
-1
-1
-1
-1
-1
-1
-1
1660
4591
7522
10453
13384
16315
19246
22177
25108
28039
30970
33901
36832
39763
42694
45625
48556
51487
54418
57349
60280
63211
66142
69073
72004
74935
77866
80797
83728
86659
89590
92521
95452
98383
-1
-1
-1
-1
-1
-1
-1
1831
4762
7693
10624
13555
16486
19417
22348
25279
28210
31141
34072
37003
39934
42865
45796
48727
51658
54589
57520
60451
63382
66313
69244
72175
75106
78037
80968
83899
86830
89761
92692
95623
98554
-1
-1
-1
-1
-1
-1
-1
2002
4933
7864
10795
13726
16657
19588
22519
25450
28381
31312
34243
37174
40105
43036
45967
48898
51829
54760
57691
60622
63553
66484
69415
72346
75277
78208
81139
84070
87001
89932
92863
95794
98725
-1
-1
-1
-1
-1
-1
-1
2173
5104
8035
10966
13897
16828
19759
22690
25621
28552
31483
34414
37345
40276
43207
46138
49069
52000
54931
57862
60793
63724
66655
69586
72517
75448
78379
81310
84241
87172
90103
93034
95965
98896
-1
-1
-1
-1
-1
-1
-1
2344
5275
8206
11137
14068
16999
19930
22861
25792
28723
31654
34585
37516
40447
43378
46309
49240
52171
55102
58033
60964
63895
66826
69757
72688
75619
78550
81481
84412
87343
90274
93205
96136
99067
-1
-1
-1
-1
-1
-1
-1
2515
5446
8377
11308
14239
17170
20101
23032
25963
28894
31825
34756
37687
40618
43549
46480
49411
52342
55273
58204
61135
64066
66997
69928
72859
75790
78721
81652
84583
87514
90445
93376
96307
99238
-1
-1
-1
-1
-1
-1
-1
2686
5617
8548
11479
14410
17341
20272
23203
26134
29065
31996
34927
37858
40789
43720
46651
49582
52513
55444
58375
61306
64237
67168
70099
73030
75961
78892
81823
84754
87685
90616
93547
96478
99409
-1
-1
-1
-1
-1
-1
-1
2857
5788
8719
11650
14581
17512
20443
23374
26305
29236
32167
35098
38029
40960
43891
46822
49753
52684
55615
58546
61477
64408
67339
70270
73201
76132
79063
81994
84925
87856
90787
93718
96649
99580
-1
-1
-1
-1
-1
-1
97
3028
5959
8890
11821
14752
17683
20614
23545
26476
29407
32338
35269
38200
41131
44062
46993
49924
52855
55786
58717
61648
64579
67510
70441
73372
76303
79234
82165
85096
88027
90958
93889
96820
99751
-1
-1
-1
-1
-1
-1
268
3199
6130
9061
11992
14923
17854
20785
23716
26647
29578
32509
35440
38371
41302
44233
47164
50095
53026
55957
58888
61819
64750
67681
70612
73543
76474
79405
82336
85267
88198
91129
94060
96991
99922
-1
-1
-1
-1
-1
-1
439
3370
6301
9232
12163
15094
18025
20956
23887
26818
29749
32680
35611
38542
41473
44404
47335
50266
53197
56128
59059
61990
64921
67852
70783
73714
76645
79576
82507
85438
88369
91300
94231
97162
-1
-1
-1
-1
-1
-1
-1
610
3541
6472
9403
12334
15265
18196
21127
24058
26989
29920
32851
35782
38713
41644
44575
47506
50437
53368
56299
59230
62161
65092
68023
70954
73885
76816
79747
82678
85609
88540
91471
94402
97333
-1
-1
-1
-1
-1
-1
-1
781
3712
6643
9574
12505
15436
18367
21298
24229
27160
30091
33022
35953
38884
41815
44746
47677
50608
53539
56470
59401
62332
65263
68194
71125
74056
76987
79918
82849
85780
88711
91642
94573
97504
-1
-1
-1
-1
-1
-1
-1
952
3883
6814
9745
12676
15607
18538
21469
24400
27331
30262
33193
36124
39055
41986
44917
47848
50779
53710
56641
59572
62503
65434
68365
71296
74227
77158
80089
83020
85951
88882
91813
94744
97675
-1
-1
-1
-1
-1
-1
-1
1123
4054
6985
9916
12847
15778
18709
21640
24571
27502
30433
33364
36295
39226
42157
45088
48019
50950
53881
56812
59743
62674
65605
68536
71467
74398
77329
80260
83191
86122
89053
91984
94915
97846
-1
-1
-1
-1
-1
-1
-1
1294
4225
7156
10087
13018
15949
18880
21811
24742
27673
30604
33535
36466
39397
42328
45259
48190
51121
54052
56983
59914
62845
65776
68707
71638
74569
77500
80431
83362
86293
89224
92155
95086
98017
-1
-1
-1
-1
-1
-1
-1
1465
4396
7327
10258
13189
16120
19051
21982
24913
27844
30775
33706
36637
39568
42499
45430
48361
51292
54223
57154
60085
63016
65947
68878
71809
74740
77671
80602
83533
86464
89395
92326
95257
98188
-1
-1
-1
-1
-1
-1
-1
1636
4567
7498
10429
13360
16291
19222
22153
25084
28015
30946
33877
36808
39739
42670
45601
48532
51463
54394
57325
60256
63187
66118
69049
71980
74911
77842
80773
83704
86635
89566
92497
95428
98359
-1
-1
-1
-1
-1
-1
-1
1807
4738
7669
10600
13531
16462
19393
22324
25255
28186
31117
34048
36979
39910
42841
45772
48703
51634
54565
57496
60427
63358
66289
69220
72151
75082
78013
80944
83875
86806
89737
92668
95599
98530
-1
-1
-1
-1
-1
-1
-1
1978
4909
7840
10771
13702
16633
19564
22495
25426
28357
31288
34219
37150
40081
43012
45943
48874
51805
54736
57667
60598
63529
66460
69391
72322
75253
78184
81115
84046
86977
89908
92839
95770
98701
-1
-1
-1
-1
-1
-1
-1
2149
5080
8011
10942
13873
16804
19735
22666
25597
28528
31459
34390
37321
40252
43183
46114
49045
51976
54907
57838
60769
63700
66631
69562
72493
75424
78355
81286
84217
87148
90079
93010
95941
98872
-1
-1
-1
-1
-1
-1
-1
2320
5251
8182
11113
14044
16975
19906
22837
25768
28699
31630
34561
37492
40423
43354
46285
49216
52147
55078
58009
60940
63871
66802
69733
72664
75595
78526
81457
84388
87319
90250
93181
96112
99043
-1
-1
-1
-1
-1
-1
-1
2491
5422
8353
11284
14215
17146
20077
23008
25939
28870
31801
34732
37663
40594
43525
46456
49387
52318
55249
58180
61111
64042
66973
69904
72835
75766
78697
81628
84559
87490
90421
93352
96283
99214
-1
-1
-1
-1
-1
-1
-1
2662
5593
8524
11455
14386
17317
20248
23179
26110
29041
31972
34903
37834
40765
43696
46627
49558
52489
55420
58351
61282
64213
67144
70075
73006
75937
78868
81799
84730
87661
90592
93523
96454
99385
-1
-1
-1
-1
-1
-1
-1
2833
5764
8695
11626
14557
17488
20419
23350
26281
29212
32143
35074
38005
40936
43867
46798
49729
52660
55591
58522
61453
64384
67315
70246
73177
76108
79039
81970
84901
87832
90763
93694
96625
99556
-1
-1
-1
-1
-1
-1
73
3004
5935
8866
11797
14728
17659
20590
23521
26452
29383
32314
35245
38176
41107
44038
46969
49900
52831
55762
58693
61624
64555
67486
70417
73348
76279
79210
82141
85072
88003
90934
93865
96796
99727
-1
-1
-1
-1
-1
-1
244
3175
6106
9037
11968
14899
17830
20761
23692
26623
29554
32485
35416
38347
41278
44209
47140
50071
53002
55933
58864
61795
64726
67657
70588
73519
76450
79381
82312
85243
88174
91105
94036
96967
99898
-1
-1
-1
-1
-1
-1
415
3346
6277
9208
12139
15070
18001
20932
23863
26794
29725
32656
35587
38518
41449
44380
47311
50242
53173
56104
59035
61966
64897
67828
70759
73690
76621
79552
82483
85414
88345
91276
94207
97138
-1
-1
-1
-1
-1
-1
-1
586
3517
6448
9379
12310
15241
18172
21103
24034
26965
29896
32827
35758
38689
41620
44551
47482
50413
53344
56275
59206
62137
65068
67999
70930
73861
76792
79723
82654
85585
88516
91447
94378
97309
-1
-1
-1
-1
-1
-1
-1
757
3688
6619
9550
12481
15412
18343
21274
24205
27136
30067
32998
35929
38860
41791
44722
47653
50584
53515
56446
59377
62308
65239
68170
71101
74032
76963
79894
82825
85756
88687
91618
94549
97480
-1
-1
-1
-1
-1
-1
-1
928
3859
6790
9721
12652
15583
18514
21445
24376
27307
30238
33169
36100
39031
41962
44893
47824
50755
53686
56617
59548
62479
65410
68341
71272
74203
77134
80065
82996
85927
88858
91789
94720
97651
-1
-1
-1
-1
-1
-1
-1
1099
4030
6961
9892
12823
15754
18685
21616
24547
27478
30409
33340
36271
39202
42133
45064
47995
50926
53857
56788
59719
62650
65581
68512
71443
74374
77305
80236
83167
86098
89029
91960
94891
97822
-1
-1
-1
-1
-1
-1
-1
1270
4201
7132
10063
12994
15925
18856
21787
24718
27649
30580
33511
36442
39373
42304
45235
48166
51097
54028
56959
59890
62821
65752
68683
71614
74545
77476
80407
83338
86269
89200
92131
95062
97993
-1
-1
-1
-1
-1
-1
-1
1441
4372
7303
10234
13165
16096
19027
21958
24889
27820
30751
33682
36613
39544
42475
45406
48337
51268
54199
57130
60061
62992
65923
68854
71785
74716
77647
80578
83509
86440
89371
92302
95233
98164
-1
-1
-1
-1
-1
-1
-1
1612
4543
7474
10405
13336
16267
19198
22129
25060
27991
30922
33853
36784
39715
42646
45577
48508
51439
54370
57301
60232
63163
66094
69025
71956
74887
77818
80749
83680
86611
89542
92473
95404
98335
-1
-1
-1
-1
-1
-1
-1
1783
4714
7645
10576
13507
16438
19369
22300
25231
28162
31093
34024
36955
39886
42817
45748
48679
51610
54541
57472
60403
63334
66265
69196
72127
75058
77989
80920
83851
86782
89713
92644
95575
98506
-1
-1
-1
-1
-1
-1
-1
1954
4885
7816
10747
13678
16609
19540
22471
25402
28333
31264
34195
37126
40057
42988
45919
48850
51781
54712
57643
60574
63505
66436
69367
72298
75229
78160
81091
84022
86953
89884
92815
95746
98677
-1
-1
-1
-1
-1
-1
-1
2125
5056
7987
10918
13849
16780
19711
22642
25573
28504
31435
34366
37297
40228
43159
46090
49021
51952
54883
57814
60745
63676
66607
69538
72469
75400
78331
81262
84193
87124
90055
92986
95917
98848
-1
-1
-1
-1
-1
-1
-1
2296
5227
8158
11089
14020
16951
19882
22813
25744
28675
31606
34537
37468
40399
43330
46261
49192
52123
55054
57985
60916
63847
66778
69709
72640
75571
78502
81433
84364
87295
90226
93157
96088
99019
-1
-1
-1
-1
-1
-1
-1
2467
5398
8329
11260
14191
17122
20053
22984
25915
28846
31777
34708
37639
40570
43501
46432
49363
52294
55225
58156
61087
64018
66949
69880
72811
75742
78673
81604
84535
87466
90397
93328
96259
99190
-1
-1
-1
-1
-1
-1
-1
2638
5569
8500
11431
14362
17293
20224
23155
26086
29017
31948
34879
37810
40741
43672
46603
49534
52465
55396
58327
61258
64189
67120
70051
72982
75913
78844
81775
84706
87637
90568
93499
96430
99361
-1
-1
-1
-1
-1
-1
-1
2809
5740
8671
11602
14533
17464
20395
23326
26257
29188
32119
35050
37981
40912
43843
46774
49705
52636
55567
58498
61429
64360
67291
70222
73153
76084
79015
81946
84877
87808
90739
93670
96601
99532
-1
-1
-1
-1
-1
-1
49
2980
5911
8842
11773
14704
17635
20566
23497
26428
29359
32290
35221
38152
41083
44014
46945
49876
52807
55738
58669
61600
64531
67462
70393
73324
76255
79186
82117
85048
87979
90910
93841
96772
99703
-1
-1
-1
-1
-1
-1
220
3151
6082
9013
11944
14875
17806
20737
23668
26599
29530
32461
35392
38323
41254
44185
47116
50047
52978
55909
58840
61771
64702
67633
70564
73495
76426
79357
82288
85219
88150
91081
94012
96943
99874
-1
-1
-1
-1
-1
-1
391
3322
6253
9184
12115
15046
17977
20908
23839
26770
29701
32632
35563
38494
41425
44356
47287
50218
53149
56080
59011
61942
64873
67804
70735
73666
76597
79528
82459
85390
88321
91252
94183
97114
-1
-1
-1
-1
-1
-1
-1
562
3493
6424
9355
12286
15217
18148
21079
24010
26941
29872
32803
35734
38665
41596
44527
47458
50389
53320
56251
59182
62113
65044
67975
70906
73837
76768
79699
82630
85561
88492
91423
94354
97285
-1
-1
-1
-1
-1
-1
-1
733
3664
6595
9526
12457
15388
18319
21250
24181
27112
30043
32974
35905
38836
41767
44698
47629
50560
53491
56422
59353
62284
65215
68146
71077
74008
76939
79870
82801
85732
88663
91594
94525
97456
-1
-1
-1
-1
-1
-1
-1
904
3835
6766
9697
12628
15559
18490
21421
24352
27283
30214
33145
36076
39007
41938
44869
47800
50731
53662
56593
59524
62455
65386
68317
71248
74179
77110
80041
82972
85903
88834
91765
94696
97627
-1
-1
-1
-1
-1
-1
-1
1075
4006
6937
9868
12799
15730
18661
21592
24523
27454
30385
33316
36247
39178
42109
45040
47971
50902
53833
56764
59695
62626
65557
68488
71419
74350
77281
80212
83143
86074
89005
91936
94867
97798
-1
-1
-1
-1
-1
-1
-1
1246
4177
7108
10039
12970
15901
18832
21763
24694
27625
30556
33487
36418
39349
42280
45211
48142
51073
54004
56935
59866
62797
65728
68659
71590
74521
77452
80383
83314
86245
89176
92107
95038
97969
-1
-1
-1
-1
-1
-1
-1
1417
4348
7279
10210
13141
16072
19003
21934
24865
27796
30727
33658
36589
39520
42451
45382
48313
51244
54175
57106
60037
62968
65899
68830
71761
74692
77623
80554
83485
86416
89347
92278
95209
98140
-1
-1
-1
-1
-1
-1
-1
1588
4519
7450
10381
13312
16243
19174
22105
25036
27967
30898
33829
36760
39691
42622
45553
48484
51415
54346
57277
60208
63139
66070
69001
71932
74863
77794
80725
83656
86587
89518
92449
95380
98311
-1
-1
-1
-1
-1
-1
-1
1759
4690
7621
10552
13483
16414
19345
22276
25207
28138
31069
34000
36931
39862
42793
45724
48655
51586
54517
57448
60379
63310
66241
69172
72103
75034
77965
80896
83827
86758
89689
92620
95551
98482
-1
-1
-1
-1
-1
-1
-1
1930
4861
7792
10723
13654
16585
19516
22447
25378
28309
31240
34171
37102
40033
42964
45895
48826
51757
54688
57619
60550
63481
66412
69343
72274
75205
78136
81067
83998
86929
89860
92791
95722
98653
-1
-1
-1
-1
-1
-1
-1
2101
5032
7963
10894
13825
16756
19687
22618
25549
28480
31411
34342
37273
40204
43135
46066
48997
51928
54859
57790
60721
63652
66583
69514
72445
75376
78307
81238
84169
87100
90031
92962
95893
98824
-1
-1
-1
-1
-1
-1
-1
2272
5203
8134
11065
13996
16927
19858
22789
25720
28651
31582
34513
37444
40375
43306
46237
49168
52099
55030
57961
60892
63823
66754
69685
72616
75547
78478
81409
84340
87271
90202
93133
96064
98995
-1
-1
-1
-1
-1
-1
-1
2443
5374
8305
11236
14167
17098
20029
22960
25891
28822
31753
34684
37615
40546
43477
46408
49339
52270
55201
58132
61063
63994
66925
69856
72787
75718
78649
81580
84511
87442
90373
93304
96235
99166
-1
-1
-1
-1
-1
-1
-1
2614
5545
8476
11407
14338
17269
20200
23131
26062
28993
31924
34855
37786
40717
43648
46579
49510
52441
55372
58303
61234
64165
67096
70027
72958
75889
78820
81751
84682
87613
90544
93475
96406
99337
-1
-1
-1
-1
-1
-1
-1
2785
5716
8647
11578
14509
17440
20371
23302
26233
29164
32095
35026
37957
40888
43819
46750
49681
52612
55543
58474
61405
64336
67267
70198
73129
76060
78991
81922
84853
87784
90715
93646
96577
99508
-1
-1
-1
-1
-1
-1
25
2956
5887
8818
11749
14680
17611
20542
23473
26404
29335
32266
35197
38128
41059
43990
46921
49852
52783
55714
58645
61576
64507
67438
70369
73300
76231
79162
82093
85024
87955
90886
93817
96748
99679
-1
-1
-1
-1
-1
-1
196
3127
6058
8989
11920
14851
17782
20713
23644
26575
29506
32437
35368
38299
41230
44161
47092
50023
52954
55885
58816
61747
64678
67609
70540
73471
76402
79333
82264
85195
88126
91057
93988
96919
99850
-1
-1
-1
-1
-1
-1
367
3298
6229
9160
12091
15022
17953
20884
23815
26746
29677
32608
35539
38470
41401
44332
47263
50194
53125
56056
58987
61918
64849
67780
70711
73642
76573
79504
82435
85366
88297
91228
94159
97090
-1
-1
-1
-1
-1
-1
-1
538
3469
6400
9331
12262
15193
18124
21055
23986
26917
29848
32779
35710
38641
41572
44503
47434
50365
53296
56227
59158
62089
65020
67951
70882
73813
76744
79675
82606
85537
88468
91399
94330
97261
-1
-1
-1
-1
-1
-1
-1
709
3640
6571
9502
12433
15364
18295
21226
24157
27088
30019
32950
35881
38812
41743
44674
47605
50536
53467
56398
59329
62260
65191
68122
71053
73984
76915
79846
82777
85708
88639
91570
94501
97432
-1
-1
-1
-1
-1
-1
-1
880
3811
6742
9673
12604
15535
18466
21397
24328
27259
30190
33121
36052
38983
41914
44845
47776
50707
53638
56569
59500
62431
65362
68293
71224
74155
77086
80017
82948
85879
88810
91741
94672
97603
-1
-1
-1
-1
-1
-1
-1
1051
3982
6913
9844
12775
15706
18637
21568
24499
27430
30361
33292
36223
39154
42085
45016
47947
50878
53809
56740
59671
62602
65533
68464
71395
74326
77257
80188
83119
86050
88981
91912
94843
97774
-1
-1
-1
-1
-1
-1
-1
1222
4153
7084
10015
12946
15877
18808
21739
24670
27601
30532
33463
36394
39325
42256
45187
48118
51049
53980
56911
59842
62773
65704
68635
71566
74497
77428
80359
83290
86221
89152
92083
95014
97945
-1
-1
-1
-1
-1
-1
-1
1393
4324
7255
10186
13117
16048
18979
21910
24841
27772
30703
33634
36565
39496
42427
45358
48289
51220
54151
57082
60013
62944
65875
68806
71737
74668
77599
80530
83461
86392
89323
92254
95185
98116
-1
-1
-1
-1
-1
-1
-1
1564
4495
7426
10357
13288
16219
19150
22081
25012
27943
30874
33805
36736
39667
42598
45529
48460
51391
54322
57253
60184
63115
66046
68977
71908
74839
77770
80701
83632
86563
89494
92425
95356
98287
-1
-1
-1
-1
-1
-1
-1
1735
4666
7597
10528
13459
16390
19321
22252
25183
28114
31045
33976
36907
39838
42769
45700
48631
51562
54493
57424
60355
63286
66217
69148
72079
75010
77941
80872
83803
86734
89665
92596
95527
98458
-1
-1
-1
-1
-1
-1
-1
1906
4837
7768
10699
13630
16561
19492
22423
25354
28285
31216
34147
37078
40009
42940
45871
48802
51733
54664
57595
60526
63457
66388
69319
72250
75181
78112
81043
83974
86905
89836
92767
95698
98629
-1
-1
-1
-1
-1
-1
-1
2077
5008
7939
10870
13801
16732
19663
22594
25525
28456
31387
34318
37249
40180
43111
46042
48973
51904
54835
57766
60697
63628
66559
69490
72421
75352
78283
81214
84145
87076
90007
92938
95869
98800
-1
-1
-1
-1
-1
-1
-1
2248
5179
8110
11041
13972
16903
19834
22765
25696
28627
31558
34489
37420
40351
43282
46213
49144
52075
55006
57937
60868
63799
66730
69661
72592
75523
78454
81385
84316
87247
90178
93109
96040
98971
-1
-1
-1
-1
-1
-1
-1
2419
5350
8281
11212
14143
17074
20005
22936
25867
28798
31729
34660
37591
40522
43453
46384
49315
52246
55177
58108
61039
63970
66901
69832
72763
75694
78625
81556
84487
87418
90349
93280
96211
99142
-1
-1
-1
-1
-1
-1
-1
2590
5521
8452
11383
14314
17245
20176
23107
26038
28969
31900
34831
37762
40693
43624
46555
49486
52417
55348
58279
61210
64141
67072
70003
72934
75865
78796
81727
84658
87589
90520
93451
96382
99313
-1
-1
-1
-1
-1
-1
-1
2761
5692
8623
11554
14485
17416
20347
23278
26209
29140
32071
35002
37933
40864
43795
46726
49657
52588
55519
58450
61381
64312
67243
70174
73105
76036
78967
81898
84829
87760
90691
93622
96553
99484
-1
-1
-1
-1
-1
-1
1
2932
5863
8794
11725
14656
17587
20518
23449
26380
29311
32242
35173
38104
41035
43966
46897
49828
52759
55690
58621
61552
64483
67414
70345
73276
76207
79138
82069
85000
87931
90862
93793
96724
99655
-1
-1
-1
-1
-1
-1
172
3103
6034
8965
11896
14827
17758
20689
23620
26551
29482
32413
35344
38275
41206
44137
47068
49999
52930
55861
58792
61723
64654
67585
70516
73447
76378
79309
82240
85171
88102
91033
93964
96895
99826
-1
-1
-1
-1
-1
-1
343
3274
6205
9136
12067
14998
17929
20860
23791
26722
29653
32584
35515
38446
41377
44308
47239
50170
53101
56032
58963
61894
64825
67756
70687
73618
76549
79480
82411
85342
88273
91204
94135
97066
99997
-1
-1
-1
-1
-1
-1
514
3445
6376
9307
12238
15169
18100
21031
23962
26893
29824
32755
35686
38617
41548
44479
47410
50341
53272
56203
59134
62065
64996
67927
70858
73789
76720
79651
82582
85513
88444
91375
94306
97237
-1
-1
-1
-1
-1
-1
-1
685
3616
6547
9478
12409
15340
18271
21202
24133
27064
29995
32926
35857
38788
41719
44650
47581
50512
53443
56374
59305
62236
65167
68098
71029
73960
76891
79822
82753
85684
88615
91546
94477
97408
-1
-1
-1
-1
-1
-1
-1
856
3787
6718
9649
12580
15511
18442
21373
24304
27235
30166
33097
36028
38959
41890
44821
47752
50683
53614
56545
59476
62407
65338
68269
71200
74131
77062
79993
82924
85855
88786
91717
94648
97579
-1
-1
-1
-1
-1
-1
-1
1027
3958
6889
9820
12751
15682
18613
21544
24475
27406
30337
33268
36199
39130
42061
44992
47923
50854
53785
56716
59647
62578
65509
68440
71371
74302
77233
80164
83095
86026
88957
91888
94819
97750
-1
-1
-1
-1
-1
-1
-1
1198
4129
7060
9991
12922
15853
18784
21715
24646
27577
30508
33439
36370
39301
42232
45163
48094
51025
53956
56887
59818
62749
65680
68611
71542
74473
77404
80335
83266
86197
89128
92059
94990
97921
-1
-1
-1
-1
-1
-1
-1
1369
4300
7231
10162
13093
16024
18955
21886
24817
27748
30679
33610
36541
39472
42403
45334
48265
51196
54127
57058
59989
62920
65851
68782
71713
74644
77575
80506
83437
86368
89299
92230
95161
98092
-1
-1
-1
-1
-1
-1
-1
1540
4471
7402
10333
13264
16195
19126
22057
24988
27919
30850
33781
36712
39643
42574
45505
48436
51367
54298
57229
60160
63091
66022
68953
71884
74815
77746
80677
83608
86539
89470
92401
95332
98263
-1
-1
-1
-1
-1
-1
-1
1711
4642
7573
10504
13435
16366
19297
22228
25159
28090
31021
33952
36883
39814
42745
45676
48607
51538
54469
57400
60331
63262
66193
69124
72055
74986
77917
80848
83779
86710
89641
92572
95503
98434
-1
-1
-1
-1
-1
-1
-1
1882
4813
7744
10675
13606
16537
19468
22399
25330
28261
31192
34123
37054
39985
42916
45847
48778
51709
54640
57571
60502
63433
66364
69295
72226
75157
78088
81019
83950
86881
89812
92743
95674
98605
-1
-1
-1
-1
-1
-1
-1
2053
4984
7915
10846
13777
16708
19639
22570
25501
28432
31363
34294
37225
40156
43087
46018
48949
51880
54811
57742
60673
63604
66535
69466
72397
75328
78259
81190
84121
87052
89983
92914
95845
98776
-1
-1
-1
-1
-1
-1
-1
2224
5155
8086
11017
13948
16879
19810
22741
25672
28603
31534
34465
37396
40327
43258
46189
49120
52051
54982
57913
60844
63775
66706
69637
72568
75499
78430
81361
84292
87223
90154
93085
96016
98947
-1
-1
-1
-1
-1
-1
-1
2395
5326
8257
11188
14119
17050
19981
22912
25843
28774
31705
34636
37567
40498
43429
46360
49291
52222
55153
58084
61015
63946
66877
69808
72739
75670
78601
81532
84463
87394
90325
93256
96187
99118
-1
-1
-1
-1
-1
-1
-1
2566
5497
8428
11359
14290
17221
20152
23083
26014
28945
31876
34807
37738
40669
43600
46531
49462
52393
55324
58255
61186
64117
67048
69979
72910
75841
78772
81703
84634
87565
90496
93427
96358
99289
-1
-1
-1
-1
-1
-1
-1
2737
5668
8599
11530
14461
17392
20323
23254
26185
29116
32047
34978
37909
40840
43771
46702
49633
52564
55495
58426
61357
64288
67219
70150
73081
76012
78943
81874
84805
87736
90667
93598
96529
99460
-1
-1
-1
-1
-1
-1
-1
2908
5839
8770
11701
14632
17563
20494
23425
26356
29287
32218
35149
38080
41011
43942
46873
49804
52735
55666
58597
61528
64459
67390
70321
73252
76183
79114
82045
84976
87907
90838
93769
96700
99631
-1
-1
-1
-1
-1
-1
148
3079
6010
8941
11872
14803
17734
20665
23596
26527
29458
32389
35320
38251
41182
44113
47044
49975
52906
55837
58768
61699
64630
67561
70492
73423
76354
79285
82216
85147
88078
91009
93940
96871
99802
-1
-1
-1
-1
-1
-1
319
3250
6181
9112
12043
14974
17905
20836
23767
26698
29629
32560
35491
38422
41353
44284
47215
50146
53077
56008
58939
61870
64801
67732
70663
73594
76525
79456
82387
85318
88249
91180
94111
97042
99973
-1
-1
-1
-1
-1
-1
490
3421
6352
9283
12214
15145
18076
21007
23938
26869
29800
32731
35662
38593
41524
44455
47386
50317
53248
56179
59110
62041
64972
67903
70834
73765
76696
79627
82558
85489
88420
91351
94282
97213
-1
-1
-1
-1
-1
-1
-1
661
3592
6523
9454
12385
15316
18247
21178
24109
27040
29971
32902
35833
38764
41695
44626
47557
50488
53419
56350
59281
62212
65143
68074
71005
73936
76867
79798
82729
85660
88591
91522
94453
97384
-1
-1
-1
-1
-1
-1
-1
832
3763
6694
9625
12556
15487
18418
21349
24280
27211
30142
33073
36004
38935
41866
44797
47728
50659
53590
56521
59452
62383
65314
68245
71176
74107
77038
79969
82900
85831
88762
91693
94624
97555
-1
-1
-1
-1
-1
-1
-1
1003
3934
6865
9796
12727
15658
18589
21520
24451
27382
30313
33244
36175
39106
42037
44968
47899
50830
53761
56692
59623
62554
65485
68416
71347
74278
77209
80140
83071
86002
88933
91864
94795
97726
-1
-1
-1
-1
-1
-1
-1
1174
4105
7036
9967
12898
15829
18760
21691
24622
27553
30484
33415
36346
39277
42208
45139
48070
51001
53932
56863
59794
62725
65656
68587
71518
74449
77380
80311
83242
86173
89104
92035
94966
97897
-1
-1
-1
-1
-1
-1
-1
1345
4276
7207
10138
13069
16000
18931
21862
24793
27724
30655
33586
36517
39448
42379
45310
48241
51172
54103
57034
59965
62896
65827
68758
71689
74620
77551
80482
83413
86344
89275
92206
95137
98068
-1
-1
-1
-1
-1
-1
-1
1516
4447
7378
10309
13240
16171
19102
22033
24964
27895
30826
33757
36688
39619
42550
45481
48412
51343
54274
57205
60136
63067
65998
68929
71860
74791
77722
80653
83584
86515
89446
92377
95308
98239
-1
-1
-1
-1
-1
-1
-1
1687
4618
7549
10480
13411
16342
19273
22204
25135
28066
30997
33928
36859
39790
42721
45652
48583
51514
54445
57376
60307
63238
66169
69100
72031
74962
77893
80824
83755
86686
89617
92548
95479
98410
-1
-1
-1
-1
-1
-1
-1
1858
4789
7720
10651
13582
16513
19444
22375
25306
28237
31168
34099
37030
39961
42892
45823
48754
51685
54616
57547
60478
63409
66340
69271
72202
75133
78064
80995
83926
86857
89788
92719
95650
98581
-1
-1
-1
-1
-1
-1
-1
2029
4960
7891
10822
13753
16684
19615
22546
25477
28408
31339
34270
37201
40132
43063
45994
48925
51856
54787
57718
60649
63580
66511
69442
72373
75304
78235
81166
84097
87028
89959
92890
95821
98752
-1
-1
-1
-1
-1
-1
-1
2200
5131
8062
10993
13924
16855
19786
22717
25648
28579
31510
34441
37372
40303
43234
46165
49096
52027
54958
57889
60820
63751
66682
69613
72544
75475
78406
81337
84268
87199
90130
93061
95992
98923
-1
-1
-1
-1
-1
-1
-1
2371
5302
8233
11164
14095
17026
19957
22888
25819
28750
31681
34612
37543
40474
43405
46336
49267
52198
55129
58060
60991
63922
66853
69784
72715
75646
78577
81508
84439
87370
90301
93232
96163
99094
-1
-1
-1
-1
-1
-1
-1
2542
5473
8404
11335
14266
17197
20128
23059
25990
28921
31852
34783
37714
40645
43576
46507
49438
52369
55300
58231
61162
64093
67024
69955
72886
75817
78748
81679
84610
87541
90472
93403
96334
99265
-1
-1
-1
-1
-1
-1
-1
2713
5644
8575
11506
14437
17368
20299
23230
26161
29092
32023
34954
37885
40816
43747
46678
49609
52540
55471
58402
61333
64264
67195
70126
73057
75988
78919
81850
84781
87712
90643
93574
96505
99436
-1
-1
-1
-1
-1
-1
-1
2884
5815
8746
11677
14608
17539
20470
23401
26332
29263
32194
35125
38056
40987
43918
46849
49780
52711
55642
58573
61504
64435
67366
70297
73228
76159
79090
82021
84952
87883
90814
93745
96676
99607
-1
-1
-1
-1
-1
-1
124
3055
5986
8917
11848
14779
17710
20641
23572
26503
29434
32365
35296
38227
41158
44089
47020
49951
52882
55813
58744
61675
64606
67537
70468
73399
76330
79261
82192
85123
88054
90985
93916
96847
99778
-1
-1
-1
-1
-1
-1
295
3226
6157
9088
12019
14950
17881
20812
23743
26674
29605
32536
35467
38398
41329
44260
47191
50122
53053
55984
58915
61846
64777
67708
70639
73570
76501
79432
82363
85294
88225
91156
94087
97018
99949
-1
-1
-1
-1
-1
-1
466
3397
6328
9259
12190
15121
18052
20983
23914
26845
29776
32707
35638
38569
41500
44431
47362
50293
53224
56155
59086
62017
64948
67879
70810
73741
76672
79603
82534
85465
88396
91327
94258
97189
-1
-1
-1
-1
-1
-1
-1
637
3568
6499
9430
12361
15292
18223
21154
24085
27016
29947
32878
35809
38740
41671
44602
47533
50464
53395
56326
59257
62188
65119
68050
70981
73912
76843
79774
82705
85636
88567
91498
94429
97360
-1
-1
-1
-1
-1
-1
-1
808
3739
6670
9601
12532
15463
18394
21325
24256
27187
30118
33049
35980
38911
41842
44773
47704
50635
53566
56497
59428
62359
65290
68221
71152
74083
77014
79945
82876
85807
88738
91669
94600
97531
-1
-1
-1
-1
-1
-1
-1
979
3910
6841
9772
12703
15634
18565
21496
24427
27358
30289
33220
36151
39082
42013
44944
47875
50806
53737
56668
59599
62530
65461
68392
71323
74254
77185
80116
83047
85978
88909
91840
94771
97702
-1
-1
-1
-1
-1
-1
-1
1150
4081
7012
9943
12874
15805
18736
21667
24598
27529
30460
33391
36322
39253
42184
45115
48046
50977
53908
56839
59770
62701
65632
68563
71494
74425
77356
80287
83218
86149
89080
92011
94942
97873
-1
-1
-1
-1
-1
-1
-1
1321
4252
7183
10114
13045
15976
18907
21838
24769
27700
30631
33562
36493
39424
42355
45286
48217
51148
54079
57010
59941
62872
65803
68734
71665
74596
77527
80458
83389
86320
89251
92182
95113
98044
-1
-1
-1
-1
-1
-1
-1
1492
4423
7354
10285
13216
16147
19078
22009
24940
27871
30802
33733
36664
39595
42526
45457
48388
51319
54250
57181
60112
63043
65974
68905
71836
74767
77698
80629
83560
86491
89422
92353
95284
98215
-1
-1
-1
-1
-1
-1
-1
1663
4594
7525
10456
13387
16318
19249
22180
25111
28042
30973
33904
36835
39766
42697
45628
48559
51490
54421
57352
60283
63214
66145
69076
72007
74938
77869
80800
83731
86662
89593
92524
95455
98386
-1
-1
-1
-1
-1
-1
-1
1834
4765
7696
10627
13558
16489
19420
22351
25282
28213
31144
34075
37006
39937
42868
45799
48730
51661
54592
57523
60454
63385
66316
69247
72178
75109
78040
80971
83902
86833
89764
92695
95626
98557
-1
-1
-1
-1
-1
-1
-1
2005
4936
7867
10798
13729
16660
19591
22522
25453
28384
31315
34246
37177
40108
43039
45970
48901
51832
54763
57694
60625
63556
66487
69418
72349
75280
78211
81142
84073
87004
89935
92866
95797
98728
-1
-1
-1
-1
-1
-1
-1
2176
5107
8038
10969
13900
16831
19762
22693
25624
28555
31486
34417
37348
40279
43210
46141
49072
52003
54934
57865
60796
63727
66658
69589
72520
75451
78382
81313
84244
87175
90106
93037
95968
98899
-1
-1
-1
-1
-1
-1
-1
2347
5278
8209
11140
14071
17002
19933
22864
25795
28726
31657
34588
37519
40450
43381
46312
49243
52174
55105
58036
60967
63898
66829
69760
72691
75622
78553
81484
84415
87346
90277
93208
96139
99070
-1
-1
-1
-1
-1
-1
-1
2518
5449
8380
11311
14242
17173
20104
23035
25966
28897
31828
34759
37690
40621
43552
46483
49414
52345
55276
58207
61138
64069
67000
69931
72862
75793
78724
81655
84586
87517
90448
93379
96310
99241
-1
-1
-1
-1
-1
-1
-1
2689
5620
8551
11482
14413
17344
20275
23206
26137
29068
31999
34930
37861
40792
43723
46654
49585
52516
55447
58378
61309
64240
67171
70102
73033
75964
78895
81826
84757
87688
90619
93550
96481
99412
-1
-1
-1
-1
-1
-1
-1
2860
5791
8722
11653
14584
17515
20446
23377
26308
29239
32170
35101
38032
40963
43894
46825
49756
52687
55618
58549
61480
64411
67342
70273
73204
76135
79066
81997
84928
87859
90790
93721
96652
99583
-1
-1
-1
-1
-1
-1
100
3031
5962
8893
11824
14755
17686
20617
23548
26479
29410
32341
35272
38203
41134
44065
46996
49927
52858
55789
58720
61651
64582
67513
70444
73375
76306
79237
82168
85099
88030
90961
93892
96823
99754
-1
-1
-1
-1
-1
-1
271
3202
6133
9064
11995
14926
17857
20788
23719
26650
29581
32512
35443
38374
41305
44236
47167
50098
53029
55960
58891
61822
64753
67684
70615
73546
76477
79408
82339
85270
88201
91132
94063
96994
99925
-1
-1
-1
-1
-1
-1
442
3373
6304
9235
12166
15097
18028
20959
23890
26821
29752
32683
35614
38545
41476
44407
47338
50269
53200
56131
59062
61993
64924
67855
70786
73717
76648
79579
82510
85441
88372
91303
94234
97165
-1
-1
-1
-1
-1
-1
-1
613
3544
6475
9406
12337
15268
18199
21130
24061
26992
29923
32854
35785
38716
41647
44578
47509
50440
53371
56302
59233
62164
65095
68026
70957
73888
76819
79750
82681
85612
88543
91474
94405
97336
-1
-1
-1
-1
-1
-1
-1
784
3715
6646
9577
12508
15439
18370
21301
24232
27163
30094
33025
35956
38887
41818
44749
47680
50611
53542
56473
59404
62335
65266
68197
71128
74059
76990
79921
82852
85783
88714
91645
94576
97507
-1
-1
-1
-1
-1
-1
-1
955
3886
6817
9748
12679
15610
18541
21472
24403
27334
30265
33196
36127
39058
41989
44920
47851
50782
53713
56644
59575
62506
65437
68368
71299
74230
77161
80092
83023
85954
88885
91816
94747
97678
-1
-1
-1
-1
-1
-1
-1
1126
4057
6988
9919
12850
15781
18712
21643
24574
27505
30436
33367
36298
39229
42160
45091
48022
50953
53884
56815
59746
62677
65608
68539
71470
74401
77332
80263
83194
86125
89056
91987
94918
97849
-1
-1
-1
-1
-1
-1
-1
1297
4228
7159
10090
13021
15952
18883
21814
24745
27676
30607
33538
36469
39400
42331
45262
48193
51124
54055
56986
59917
62848
65779
68710
71641
74572
77503
80434
83365
86296
89227
92158
95089
98020
-1
-1
-1
-1
-1
-1
-1
1468
4399
7330
10261
13192
16123
19054
21985
24916
27847
30778
33709
36640
39571
42502
45433
48364
51295
54226
57157
60088
63019
65950
68881
71812
74743
77674
80605
83536
86467
89398
92329
95260
98191
-1
-1
-1
-1
-1
-1
-1
1639
4570
7501
10432
13363
16294
19225
22156
25087
28018
30949
33880
36811
39742
42673
45604
48535
51466
54397
57328
60259
63190
66121
69052
71983
74914
77845
80776
83707
86638
89569
92500
95431
98362
-1
-1
-1
-1
-1
-1
-1
1810
4741
7672
10603
13534
16465
19396
22327
25258
28189
31120
34051
36982
39913
42844
45775
48706
51637
54568
57499
60430
63361
66292
69223
72154
75085
78016
80947
83878
86809
89740
92671
95602
98533
-1
-1
-1
-1
-1
-1
-1
1981
4912
7843
10774
13705
16636
19567
22498
25429
28360
31291
34222
37153
40084
43015
45946
48877
51808
54739
57670
60601
63532
66463
69394
72325
75256
78187
81118
84049
86980
89911
92842
95773
98704
-1
-1
-1
-1
-1
-1
-1
2152
5083
8014
10945
13876
16807
19738
22669
25600
28531
31462
34393
37324
40255
43186
46117
49048
51979
54910
57841
60772
63703
66634
69565
72496
75427
78358
81289
84220
87151
90082
93013
95944
98875
-1
-1
-1
-1
-1
-1
-1
2323
5254
8185
11116
14047
16978
19909
22840
25771
28702
31633
34564
37495
40426
43357
46288
49219
52150
55081
58012
60943
63874
66805
69736
72667
75598
78529
81460
84391
87322
90253
93184
96115
99046
-1
-1
-1
-1
-1
-1
-1
2494
5425
8356
11287
14218
17149
20080
23011
25942
28873
31804
34735
37666
40597
43528
46459
49390
52321
55252
58183
61114
64045
66976
69907
72838
75769
78700
81631
84562
87493
90424
93355
96286
99217
-1
-1
-1
-1
-1
-1
-1
2665
5596
8527
11458
14389
17320
20251
23182
26113
29044
31975
34906
37837
40768
43699
46630
49561
52492
55423
58354
61285
64216
67147
70078
73009
75940
78871
81802
84733
87664
90595
93526
96457
99388
-1
-1
-1
-1
-1
-1
-1
2836
5767
8698
11629
14560
17491
20422
23353
26284
29215
32146
35077
38008
40939
43870
46801
49732
52663
55594
58525
61456
64387
67318
70249
73180
76111
79042
81973
84904
87835
90766
93697
96628
99559
-1
-1
-1
-1
-1
-1
76
3007
5938
8869
11800
14731
17662
20593
23524
26455
29386
32317
35248
38179
41110
44041
46972
49903
52834
55765
58696
61627
64558
67489
70420
73351
76282
79213
82144
85075
88006
90937
93868
96799
99730
-1
-1
-1
-1
-1
-1
247
3178
6109
9040
11971
14902
17833
20764
23695
26626
29557
32488
35419
38350
41281
44212
47143
50074
53005
55936
58867
61798
64729
67660
70591
73522
76453
79384
82315
85246
88177
91108
94039
96970
99901
-1
-1
-1
-1
-1
-1
418
3349
6280
9211
12142
15073
18004
20935
23866
26797
29728
32659
35590
38521
41452
44383
47314
50245
53176
56107
59038
61969
64900
67831
70762
73693
76624
79555
82486
85417
88348
91279
94210
97141
-1
-1
-1
-1
-1
-1
-1
589
3520
6451
9382
12313
15244
18175
21106
24037
26968
29899
32830
35761
38692
41623
44554
47485
50416
53347
56278
59209
62140
65071
68002
70933
73864
76795
79726
82657
85588
88519
91450
94381
97312
-1
-1
-1
-1
-1
-1
-1
760
3691
6622
9553
12484
15415
18346
21277
24208
27139
30070
33001
35932
38863
41794
44725
47656
50587
53518
56449
59380
62311
65242
68173
71104
74035
76966
79897
82828
85759
88690
91621
94552
97483
-1
-1
-1
-1
-1
-1
-1
931
3862
6793
9724
12655
15586
18517
21448
24379
27310
30241
33172
36103
39034
41965
44896
47827
50758
53689
56620
59551
62482
65413
68344
71275
74206
77137
80068
82999
85930
88861
91792
94723
97654
-1
-1
-1
-1
-1
-1
-1
1102
4033
6964
9895
12826
15757
18688
21619
24550
27481
30412
33343
36274
39205
42136
45067
47998
50929
53860
56791
59722
62653
65584
68515
71446
74377
77308
80239
83170
86101
89032
91963
94894
97825
-1
-1
-1
-1
-1
-1
-1
1273
4204
7135
10066
12997
15928
18859
21790
24721
27652
30583
33514
36445
39376
42307
45238
48169
51100
54031
56962
59893
62824
65755
68686
71617
74548
77479
80410
83341
86272
89203
92134
95065
97996
-1
-1
-1
-1
-1
-1
-1
1444
4375
7306
10237
13168
16099
19030
21961
24892
27823
30754
33685
36616
39547
42478
45409
48340
51271
54202
57133
60064
62995
65926
68857
71788
74719
77650
80581
83512
86443
89374
92305
95236
98167
-1
-1
-1
-1
-1
-1
-1
1615
4546
7477
10408
13339
16270
19201
22132
25063
27994
30925
33856
36787
39718
42649
45580
48511
51442
54373
57304
60235
63166
66097
69028
71959
74890
77821
80752
83683
86614
89545
92476
95407
98338
-1
-1
-1
-1
-1
-1
-1
1786
4717
7648
10579
13510
16441
19372
22303
25234
28165
31096
34027
36958
39889
42820
45751
48682
51613
54544
57475
60406
63337
66268
69199
72130
75061
77992
80923
83854
86785
89716
92647
95578
98509
-1
-1
-1
-1
-1
-1
-1
1957
4888
7819
10750
13681
16612
19543
22474
25405
28336
31267
34198
37129
40060
42991
45922
48853
51784
54715
57646
60577
63508
66439
69370
72301
75232
78163
81094
84025
86956
89887
92818
95749
98680
-1
-1
-1
-1
-1
-1
-1
2128
5059
7990
10921
13852
16783
19714
22645
25576
28507
31438
34369
37300
40231
43162
46093
49024
51955
54886
57817
60748
63679
66610
69541
72472
75403
78334
81265
84196
87127
90058
92989
95920
98851
-1
-1
-1
-1
-1
-1
-1
2299
5230
8161
11092
14023
16954
19885
22816
25747
28678
31609
34540
37471
40402
43333
46264
49195
52126
55057
57988
60919
63850
66781
69712
72643
75574
78505
81436
84367
87298
90229
93160
96091
99022
-1
-1
-1
-1
-1
-1
-1
2470
5401
8332
11263
14194
17125
20056
22987
25918
28849
31780
34711
37642
40573
43504
46435
49366
52297
55228
58159
61090
64021
66952
69883
72814
75745
78676
81607
84538
87469
90400
93331
96262
99193
-1
-1
-1
-1
-1
-1
-1
2641
5572
8503
11434
14365
17296
20227
23158
26089
29020
31951
34882
37813
40744
43675
46606
49537
52468
55399
58330
61261
64192
67123
70054
72985
75916
78847
81778
84709
87640
90571
93502
96433
99364
-1
-1
-1
-1
-1
-1
-1
2812
5743
8674
11605
14536
17467
20398
23329
26260
29191
32122
35053
37984
40915
43846
46777
49708
52639
55570
58501
61432
64363
67294
70225
73156
76087
79018
81949
84880
87811
90742
93673
96604
99535
-1
-1
-1
-1
-1
-1
52
2983
5914
8845
11776
14707
17638
20569
23500
26431
29362
32293
35224
38155
41086
44017
46948
49879
52810
55741
58672
61603
64534
67465
70396
73327
76258
79189
82120
85051
87982
90913
93844
96775
99706
-1
-1
-1
-1
-1
-1
223
3154
6085
9016
11947
14878
17809
20740
23671
26602
29533
32464
35395
38326
41257
44188
47119
50050
52981
55912
58843
61774
64705
67636
70567
73498
76429
79360
82291
85222
88153
91084
94015
96946
99877
-1
-1
-1
-1
-1
-1
394
3325
6256
9187
12118
15049
17980
20911
23842
26773
29704
32635
35566
38497
41428
44359
47290
50221
53152
56083
59014
61945
64876
67807
70738
73669
76600
79531
82462
85393
88324
91255
94186
97117
-1
-1
-1
-1
-1
-1
-1
565
3496
6427
9358
12289
15220
18151
21082
24013
26944
29875
32806
35737
38668
41599
44530
47461
50392
53323
56254
59185
62116
65047
67978
70909
73840
76771
79702
82633
85564
88495
91426
94357
97288
-1
-1
-1
-1
-1
-1
-1
736
3667
6598
9529
12460
15391
18322
21253
24184
27115
30046
32977
35908
38839
41770
44701
47632
50563
53494
56425
59356
62287
65218
68149
71080
74011
76942
79873
82804
85735
88666
91597
94528
97459
-1
-1
-1
-1
-1
-1
-1
907
3838
6769
9700
12631
15562
18493
21424
24355
27286
30217
33148
36079
39010
41941
44872
47803
50734
53665
56596
59527
62458
65389
68320
71251
74182
77113
80044
82975
85906
88837
91768
94699
97630
-1
-1
-1
-1
-1
-1
-1
1078
4009
6940
9871
12802
15733
18664
21595
24526
27457
30388
33319
36250
39181
42112
45043
47974
50905
53836
56767
59698
62629
65560
68491
71422
74353
77284
80215
83146
86077
89008
91939
94870
97801
-1
-1
-1
-1
-1
-1
-1
1249
4180
7111
10042
12973
15904
18835
21766
24697
27628
30559
33490
36421
39352
42283
45214
48145
51076
54007
56938
59869
62800
65731
68662
71593
74524
77455
80386
83317
86248
89179
92110
95041
97972
-1
-1
-1
-1
-1
-1
-1
1420
4351
7282
10213
13144
16075
19006
21937
24868
27799
30730
33661
36592
39523
42454
45385
48316
51247
54178
57109
60040
62971
65902
68833
71764
74695
77626
80557
83488
86419
89350
92281
95212
98143
-1
-1
-1
-1
-1
-1
-1
1591
4522
7453
10384
13315
16246
19177
22108
25039
27970
30901
33832
36763
39694
42625
45556
48487
51418
54349
57280
60211
63142
66073
69004
71935
74866
77797
80728
83659
86590
89521
92452
95383
98314
-1
-1
-1
-1
-1
-1
-1
1762
4693
7624
10555
13486
16417
19348
22279
25210
28141
31072
34003
36934
39865
42796
45727
48658
51589
54520
57451
60382
63313
66244
69175
72106
75037
77968
80899
83830
86761
89692
92623
95554
98485
-1
-1
-1
-1
-1
-1
-1
1933
4864
7795
10726
13657
16588
19519
22450
25381
28312
31243
34174
37105
40036
42967
45898
48829
51760
54691
57622
60553
63484
66415
69346
72277
75208
78139
81070
84001
86932
89863
92794
95725
98656
-1
-1
-1
-1
-1
-1
-1
2104
5035
7966
10897
13828
16759
19690
22621
25552
28483
31414
34345
37276
40207
43138
46069
49000
51931
54862
57793
60724
63655
66586
69517
72448
75379
78310
81241
84172
87103
90034
92965
95896
98827
-1
-1
-1
-1
-1
-1
-1
2275
5206
8137
11068
13999
16930
19861
22792
25723
28654
31585
34516
37447
40378
43309
46240
49171
52102
55033
57964
60895
63826
66757
69688
72619
75550
78481
81412
84343
87274
90205
93136
96067
98998
-1
-1
-1
-1
-1
-1
-1
2446
5377
8308
11239
14170
17101
20032
22963
25894
28825
31756
34687
37618
40549
43480
46411
49342
52273
55204
58135
61066
63997
66928
69859
72790
75721
78652
81583
84514
87445
90376
93307
96238
99169
-1
-1
-1
-1
-1
-1
-1
2617
5548
8479
11410
14341
17272
20203
23134
26065
28996
31927
34858
37789
40720
43651
46582
49513
52444
55375
58306
61237
64168
67099
70030
72961
75892
78823
81754
84685
87616
90547
93478
96409
99340
-1
-1
-1
-1
-1
-1
-1
2788
5719
8650
11581
14512
17443
20374
23305
26236
29167
32098
35029
37960
40891
43822
46753
49684
52615
55546
58477
61408
64339
67270
70201
73132
76063
78994
81925
84856
87787
90718
93649
96580
99511
-1
-1
-1
-1
-1
-1
28
2959
5890
8821
11752
14683
17614
20545
23476
26407
29338
32269
35200
38131
41062
43993
46924
49855
52786
55717
58648
61579
64510
67441
70372
73303
76234
79165
82096
85027
87958
90889
93820
96751
99682
-1
-1
-1
-1
-1
-1
199
3130
6061
8992
11923
14854
17785
20716
23647
26578
29509
32440
35371
38302
41233
44164
47095
50026
52957
55888
58819
61750
64681
67612
70543
73474
76405
79336
82267
85198
88129
91060
93991
96922
99853
-1
-1
-1
-1
-1
-1
370
3301
6232
9163
12094
15025
17956
20887
23818
26749
29680
32611
35542
38473
41404
44335
47266
50197
53128
56059
58990
61921
64852
67783
70714
73645
76576
79507
82438
85369
88300
91231
94162
97093
-1
-1
-1
-1
-1
-1
-1
541
3472
6403
9334
12265
15196
18127
21058
23989
26920
29851
32782
35713
38644
41575
44506
47437
50368
53299
56230
59161
62092
65023
67954
70885
73816
76747
79678
82609
85540
88471
91402
94333
97264
-1
-1
-1
-1
-1
-1
-1
712
3643
6574
9505
12436
15367
18298
21229
24160
27091
30022
32953
35884
38815
41746
44677
47608
50539
53470
56401
59332
62263
65194
68125
71056
73987
76918
79849
82780
85711
88642
91573
94504
97435
-1
-1
-1
-1
-1
-1
-1
883
3814
6745
9676
12607
15538
18469
21400
24331
27262
30193
33124
36055
38986
41917
44848
47779
50710
53641
56572
59503
62434
65365
68296
71227
74158
77089
80020
82951
85882
88813
91744
94675
97606
-1
-1
-1
-1
-1
-1
-1
1054
3985
6916
9847
12778
15709
18640
21571
24502
27433
30364
33295
36226
39157
42088
45019
47950
50881
53812
56743
59674
62605
65536
68467
71398
74329
77260
80191
83122
86053
88984
91915
94846
97777
-1
-1
-1
-1
-1
-1
-1
1225
4156
7087
10018
12949
15880
18811
21742
24673
27604
30535
33466
36397
39328
42259
45190
48121
51052
53983
56914
59845
62776
65707
68638
71569
74500
77431
80362
83293
86224
89155
92086
95017
97948
-1
-1
-1
-1
-1
-1
-1
1396
4327
7258
10189
13120
16051
18982
21913
24844
27775
30706
33637
36568
39499
42430
45361
48292
51223
54154
57085
60016
62947
65878
68809
71740
74671
77602
80533
83464
86395
89326
92257
95188
98119
-1
-1
-1
-1
-1
-1
-1
1567
4498
7429
10360
13291
16222
19153
22084
25015
27946
30877
33808
36739
39670
42601
45532
48463
51394
54325
57256
60187
63118
66049
68980
71911
74842
77773
80704
83635
86566
89497
92428
95359
98290
-1
-1
-1
-1
-1
-1
-1
1738
4669
7600
10531
13462
16393
19324
22255
25186
28117
31048
33979
36910
39841
42772
45703
48634
51565
54496
57427
60358
63289
66220
69151
72082
75013
77944
80875
83806
86737
89668
92599
95530
98461
-1
-1
-1
-1
-1
-1
-1
1909
4840
7771
10702
13633
16564
19495
22426
25357
28288
31219
34150
37081
40012
42943
45874
48805
51736
54667
57598
60529
63460
66391
69322
72253
75184
78115
81046
83977
86908
89839
92770
95701
98632
-1
-1
-1
-1
-1
-1
-1
2080
5011
7942
10873
13804
16735
19666
22597
25528
28459
31390
34321
37252
40183
43114
46045
48976
51907
54838
57769
60700
63631
66562
69493
72424
75355
78286
81217
84148
87079
90010
92941
95872
98803
-1
-1
-1
-1
-1
-1
-1
2251
5182
8113
11044
13975
16906
19837
22768
25699
28630
31561
34492
37423
40354
43285
46216
49147
52078
55009
57940
60871
63802
66733
69664
72595
75526
78457
81388
84319
87250
90181
93112
96043
98974
-1
-1
-1
-1
-1
-1
-1
2422
5353
8284
11215
14146
17077
20008
22939
25870
28801
31732
34663
37594
40525
43456
46387
49318
52249
55180
58111
61042
63973
66904
69835
72766
75697
78628
81559
84490
87421
90352
93283
96214
99145
-1
-1
-1
-1
-1
-1
-1
2593
5524
8455
11386
14317
17248
20179
23110
26041
28972
31903
34834
37765
40696
43627
46558
49489
52420
55351
58282
61213
64144
67075
70006
72937
75868
78799
81730
84661
87592
90523
93454
96385
99316
-1
-1
-1
-1
-1
-1
-1
2764
5695
8626
11557
14488
17419
20350
23281
26212
29143
32074
35005
37936
40867
43798
46729
49660
52591
55522
58453
61384
64315
67246
70177
73108
76039
78970
81901
84832
87763
90694
93625
96556
99487
-1
-1
-1
-1
-1
-1
4
2935
5866
8797
11728
14659
17590
20521
23452
26383
29314
32245
35176
38107
41038
43969
46900
49831
52762
55693
58624
61555
64486
67417
70348
73279
76210
79141
82072
85003
87934
90865
93796
96727
99658
-1
-1
-1
-1
-1
-1
175
3106
6037
8968
11899
14830
17761
20692
23623
26554
29485
32416
35347
38278
41209
44140
47071
50002
52933
55864
58795
61726
64657
67588
70519
73450
76381
79312
82243
85174
88105
91036
93967
96898
99829
-1
-1
-1
-1
-1
-1
346
3277
6208
9139
12070
15001
17932
20863
23794
26725
29656
32587
35518
38449
41380
44311
47242
50173
53104
56035
58966
61897
64828
67759
70690
73621
76552
79483
82414
85345
88276
91207
94138
97069
100000
-1
-1
-1
-1
-1
-1
517
3448
6379
9310
12241
15172
18103
21034
23965
26896
29827
32758
35689
38620
41551
44482
47413
50344
53275
56206
59137
62068
64999
67930
70861
73792
76723
79654
82585
85516
88447
91378
94309
97240
-1
-1
-1
-1
-1
-1
-1
688
3619
6550
9481
12412
15343
18274
21205
24136
27067
29998
32929
35860
38791
41722
44653
47584
50515
53446
56377
59308
62239
65170
68101
71032
73963
76894
79825
82756
85687
88618
91549
94480
97411
-1
-1
-1
-1
-1
-1
-1
859
3790
6721
9652
12583
15514
18445
21376
24307
27238
30169
33100
36031
38962
41893
44824
47755
50686
53617
56548
59479
62410
65341
68272
71203
74134
77065
79996
82927
85858
88789
91720
94651
97582
-1
-1
-1
-1
-1
-1
-1
1030
3961
6892
9823
12754
15685
18616
21547
24478
27409
30340
33271
36202
39133
42064
44995
47926
50857
53788
56719
59650
62581
65512
68443
71374
74305
77236
80167
83098
86029
88960
91891
94822
97753
-1
-1
-1
-1
-1
-1
-1
1201
4132
7063
9994
12925
15856
18787
21718
24649
27580
30511
33442
36373
39304
42235
45166
48097
51028
53959
56890
59821
62752
65683
68614
71545
74476
77407
80338
83269
86200
89131
92062
94993
97924
-1
-1
-1
-1
-1
-1
-1
1372
4303
7234
10165
13096
16027
18958
21889
24820
27751
30682
33613
36544
39475
42406
45337
48268
51199
54130
57061
59992
62923
65854
68785
71716
74647
77578
80509
83440
86371
89302
92233
95164
98095
-1
-1
-1
-1
-1
-1
-1
1543
4474
7405
10336
13267
16198
19129
22060
24991
27922
30853
33784
36715
39646
42577
45508
48439
51370
54301
57232
60163
63094
66025
68956
71887
74818
77749
80680
83611
86542
89473
92404
95335
98266
-1
-1
-1
-1
-1
-1
-1
1714
4645
7576
10507
13438
16369
19300
22231
25162
28093
31024
33955
36886
39817
42748
45679
48610
51541
54472
57403
60334
63265
66196
69127
72058
74989
77920
80851
83782
86713
89644
92575
95506
98437
-1
-1
-1
-1
-1
-1
-1
1885
4816
7747
10678
13609
16540
19471
22402
25333
28264
31195
34126
37057
39988
42919
45850
48781
51712
54643
57574
60505
63436
66367
69298
72229
75160
78091
81022
83953
86884
89815
92746
95677
98608
-1
-1
-1
-1
-1
-1
-1
2056
4987
7918
10849
13780
16711
19642
22573
25504
28435
31366
34297
37228
40159
43090
46021
48952
51883
54814
57745
60676
63607
66538
69469
72400
75331
78262
81193
84124
87055
89986
92917
95848
98779
-1
-1
-1
-1
-1
-1
-1
2227
5158
8089
11020
13951
16882
19813
22744
25675
28606
31537
34468
37399
40330
43261
46192
49123
52054
54985
57916
60847
63778
66709
69640
72571
75502
78433
81364
84295
87226
90157
93088
96019
98950
-1
-1
-1
-1
-1
-1
-1
2398
5329
8260
11191
14122
17053
19984
22915
25846
28777
31708
34639
37570
40501
43432
46363
49294
52225
55156
58087
61018
63949
66880
69811
72742
75673
78604
81535
84466
87397
90328
93259
96190
99121
-1
-1
-1
-1
-1
-1
-1
2569
5500
8431
11362
14293
17224
20155
23086
26017
28948
31879
34810
37741
40672
43603
46534
49465
52396
55327
58258
61189
64120
67051
69982
72913
75844
78775
81706
84637
87568
90499
93430
96361
99292
-1
-1
-1
-1
-1
-1
-1
2740
5671
8602
11533
14464
17395
20326
23257
26188
29119
32050
34981
37912
40843
43774
46705
49636
52567
55498
58429
61360
64291
67222
70153
73084
76015
78946
81877
84808
87739
90670
93601
96532
99463
-1
-1
-1
-1
-1
-1
-1
2911
5842
8773
11704
14635
17566
20497
23428
26359
29290
32221
35152
38083
41014
43945
46876
49807
52738
55669
58600
61531
64462
67393
70324
73255
76186
79117
82048
84979
87910
90841
93772
96703
99634
-1
-1
-1
-1
-1
-1
151
3082
6013
8944
11875
14806
17737
20668
23599
26530
29461
32392
35323
38254
41185
44116
47047
49978
52909
55840
58771
61702
64633
67564
70495
73426
76357
79288
82219
85150
88081
91012
93943
96874
99805
-1
-1
-1
-1
-1
-1
322
3253
6184
9115
12046
14977
17908
20839
23770
26701
29632
32563
35494
38425
41356
44287
47218
50149
53080
56011
58942
61873
64804
67735
70666
73597
76528
79459
82390
85321
88252
91183
94114
97045
99976
-1
-1
-1
-1
-1
-1
493
3424
6355
9286
12217
15148
18079
21010
23941
26872
29803
32734
35665
38596
41527
44458
47389
50320
53251
56182
59113
62044
64975
67906
70837
73768
76699
79630
82561
85492
88423
91354
94285
97216
-1
-1
-1
-1
-1
-1
-1
664
3595
6526
9457
12388
15319
18250
21181
24112
27043
29974
32905
35836
38767
41698
44629
47560
50491
53422
56353
59284
62215
65146
68077
71008
73939
76870
79801
82732
85663
88594
91525
94456
97387
-1
-1
-1
-1
-1
-1
-1
835
3766
6697
9628
12559
15490
18421
21352
24283
27214
30145
33076
36007
38938
41869
44800
47731
50662
53593
56524
59455
62386
65317
68248
71179
74110
77041
79972
82903
85834
88765
91696
94627
97558
-1
-1
-1
-1
-1
-1
-1
1006
3937
6868
9799
12730
15661
18592
21523
24454
27385
30316
33247
36178
39109
42040
44971
47902
50833
53764
56695
59626
62557
65488
68419
71350
74281
77212
80143
83074
86005
88936
91867
94798
97729
-1
-1
-1
-1
-1
-1
-1
1177
4108
7039
9970
12901
15832
18763
21694
24625
27556
30487
33418
36349
39280
42211
45142
48073
51004
53935
56866
59797
62728
65659
68590
71521
74452
77383
80314
83245
86176
89107
92038
94969
97900
-1
-1
-1
-1
-1
-1
-1
1348
4279
7210
10141
13072
16003
18934
21865
24796
27727
30658
33589
36520
39451
42382
45313
48244
51175
54106
57037
59968
62899
65830
68761
71692
74623
77554
80485
83416
86347
89278
92209
95140
98071
-1
-1
-1
-1
-1
-1
-1
1519
4450
7381
10312
13243
16174
19105
22036
24967
27898
30829
33760
36691
39622
42553
45484
48415
51346
54277
57208
60139
63070
66001
68932
71863
74794
77725
80656
83587
86518
89449
92380
95311
98242
-1
-1
-1
-1
-1
-1
-1
1690
4621
7552
10483
13414
16345
19276
22207
25138
28069
31000
33931
36862
39793
42724
45655
48586
51517
54448
57379
60310
63241
66172
69103
72034
74965
77896
80827
83758
86689
89620
92551
95482
98413
-1
-1
-1
-1
-1
-1
-1
1861
4792
7723
10654
13585
16516
19447
22378
25309
28240
31171
34102
37033
39964
42895
45826
48757
51688
54619
57550
60481
63412
66343
69274
72205
75136
78067
80998
83929
86860
89791
92722
95653
98584
-1
-1
-1
-1
-1
-1
-1
2032
4963
7894
10825
13756
16687
19618
22549
25480
28411
31342
34273
37204
40135
43066
45997
48928
51859
54790
57721
60652
63583
66514
69445
72376
75307
78238
81169
84100
87031
89962
92893
95824
98755
-1
-1
-1
-1
-1
-1
-1
2203
5134
8065
10996
13927
16858
19789
22720
25651
28582
31513
34444
37375
40306
43237
46168
49099
52030
54961
57892
60823
63754
66685
69616
72547
75478
78409
81340
84271
87202
90133
93064
95995
98926
-1
-1
-1
-1
-1
-1
-1
2374
5305
8236
11167
14098
17029
19960
22891
25822
28753
31684
34615
37546
40477
43408
46339
49270
52201
55132
58063
60994
63925
66856
69787
72718
75649
78580
81511
84442
87373
90304
93235
96166
99097
-1
-1
-1
-1
-1
-1
-1
2545
5476
8407
11338
14269
17200
20131
23062
25993
28924
31855
34786
37717
40648
43579
46510
49441
52372
55303
58234
61165
64096
67027
69958
72889
75820
78751
81682
84613
87544
90475
93406
96337
99268
-1
-1
-1
-1
-1
-1
-1
2716
5647
8578
11509
14440
17371
20302
23233
26164
29095
32026
34957
37888
40819
43750
46681
49612
52543
55474
58405
61336
64267
67198
70129
73060
75991
78922
81853
84784
87715
90646
93577
96508
99439
-1
-1
-1
-1
-1
-1
-1
2887
5818
8749
11680
14611
17542
20473
23404
26335
29266
32197
35128
38059
40990
43921
46852
49783
52714
55645
58576
61507
64438
67369
70300
73231
76162
79093
82024
84955
87886
90817
93748
96679
99610
-1
-1
-1
-1
-1
-1
127
3058
5989
8920
11851
14782
17713
20644
23575
26506
29437
32368
35299
38230
41161
44092
47023
49954
52885
55816
58747
61678
64609
67540
70471
73402
76333
79264
82195
85126
88057
90988
93919
96850
99781
-1
-1
-1
-1
-1
-1
298
3229
6160
9091
12022
14953
17884
20815
23746
26677
29608
32539
35470
38401
41332
44263
47194
50125
53056
55987
58918
61849
64780
67711
70642
73573
76504
79435
82366
85297
88228
91159
94090
97021
99952
-1
-1
-1
-1
-1
-1
469
3400
6331
9262
12193
15124
18055
20986
23917
26848
29779
32710
35641
38572
41503
44434
47365
50296
53227
56158
59089
62020
64951
67882
70813
73744
76675
79606
82537
85468
88399
91330
94261
97192
-1
-1
-1
-1
-1
-1
-1
640
3571
6502
9433
12364
15295
18226
21157
24088
27019
29950
32881
35812
38743
41674
44605
47536
50467
53398
56329
59260
62191
65122
68053
70984
73915
76846
79777
82708
85639
88570
91501
94432
97363
-1
-1
-1
-1
-1
-1
-1
811
3742
6673
9604
12535
15466
18397
21328
24259
27190
30121
33052
35983
38914
41845
44776
47707
50638
53569
56500
59431
62362
65293
68224
71155
74086
77017
79948
82879
85810
88741
91672
94603
97534
-1
-1
-1
-1
-1
-1
-1
982
3913
6844
9775
12706
15637
18568
21499
24430
27361
30292
33223
36154
39085
42016
44947
47878
50809
53740
56671
59602
62533
65464
68395
71326
74257
77188
80119
83050
85981
88912
91843
94774
97705
-1
-1
-1
-1
-1
-1
-1
1153
4084
7015
9946
12877
15808
18739
21670
24601
27532
30463
33394
36325
39256
42187
45118
48049
50980
53911
56842
59773
62704
65635
68566
71497
74428
77359
80290
83221
86152
89083
92014
94945
97876
-1
-1
-1
-1
-1
-1
-1
1324
4255
7186
10117
13048
15979
18910
21841
24772
27703
30634
33565
36496
39427
42358
45289
48220
51151
54082
57013
59944
62875
65806
68737
71668
74599
77530
80461
83392
86323
89254
92185
95116
98047
-1
-1
-1
-1
-1
-1
-1
1495
4426
7357
10288
13219
16150
19081
22012
24943
27874
30805
33736
36667
39598
42529
45460
48391
51322
54253
57184
60115
63046
65977
68908
71839
74770
77701
80632
83563
86494
89425
92356
95287
98218
-1
-1
-1
-1
-1
-1
-1
1666
4597
7528
10459
13390
16321
19252
22183
25114
28045
30976
33907
36838
39769
42700
45631
48562
51493
54424
57355
60286
63217
66148
69079
72010
74941
77872
80803
83734
86665
89596
92527
95458
98389
-1
-1
-1
-1
-1
-1
-1
1837
4768
7699
10630
13561
16492
19423
22354
25285
28216
31147
34078
37009
39940
42871
45802
48733
51664
54595
57526
60457
63388
66319
69250
72181
75112
78043
80974
83905
86836
89767
92698
95629
98560
-1
-1
-1
-1
-1
-1
-1
2008
4939
7870
10801
13732
16663
19594
22525
25456
28387
31318
34249
37180
40111
43042
45973
48904
51835
54766
57697
60628
63559
66490
69421
72352
75283
78214
81145
84076
87007
89938
92869
95800
98731
-1
-1
-1
-1
-1
-1
-1
2179
5110
8041
10972
13903
16834
19765
22696
25627
28558
31489
34420
37351
40282
43213
46144
49075
52006
54937
57868
60799
63730
66661
69592
72523
75454
78385
81316
84247
87178
90109
93040
95971
98902
-1
-1
-1
-1
-1
-1
-1
2350
5281
8212
11143
14074
17005
19936
22867
25798
28729
31660
34591
37522
40453
43384
46315
49246
52177
55108
58039
60970
63901
66832
69763
72694
75625
78556
81487
84418
87349
90280
93211
96142
99073
-1
-1
-1
-1
-1
-1
-1
2521
5452
8383
11314
14245
17176
20107
23038
25969
28900
31831
34762
37693
40624
43555
46486
49417
52348
55279
58210
61141
64072
67003
69934
72865
75796
78727
81658
84589
87520
90451
93382
96313
99244
-1
-1
-1
-1
-1
-1
-1
2692
5623
8554
11485
14416
17347
20278
23209
26140
29071
32002
34933
37864
40795
43726
46657
49588
52519
55450
58381
61312
64243
67174
70105
73036
75967
78898
81829
84760
87691
90622
93553
96484
99415
-1
-1
-1
-1
-1
-1
-1
2863
5794
8725
11656
14587
17518
20449
23380
26311
29242
32173
35104
38035
40966
43897
46828
49759
52690
55621
58552
61483
64414
67345
70276
73207
76138
79069
82000
84931
87862
90793
93724
96655
99586
-1
-1
-1
-1
-1
-1
103
3034
5965
8896
11827
14758
17689
20620
23551
26482
29413
32344
35275
38206
41137
44068
46999
49930
52861
55792
58723
61654
64585
67516
70447
73378
76309
79240
82171
85102
88033
90964
93895
96826
99757
-1
-1
-1
-1
-1
-1
274
3205
6136
9067
11998
14929
17860
20791
23722
26653
29584
32515
35446
38377
41308
44239
47170
50101
53032
55963
58894
61825
64756
67687
70618
73549
76480
79411
82342
85273
88204
91135
94066
96997
99928
-1
-1
-1
-1
-1
-1
445
3376
6307
9238
12169
15100
18031
20962
23893
26824
29755
32686
35617
38548
41479
44410
47341
50272
53203
56134
59065
61996
64927
67858
70789
73720
76651
79582
82513
85444
88375
91306
94237
97168
-1
-1
-1
-1
-1
-1
-1
616
3547
6478
9409
12340
15271
18202
21133
24064
26995
29926
32857
35788
38719
41650
44581
47512
50443
53374
56305
59236
62167
65098
68029
70960
73891
76822
79753
82684
85615
88546
91477
94408
97339
-1
-1
-1
-1
-1
-1
-1
787
3718
6649
9580
12511
15442
18373
21304
24235
27166
30097
33028
35959
38890
41821
44752
47683
50614
53545
56476
59407
62338
65269
68200
71131
74062
76993
79924
82855
85786
88717
91648
94579
97510
-1
-1
-1
-1
-1
-1
-1
958
3889
6820
9751
12682
15613
18544
21475
24406
27337
30268
33199
36130
39061
41992
44923
47854
50785
53716
56647
59578
62509
65440
68371
71302
74233
77164
80095
83026
85957
88888
91819
94750
97681
-1
-1
-1
-1
-1
-1
-1
1129
4060
6991
9922
12853
15784
18715
21646
24577
27508
30439
33370
36301
39232
42163
45094
48025
50956
53887
56818
59749
62680
65611
68542
71473
74404
77335
80266
83197
86128
89059
91990
94921
97852
-1
-1
-1
-1
-1
-1
-1
1300
4231
7162
10093
13024
15955
18886
21817
24748
27679
30610
33541
36472
39403
42334
45265
48196
51127
54058
56989
59920
62851
65782
68713
71644
74575
77506
80437
83368
86299
89230
92161
95092
98023
-1
-1
-1
-1
-1
-1
-1
1471
4402
7333
10264
13195
16126
19057
21988
24919
27850
30781
33712
36643
39574
42505
45436
48367
51298
54229
57160
60091
63022
65953
68884
71815
74746
77677
80608
83539
86470
89401
92332
95263
98194
-1
-1
-1
-1
-1
-1
-1
1642
4573
7504
10435
13366
16297
19228
22159
25090
28021
30952
33883
36814
39745
42676
45607
48538
51469
54400
57331
60262
63193
66124
69055
71986
74917
77848
80779
83710
86641
89572
92503
95434
98365
-1
-1
-1
-1
-1
-1
-1
1813
4744
7675
10606
13537
16468
19399
22330
25261
28192
31123
34054
36985
39916
42847
45778
48709
51640
54571
57502
60433
63364
66295
69226
72157
75088
78019
80950
83881
86812
89743
92674
95605
98536
-1
-1
-1
-1
-1
-1
-1
1984
4915
7846
10777
13708
16639
19570
22501
25432
28363
31294
34225
37156
40087
43018
45949
48880
51811
54742
57673
60604
63535
66466
69397
72328
75259
78190
81121
84052
86983
89914
92845
95776
98707
-1
-1
-1
-1
-1
-1
-1
2155
5086
8017
10948
13879
16810
19741
22672
25603
28534
31465
34396
37327
40258
43189
46120
49051
51982
54913
57844
60775
63706
66637
69568
72499
75430
78361
81292
84223
87154
90085
93016
95947
98878
-1
-1
-1
-1
-1
-1
-1
2326
5257
8188
11119
14050
16981
19912
22843
25774
28705
31636
34567
37498
40429
43360
46291
49222
52153
55084
58015
60946
63877
66808
69739
72670
75601
78532
81463
84394
87325
90256
93187
96118
99049
-1
-1
-1
-1
-1
-1
-1
2497
5428
8359
11290
14221
17152
20083
23014
25945
28876
31807
34738
37669
40600
43531
46462
49393
52324
55255
58186
61117
64048
66979
69910
72841
75772
78703
81634
84565
87496
90427
93358
96289
99220
-1
-1
-1
-1
-1
-1
-1
2668
5599
8530
11461
14392
17323
20254
23185
26116
29047
31978
34909
37840
40771
43702
46633
49564
52495
55426
58357
61288
64219
67150
70081
73012
75943
78874
81805
84736
87667
90598
93529
96460
99391
-1
-1
-1
-1
-1
-1
-1
2839
5770
8701
11632
14563
17494
20425
23356
26287
29218
32149
35080
38011
40942
43873
46804
49735
52666
55597
58528
61459
64390
67321
70252
73183
76114
79045
81976
84907
87838
90769
93700
96631
99562
-1
-1
-1
-1
-1
-1
79
3010
5941
8872
11803
14734
17665
20596
23527
26458
29389
32320
35251
38182
41113
44044
46975
49906
52837
55768
58699
61630
64561
67492
70423
73354
76285
79216
82147
85078
88009
90940
93871
96802
99733
-1
-1
-1
-1
-1
-1
250
3181
6112
9043
11974
14905
17836
20767
23698
26629
29560
32491
35422
38353
41284
44215
47146
50077
53008
55939
58870
61801
64732
67663
70594
73525
76456
79387
82318
85249
88180
91111
94042
96973
99904
-1
-1
-1
-1
-1
-1
421
3352
6283
9214
12145
15076
18007
20938
23869
26800
29731
32662
35593
38524
41455
44386
47317
50248
53179
56110
59041
61972
64903
67834
70765
73696
76627
79558
82489
85420
88351
91282
94213
97144
-1
-1
-1
-1
-1
-1
-1
592
3523
6454
9385
12316
15247
18178
21109
24040
26971
29902
32833
35764
38695
41626
44557
47488
50419
53350
56281
59212
62143
65074
68005
70936
73867
76798
79729
82660
85591
88522
91453
94384
97315
-1
-1
-1
-1
-1
-1
-1
763
3694
6625
9556
12487
15418
18349
21280
24211
27142
30073
33004
35935
38866
41797
44728
47659
50590
53521
56452
59383
62314
65245
68176
71107
74038
76969
79900
82831
85762
88693
91624
94555
97486
-1
-1
-1
-1
-1
-1
-1
934
3865
6796
9727
12658
15589
18520
21451
24382
27313
30244
33175
36106
39037
41968
44899
47830
50761
53692
56623
59554
62485
65416
68347
71278
74209
77140
80071
83002
85933
88864
91795
94726
97657
-1
-1
-1
-1
-1
-1
-1
1105
4036
6967
9898
12829
15760
18691
21622
24553
27484
30415
33346
36277
39208
42139
45070
48001
50932
53863
56794
59725
62656
65587
68518
71449
74380
77311
80242
83173
86104
89035
91966
94897
97828
-1
-1
-1
-1
-1
-1
-1
1276
4207
7138
10069
13000
15931
18862
21793
24724
27655
30586
33517
36448
39379
42310
45241
48172
51103
54034
56965
59896
62827
65758
68689
71620
74551
77482
80413
83344
86275
89206
92137
95068
97999
-1
-1
-1
-1
-1
-1
-1
1447
4378
7309
10240
13171
16102
19033
21964
24895
27826
30757
33688
36619
39550
42481
45412
48343
51274
54205
57136
60067
62998
65929
68860
71791
74722
77653
80584
83515
86446
89377
92308
95239
98170
-1
-1
-1
-1
-1
-1
-1
1618
4549
7480
10411
13342
16273
19204
22135
25066
27997
30928
33859
36790
39721
42652
45583
48514
51445
54376
57307
60238
63169
66100
69031
71962
74893
77824
80755
83686
86617
89548
92479
95410
98341
-1
-1
-1
-1
-1
-1
-1
1789
4720
7651
10582
13513
16444
19375
22306
25237
28168
31099
34030
36961
39892
42823
45754
48685
51616
54547
57478
60409
63340
66271
69202
72133
75064
77995
80926
83857
86788
89719
92650
95581
98512
-1
-1
-1
-1
-1
-1
-1
1960
4891
7822
10753
13684
16615
19546
22477
25408
28339
31270
34201
37132
40063
42994
45925
48856
51787
54718
57649
60580
63511
66442
69373
72304
75235
78166
81097
84028
86959
89890
92821
95752
98683
-1
-1
-1
-1
-1
-1
-1
2131
5062
7993
10924
13855
16786
19717
22648
25579
28510
31441
34372
37303
40234
43165
46096
49027
51958
54889
57820
60751
63682
66613
69544
72475
75406
78337
81268
84199
87130
90061
92992
95923
98854
-1
-1
-1
-1
-1
-1
-1
2302
5233
8164
11095
14026
16957
19888
22819
25750
28681
31612
34543
37474
40405
43336
46267
49198
52129
55060
57991
60922
63853
66784
69715
72646
75577
78508
81439
84370
87301
90232
93163
96094
99025
-1
-1
-1
-1
-1
-1
-1
2473
5404
8335
11266
14197
17128
20059
22990
25921
28852
31783
34714
37645
40576
43507
46438
49369
52300
55231
58162
61093
64024
66955
69886
72817
75748
78679
81610
84541
87472
90403
93334
96265
99196
-1
-1
-1
-1
-1
-1
-1
2644
5575
8506
11437
14368
17299
20230
23161
26092
29023
31954
34885
37816
40747
43678
46609
49540
52471
55402
58333
61264
64195
67126
70057
72988
75919
78850
81781
84712
87643
90574
93505
96436
99367
-1
-1
-1
-1
-1
-1
-1
2815
5746
8677
11608
14539
17470
20401
23332
26263
29194
32125
35056
37987
40918
43849
46780
49711
52642
55573
58504
61435
64366
67297
70228
73159
76090
79021
81952
84883
87814
90745
93676
96607
99538
-1
-1
-1
-1
-1
-1
55
2986
5917
8848
11779
14710
17641
20572
23503
26434
29365
32296
35227
38158
41089
44020
46951
49882
52813
55744
58675
61606
64537
67468
70399
73330
76261
79192
82123
85054
87985
90916
93847
96778
99709
-1
-1
-1
-1
-1
-1
226
3157
6088
9019
11950
14881
17812
20743
23674
26605
29536
32467
35398
38329
41260
44191
47122
50053
52984
55915
58846
61777
64708
67639
70570
73501
76432
79363
82294
85225
88156
91087
94018
96949
99880
-1
-1
-1
-1
-1
-1
397
3328
6259
9190
12121
15052
17983
20914
23845
26776
29707
32638
35569
38500
41431
44362
47293
50224
53155
56086
59017
61948
64879
67810
70741
73672
76603
79534
82465
85396
88327
91258
94189
97120
-1
-1
-1
-1
-1
-1
-1
568
3499
6430
9361
12292
15223
18154
21085
24016
26947
29878
32809
35740
38671
41602
44533
47464
50395
53326
56257
59188
62119
65050
67981
70912
73843
76774
79705
82636
85567
88498
91429
94360
97291
-1
-1
-1
-1
-1
-1
-1
739
3670
6601
9532
12463
15394
18325
21256
24187
27118
30049
32980
35911
38842
41773
44704
47635
50566
53497
56428
59359
62290
65221
68152
71083
74014
76945
79876
82807
85738
88669
91600
94531
97462
-1
-1
-1
-1
-1
-1
-1
910
3841
6772
9703
12634
15565
18496
21427
24358
27289
30220
33151
36082
39013
41944
44875
47806
50737
53668
56599
59530
62461
65392
68323
71254
74185
77116
80047
82978
85909
88840
91771
94702
97633
-1
-1
-1
-1
-1
-1
-1
1081
4012
6943
9874
12805
15736
18667
21598
24529
27460
30391
33322
36253
39184
42115
45046
47977
50908
53839
56770
59701
62632
65563
68494
71425
74356
77287
80218
83149
86080
89011
91942
94873
97804
-1
-1
-1
-1
-1
-1
-1
1252
4183
7114
10045
12976
15907
18838
21769
24700
27631
30562
33493
36424
39355
42286
45217
48148
51079
54010
56941
59872
62803
65734
68665
71596
74527
77458
80389
83320
86251
89182
92113
95044
97975
-1
-1
-1
-1
-1
-1
-1
1423
4354
7285
10216
13147
16078
19009
21940
24871
27802
30733
33664
36595
39526
42457
45388
48319
51250
54181
57112
60043
62974
65905
68836
71767
74698
77629
80560
83491
86422
89353
92284
95215
98146
-1
-1
-1
-1
-1
-1
-1
1594
4525
7456
10387
13318
16249
19180
22111
25042
27973
30904
33835
36766
39697
42628
45559
48490
51421
54352
57283
60214
63145
66076
69007
71938
74869
77800
80731
83662
86593
89524
92455
95386
98317
-1
-1
-1
-1
-1
-1
-1
1765
4696
7627
10558
13489
16420
19351
22282
25213
28144
31075
34006
36937
39868
42799
45730
48661
51592
54523
57454
60385
63316
66247
69178
72109
75040
77971
80902
83833
86764
89695
92626
95557
98488
-1
-1
-1
-1
-1
-1
-1
1936
4867
7798
10729
13660
16591
19522
22453
25384
28315
31246
34177
37108
40039
42970
45901
48832
51763
54694
57625
60556
63487
66418
69349
72280
75211
78142
81073
84004
86935
89866
92797
95728
98659
-1
-1
-1
-1
-1
-1
-1
2107
5038
7969
10900
13831
16762
19693
22624
25555
28486
31417
34348
37279
40210
43141
46072
49003
51934
54865
57796
60727
63658
66589
69520
72451
75382
78313
81244
84175
87106
90037
92968
95899
98830
-1
-1
-1
-1
-1
-1
-1
2278
5209
8140
11071
14002
16933
19864
22795
25726
28657
31588
34519
37450
40381
43312
46243
49174
52105
55036
57967
60898
63829
66760
69691
72622
75553
78484
81415
84346
87277
90208
93139
96070
99001
-1
-1
-1
-1
-1
-1
-1
2449
5380
8311
11242
14173
17104
20035
22966
25897
28828
31759
34690
37621
40552
43483
46414
49345
52276
55207
58138
61069
64000
66931
69862
72793
75724
78655
81586
84517
87448
90379
93310
96241
99172
-1
-1
-1
-1
-1
-1
-1
2620
5551
8482
11413
14344
17275
20206
23137
26068
28999
31930
34861
37792
40723
43654
46585
49516
52447
55378
58309
61240
64171
67102
70033
72964
75895
78826
81757
84688
87619
90550
93481
96412
99343
-1
-1
-1
-1
-1
-1
-1
2791
5722
8653
11584
14515
17446
20377
23308
26239
29170
32101
35032
37963
40894
43825
46756
49687
52618
55549
58480
61411
64342
67273
70204
73135
76066
78997
81928
84859
87790
90721
93652
96583
99514
-1
-1
-1
-1
-1
-1
31
2962
5893
8824
11755
14686
17617
20548
23479
26410
29341
32272
35203
38134
41065
43996
46927
49858
52789
55720
58651
61582
64513
67444
70375
73306
76237
79168
82099
85030
87961
90892
93823
96754
99685
-1
-1
-1
-1
-1
-1
202
3133
6064
8995
11926
14857
17788
20719
23650
26581
29512
32443
35374
38305
41236
44167
47098
50029
52960
55891
58822
61753
64684
67615
70546
73477
76408
79339
82270
85201
88132
91063
93994
96925
99856
-1
-1
-1
-1
-1
-1
373
3304
6235
9166
12097
15028
17959
20890
23821
26752
29683
32614
35545
38476
41407
44338
47269
50200
53131
56062
58993
61924
64855
67786
70717
73648
76579
79510
82441
85372
88303
91234
94165
97096
-1
-1
-1
-1
-1
-1
-1
544
3475
6406
9337
12268
15199
18130
21061
23992
26923
29854
32785
35716
38647
41578
44509
47440
50371
53302
56233
59164
62095
65026
67957
70888
73819
76750
79681
82612
85543
88474
91405
94336
97267
-1
-1
-1
-1
-1
-1
-1
715
3646
6577
9508
12439
15370
18301
21232
24163
27094
30025
32956
35887
38818
41749
44680
47611
50542
53473
56404
59335
62266
65197
68128
71059
73990
76921
79852
82783
85714
88645
91576
94507
97438
-1
-1
-1
-1
-1
-1
-1
886
3817
6748
9679
12610
15541
18472
21403
24334
27265
30196
33127
36058
38989
41920
44851
47782
50713
53644
56575
59506
62437
65368
68299
71230
74161
77092
80023
82954
85885
88816
91747
94678
97609
-1
-1
-1
-1
-1
-1
-1
1057
3988
6919
9850
12781
15712
18643
21574
24505
27436
30367
33298
36229
39160
42091
45022
47953
50884
53815
56746
59677
62608
65539
68470
71401
74332
77263
80194
83125
86056
88987
91918
94849
97780
-1
-1
-1
-1
-1
-1
-1
1228
4159
7090
10021
12952
15883
18814
21745
24676
27607
30538
33469
36400
39331
42262
45193
48124
51055
53986
56917
59848
62779
65710
68641
71572
74503
77434
80365
83296
86227
89158
92089
95020
97951
-1
-1
-1
-1
-1
-1
-1
1399
4330
7261
10192
13123
16054
18985
21916
24847
27778
30709
33640
36571
39502
42433
45364
48295
51226
54157
57088
60019
62950
65881
68812
71743
74674
77605
80536
83467
86398
89329
92260
95191
98122
-1
-1
-1
-1
-1
-1
-1
1570
4501
7432
10363
13294
16225
19156
22087
25018
27949
30880
33811
36742
39673
42604
45535
48466
51397
54328
57259
60190
63121
66052
68983
71914
74845
77776
80707
83638
86569
89500
92431
95362
98293
-1
-1
-1
-1
-1
-1
-1
1741
4672
7603
10534
13465
16396
19327
22258
25189
28120
31051
33982
36913
39844
42775
45706
48637
51568
54499
57430
60361
63292
66223
69154
72085
75016
77947
80878
83809
86740
89671
92602
95533
98464
-1
-1
-1
-1
-1
-1
-1
1912
4843
7774
10705
13636
16567
19498
22429
25360
28291
31222
34153
37084
40015
42946
45877
48808
51739
54670
57601
60532
63463
66394
69325
72256
75187
78118
81049
83980
86911
89842
92773
95704
98635
-1
-1
-1
-1
-1
-1
-1
2083
5014
7945
10876
13807
16738
19669
22600
25531
28462
31393
34324
37255
40186
43117
46048
48979
51910
54841
57772
60703
63634
66565
69496
72427
75358
78289
81220
84151
87082
90013
92944
95875
98806
-1
-1
-1
-1
-1
-1
-1
2254
5185
8116
11047
13978
16909
19840
22771
25702
28633
31564
34495
37426
40357
43288
46219
49150
52081
55012
57943
60874
63805
66736
69667
72598
75529
78460
81391
84322
87253
90184
93115
96046
98977
-1
-1
-1
-1
-1
-1
-1
2425
5356
8287
11218
14149
17080
20011
22942
25873
28804
31735
34666
37597
40528
43459
46390
49321
52252
55183
58114
61045
63976
66907
69838
72769
75700
78631
81562
84493
87424
90355
93286
96217
99148
-1
-1
-1
-1
-1
-1
-1
2596
5527
8458
11389
14320
17251
20182
23113
26044
28975
31906
34837
37768
40699
43630
46561
49492
52423
55354
58285
61216
64147
67078
70009
72940
75871
78802
81733
84664
87595
90526
93457
96388
99319
-1
-1
-1
-1
-1
-1
-1
2767
5698
8629
11560
14491
17422
20353
23284
26215
29146
32077
35008
37939
40870
43801
46732
49663
52594
55525
58456
61387
64318
67249
70180
73111
76042
78973
81904
84835
87766
90697
93628
96559
99490
-1
-1
-1
-1
-1
-1
7
2938
5869
8800
11731
14662
17593
20524
23455
26386
29317
32248
35179
38110
41041
43972
46903
49834
52765
55696
58627
61558
64489
67420
70351
73282
76213
79144
82075
85006
87937
90868
93799
96730
99661
-1
-1
-1
-1
-1
-1
178
3109
6040
8971
11902
14833
17764
20695
23626
26557
29488
32419
35350
38281
41212
44143
47074
50005
52936
55867
58798
61729
64660
67591
70522
73453
76384
79315
82246
85177
88108
91039
93970
96901
99832
-1
-1
-1
-1
-1
-1
349
3280
6211
9142
12073
15004
17935
20866
23797
26728
29659
32590
35521
38452
41383
44314
47245
50176
53107
56038
58969
61900
64831
67762
70693
73624
76555
79486
82417
85348
88279
91210
94141
97072
-1
-1
-1
-1
-1
-1
-1
520
3451
6382
9313
12244
15175
18106
21037
23968
26899
29830
32761
35692
38623
41554
44485
47416
50347
53278
56209
59140
62071
65002
67933
70864
73795
76726
79657
82588
85519
88450
91381
94312
97243
-1
-1
-1
-1
-1
-1
-1
691
3622
6553
9484
12415
15346
18277
21208
24139
27070
30001
32932
35863
38794
41725
44656
47587
50518
53449
56380
59311
62242
65173
68104
71035
73966
76897
79828
82759
85690
88621
91552
94483
97414
-1
-1
-1
-1
-1
-1
-1
862
3793
6724
9655
12586
15517
18448
21379
24310
27241
30172
33103
36034
38965
41896
44827
47758
50689
53620
56551
59482
62413
65344
68275
71206
74137
77068
79999
82930
85861
88792
91723
94654
97585
-1
-1
-1
-1
-1
-1
-1
1033
3964
6895
9826
12757
15688
18619
21550
24481
27412
30343
33274
36205
39136
42067
44998
47929
50860
53791
56722
59653
62584
65515
68446
71377
74308
77239
80170
83101
86032
88963
91894
94825
97756
-1
-1
-1
-1
-1
-1
-1
1204
4135
7066
9997
12928
15859
18790
21721
24652
27583
30514
33445
36376
39307
42238
45169
48100
51031
53962
56893
59824
62755
65686
68617
71548
74479
77410
80341
83272
86203
89134
92065
94996
97927
-1
-1
-1
-1
-1
-1
-1
1375
4306
7237
10168
13099
16030
18961
21892
24823
27754
30685
33616
36547
39478
42409
45340
48271
51202
54133
57064
59995
62926
65857
68788
71719
74650
77581
80512
83443
86374
89305
92236
95167
98098
-1
-1
-1
-1
-1
-1
-1
1546
4477
7408
10339
13270
16201
19132
22063
24994
27925
30856
33787
36718
39649
42580
45511
48442
51373
54304
57235
60166
63097
66028
68959
71890
74821
77752
80683
83614
86545
89476
92407
95338
98269
-1
-1
-1
-1
-1
-1
-1
1717
4648
7579
10510
13441
16372
19303
22234
25165
28096
31027
33958
36889
39820
42751
45682
48613
51544
54475
57406
60337
63268
66199
69130
72061
74992
77923
80854
83785
86716
89647
92578
95509
98440
-1
-1
-1
-1
-1
-1
-1
1888
4819
7750
10681
13612
16543
19474
22405
25336
28267
31198
34129
37060
39991
42922
45853
48784
51715
54646
57577
60508
63439
66370
69301
72232
75163
78094
81025
83956
86887
89818
92749
95680
98611
-1
-1
-1
-1
-1
-1
-1
2059
4990
7921
10852
13783
16714
19645
22576
25507
28438
31369
34300
37231
40162
43093
46024
48955
51886
54817
57748
60679
63610
66541
69472
72403
75334
78265
81196
84127
87058
89989
92920
95851
98782
-1
-1
-1
-1
-1
-1
-1
2230
5161
8092
11023
13954
16885
19816
22747
25678
28609
31540
34471
37402
40333
43264
46195
49126
52057
54988
57919
60850
63781
66712
69643
72574
75505
78436
81367
84298
87229
90160
93091
96022
98953
-1
-1
-1
-1
-1
-1
-1
2401
5332
8263
11194
14125
17056
19987
22918
25849
28780
31711
34642
37573
40504
43435
46366
49297
52228
55159
58090
61021
63952
66883
69814
72745
75676
78607
81538
84469
87400
90331
93262
96193
99124
-1
-1
-1
-1
-1
-1
-1
2572
5503
8434
11365
14296
17227
20158
23089
26020
28951
31882
34813
37744
40675
43606
46537
49468
52399
55330
58261
61192
64123
67054
69985
72916
75847
78778
81709
84640
87571
90502
93433
96364
99295
-1
-1
-1
-1
-1
-1
-1
2743
5674
8605
11536
14467
17398
20329
23260
26191
29122
32053
34984
37915
40846
43777
46708
49639
52570
55501
58432
61363
64294
67225
70156
73087
76018
78949
81880
84811
87742
90673
93604
96535
99466
-1
-1
-1
-1
-1
-1
-1
2914
5845
8776
11707
14638
17569
20500
23431
26362
29293
32224
35155
38086
41017
43948
46879
49810
52741
55672
58603
61534
64465
67396
70327
73258
76189
79120
82051
84982
87913
90844
93775
96706
99637
-1
-1
-1
-1
-1
-1
154
3085
6016
8947
11878
14809
17740
20671
23602
26533
29464
32395
35326
38257
41188
44119
47050
49981
52912
55843
58774
61705
64636
67567
70498
73429
76360
79291
82222
85153
88084
91015
93946
96877
99808
-1
-1
-1
-1
-1
-1
325
3256
6187
9118
12049
14980
17911
20842
23773
26704
29635
32566
35497
38428
41359
44290
47221
50152
53083
56014
58945
61876
64807
67738
70669
73600
76531
79462
82393
85324
88255
91186
94117
97048
99979
-1
-1
-1
-1
-1
-1
496
3427
6358
9289
12220
15151
18082
21013
23944
26875
29806
32737
35668
38599
41530
44461
47392
50323
53254
56185
59116
62047
64978
67909
70840
73771
76702
79633
82564
85495
88426
91357
94288
97219
-1
-1
-1
-1
-1
-1
-1
667
3598
6529
9460
12391
15322
18253
21184
24115
27046
29977
32908
35839
38770
41701
44632
47563
50494
53425
56356
59287
62218
65149
68080
71011
73942
76873
79804
82735
85666
88597
91528
94459
97390
-1
-1
-1
-1
-1
-1
-1
838
3769
6700
9631
12562
15493
18424
21355
24286
27217
30148
33079
36010
38941
41872
44803
47734
50665
53596
56527
59458
62389
65320
68251
71182
74113
77044
79975
82906
85837
88768
91699
94630
97561
-1
-1
-1
-1
-1
-1
-1
1009
3940
6871
9802
12733
15664
18595
21526
24457
27388
30319
33250
36181
39112
42043
44974
47905
50836
53767
56698
59629
62560
65491
68422
71353
74284
77215
80146
83077
86008
88939
91870
94801
97732
-1
-1
-1
-1
-1
-1
-1
1180
4111
7042
9973
12904
15835
18766
21697
24628
27559
30490
33421
36352
39283
42214
45145
48076
51007
53938
56869
59800
62731
65662
68593
71524
74455
77386
80317
83248
86179
89110
92041
94972
97903
-1
-1
-1
-1
-1
-1
-1
1351
4282
7213
10144
13075
16006
18937
21868
24799
27730
30661
33592
36523
39454
42385
45316
48247
51178
54109
57040
59971
62902
65833
68764
71695
74626
77557
80488
83419
86350
89281
92212
95143
98074
-1
-1
-1
-1
-1
-1
-1
1522
4453
7384
10315
13246
16177
19108
22039
24970
27901
30832
33763
36694
39625
42556
45487
48418
51349
54280
57211
60142
63073
66004
68935
71866
74797
77728
80659
83590
86521
89452
92383
95314
98245
-1
-1
-1
-1
-1
-1
-1
1693
4624
7555
10486
13417
16348
19279
22210
25141
28072
31003
33934
36865
39796
42727
45658
48589
51520
54451
57382
60313
63244
66175
69106
72037
74968
77899
80830
83761
86692
89623
92554
95485
98416
-1
-1
-1
-1
-1
-1
-1
1864
4795
7726
10657
13588
16519
19450
22381
25312
28243
31174
34105
37036
39967
42898
45829
48760
51691
54622
57553
60484
63415
66346
69277
72208
75139
78070
81001
83932
86863
89794
92725
95656
98587
-1
-1
-1
-1
-1
-1
-1
2035
4966
7897
10828
13759
16690
19621
22552
25483
28414
31345
34276
37207
40138
43069
46000
48931
51862
54793
57724
60655
63586
66517
69448
72379
75310
78241
81172
84103
87034
89965
92896
95827
98758
-1
-1
-1
-1
-1
-1
-1
2206
5137
8068
10999
13930
16861
19792
22723
25654
28585
31516
34447
37378
40309
43240
46171
49102
52033
54964
57895
60826
63757
66688
69619
72550
75481
78412
81343
84274
87205
90136
93067
95998
98929
-1
-1
-1
-1
-1
-1
-1
2377
5308
8239
11170
14101
17032
19963
22894
25825
28756
31687
34618
37549
40480
43411
46342
49273
52204
55135
58066
60997
63928
66859
69790
72721
75652
78583
81514
84445
87376
90307
93238
96169
99100
-1
-1
-1
-1
-1
-1
-1
2548
5479
8410
11341
14272
17203
20134
23065
25996
28927
31858
34789
37720
40651
43582
46513
49444
52375
55306
58237
61168
64099
67030
69961
72892
75823
78754
81685
84616
87547
90478
93409
96340
99271
-1
-1
-1
-1
-1
-1
-1
2719
5650
8581
11512
14443
17374
20305
23236
26167
29098
32029
34960
37891
40822
43753
46684
49615
52546
55477
58408
61339
64270
67201
70132
73063
75994
78925
81856
84787
87718
90649
93580
96511
99442
-1
-1
-1
-1
-1
-1
-1
2890
5821
8752
11683
14614
17545
20476
23407
26338
29269
32200
35131
38062
40993
43924
46855
49786
52717
55648
58579
61510
64441
67372
70303
73234
76165
79096
82027
84958
87889
90820
93751
96682
99613
-1
-1
-1
-1
-1
-1
130
3061
5992
8923
11854
14785
17716
20647
23578
26509
29440
32371
35302
38233
41164
44095
47026
49957
52888
55819
58750
61681
64612
67543
70474
73405
76336
79267
82198
85129
88060
90991
93922
96853
99784
-1
-1
-1
-1
-1
-1
301
3232
6163
9094
12025
14956
17887
20818
23749
26680
29611
32542
35473
38404
41335
44266
47197
50128
53059
55990
58921
61852
64783
67714
70645
73576
76507
79438
82369
85300
88231
91162
94093
97024
99955
-1
-1
-1
-1
-1
-1
472
3403
6334
9265
12196
15127
18058
20989
23920
26851
29782
32713
35644
38575
41506
44437
47368
50299
53230
56161
59092
62023
64954
67885
70816
73747
76678
79609
82540
85471
88402
91333
94264
97195
-1
-1
-1
-1
-1
-1
-1
643
3574
6505
9436
12367
15298
18229
21160
24091
27022
29953
32884
35815
38746
41677
44608
47539
50470
53401
56332
59263
62194
65125
68056
70987
73918
76849
79780
82711
85642
88573
91504
94435
97366
-1
-1
-1
-1
-1
-1
-1
814
3745
6676
9607
12538
15469
18400
21331
24262
27193
30124
33055
35986
38917
41848
44779
47710
50641
53572
56503
59434
62365
65296
68227
71158
74089
77020
79951
82882
85813
88744
91675
94606
97537
-1
-1
-1
-1
-1
-1
-1
985
3916
6847
9778
12709
15640
18571
21502
24433
27364
30295
33226
36157
39088
42019
44950
47881
50812
53743
56674
59605
62536
65467
68398
71329
74260
77191
80122
83053
85984
88915
91846
94777
97708
-1
-1
-1
-1
-1
-1
-1
1156
4087
7018
9949
12880
15811
18742
21673
24604
27535
30466
33397
36328
39259
42190
45121
48052
50983
53914
56845
59776
62707
65638
68569
71500
74431
77362
80293
83224
86155
89086
92017
94948
97879
-1
-1
-1
-1
-1
-1
-1
1327
4258
7189
10120
13051
15982
18913
21844
24775
27706
30637
33568
36499
39430
42361
45292
48223
51154
54085
57016
59947
62878
65809
68740
71671
74602
77533
80464
83395
86326
89257
92188
95119
98050
-1
-1
-1
-1
-1
-1
-1
1498
4429
7360
10291
13222
16153
19084
22015
24946
27877
30808
33739
36670
39601
42532
45463
48394
51325
54256
57187
60118
63049
65980
68911
71842
74773
77704
80635
83566
86497
89428
92359
95290
98221
-1
-1
-1
-1
-1
-1
-1
1669
4600
7531
10462
13393
16324
19255
22186
25117
28048
30979
33910
36841
39772
42703
45634
48565
51496
54427
57358
60289
63220
66151
69082
72013
74944
77875
80806
83737
86668
89599
92530
95461
98392
-1
-1
-1
-1
-1
-1
-1
1840
4771
7702
10633
13564
16495
19426
22357
25288
28219
31150
34081
37012
39943
42874
45805
48736
51667
54598
57529
60460
63391
66322
69253
72184
75115
78046
80977
83908
86839
89770
92701
95632
98563
-1
-1
-1
-1
-1
-1
-1
2011
4942
7873
10804
13735
16666
19597
22528
25459
28390
31321
34252
37183
40114
43045
45976
48907
51838
54769
57700
60631
63562
66493
69424
72355
75286
78217
81148
84079
87010
89941
92872
95803
98734
-1
-1
-1
-1
-1
-1
-1
2182
5113
8044
10975
13906
16837
19768
22699
25630
28561
31492
34423
37354
40285
43216
46147
49078
52009
54940
57871
60802
63733
66664
69595
72526
75457
78388
81319
84250
87181
90112
93043
95974
98905
-1
-1
-1
-1
-1
-1
-1
2353
5284
8215
11146
14077
17008
19939
22870
25801
28732
31663
34594
37525
40456
43387
46318
49249
52180
55111
58042
60973
63904
66835
69766
72697
75628
78559
81490
84421
87352
90283
93214
96145
99076
-1
-1
-1
-1
-1
-1
-1
2524
5455
8386
11317
14248
17179
20110
23041
25972
28903
31834
34765
37696
40627
43558
46489
49420
52351
55282
58213
61144
64075
67006
69937
72868
75799
78730
81661
84592
87523
90454
93385
96316
99247
-1
-1
-1
-1
-1
-1
-1
2695
5626
8557
11488
14419
17350
20281
23212
26143
29074
32005
34936
37867
40798
43729
46660
49591
52522
55453
58384
61315
64246
67177
70108
73039
75970
78901
81832
84763
87694
90625
93556
96487
99418
-1
-1
-1
-1
-1
-1
-1
2866
5797
8728
11659
14590
17521
20452
23383
26314
29245
32176
35107
38038
40969
43900
46831
49762
52693
55624
58555
61486
64417
67348
70279
73210
76141
79072
82003
84934
87865
90796
93727
96658
99589
-1
-1
-1
-1
-1
-1
106
3037
5968
8899
11830
14761
17692
20623
23554
26485
29416
32347
35278
38209
41140
44071
47002
49933
52864
55795
58726
61657
64588
67519
70450
73381
76312
79243
82174
85105
88036
90967
93898
96829
99760
-1
-1
-1
-1
-1
-1
277
3208
6139
9070
12001
14932
17863
20794
23725
26656
29587
32518
35449
38380
41311
44242
47173
50104
53035
55966
58897
61828
64759
67690
70621
73552
76483
79414
82345
85276
88207
91138
94069
97000
99931
-1
-1
-1
-1
-1
-1
448
3379
6310
9241
12172
15103
18034
20965
23896
26827
29758
32689
35620
38551
41482
44413
47344
50275
53206
56137
59068
61999
64930
67861
70792
73723
76654
79585
82516
85447
88378
91309
94240
97171
-1
-1
-1
-1
-1
-1
-1
619
3550
6481
9412
12343
15274
18205
21136
24067
26998
29929
32860
35791
38722
41653
44584
47515
50446
53377
56308
59239
62170
65101
68032
70963
73894
76825
79756
82687
85618
88549
91480
94411
97342
-1
-1
-1
-1
-1
-1
-1
790
3721
6652
9583
12514
15445
18376
21307
24238
27169
30100
33031
35962
38893
41824
44755
47686
50617
53548
56479
59410
62341
65272
68203
71134
74065
76996
79927
82858
85789
88720
91651
94582
97513
-1
-1
-1
-1
-1
-1
-1
961
3892
6823
9754
12685
15616
18547
21478
24409
27340
30271
33202
36133
39064
41995
44926
47857
50788
53719
56650
59581
62512
65443
68374
71305
74236
77167
80098
83029
85960
88891
91822
94753
97684
-1
-1
-1
-1
-1
-1
-1
1132
4063
6994
9925
12856
15787
18718
21649
24580
27511
30442
33373
36304
39235
42166
45097
48028
50959
53890
56821
59752
62683
65614
68545
71476
74407
77338
80269
83200
86131
89062
91993
94924
97855
-1
-1
-1
-1
-1
-1
-1
1303
4234
7165
10096
13027
15958
18889
21820
24751
27682
30613
33544
36475
39406
42337
45268
48199
51130
54061
56992
59923
62854
65785
68716
71647
74578
77509
80440
83371
86302
89233
92164
95095
98026
-1
-1
-1
-1
-1
-1
-1
1474
4405
7336
10267
13198
16129
19060
21991
24922
27853
30784
33715
36646
39577
42508
45439
48370
51301
54232
57163
60094
63025
65956
68887
71818
74749
77680
80611
83542
86473
89404
92335
95266
98197
-1
-1
-1
-1
-1
-1
-1
1645
4576
7507
10438
13369
16300
19231
22162
25093
28024
30955
33886
36817
39748
42679
45610
48541
51472
54403
57334
60265
63196
66127
69058
71989
74920
77851
80782
83713
86644
89575
92506
95437
98368
-1
-1
-1
-1
-1
-1
-1
1816
4747
7678
10609
13540
16471
19402
22333
25264
28195
31126
34057
36988
39919
42850
45781
48712
51643
54574
57505
60436
63367
66298
69229
72160
75091
78022
80953
83884
86815
89746
92677
95608
98539
-1
-1
-1
-1
-1
-1
-1
1987
4918
7849
10780
13711
16642
19573
22504
25435
28366
31297
34228
37159
40090
43021
45952
48883
51814
54745
57676
60607
63538
66469
69400
72331
75262
78193
81124
84055
86986
89917
92848
95779
98710
-1
-1
-1
-1
-1
-1
-1
2158
5089
8020
10951
13882
16813
19744
22675
25606
28537
31468
34399
37330
40261
43192
46123
49054
51985
54916
57847
60778
63709
66640
69571
72502
75433
78364
81295
84226
87157
90088
93019
95950
98881
-1
-1
-1
-1
-1
-1
-1
2329
5260
8191
11122
14053
16984
19915
22846
25777
28708
31639
34570
37501
40432
43363
46294
49225
52156
55087
58018
60949
63880
66811
69742
72673
75604
78535
81466
84397
87328
90259
93190
96121
99052
-1
-1
-1
-1
-1
-1
-1
2500
5431
8362
11293
14224
17155
20086
23017
25948
28879
31810
34741
37672
40603
43534
46465
49396
52327
55258
58189
61120
64051
66982
69913
72844
75775
78706
81637
84568
87499
90430
93361
96292
99223
-1
-1
-1
-1
-1
-1
-1
2671
5602
8533
11464
14395
17326
20257
23188
26119
29050
31981
34912
37843
40774
43705
46636
49567
52498
55429
58360
61291
64222
67153
70084
73015
75946
78877
81808
84739
87670
90601
93532
96463
99394
-1
-1
-1
-1
-1
-1
-1
2842
5773
8704
11635
14566
17497
20428
23359
26290
29221
32152
35083
38014
40945
43876
46807
49738
52669
55600
58531
61462
64393
67324
70255
73186
76117
79048
81979
84910
87841
90772
93703
96634
99565
-1
-1
-1
-1
-1
-1
82
3013
5944
8875
11806
14737
17668
20599
23530
26461
29392
32323
35254
38185
41116
44047
46978
49909
52840
55771
58702
61633
64564
67495
70426
73357
76288
79219
82150
85081
88012
90943
93874
96805
99736
-1
-1
-1
-1
-1
-1
253
3184
6115
9046
11977
14908
17839
20770
23701
26632
29563
32494
35425
38356
41287
44218
47149
50080
53011
55942
58873
61804
64735
67666
70597
73528
76459
79390
82321
85252
88183
91114
94045
96976
99907
-1
-1
-1
-1
-1
-1
424
3355
6286
9217
12148
15079
18010
20941
23872
26803
29734
32665
35596
38527
41458
44389
47320
50251
53182
56113
59044
61975
64906
67837
70768
73699
76630
79561
82492
85423
88354
91285
94216
97147
-1
-1
-1
-1
-1
-1
-1
595
3526
6457
9388
12319
15250
18181
21112
24043
26974
29905
32836
35767
38698
41629
44560
47491
50422
53353
56284
59215
62146
65077
68008
70939
73870
76801
79732
82663
85594
88525
91456
94387
97318
-1
-1
-1
-1
-1
-1
-1
766
3697
6628
9559
12490
15421
18352
21283
24214
27145
30076
33007
35938
38869
41800
44731
47662
50593
53524
56455
59386
62317
65248
68179
71110
74041
76972
79903
82834
85765
88696
91627
94558
97489
-1
-1
-1
-1
-1
-1
-1
937
3868
6799
9730
12661
15592
18523
21454
24385
27316
30247
33178
36109
39040
41971
44902
47833
50764
53695
56626
59557
62488
65419
68350
71281
74212
77143
80074
83005
85936
88867
91798
94729
97660
-1
-1
-1
-1
-1
-1
-1
1108
4039
6970
9901
12832
15763
18694
21625
24556
27487
30418
33349
36280
39211
42142
45073
48004
50935
53866
56797
59728
62659
65590
68521
71452
74383
77314
80245
83176
86107
89038
91969
94900
97831
-1
-1
-1
-1
-1
-1
-1
1279
4210
7141
10072
13003
15934
18865
21796
24727
27658
30589
33520
36451
39382
42313
45244
48175
51106
54037
56968
59899
62830
65761
68692
71623
74554
77485
80416
83347
86278
89209
92140
95071
98002
-1
-1
-1
-1
-1
-1
-1
1450
4381
7312
10243
13174
16105
19036
21967
24898
27829
30760
33691
36622
39553
42484
45415
48346
51277
54208
57139
60070
63001
65932
68863
71794
74725
77656
80587
83518
86449
89380
92311
95242
98173
-1
-1
-1
-1
-1
-1
-1
1621
4552
7483
10414
13345
16276
19207
22138
25069
28000
30931
33862
36793
39724
42655
45586
48517
51448
54379
57310
60241
63172
66103
69034
71965
74896
77827
80758
83689
86620
89551
92482
95413
98344
-1
-1
-1
-1
-1
-1
-1
1792
4723
7654
10585
13516
16447
19378
22309
25240
28171
31102
34033
36964
39895
42826
45757
48688
51619
54550
57481
60412
63343
66274
69205
72136
75067
77998
80929
83860
86791
89722
92653
95584
98515
-1
-1
-1
-1
-1
-1
-1
1963
4894
7825
10756
13687
16618
19549
22480
25411
28342
31273
34204
37135
40066
42997
45928
48859
51790
54721
57652
60583
63514
66445
69376
72307
75238
78169
81100
84031
86962
89893
92824
95755
98686
-1
-1
-1
-1
-1
-1
-1
2134
5065
7996
10927
13858
16789
19720
22651
25582
28513
31444
34375
37306
40237
43168
46099
49030
51961
54892
57823
60754
63685
66616
69547
72478
75409
78340
81271
84202
87133
90064
92995
95926
98857
-1
-1
-1
-1
-1
-1
-1
2305
5236
8167
11098
14029
16960
19891
22822
25753
28684
31615
34546
37477
40408
43339
46270
49201
52132
55063
57994
60925
63856
66787
69718
72649
75580
78511
81442
84373
87304
90235
93166
96097
99028
-1
-1
-1
-1
-1
-1
-1
2476
5407
8338
11269
14200
17131
20062
22993
25924
28855
31786
34717
37648
40579
43510
46441
49372
52303
55234
58165
61096
64027
66958
69889
72820
75751
78682
81613
84544
87475
90406
93337
96268
99199
-1
-1
-1
-1
-1
-1
-1
2647
5578
8509
11440
14371
17302
20233
23164
26095
29026
31957
34888
37819
40750
43681
46612
49543
52474
55405
58336
61267
64198
67129
70060
72991
75922
78853
81784
84715
87646
90577
93508
96439
99370
-1
-1
-1
-1
-1
-1
-1
2818
5749
8680
11611
14542
17473
20404
23335
26266
29197
32128
35059
37990
40921
43852
46783
49714
52645
55576
58507
61438
64369
67300
70231
73162
76093
79024
81955
84886
87817
90748
93679
96610
99541
-1
-1
-1
-1
-1
-1
58
2989
5920
8851
11782
14713
17644
20575
23506
26437
29368
32299
35230
38161
41092
44023
46954
49885
52816
55747
58678
61609
64540
67471
70402
73333
76264
79195
82126
85057
87988
90919
93850
96781
99712
-1
-1
-1
-1
-1
-1
229
3160
6091
9022
11953
14884
17815
20746
23677
26608
29539
32470
35401
38332
41263
44194
47125
50056
52987
55918
58849
61780
64711
67642
70573
73504
76435
79366
82297
85228
88159
91090
94021
96952
99883
-1
-1
-1
-1
-1
-1
400
3331
6262
9193
12124
15055
17986
20917
23848
26779
29710
32641
35572
38503
41434
44365
47296
50227
53158
56089
59020
61951
64882
67813
70744
73675
76606
79537
82468
85399
88330
91261
94192
97123
-1
-1
-1
-1
-1
-1
-1
571
3502
6433
9364
12295
15226
18157
21088
24019
26950
29881
32812
35743
38674
41605
44536
47467
50398
53329
56260
59191
62122
65053
67984
70915
73846
76777
79708
82639
85570
88501
91432
94363
97294
-1
-1
-1
-1
-1
-1
-1
742
3673
6604
9535
12466
15397
18328
21259
24190
27121
30052
32983
35914
38845
41776
44707
47638
50569
53500
56431
59362
62293
65224
68155
71086
74017
76948
79879
82810
85741
88672
91603
94534
97465
-1
-1
-1
-1
-1
-1
-1
913
3844
6775
9706
12637
15568
18499
21430
24361
27292
30223
33154
36085
39016
41947
44878
47809
50740
53671
56602
59533
62464
65395
68326
71257
74188
77119
80050
82981
85912
88843
91774
94705
97636
-1
-1
-1
-1
-1
-1
-1
1084
4015
6946
9877
12808
15739
18670
21601
24532
27463
30394
33325
36256
39187
42118
45049
47980
50911
53842
56773
59704
62635
65566
68497
71428
74359
77290
80221
83152
86083
89014
91945
94876
97807
-1
-1
-1
-1
-1
-1
-1
1255
4186
7117
10048
12979
15910
18841
21772
24703
27634
30565
33496
36427
39358
42289
45220
48151
51082
54013
56944
59875
62806
65737
68668
71599
74530
77461
80392
83323
86254
89185
92116
95047
97978
-1
-1
-1
-1
-1
-1
-1
1426
4357
7288
10219
13150
16081
19012
21943
24874
27805
30736
33667
36598
39529
42460
45391
48322
51253
54184
57115
60046
62977
65908
68839
71770
74701
77632
80563
83494
86425
89356
92287
95218
98149
-1
-1
-1
-1
-1
-1
-1
1597
4528
7459
10390
13321
16252
19183
22114
25045
27976
30907
33838
36769
39700
42631
45562
48493
51424
54355
57286
60217
63148
66079
69010
71941
74872
77803
80734
83665
86596
89527
92458
95389
98320
-1
-1
-1
-1
-1
-1
-1
1768
4699
7630
10561
13492
16423
19354
22285
25216
28147
31078
34009
36940
39871
42802
45733
48664
51595
54526
57457
60388
63319
66250
69181
72112
75043
77974
80905
83836
86767
89698
92629
95560
98491
-1
-1
-1
-1
-1
-1
-1
1939
4870
7801
10732
13663
16594
19525
22456
25387
28318
31249
34180
37111
40042
42973
45904
48835
51766
54697
57628
60559
63490
66421
69352
72283
75214
78145
81076
84007
86938
89869
92800
95731
98662
-1
-1
-1
-1
-1
-1
-1
2110
5041
7972
10903
13834
16765
19696
22627
25558
28489
31420
34351
37282
40213
43144
46075
49006
51937
54868
57799
60730
63661
66592
69523
72454
75385
78316
81247
84178
87109
90040
92971
95902
98833
-1
-1
-1
-1
-1
-1
-1
2281
5212
8143
11074
14005
16936
19867
22798
25729
28660
31591
34522
37453
40384
43315
46246
49177
52108
55039
57970
60901
63832
66763
69694
72625
75556
78487
81418
84349
87280
90211
93142
96073
99004
-1
-1
-1
-1
-1
-1
-1
2452
5383
8314
11245
14176
17107
20038
22969
25900
28831
31762
34693
37624
40555
43486
46417
49348
52279
55210
58141
61072
64003
66934
69865
72796
75727
78658
81589
84520
87451
90382
93313
96244
99175
-1
-1
-1
-1
-1
-1
-1
2623
5554
8485
11416
14347
17278
20209
23140
26071
29002
31933
34864
37795
40726
43657
46588
49519
52450
55381
58312
61243
64174
67105
70036
72967
75898
78829
81760
84691
87622
90553
93484
96415
99346
-1
-1
-1
-1
-1
-1
-1
2794
5725
8656
11587
14518
17449
20380
23311
26242
29173
32104
35035
37966
40897
43828
46759
49690
52621
55552
58483
61414
64345
67276
70207
73138
76069
79000
81931
84862
87793
90724
93655
96586
99517
-1
-1
-1
-1
-1
-1
34
2965
5896
8827
11758
14689
17620
20551
23482
26413
29344
32275
35206
38137
41068
43999
46930
49861
52792
55723
58654
61585
64516
67447
70378
73309
76240
79171
82102
85033
87964
90895
93826
96757
99688
-1
-1
-1
-1
-1
-1
205
3136
6067
8998
11929
14860
17791
20722
23653
26584
29515
32446
35377
38308
41239
44170
47101
50032
52963
55894
58825
61756
64687
67618
70549
73480
76411
79342
82273
85204
88135
91066
93997
96928
99859
-1
-1
-1
-1
-1
-1
376
3307
6238
9169
12100
15031
17962
20893
23824
26755
29686
32617
35548
38479
41410
44341
47272
50203
53134
56065
58996
61927
64858
67789
70720
73651
76582
79513
82444
85375
88306
91237
94168
97099
-1
-1
-1
-1
-1
-1
-1
547
3478
6409
9340
12271
15202
18133
21064
23995
26926
29857
32788
35719
38650
41581
44512
47443
50374
53305
56236
59167
62098
65029
67960
70891
73822
76753
79684
82615
85546
88477
91408
94339
97270
-1
-1
-1
-1
-1
-1
-1
718
3649
6580
9511
12442
15373
18304
21235
24166
27097
30028
32959
35890
38821
41752
44683
47614
50545
53476
56407
59338
62269
65200
68131
71062
73993
76924
79855
82786
85717
88648
91579
94510
97441
-1
-1
-1
-1
-1
-1
-1
889
3820
6751
9682
12613
15544
18475
21406
24337
27268
30199
33130
36061
38992
41923
44854
47785
50716
53647
56578
59509
62440
65371
68302
71233
74164
77095
80026
82957
85888
88819
91750
94681
97612
-1
-1
-1
-1
-1
-1
-1
1060
3991
6922
9853
12784
15715
18646
21577
24508
27439
30370
33301
36232
39163
42094
45025
47956
50887
53818
56749
59680
62611
65542
68473
71404
74335
77266
80197
83128
86059
88990
91921
94852
97783
-1
-1
-1
-1
-1
-1
-1
1231
4162
7093
10024
12955
15886
18817
21748
24679
27610
30541
33472
36403
39334
42265
45196
48127
51058
53989
56920
59851
62782
65713
68644
71575
74506
77437
80368
83299
86230
89161
92092
95023
97954
-1
-1
-1
-1
-1
-1
-1
1402
4333
7264
10195
13126
16057
18988
21919
24850
27781
30712
33643
36574
39505
42436
45367
48298
51229
54160
57091
60022
62953
65884
68815
71746
74677
77608
80539
83470
86401
89332
92263
95194
98125
-1
-1
-1
-1
-1
-1
-1
1573
4504
7435
10366
13297
16228
19159
22090
25021
27952
30883
33814
36745
39676
42607
45538
48469
51400
54331
57262
60193
63124
66055
68986
71917
74848
77779
80710
83641
86572
89503
92434
95365
98296
-1
-1
-1
-1
-1
-1
-1
1744
4675
7606
10537
13468
16399
19330
22261
25192
28123
31054
33985
36916
39847
42778
45709
48640
51571
54502
57433
60364
63295
66226
69157
72088
75019
77950
80881
83812
86743
89674
92605
95536
98467
-1
-1
-1
-1
-1
-1
-1
1915
4846
7777
10708
13639
16570
19501
22432
25363
28294
31225
34156
37087
40018
42949
45880
48811
51742
54673
57604
60535
63466
66397
69328
72259
75190
78121
81052
83983
86914
89845
92776
95707
98638
-1
-1
-1
-1
-1
-1
-1
2086
5017
7948
10879
13810
16741
19672
22603
25534
28465
31396
34327
37258
40189
43120
46051
48982
51913
54844
57775
60706
63637
66568
69499
72430
75361
78292
81223
84154
87085
90016
92947
95878
98809
-1
-1
-1
-1
-1
-1
-1
2257
5188
8119
11050
13981
16912
19843
22774
25705
28636
31567
34498
37429
40360
43291
46222
49153
52084
55015
57946
60877
63808
66739
69670
72601
75532
78463
81394
84325
87256
90187
93118
96049
98980
-1
-1
-1
-1
-1
-1
-1
2428
5359
8290
11221
14152
17083
20014
22945
25876
28807
31738
34669
37600
40531
43462
46393
49324
52255
55186
58117
61048
63979
66910
69841
72772
75703
78634
81565
84496
87427
90358
93289
96220
99151
-1
-1
-1
-1
-1
-1
-1
2599
5530
8461
11392
14323
17254
20185
23116
26047
28978
31909
34840
37771
40702
43633
46564
49495
52426
55357
58288
61219
64150
67081
70012
72943
75874
78805
81736
84667
87598
90529
93460
96391
99322
-1
-1
-1
-1
-1
-1
-1
2770
5701
8632
11563
14494
17425
20356
23287
26218
29149
32080
35011
37942
40873
43804
46735
49666
52597
55528
58459
61390
64321
67252
70183
73114
76045
78976
81907
84838
87769
90700
93631
96562
99493
-1
-1
-1
-1
-1
-1
10
2941
5872
8803
11734
14665
17596
20527
23458
26389
29320
32251
35182
38113
41044
43975
46906
49837
52768
55699
58630
61561
64492
67423
70354
73285
76216
79147
82078
85009
87940
90871
93802
96733
99664
-1
-1
-1
-1
-1
-1
181
3112
6043
8974
11905
14836
17767
20698
23629
26560
29491
32422
35353
38284
41215
44146
47077
50008
52939
55870
58801
61732
64663
67594
70525
73456
76387
79318
82249
85180
88111
91042
93973
96904
99835
-1
-1
-1
-1
-1
-1
352
3283
6214
9145
12076
15007
17938
20869
23800
26731
29662
32593
35524
38455
41386
44317
47248
50179
53110
56041
58972
61903
64834
67765
70696
73627
76558
79489
82420
85351
88282
91213
94144
97075
-1
-1
-1
-1
-1
-1
-1
523
3454
6385
9316
12247
15178
18109
21040
23971
26902
29833
32764
35695
38626
41557
44488
47419
50350
53281
56212
59143
62074
65005
67936
70867
73798
76729
79660
82591
85522
88453
91384
94315
97246
-1
-1
-1
-1
-1
-1
-1
694
3625
6556
9487
12418
15349
18280
21211
24142
27073
30004
32935
35866
38797
41728
44659
47590
50521
53452
56383
59314
62245
65176
68107
71038
73969
76900
79831
82762
85693
88624
91555
94486
97417
-1
-1
-1
-1
-1
-1
-1
865
3796
6727
9658
12589
15520
18451
21382
24313
27244
30175
33106
36037
38968
41899
44830
47761
50692
53623
56554
59485
62416
65347
68278
71209
74140
77071
80002
82933
85864
88795
91726
94657
97588
-1
-1
-1
-1
-1
-1
-1
1036
3967
6898
9829
12760
15691
18622
21553
24484
27415
30346
33277
36208
39139
42070
45001
47932
50863
53794
56725
59656
62587
65518
68449
71380
74311
77242
80173
83104
86035
88966
91897
94828
97759
-1
-1
-1
-1
-1
-1
-1
1207
4138
7069
10000
12931
15862
18793
21724
24655
27586
30517
33448
36379
39310
42241
45172
48103
51034
53965
56896
59827
62758
65689
68620
71551
74482
77413
80344
83275
86206
89137
92068
94999
97930
-1
-1
-1
-1
-1
-1
-1
1378
4309
7240
10171
13102
16033
18964
21895
24826
27757
30688
33619
36550
39481
42412
45343
48274
51205
54136
57067
59998
62929
65860
68791
71722
74653
77584
80515
83446
86377
89308
92239
95170
98101
-1
-1
-1
-1
-1
-1
-1
1549
4480
7411
10342
13273
16204
19135
22066
24997
27928
30859
33790
36721
39652
42583
45514
48445
51376
54307
57238
60169
63100
66031
68962
71893
74824
77755
80686
83617
86548
89479
92410
95341
98272
-1
-1
-1
-1
-1
-1
-1
1720
4651
7582
10513
13444
16375
19306
22237
25168
28099
31030
33961
36892
39823
42754
45685
48616
51547
54478
57409
60340
63271
66202
69133
72064
74995
77926
80857
83788
86719
89650
92581
95512
98443
-1
-1
-1
-1
-1
-1
-1
1891
4822
7753
10684
13615
16546
19477
22408
25339
28270
31201
34132
37063
39994
42925
45856
48787
51718
54649
57580
60511
63442
66373
69304
72235
75166
78097
81028
83959
86890
89821
92752
95683
98614
-1
-1
-1
-1
-1
-1
-1
2062
4993
7924
10855
13786
16717
19648
22579
25510
28441
31372
34303
37234
40165
43096
46027
48958
51889
54820
57751
60682
63613
66544
69475
72406
75337
78268
81199
84130
87061
89992
92923
95854
98785
-1
-1
-1
-1
-1
-1
-1
2233
5164
8095
11026
13957
16888
19819
22750
25681
28612
31543
34474
37405
40336
43267
46198
49129
52060
54991
57922
60853
63784
66715
69646
72577
75508
78439
81370
84301
87232
90163
93094
96025
98956
-1
-1
-1
-1
-1
-1
-1
2404
5335
8266
11197
14128
17059
19990
22921
25852
28783
31714
34645
37576
40507
43438
46369
49300
52231
55162
58093
61024
63955
66886
69817
72748
75679
78610
81541
84472
87403
90334
93265
96196
99127
-1
-1
-1
-1
-1
-1
-1
2575
5506
8437
11368
14299
17230
20161
23092
26023
28954
31885
34816
37747
40678
43609
46540
49471
52402
55333
58264
61195
64126
67057
69988
72919
75850
78781
81712
84643
87574
90505
93436
96367
99298
-1
-1
-1
-1
-1
-1
-1
2746
5677
8608
11539
14470
17401
20332
23263
26194
29125
32056
34987
37918
40849
43780
46711
49642
52573
55504
58435
61366
64297
67228
70159
73090
76021
78952
81883
84814
87745
90676
93607
96538
99469
-1
-1
-1
-1
-1
-1
-1
2917
5848
8779
11710
14641
17572
20503
23434
26365
29296
32227
35158
38089
41020
43951
46882
49813
52744
55675
58606
61537
64468
67399
70330
73261
76192
79123
82054
84985
87916
90847
93778
96709
99640
-1
-1
-1
-1
-1
-1
157
3088
6019
8950
11881
14812
17743
20674
23605
26536
29467
32398
35329
38260
41191
44122
47053
49984
52915
55846
58777
61708
64639
67570
70501
73432
76363
79294
82225
85156
88087
91018
93949
96880
99811
-1
-1
-1
-1
-1
-1
328
3259
6190
9121
12052
14983
17914
20845
23776
26707
29638
32569
35500
38431
41362
44293
47224
50155
53086
56017
58948
61879
64810
67741
70672
73603
76534
79465
82396
85327
88258
91189
94120
97051
99982
-1
-1
-1
-1
-1
-1
499
3430
6361
9292
12223
15154
18085
21016
23947
26878
29809
32740
35671
38602
41533
44464
47395
50326
53257
56188
59119
62050
64981
67912
70843
73774
76705
79636
82567
85498
88429
91360
94291
97222
-1
-1
-1
-1
-1
-1
-1
670
3601
6532
9463
12394
15325
18256
21187
24118
27049
29980
32911
35842
38773
41704
44635
47566
50497
53428
56359
59290
62221
65152
68083
71014
73945
76876
79807
82738
85669
88600
91531
94462
97393
-1
-1
-1
-1
-1
-1
-1
841
3772
6703
9634
12565
15496
18427
21358
24289
27220
30151
33082
36013
38944
41875
44806
47737
50668
53599
56530
59461
62392
65323
68254
71185
74116
77047
79978
82909
85840
88771
91702
94633
97564
-1
-1
-1
-1
-1
-1
-1
1012
3943
6874
9805
12736
15667
18598
21529
24460
27391
30322
33253
36184
39115
42046
44977
47908
50839
53770
56701
59632
62563
65494
68425
71356
74287
77218
80149
83080
86011
88942
91873
94804
97735
-1
-1
-1
-1
-1
-1
-1
1183
4114
7045
9976
12907
15838
18769
21700
24631
27562
30493
33424
36355
39286
42217
45148
48079
51010
53941
56872
59803
62734
65665
68596
71527
74458
77389
80320
83251
86182
89113
92044
94975
97906
-1
-1
-1
-1
-1
-1
-1
1354
4285
7216
10147
13078
16009
18940
21871
24802
27733
30664
33595
36526
39457
42388
45319
48250
51181
54112
57043
59974
62905
65836
68767
71698
74629
77560
80491
83422
86353
89284
92215
95146
98077
-1
-1
-1
-1
-1
-1
-1
1525
4456
7387
10318
13249
16180
19111
22042
24973
27904
30835
33766
36697
39628
42559
45490
48421
51352
54283
57214
60145
63076
66007
68938
71869
74800
77731
80662
83593
86524
89455
92386
95317
98248
-1
-1
-1
-1
-1
-1
-1
1696
4627
7558
10489
13420
16351
19282
22213
25144
28075
31006
33937
36868
39799
42730
45661
48592
51523
54454
57385
60316
63247
66178
69109
72040
74971
77902
80833
83764
86695
89626
92557
95488
98419
-1
-1
-1
-1
-1
-1
-1
1867
4798
7729
10660
13591
16522
19453
22384
25315
28246
31177
34108
37039
39970
42901
45832
48763
51694
54625
57556
60487
63418
66349
69280
72211
75142
78073
81004
83935
86866
89797
92728
95659
98590
-1
-1
-1
-1
-1
-1
-1
2038
4969
7900
10831
13762
16693
19624
22555
25486
28417
31348
34279
37210
40141
43072
46003
48934
51865
54796
57727
60658
63589
66520
69451
72382
75313
78244
81175
84106
87037
89968
92899
95830
98761
-1
-1
-1
-1
-1
-1
-1
2209
5140
8071
11002
13933
16864
19795
22726
25657
28588
31519
34450
37381
40312
43243
46174
49105
52036
54967
57898
60829
63760
66691
69622
72553
75484
78415
81346
84277
87208
90139
93070
96001
98932
-1
-1
-1
-1
-1
-1
-1
2380
5311
8242
11173
14104
17035
19966
22897
25828
28759
31690
34621
37552
40483
43414
46345
49276
52207
55138
58069
61000
63931
66862
69793
72724
75655
78586
81517
84448
87379
90310
93241
96172
99103
-1
-1
-1
-1
-1
-1
-1
2551
5482
8413
11344
14275
17206
20137
23068
25999
28930
31861
34792
37723
40654
43585
46516
49447
52378
55309
58240
61171
64102
67033
69964
72895
75826
78757
81688
84619
87550
90481
93412
96343
99274
-1
-1
-1
-1
-1
-1
-1
2722
5653
8584
11515
14446
17377
20308
23239
26170
29101
32032
34963
37894
40825
43756
46687
49618
52549
55480
58411
61342
64273
67204
70135
73066
75997
78928
81859
84790
87721
90652
93583
96514
99445
-1
-1
-1
-1
-1
-1
-1
2893
5824
8755
11686
14617
17548
20479
23410
26341
29272
32203
35134
38065
40996
43927
46858
49789
52720
55651
58582
61513
64444
67375
70306
73237
76168
79099
82030
84961
87892
90823
93754
96685
99616
-1
-1
-1
-1
-1
-1
133
3064
5995
8926
11857
14788
17719
20650
23581
26512
29443
32374
35305
38236
41167
44098
47029
49960
52891
55822
58753
61684
64615
67546
70477
73408
76339
79270
82201
85132
88063
90994
93925
96856
99787
-1
-1
-1
-1
-1
-1
304
3235
6166
9097
12028
14959
17890
20821
23752
26683
29614
32545
35476
38407
41338
44269
47200
50131
53062
55993
58924
61855
64786
67717
70648
73579
76510
79441
82372
85303
88234
91165
94096
97027
99958
-1
-1
-1
-1
-1
-1
475
3406
6337
9268
12199
15130
18061
20992
23923
26854
29785
32716
35647
38578
41509
44440
47371
50302
53233
56164
59095
62026
64957
67888
70819
73750
76681
79612
82543
85474
88405
91336
94267
97198
-1
-1
-1
-1
-1
-1
-1
646
3577
6508
9439
12370
15301
18232
21163
24094
27025
29956
32887
35818
38749
41680
44611
47542
50473
53404
56335
59266
62197
65128
68059
70990
73921
76852
79783
82714
85645
88576
91507
94438
97369
-1
-1
-1
-1
-1
-1
-1
817
3748
6679
9610
12541
15472
18403
21334
24265
27196
30127
33058
35989
38920
41851
44782
47713
50644
53575
56506
59437
62368
65299
68230
71161
74092
77023
79954
82885
85816
88747
91678
94609
97540
-1
-1
-1
-1
-1
-1
-1
988
3919
6850
9781
12712
15643
18574
21505
24436
27367
30298
33229
36160
39091
42022
44953
47884
50815
53746
56677
59608
62539
65470
68401
71332
74263
77194
80125
83056
85987
88918
91849
94780
97711
-1
-1
-1
-1
-1
-1
-1
1159
4090
7021
9952
12883
15814
18745
21676
24607
27538
30469
33400
36331
39262
42193
45124
48055
50986
53917
56848
59779
62710
65641
68572
71503
74434
77365
80296
83227
86158
89089
92020
94951
97882
-1
-1
-1
-1
-1
-1
-1
1330
4261
7192
10123
13054
15985
18916
21847
24778
27709
30640
33571
36502
39433
42364
45295
48226
51157
54088
57019
59950
62881
65812
68743
71674
74605
77536
80467
83398
86329
89260
92191
95122
98053
-1
-1
-1
-1
-1
-1
-1
1501
4432
7363
10294
13225
16156
19087
22018
24949
27880
30811
33742
36673
39604
42535
45466
48397
51328
54259
57190
60121
63052
65983
68914
71845
74776
77707
80638
83569
86500
89431
92362
95293
98224
-1
-1
-1
-1
-1
-1
-1
1672
4603
7534
10465
13396
16327
19258
22189
25120
28051
30982
33913
36844
39775
42706
45637
48568
51499
54430
57361
60292
63223
66154
69085
72016
74947
77878
80809
83740
86671
89602
92533
95464
98395
-1
-1
-1
-1
-1
-1
-1
1843
4774
7705
10636
13567
16498
19429
22360
25291
28222
31153
34084
37015
39946
42877
45808
48739
51670
54601
57532
60463
63394
66325
69256
72187
75118
78049
80980
83911
86842
89773
92704
95635
98566
-1
-1
-1
-1
-1
-1
-1
2014
4945
7876
10807
13738
16669
19600
22531
25462
28393
31324
34255
37186
40117
43048
45979
48910
51841
54772
57703
60634
63565
66496
69427
72358
75289
78220
81151
84082
87013
89944
92875
95806
98737
-1
-1
-1
-1
-1
-1
-1
2185
5116
8047
10978
13909
16840
19771
22702
25633
28564
31495
34426
37357
40288
43219
46150
49081
52012
54943
57874
60805
63736
66667
69598
72529
75460
78391
81322
84253
87184
90115
93046
95977
98908
-1
-1
-1
-1
-1
-1
-1
2356
5287
8218
11149
14080
17011
19942
22873
25804
28735
31666
34597
37528
40459
43390
46321
49252
52183
55114
58045
60976
63907
66838
69769
72700
75631
78562
81493
84424
87355
90286
93217
96148
99079
-1
-1
-1
-1
-1
-1
-1
2527
5458
8389
11320
14251
17182
20113
23044
25975
28906
31837
34768
37699
40630
43561
46492
49423
52354
55285
58216
61147
64078
67009
69940
72871
75802
78733
81664
84595
87526
90457
93388
96319
99250
-1
-1
-1
-1
-1
-1
-1
2698
5629
8560
11491
14422
17353
20284
23215
26146
29077
32008
34939
37870
40801
43732
46663
49594
52525
55456
58387
61318
64249
67180
70111
73042
75973
78904
81835
84766
87697
90628
93559
96490
99421
-1
-1
-1
-1
-1
-1
-1
2869
5800
8731
11662
14593
17524
20455
23386
26317
29248
32179
35110
38041
40972
43903
46834
49765
52696
55627
58558
61489
64420
67351
70282
73213
76144
79075
82006
84937
87868
90799
93730
96661
99592
-1
-1
-1
-1
-1
-1
109
3040
5971
8902
11833
14764
17695
20626
23557
26488
29419
32350
35281
38212
41143
44074
47005
49936
52867
55798
58729
61660
64591
67522
70453
73384
76315
79246
82177
85108
88039
90970
93901
96832
99763
-1
-1
-1
-1
-1
-1
280
3211
6142
9073
12004
14935
17866
20797
23728
26659
29590
32521
35452
38383
41314
44245
47176
50107
53038
55969
58900
61831
64762
67693
70624
73555
76486
79417
82348
85279
88210
91141
94072
97003
99934
-1
-1
-1
-1
-1
-1
451
3382
6313
9244
12175
15106
18037
20968
23899
26830
29761
32692
35623
38554
41485
44416
47347
50278
53209
56140
59071
62002
64933
67864
70795
73726
76657
79588
82519
85450
88381
91312
94243
97174
-1
-1
-1
-1
-1
-1
-1
622
3553
6484
9415
12346
15277
18208
21139
24070
27001
29932
32863
35794
38725
41656
44587
47518
50449
53380
56311
59242
62173
65104
68035
70966
73897
76828
79759
82690
85621
88552
91483
94414
97345
-1
-1
-1
-1
-1
-1
-1
793
3724
6655
9586
12517
15448
18379
21310
24241
27172
30103
33034
35965
38896
41827
44758
47689
50620
53551
56482
59413
62344
65275
68206
71137
74068
76999
79930
82861
85792
88723
91654
94585
97516
-1
-1
-1
-1
-1
-1
-1
964
3895
6826
9757
12688
15619
18550
21481
24412
27343
30274
33205
36136
39067
41998
44929
47860
50791
53722
56653
59584
62515
65446
68377
71308
74239
77170
80101
83032
85963
88894
91825
94756
97687
-1
-1
-1
-1
-1
-1
-1
1135
4066
6997
9928
12859
15790
18721
21652
24583
27514
30445
33376
36307
39238
42169
45100
48031
50962
53893
56824
59755
62686
65617
68548
71479
74410
77341
80272
83203
86134
89065
91996
94927
97858
-1
-1
-1
-1
-1
-1
-1
1306
4237
7168
10099
13030
15961
18892
21823
24754
27685
30616
33547
36478
39409
42340
45271
48202
51133
54064
56995
59926
62857
65788
68719
71650
74581
77512
80443
83374
86305
89236
92167
95098
98029
-1
-1
-1
-1
-1
-1
-1
1477
4408
7339
10270
13201
16132
19063
21994
24925
27856
30787
33718
36649
39580
42511
45442
48373
51304
54235
57166
60097
63028
65959
68890
71821
74752
77683
80614
83545
86476
89407
92338
95269
98200
-1
-1
-1
-1
-1
-1
-1
1648
4579
7510
10441
13372
16303
19234
22165
25096
28027
30958
33889
36820
39751
42682
45613
48544
51475
54406
57337
60268
63199
66130
69061
71992
74923
77854
80785
83716
86647
89578
92509
95440
98371
-1
-1
-1
-1
-1
-1
-1
1819
4750
7681
10612
13543
16474
19405
22336
25267
28198
31129
34060
36991
39922
42853
45784
48715
51646
54577
57508
60439
63370
66301
69232
72163
75094
78025
80956
83887
86818
89749
92680
95611
98542
-1
-1
-1
-1
-1
-1
-1
1990
4921
7852
10783
13714
16645
19576
22507
25438
28369
31300
34231
37162
40093
43024
45955
48886
51817
54748
57679
60610
63541
66472
69403
72334
75265
78196
81127
84058
86989
89920
92851
95782
98713
-1
-1
-1
-1
-1
-1
-1
2161
5092
8023
10954
13885
16816
19747
22678
25609
28540
31471
34402
37333
40264
43195
46126
49057
51988
54919
57850
60781
63712
66643
69574
72505
75436
78367
81298
84229
87160
90091
93022
95953
98884
-1
-1
-1
-1
-1
-1
-1
2332
5263
8194
11125
14056
16987
19918
22849
25780
28711
31642
34573
37504
40435
43366
46297
49228
52159
55090
58021
60952
63883
66814
69745
72676
75607
78538
81469
84400
87331
90262
93193
96124
99055
-1
-1
-1
-1
-1
-1
-1
2503
5434
8365
11296
14227
17158
20089
23020
25951
28882
31813
34744
37675
40606
43537
46468
49399
52330
55261
58192
61123
64054
66985
69916
72847
75778
78709
81640
84571
87502
90433
93364
96295
99226
-1
-1
-1
-1
-1
-1
-1
2674
5605
8536
11467
14398
17329
20260
23191
26122
29053
31984
34915
37846
40777
43708
46639
49570
52501
55432
58363
61294
64225
67156
70087
73018
75949
78880
81811
84742
87673
90604
93535
96466
99397
-1
-1
-1
-1
-1
-1
-1
2845
5776
8707
11638
14569
17500
20431
23362
26293
29224
32155
35086
38017
40948
43879
46810
49741
52672
55603
58534
61465
64396
67327
70258
73189
76120
79051
81982
84913
87844
90775
93706
96637
99568
-1
-1
-1
-1
-1
-1
85
3016
5947
8878
11809
14740
17671
20602
23533
26464
29395
32326
35257
38188
41119
44050
46981
49912
52843
55774
58705
61636
64567
67498
70429
73360
76291
79222
82153
85084
88015
90946
93877
96808
99739
-1
-1
-1
-1
-1
-1
256
3187
6118
9049
11980
14911
17842
20773
23704
26635
29566
32497
35428
38359
41290
44221
47152
50083
53014
55945
58876
61807
64738
67669
70600
73531
76462
79393
82324
85255
88186
91117
94048
96979
99910
-1
-1
-1
-1
-1
-1
427
3358
6289
9220
12151
15082
18013
20944
23875
26806
29737
32668
35599
38530
41461
44392
47323
50254
53185
56116
59047
61978
64909
67840
70771
73702
76633
79564
82495
85426
88357
91288
94219
97150
-1
-1
-1
-1
-1
-1
-1
598
3529
6460
9391
12322
15253
18184
21115
24046
26977
29908
32839
35770
38701
41632
44563
47494
50425
53356
56287
59218
62149
65080
68011
70942
73873
76804
79735
82666
85597
88528
91459
94390
97321
-1
-1
-1
-1
-1
-1
-1
769
3700
6631
9562
12493
15424
18355
21286
24217
27148
30079
33010
35941
38872
41803
44734
47665
50596
53527
56458
59389
62320
65251
68182
71113
74044
76975
79906
82837
85768
88699
91630
94561
97492
-1
-1
-1
-1
-1
-1
-1
940
3871
6802
9733
12664
15595
18526
21457
24388
27319
30250
33181
36112
39043
41974
44905
47836
50767
53698
56629
59560
62491
65422
68353
71284
74215
77146
80077
83008
85939
88870
91801
94732
97663
-1
-1
-1
-1
-1
-1
-1
1111
4042
6973
9904
12835
15766
18697
21628
24559
27490
30421
33352
36283
39214
42145
45076
48007
50938
53869
56800
59731
62662
65593
68524
71455
74386
77317
80248
83179
86110
89041
91972
94903
97834
-1
-1
-1
-1
-1
-1
-1
1282
4213
7144
10075
13006
15937
18868
21799
24730
27661
30592
33523
36454
39385
42316
45247
48178
51109
54040
56971
59902
62833
65764
68695
71626
74557
77488
80419
83350
86281
89212
92143
95074
98005
-1
-1
-1
-1
-1
-1
-1
1453
4384
7315
10246
13177
16108
19039
21970
24901
27832
30763
33694
36625
39556
42487
45418
48349
51280
54211
57142
60073
63004
65935
68866
71797
74728
77659
80590
83521
86452
89383
92314
95245
98176
-1
-1
-1
-1
-1
-1
-1
1624
4555
7486
10417
13348
16279
19210
22141
25072
28003
30934
33865
36796
39727
42658
45589
48520
51451
54382
57313
60244
63175
66106
69037
71968
74899
77830
80761
83692
86623
89554
92485
95416
98347
-1
-1
-1
-1
-1
-1
-1
1795
4726
7657
10588
13519
16450
19381
22312
25243
28174
31105
34036
36967
39898
42829
45760
48691
51622
54553
57484
60415
63346
66277
69208
72139
75070
78001
80932
83863
86794
89725
92656
95587
98518
-1
-1
-1
-1
-1
-1
-1
1966
4897
7828
10759
13690
16621
19552
22483
25414
28345
31276
34207
37138
40069
43000
45931
48862
51793
54724
57655
60586
63517
66448
69379
72310
75241
78172
81103
84034
86965
89896
92827
95758
98689
-1
-1
-1
-1
-1
-1
-1
2137
5068
7999
10930
13861
16792
19723
22654
25585
28516
31447
34378
37309
40240
43171
46102
49033
51964
54895
57826
60757
63688
66619
69550
72481
75412
78343
81274
84205
87136
90067
92998
95929
98860
-1
-1
-1
-1
-1
-1
-1
2308
5239
8170
11101
14032
16963
19894
22825
25756
28687
31618
34549
37480
40411
43342
46273
49204
52135
55066
57997
60928
63859
66790
69721
72652
75583
78514
81445
84376
87307
90238
93169
96100
99031
-1
-1
-1
-1
-1
-1
-1
2479
5410
8341
11272
14203
17134
20065
22996
25927
28858
31789
34720
37651
40582
43513
46444
49375
52306
55237
58168
61099
64030
66961
69892
72823
75754
78685
81616
84547
87478
90409
93340
96271
99202
-1
-1
-1
-1
-1
-1
-1
2650
5581
8512
11443
14374
17305
20236
23167
26098
29029
31960
34891
37822
40753
43684
46615
49546
52477
55408
58339
61270
64201
67132
70063
72994
75925
78856
81787
84718
87649
90580
93511
96442
99373
-1
-1
-1
-1
-1
-1
-1
2821
5752
8683
11614
14545
17476
20407
23338
26269
29200
32131
35062
37993
40924
43855
46786
49717
52648
55579
58510
61441
64372
67303
70234
73165
76096
79027
81958
84889
87820
90751
93682
96613
99544
-1
-1
-1
-1
-1
-1
61
2992
5923
8854
11785
14716
17647
20578
23509
26440
29371
32302
35233
38164
41095
44026
46957
49888
52819
55750
58681
61612
64543
67474
70405
73336
76267
79198
82129
85060
87991
90922
93853
96784
99715
-1
-1
-1
-1
-1
-1
232
3163
6094
9025
11956
14887
17818
20749
23680
26611
29542
32473
35404
38335
41266
44197
47128
50059
52990
55921
58852
61783
64714
67645
70576
73507
76438
79369
82300
85231
88162
91093
94024
96955
99886
-1
-1
-1
-1
-1
-1
403
3334
6265
9196
12127
15058
17989
20920
23851
26782
29713
32644
35575
38506
41437
44368
47299
50230
53161
56092
59023
61954
64885
67816
70747
73678
76609
79540
82471
85402
88333
91264
94195
97126
-1
-1
-1
-1
-1
-1
-1
574
3505
6436
9367
12298
15229
18160
21091
24022
26953
29884
32815
35746
38677
41608
44539
47470
50401
53332
56263
59194
62125
65056
67987
70918
73849
76780
79711
82642
85573
88504
91435
94366
97297
-1
-1
-1
-1
-1
-1
-1
745
3676
6607
9538
12469
15400
18331
21262
24193
27124
30055
32986
35917
38848
41779
44710
47641
50572
53503
56434
59365
62296
65227
68158
71089
74020
76951
79882
82813
85744
88675
91606
94537
97468
-1
-1
-1
-1
-1
-1
-1
916
3847
6778
9709
12640
15571
18502
21433
24364
27295
30226
33157
36088
39019
41950
44881
47812
50743
53674
56605
59536
62467
65398
68329
71260
74191
77122
80053
82984
85915
88846
91777
94708
97639
-1
-1
-1
-1
-1
-1
-1
1087
4018
6949
9880
12811
15742
18673
21604
24535
27466
30397
33328
36259
39190
42121
45052
47983
50914
53845
56776
59707
62638
65569
68500
71431
74362
77293
80224
83155
86086
89017
91948
94879
97810
-1
-1
-1
-1
-1
-1
-1
1258
4189
7120
10051
12982
15913
18844
21775
24706
27637
30568
33499
36430
39361
42292
45223
48154
51085
54016
56947
59878
62809
65740
68671
71602
74533
77464
80395
83326
86257
89188
92119
95050
97981
-1
-1
-1
-1
-1
-1
-1
1429
4360
7291
10222
13153
16084
19015
21946
24877
27808
30739
33670
36601
39532
42463
45394
48325
51256
54187
57118
60049
62980
65911
68842
71773
74704
77635
80566
83497
86428
89359
92290
95221
98152
-1
-1
-1
-1
-1
-1
-1
1600
4531
7462
10393
13324
16255
19186
22117
25048
27979
30910
33841
36772
39703
42634
45565
48496
51427
54358
57289
60220
63151
66082
69013
71944
74875
77806
80737
83668
86599
89530
92461
95392
98323
-1
-1
-1
-1
-1
-1
-1
1771
4702
7633
10564
13495
16426
19357
22288
25219
28150
31081
34012
36943
39874
42805
45736
48667
51598
54529
57460
60391
63322
66253
69184
72115
75046
77977
80908
83839
86770
89701
92632
95563
98494
-1
-1
-1
-1
-1
-1
-1
1942
4873
7804
10735
13666
16597
19528
22459
25390
28321
31252
34183
37114
40045
42976
45907
48838
51769
54700
57631
60562
63493
66424
69355
72286
75217
78148
81079
84010
86941
89872
92803
95734
98665
-1
-1
-1
-1
-1
-1
-1
2113
5044
7975
10906
13837
16768
19699
22630
25561
28492
31423
34354
37285
40216
43147
46078
49009
51940
54871
57802
60733
63664
66595
69526
72457
75388
78319
81250
84181
87112
90043
92974
95905
98836
-1
-1
-1
-1
-1
-1
-1
2284
5215
8146
11077
14008
16939
19870
22801
25732
28663
31594
34525
37456
40387
43318
46249
49180
52111
55042
57973
60904
63835
66766
69697
72628
75559
78490
81421
84352
87283
90214
93145
96076
99007
-1
-1
-1
-1
-1
-1
-1
2455
5386
8317
11248
14179
17110
20041
22972
25903
28834
31765
34696
37627
40558
43489
46420
49351
52282
55213
58144
61075
64006
66937
69868
72799
75730
78661
81592
84523
87454
90385
93316
96247
99178
-1
-1
-1
-1
-1
-1
-1
2626
5557
8488
11419
14350
17281
20212
23143
26074
29005
31936
34867
37798
40729
43660
46591
49522
52453
55384
58315
61246
64177
67108
70039
72970
75901
78832
81763
84694
87625
90556
93487
96418
99349
-1
-1
-1
-1
-1
-1
-1
2797
5728
8659
11590
14521
17452
20383
23314
26245
29176
32107
35038
37969
40900
43831
46762
49693
52624
55555
58486
61417
64348
67279
70210
73141
76072
79003
81934
84865
87796
90727
93658
96589
99520
-1
-1
-1
-1
-1
-1
37
2968
5899
8830
11761
14692
17623
20554
23485
26416
29347
32278
35209
38140
41071
44002
46933
49864
52795
55726
58657
61588
64519
67450
70381
73312
76243
79174
82105
85036
87967
90898
93829
96760
99691
-1
-1
-1
-1
-1
-1
208
3139
6070
9001
11932
14863
17794
20725
23656
26587
29518
32449
35380
38311
41242
44173
47104
50035
52966
55897
58828
61759
64690
67621
70552
73483
76414
79345
82276
85207
88138
91069
94000
96931
99862
-1
-1
-1
-1
-1
-1
379
3310
6241
9172
12103
15034
17965
20896
23827
26758
29689
32620
35551
38482
41413
44344
47275
50206
53137
56068
58999
61930
64861
67792
70723
73654
76585
79516
82447
85378
88309
91240
94171
97102
-1
-1
-1
-1
-1
-1
-1
550
3481
6412
9343
12274
15205
18136
21067
23998
26929
29860
32791
35722
38653
41584
44515
47446
50377
53308
56239
59170
62101
65032
67963
70894
73825
76756
79687
82618
85549
88480
91411
94342
97273
-1
-1
-1
-1
-1
-1
-1
721
3652
6583
9514
12445
15376
18307
21238
24169
27100
30031
32962
35893
38824
41755
44686
47617
50548
53479
56410
59341
62272
65203
68134
71065
73996
76927
79858
82789
85720
88651
91582
94513
97444
-1
-1
-1
-1
-1
-1
-1
892
3823
6754
9685
12616
15547
18478
21409
24340
27271
30202
33133
36064
38995
41926
44857
47788
50719
53650
56581
59512
62443
65374
68305
71236
74167
77098
80029
82960
85891
88822
91753
94684
97615
-1
-1
-1
-1
-1
-1
-1
1063
3994
6925
9856
12787
15718
18649
21580
24511
27442
30373
33304
36235
39166
42097
45028
47959
50890
53821
56752
59683
62614
65545
68476
71407
74338
77269
80200
83131
86062
88993
91924
94855
97786
-1
-1
-1
-1
-1
-1
-1
1234
4165
7096
10027
12958
15889
18820
21751
24682
27613
30544
33475
36406
39337
42268
45199
48130
51061
53992
56923
59854
62785
65716
68647
71578
74509
77440
80371
83302
86233
89164
92095
95026
97957
-1
-1
-1
-1
-1
-1
-1
1405
4336
7267
10198
13129
16060
18991
21922
24853
27784
30715
33646
36577
39508
42439
45370
48301
51232
54163
57094
60025
62956
65887
68818
71749
74680
77611
80542
83473
86404
89335
92266
95197
98128
-1
-1
-1
-1
-1
-1
-1
1576
4507
7438
10369
13300
16231
19162
22093
25024
27955
30886
33817
36748
39679
42610
45541
48472
51403
54334
57265
60196
63127
66058
68989
71920
74851
77782
80713
83644
86575
89506
92437
95368
98299
-1
-1
-1
-1
-1
-1
-1
1747
4678
7609
10540
13471
16402
19333
22264
25195
28126
31057
33988
36919
39850
42781
45712
48643
51574
54505
57436
60367
63298
66229
69160
72091
75022
77953
80884
83815
86746
89677
92608
95539
98470
-1
-1
-1
-1
-1
-1
-1
1918
4849
7780
10711
13642
16573
19504
22435
25366
28297
31228
34159
37090
40021
42952
45883
48814
51745
54676
57607
60538
63469
66400
69331
72262
75193
78124
81055
83986
86917
89848
92779
95710
98641
-1
-1
-1
-1
-1
-1
-1
2089
5020
7951
10882
13813
16744
19675
22606
25537
28468
31399
34330
37261
40192
43123
46054
48985
51916
54847
57778
60709
63640
66571
69502
72433
75364
78295
81226
84157
87088
90019
92950
95881
98812
-1
-1
-1
-1
-1
-1
-1
2260
5191
8122
11053
13984
16915
19846
22777
25708
28639
31570
34501
37432
40363
43294
46225
49156
52087
55018
57949
60880
63811
66742
69673
72604
75535
78466
81397
84328
87259
90190
93121
96052
98983
-1
-1
-1
-1
-1
-1
-1
2431
5362
8293
11224
14155
17086
20017
22948
25879
28810
31741
34672
37603
40534
43465
46396
49327
52258
55189
58120
61051
63982
66913
69844
72775
75706
78637
81568
84499
87430
90361
93292
96223
99154
-1
-1
-1
-1
-1
-1
-1
2602
5533
8464
11395
14326
17257
20188
23119
26050
28981
31912
34843
37774
40705
43636
46567
49498
52429
55360
58291
61222
64153
67084
70015
72946
75877
78808
81739
84670
87601
90532
93463
96394
99325
-1
-1
-1
-1
-1
-1
-1
2773
5704
8635
11566
14497
17428
20359
23290
26221
29152
32083
35014
37945
40876
43807
46738
49669
52600
55531
58462
61393
64324
67255
70186
73117
76048
78979
81910
84841
87772
90703
93634
96565
99496
-1
-1
-1
-1
-1
-1
13
2944
5875
8806
11737
14668
17599
20530
23461
26392
29323
32254
35185
38116
41047
43978
46909
49840
52771
55702
58633
61564
64495
67426
70357
73288
76219
79150
82081
85012
87943
90874
93805
96736
99667
-1
-1
-1
-1
-1
-1
184
3115
6046
8977
11908
14839
17770
20701
23632
26563
29494
32425
35356
38287
41218
44149
47080
50011
52942
55873
58804
61735
64666
67597
70528
73459
76390
79321
82252
85183
88114
91045
93976
96907
99838
-1
-1
-1
-1
-1
-1
355
3286
6217
9148
12079
15010
17941
20872
23803
26734
29665
32596
35527
38458
41389
44320
47251
50182
53113
56044
58975
61906
64837
67768
70699
73630
76561
79492
82423
85354
88285
91216
94147
97078
-1
-1
-1
-1
-1
-1
-1
526
3457
6388
9319
12250
15181
18112
21043
23974
26905
29836
32767
35698
38629
41560
44491
47422
50353
53284
56215
59146
62077
65008
67939
70870
73801
76732
79663
82594
85525
88456
91387
94318
97249
-1
-1
-1
-1
-1
-1
-1
697
3628
6559
9490
12421
15352
18283
21214
24145
27076
30007
32938
35869
38800
41731
44662
47593
50524
53455
56386
59317
62248
65179
68110
71041
73972
76903
79834
82765
85696
88627
91558
94489
97420
-1
-1
-1
-1
-1
-1
-1
868
3799
6730
9661
12592
15523
18454
21385
24316
27247
30178
33109
36040
38971
41902
44833
47764
50695
53626
56557
59488
62419
65350
68281
71212
74143
77074
80005
82936
85867
88798
91729
94660
97591
-1
-1
-1
-1
-1
-1
-1
1039
3970
6901
9832
12763
15694
18625
21556
24487
27418
30349
33280
36211
39142
42073
45004
47935
50866
53797
56728
59659
62590
65521
68452
71383
74314
77245
80176
83107
86038
88969
91900
94831
97762
-1
-1
-1
-1
-1
-1
-1
1210
4141
7072
10003
12934
15865
18796
21727
24658
27589
30520
33451
36382
39313
42244
45175
48106
51037
53968
56899
59830
62761
65692
68623
71554
74485
77416
80347
83278
86209
89140
92071
95002
97933
-1
-1
-1
-1
-1
-1
-1
1381
4312
7243
10174
13105
16036
18967
21898
24829
27760
30691
33622
36553
39484
42415
45346
48277
51208
54139
57070
