-11697298
-11588984
-11480670
-11372356
-11264042
-11155728
-11047414
-10939100
-10830786
-10722472
-10614158
-10505844
-10397530
-10289216
-10180902
-10072588
-9964274
-9855960
-9747646
-9639332
-9531018
-9422704
-9314390
-9206076
-9097762
-8989448
-8881134
-8772820
-8664506
-8556192
-8447878
-8339564
-8231250
-8122936
-8014622
-7906308
-7797994
-7689680
-7581366
-7473052
-7364738
-7256424
-7148110
-7039796
-6931482
-6823168
-6714854
-6606540
-6498226
-6389912
-6281598
-6173284
-6064970
-5956656
-5848342
-5740028
-5631714
-5523400
-5415086
-5306772
-5198458
-5090144
-4981830
-4873516
-4765202
-4656888
-4548574
-4440260
-4331946
-4223632
-4115318
-4007004
-3898690
-3790376
-3682062
-3573748
-3465434
-3357120
-3248806
-3140492
-3032178
-2923864
-2815550
-2707236
-2598922
-2490608
-2382294
-2273980
-2165666
-2057352
-1949038
-1840724
-1732410
-1624096
-1515782
-1407468
-1299154
-1190840
-1082526
-974212
-865898
-757584
-649270
-540956
-432642
-324328
-216014
-107700
614
108928
217242
325556
433870
542184
650498
758812
867126
975440
1083754
1192068
1300382
1408696
1517010
1625324
1733638
1841952
1950266
2058580
2166894
2275208
2383522
2491836
2600150
2708464
2816778
2925092
3033406
3141720
3250034
3358348
3466662
3574976
3683290
3791604
3899918
4008232
4116546
4224860
4333174
4441488
4549802
4658116
4766430
4874744
4983058
5091372
5199686
5308000
5416314
5524628
5632942
5741256
5849570
5957884
6066198
6174512
6282826
6391140
6499454
6607768
6716082
6824396
6932710
7041024
7149338
7257652
7365966
7474280
7582594
7690908
7799222
7907536
8015850
8124164
8232478
8340792
8449106
8557420
8665734
8774048
8882362
8990676
9098990
9207304
9315618
9423932
9532246
9640560
9748874
9857188
9965502
10073816
10182130
10290444
10398758
10507072
10615386
10723700
10832014
10940328
11048642
11156956
11265270
11373584
11481898
11590212
11698526
11806840
11915154
12023468
12131782
12240096
12348410
12456724
12565038
12673352
12781666
12889980
12998294
13106608
13214922
13323236
13431550
13539864
13648178
13756492
13864806
13973120
14081434
14189748
12298061
10406374
8514687
6623000
4731313
2839626
947939
-943748
-2835435
-4727122
-6618809
-8510496
-10402183
-12293870
-12185556
-12077242
-11968928
-11860614
-11752300
-11643986
-11535672
-11427358
-11319044
-11210730
-11102416
-10994102
-10885788
-10777474
-10669160
-10560846
-10452532
-10344218
-10235904
-10127590
-10019276
-9910962
-9802648
-9694334
-9586020
-9477706
-9369392
-9261078
-9152764
-9044450
-8936136
-8827822
-8719508
-8611194
-8502880
-8394566
-8286252
-8177938
-8069624
-7961310
-7852996
-7744682
-7636368
-7528054
-7419740
-7311426
-7203112
-7094798
-6986484
-6878170
-6769856
-6661542
-6553228
-6444914
-6336600
-6228286
-6119972
-6011658
-5903344
-5795030
-5686716
-5578402
-5470088
-5361774
-5253460
-5145146
-5036832
-4928518
-4820204
-4711890
-4603576
-4495262
-4386948
-4278634
-4170320
-4062006
-3953692
-3845378
-3737064
-3628750
-3520436
-3412122
-3303808
-3195494
-3087180
-2978866
-2870552
-2762238
-2653924
-2545610
-2437296
-2328982
-2220668
-2112354
-2004040
-1895726
-1787412
-1679098
-1570784
-1462470
-1354156
-1245842
-1137528
-1029214
-920900
-812586
-704272
-595958
-487644
-379330
-271016
-162702
-54388
53926
162240
270554
378868
487182
595496
703810
812124
920438
1028752
1137066
1245380
1353694
1462008
1570322
1678636
1786950
1895264
2003578
2111892
2220206
2328520
2436834
2545148
2653462
2761776
2870090
2978404
3086718
3195032
3303346
3411660
3519974
3628288
3736602
3844916
3953230
4061544
4169858
4278172
4386486
4494800
4603114
4711428
4819742
4928056
5036370
5144684
5252998
5361312
5469626
5577940
5686254
5794568
5902882
6011196
6119510
6227824
6336138
6444452
6552766
6661080
6769394
6877708
6986022
7094336
7202650
7310964
7419278
7527592
7635906
7744220
7852534
7960848
8069162
8177476
8285790
8394104
8502418
8610732
8719046
8827360
8935674
9043988
9152302
9260616
9368930
9477244
9585558
9693872
9802186
9910500
10018814
10127128
10235442
10343756
10452070
10560384
10668698
10777012
10885326
10993640
11101954
11210268
11318582
11426896
11535210
11643524
11751838
11860152
11968466
12076780
12185094
12293408
12401722
12510036
12618350
12726664
12834978
12943292
13051606
13159920
13268234
13376548
13484862
13593176
11701489
9809802
7918115
6026428
4134741
2243054
351367
-1540320
-3432007
-5323694
-7215381
-9107068
-10998755
-12890442
-12782128
-12673814
-12565500
-12457186
-12348872
-12240558
-12132244
-12023930
-11915616
-11807302
-11698988
-11590674
-11482360
-11374046
-11265732
-11157418
-11049104
-10940790
-10832476
-10724162
-10615848
-10507534
-10399220
-10290906
-10182592
-10074278
-9965964
-9857650
-9749336
-9641022
-9532708
-9424394
-9316080
-9207766
-9099452
-8991138
-8882824
-8774510
-8666196
-8557882
-8449568
-8341254
-8232940
-8124626
-8016312
-7907998
-7799684
-7691370
-7583056
-7474742
-7366428
-7258114
-7149800
-7041486
-6933172
-6824858
-6716544
-6608230
-6499916
-6391602
-6283288
-6174974
-6066660
-5958346
-5850032
-5741718
-5633404
-5525090
-5416776
-5308462
-5200148
-5091834
-4983520
-4875206
-4766892
-4658578
-4550264
-4441950
-4333636
-4225322
-4117008
-4008694
-3900380
-3792066
-3683752
-3575438
-3467124
-3358810
-3250496
-3142182
-3033868
-2925554
-2817240
-2708926
-2600612
-2492298
-2383984
-2275670
-2167356
-2059042
-1950728
-1842414
-1734100
-1625786
-1517472
-1409158
-1300844
-1192530
-1084216
-975902
-867588
-759274
-650960
-542646
-434332
-326018
-217704
-109390
-1076
107238
215552
323866
432180
540494
648808
757122
865436
973750
1082064
1190378
1298692
1407006
1515320
1623634
1731948
1840262
1948576
2056890
2165204
2273518
2381832
2490146
2598460
2706774
2815088
2923402
3031716
3140030
3248344
3356658
3464972
3573286
3681600
3789914
3898228
4006542
4114856
4223170
4331484
4439798
4548112
4656426
4764740
4873054
4981368
5089682
5197996
5306310
5414624
5522938
5631252
5739566
5847880
5956194
6064508
6172822
6281136
6389450
6497764
6606078
6714392
6822706
6931020
7039334
7147648
7255962
7364276
7472590
7580904
7689218
7797532
7905846
8014160
8122474
8230788
8339102
8447416
8555730
8664044
8772358
8880672
8988986
9097300
9205614
9313928
9422242
9530556
9638870
9747184
9855498
9963812
10072126
10180440
10288754
10397068
10505382
10613696
10722010
10830324
10938638
11046952
11155266
11263580
11371894
11480208
11588522
11696836
11805150
11913464
12021778
12130092
12238406
12346720
12455034
12563348
12671662
12779976
12888290
10996603
9104916
7213229
5321542
3429855
1538168
-353519
-2245206
-4136893
-6028580
-7920267
-9811954
-11703641
-13595328
-13487014
-13378700
-13270386
-13162072
-13053758
-12945444
-12837130
-12728816
-12620502
-12512188
-12403874
-12295560
-12187246
-12078932
-11970618
-11862304
-11753990
-11645676
-11537362
-11429048
-11320734
-11212420
-11104106
-10995792
-10887478
-10779164
-10670850
-10562536
-10454222
-10345908
-10237594
-10129280
-10020966
-9912652
-9804338
-9696024
-9587710
-9479396
-9371082
-9262768
-9154454
-9046140
-8937826
-8829512
-8721198
-8612884
-8504570
-8396256
-8287942
-8179628
-8071314
-7963000
-7854686
-7746372
-7638058
-7529744
-7421430
-7313116
-7204802
-7096488
-6988174
-6879860
-6771546
-6663232
-6554918
-6446604
-6338290
-6229976
-6121662
-6013348
-5905034
-5796720
-5688406
-5580092
-5471778
-5363464
-5255150
-5146836
-5038522
-4930208
-4821894
-4713580
-4605266
-4496952
-4388638
-4280324
-4172010
-4063696
-3955382
-3847068
-3738754
-3630440
-3522126
-3413812
-3305498
-3197184
-3088870
-2980556
-2872242
-2763928
-2655614
-2547300
-2438986
-2330672
-2222358
-2114044
-2005730
-1897416
-1789102
-1680788
-1572474
-1464160
-1355846
-1247532
-1139218
-1030904
-922590
-814276
-705962
-597648
-489334
-381020
-272706
-164392
-56078
52236
160550
268864
377178
485492
593806
702120
810434
918748
1027062
1135376
1243690
1352004
1460318
1568632
1676946
1785260
1893574
2001888
2110202
2218516
2326830
2435144
2543458
2651772
2760086
2868400
2976714
3085028
3193342
3301656
3409970
3518284
3626598
3734912
3843226
3951540
4059854
4168168
4276482
4384796
4493110
4601424
4709738
4818052
4926366
5034680
5142994
5251308
5359622
5467936
5576250
5684564
5792878
5901192
6009506
6117820
6226134
6334448
6442762
6551076
6659390
6767704
6876018
6984332
7092646
7200960
7309274
7417588
7525902
7634216
7742530
7850844
7959158
8067472
8175786
8284100
8392414
8500728
8609042
8717356
8825670
8933984
9042298
9150612
9258926
9367240
9475554
9583868
9692182
9800496
9908810
10017124
10125438
10233752
10342066
10450380
10558694
10667008
10775322
10883636
10991950
11100264
11208578
11316892
11425206
11533520
11641834
11750148
11858462
11966776
12075090
12183404
12291718
10400031
8508344
6616657
4724970
2833283
941596
-950091
-2841778
-4733465
-6625152
-8516839
-10408526
-12300213
-14191900
-14083586
-13975272
-13866958
-13758644
-13650330
-13542016
-13433702
-13325388
-13217074
-13108760
-13000446
-12892132
-12783818
-12675504
-12567190
-12458876
-12350562
-12242248
-12133934
-12025620
-11917306
-11808992
-11700678
-11592364
-11484050
-11375736
-11267422
-11159108
-11050794
-10942480
-10834166
-10725852
-10617538
-10509224
-10400910
-10292596
-10184282
-10075968
-9967654
-9859340
-9751026
-9642712
-9534398
-9426084
-9317770
-9209456
-9101142
-8992828
-8884514
-8776200
-8667886
-8559572
-8451258
-8342944
-8234630
-8126316
-8018002
-7909688
-7801374
-7693060
-7584746
-7476432
-7368118
-7259804
-7151490
-7043176
-6934862
-6826548
-6718234
-6609920
-6501606
-6393292
-6284978
-6176664
-6068350
-5960036
-5851722
-5743408
-5635094
-5526780
-5418466
-5310152
-5201838
-5093524
-4985210
-4876896
-4768582
-4660268
-4551954
-4443640
-4335326
-4227012
-4118698
-4010384
-3902070
-3793756
-3685442
-3577128
-3468814
-3360500
-3252186
-3143872
-3035558
-2927244
-2818930
-2710616
-2602302
-2493988
-2385674
-2277360
-2169046
-2060732
-1952418
-1844104
-1735790
-1627476
-1519162
-1410848
-1302534
-1194220
-1085906
-977592
-869278
-760964
-652650
-544336
-436022
-327708
-219394
-111080
-2766
105548
213862
322176
430490
538804
647118
755432
863746
972060
1080374
1188688
1297002
1405316
1513630
1621944
1730258
1838572
1946886
2055200
2163514
2271828
2380142
2488456
2596770
2705084
2813398
2921712
3030026
3138340
3246654
3354968
3463282
3571596
3679910
3788224
3896538
4004852
4113166
4221480
4329794
4438108
4546422
4654736
4763050
4871364
4979678
5087992
5196306
5304620
5412934
5521248
5629562
5737876
5846190
5954504
6062818
6171132
6279446
6387760
6496074
6604388
6712702
6821016
6929330
7037644
7145958
7254272
7362586
7470900
7579214
7687528
7795842
7904156
8012470
8120784
8229098
8337412
8445726
8554040
8662354
8770668
8878982
8987296
9095610
9203924
9312238
9420552
9528866
9637180
9745494
9853808
9962122
10070436
10178750
10287064
10395378
10503692
10612006
10720320
10828634
10936948
11045262
11153576
11261890
11370204
11478518
11586832
11695146
9803459
7911772
6020085
4128398
2236711
345024
-1546663
-3438350
-5330037
-7221724
-9113411
-11005098
-12896785
-12788471
-12680157
-12571843
-12463529
-12355215
-12246901
-12138587
-12030273
-11921959
-11813645
-11705331
-11597017
-11488703
-11380389
-11272075
-11163761
-11055447
-10947133
-10838819
-10730505
-10622191
-10513877
-10405563
-10297249
-10188935
-10080621
-9972307
-9863993
-9755679
-9647365
-9539051
-9430737
-9322423
-9214109
-9105795
-8997481
-8889167
-8780853
-8672539
-8564225
-8455911
-8347597
-8239283
-8130969
-8022655
-7914341
-7806027
-7697713
-7589399
-7481085
-7372771
-7264457
-7156143
-7047829
-6939515
-6831201
-6722887
-6614573
-6506259
-6397945
-6289631
-6181317
-6073003
-5964689
-5856375
-5748061
-5639747
-5531433
-5423119
-5314805
-5206491
-5098177
-4989863
-4881549
-4773235
-4664921
-4556607
-4448293
-4339979
-4231665
-4123351
-4015037
-3906723
-3798409
-3690095
-3581781
-3473467
-3365153
-3256839
-3148525
-3040211
-2931897
-2823583
-2715269
-2606955
-2498641
-2390327
-2282013
-2173699
-2065385
-1957071
-1848757
-1740443
-1632129
-1523815
-1415501
-1307187
-1198873
-1090559
-982245
-873931
-765617
-657303
-548989
-440675
-332361
-224047
-115733
-7419
100895
209209
317523
425837
534151
642465
750779
859093
967407
1075721
1184035
1292349
1400663
1508977
1617291
1725605
1833919
1942233
2050547
2158861
2267175
2375489
2483803
2592117
2700431
2808745
2917059
3025373
3133687
3242001
3350315
3458629
3566943
3675257
3783571
3891885
4000199
4108513
4216827
4325141
4433455
4541769
4650083
4758397
4866711
4975025
5083339
5191653
5299967
5408281
5516595
5624909
5733223
5841537
5949851
6058165
6166479
6274793
6383107
6491421
6599735
6708049
6816363
6924677
7032991
7141305
7249619
7357933
7466247
7574561
7682875
7791189
7899503
8007817
8116131
8224445
8332759
8441073
8549387
8657701
8766015
8874329
8982643
9090957
9199271
9307585
9415899
9524213
9632527
9740841
9849155
9957469
10065783
10174097
10282411
10390725
10499039
10607353
10715667
10823981
10932295
11040609
11148923
11257237
11365551
11473865
11582179
11690493
11798807
11907121
12015435
12123749
12232063
12340377
12448691
12557005
12665319
12773633
12881947
12990261
11098574
9206887
7315200
5423513
3531826
1640139
-251548
-2143235
-4034922
-5926609
-7818296
-9709983
-11601670
-13493357
-13385043
-13276729
-13168415
-13060101
-12951787
-12843473
-12735159
-12626845
-12518531
-12410217
-12301903
-12193589
-12085275
-11976961
-11868647
-11760333
-11652019
-11543705
-11435391
-11327077
-11218763
-11110449
-11002135
-10893821
-10785507
-10677193
-10568879
-10460565
-10352251
-10243937
-10135623
-10027309
-9918995
-9810681
-9702367
-9594053
-9485739
-9377425
-9269111
-9160797
-9052483
-8944169
-8835855
-8727541
-8619227
-8510913
-8402599
-8294285
-8185971
-8077657
-7969343
-7861029
-7752715
-7644401
-7536087
-7427773
-7319459
-7211145
-7102831
-6994517
-6886203
-6777889
-6669575
-6561261
-6452947
-6344633
-6236319
-6128005
-6019691
-5911377
-5803063
-5694749
-5586435
-5478121
-5369807
-5261493
-5153179
-5044865
-4936551
-4828237
-4719923
-4611609
-4503295
-4394981
-4286667
-4178353
-4070039
-3961725
-3853411
-3745097
-3636783
-3528469
-3420155
-3311841
-3203527
-3095213
-2986899
-2878585
-2770271
-2661957
-2553643
-2445329
-2337015
-2228701
-2120387
-2012073
-1903759
-1795445
-1687131
-1578817
-1470503
-1362189
-1253875
-1145561
-1037247
-928933
-820619
-712305
-603991
-495677
-387363
-279049
-170735
-62421
45893
154207
262521
370835
479149
587463
695777
804091
912405
1020719
1129033
1237347
1345661
1453975
1562289
1670603
1778917
1887231
1995545
2103859
2212173
2320487
2428801
2537115
2645429
2753743
2862057
2970371
3078685
3186999
3295313
3403627
3511941
3620255
3728569
3836883
3945197
4053511
4161825
4270139
4378453
4486767
4595081
4703395
4811709
4920023
5028337
5136651
5244965
5353279
5461593
5569907
5678221
5786535
5894849
6003163
6111477
6219791
6328105
6436419
6544733
6653047
6761361
6869675
6977989
7086303
7194617
7302931
7411245
7519559
7627873
7736187
7844501
7952815
8061129
8169443
8277757
8386071
8494385
8602699
8711013
8819327
8927641
9035955
9144269
9252583
9360897
9469211
9577525
9685839
9794153
9902467
10010781
10119095
10227409
10335723
10444037
10552351
10660665
10768979
10877293
10985607
11093921
11202235
11310549
11418863
11527177
11635491
11743805
11852119
11960433
12068747
12177061
12285375
12393689
10502002
8610315
6718628
4826941
2935254
1043567
-848120
-2739807
-4631494
-6523181
-8414868
-10306555
-12198242
-12089928
-11981614
-11873300
-11764986
-11656672
-11548358
-11440044
-11331730
-11223416
-11115102
-11006788
-10898474
-10790160
-10681846
-10573532
-10465218
-10356904
-10248590
-10140276
-10031962
-9923648
-9815334
-9707020
-9598706
-9490392
-9382078
-9273764
-9165450
-9057136
-8948822
-8840508
-8732194
-8623880
-8515566
-8407252
-8298938
-8190624
-8082310
-7973996
-7865682
-7757368
-7649054
-7540740
-7432426
-7324112
-7215798
-7107484
-6999170
-6890856
-6782542
-6674228
-6565914
-6457600
-6349286
-6240972
-6132658
-6024344
-5916030
-5807716
-5699402
-5591088
-5482774
-5374460
-5266146
-5157832
-5049518
-4941204
-4832890
-4724576
-4616262
-4507948
-4399634
-4291320
-4183006
-4074692
-3966378
-3858064
-3749750
-3641436
-3533122
-3424808
-3316494
-3208180
-3099866
-2991552
-2883238
-2774924
-2666610
-2558296
-2449982
-2341668
-2233354
-2125040
-2016726
-1908412
-1800098
-1691784
-1583470
-1475156
-1366842
-1258528
-1150214
-1041900
-933586
-825272
-716958
-608644
-500330
-392016
-283702
-175388
-67074
41240
149554
257868
366182
474496
582810
691124
799438
907752
1016066
1124380
1232694
1341008
1449322
1557636
1665950
1774264
1882578
1990892
2099206
2207520
2315834
2424148
2532462
2640776
2749090
2857404
2965718
3074032
3182346
3290660
3398974
3507288
3615602
3723916
3832230
3940544
4048858
4157172
4265486
4373800
4482114
4590428
4698742
4807056
4915370
5023684
5131998
5240312
5348626
5456940
5565254
5673568
5781882
5890196
5998510
6106824
6215138
6323452
6431766
6540080
6648394
6756708
6865022
6973336
7081650
7189964
7298278
7406592
7514906
7623220
7731534
7839848
7948162
8056476
8164790
8273104
8381418
8489732
8598046
8706360
8814674
8922988
9031302
9139616
9247930
9356244
9464558
9572872
9681186
9789500
9897814
10006128
10114442
10222756
10331070
10439384
10547698
10656012
10764326
10872640
10980954
11089268
11197582
11305896
11414210
11522524
11630838
11739152
11847466
11955780
12064094
12172408
12280722
12389036
12497350
12605664
12713978
12822292
12930606
13038920
13147234
13255548
13363862
13472176
13580490
13688804
11797117
9905430
8013743
6122056
4230369
2338682
446995
-1444692
-3336379
-5228066
-7119753
-9011440
-10903127
-12794814
-12686500
-12578186
-12469872
-12361558
-12253244
-12144930
-12036616
-11928302
-11819988
-11711674
-11603360
-11495046
-11386732
-11278418
-11170104
-11061790
-10953476
-10845162
-10736848
-10628534
-10520220
-10411906
-10303592
-10195278
-10086964
-9978650
-9870336
-9762022
-9653708
-9545394
-9437080
-9328766
-9220452
-9112138
-9003824
-8895510
-8787196
-8678882
-8570568
-8462254
-8353940
-8245626
-8137312
-8028998
-7920684
-7812370
-7704056
-7595742
-7487428
-7379114
-7270800
-7162486
-7054172
-6945858
-6837544
-6729230
-6620916
-6512602
-6404288
-6295974
-6187660
-6079346
-5971032
-5862718
-5754404
-5646090
-5537776
-5429462
-5321148
-5212834
-5104520
-4996206
-4887892
-4779578
-4671264
-4562950
-4454636
-4346322
-4238008
-4129694
-4021380
-3913066
-3804752
-3696438
-3588124
-3479810
-3371496
-3263182
-3154868
-3046554
-2938240
-2829926
-2721612
-2613298
-2504984
-2396670
-2288356
-2180042
-2071728
-1963414
-1855100
-1746786
-1638472
-1530158
-1421844
-1313530
-1205216
-1096902
-988588
-880274
-771960
-663646
-555332
-447018
-338704
-230390
-122076
-13762
94552
202866
311180
419494
527808
636122
744436
852750
961064
1069378
1177692
1286006
1394320
1502634
1610948
1719262
1827576
1935890
2044204
2152518
2260832
2369146
2477460
2585774
2694088
2802402
2910716
3019030
3127344
3235658
3343972
3452286
3560600
3668914
3777228
3885542
3993856
4102170
4210484
4318798
4427112
4535426
4643740
4752054
4860368
4968682
5076996
5185310
5293624
5401938
5510252
5618566
5726880
5835194
5943508
6051822
6160136
6268450
6376764
6485078
6593392
6701706
6810020
6918334
7026648
7134962
7243276
7351590
7459904
7568218
7676532
7784846
7893160
8001474
8109788
8218102
8326416
8434730
8543044
8651358
8759672
8867986
8976300
9084614
9192928
9301242
9409556
9517870
9626184
9734498
9842812
9951126
10059440
10167754
10276068
10384382
10492696
10601010
10709324
10817638
10925952
11034266
11142580
11250894
11359208
11467522
11575836
11684150
11792464
11900778
12009092
12117406
12225720
12334034
12442348
12550662
12658976
12767290
12875604
12983918
13092232
11200545
9308858
7417171
5525484
3633797
1742110
-149577
-2041264
-3932951
-5824638
-7716325
-9608012
-11499699
-13391386
-13283072
-13174758
-13066444
-12958130
-12849816
-12741502
-12633188
-12524874
-12416560
-12308246
-12199932
-12091618
-11983304
-11874990
-11766676
-11658362
-11550048
-11441734
-11333420
-11225106
-11116792
-11008478
-10900164
-10791850
-10683536
-10575222
-10466908
-10358594
-10250280
-10141966
-10033652
-9925338
-9817024
-9708710
-9600396
-9492082
-9383768
-9275454
-9167140
-9058826
-8950512
-8842198
-8733884
-8625570
-8517256
-8408942
-8300628
-8192314
-8084000
-7975686
-7867372
-7759058
-7650744
-7542430
-7434116
-7325802
-7217488
-7109174
-7000860
-6892546
-6784232
-6675918
-6567604
-6459290
-6350976
-6242662
-6134348
-6026034
-5917720
-5809406
-5701092
-5592778
-5484464
-5376150
-5267836
-5159522
-5051208
-4942894
-4834580
-4726266
-4617952
-4509638
-4401324
-4293010
-4184696
-4076382
-3968068
-3859754
-3751440
-3643126
-3534812
-3426498
-3318184
-3209870
-3101556
-2993242
-2884928
-2776614
-2668300
-2559986
-2451672
-2343358
-2235044
-2126730
-2018416
-1910102
-1801788
-1693474
-1585160
-1476846
-1368532
-1260218
-1151904
-1043590
-935276
-826962
-718648
-610334
-502020
-393706
-285392
-177078
-68764
39550
147864
256178
364492
472806
581120
689434
797748
906062
1014376
1122690
1231004
1339318
1447632
1555946
1664260
1772574
1880888
1989202
2097516
2205830
2314144
2422458
2530772
2639086
2747400
2855714
2964028
3072342
3180656
3288970
3397284
3505598
3613912
3722226
3830540
3938854
4047168
4155482
4263796
4372110
4480424
4588738
4697052
4805366
4913680
5021994
5130308
5238622
5346936
5455250
5563564
5671878
5780192
5888506
5996820
6105134
6213448
6321762
6430076
6538390
6646704
6755018
6863332
6971646
7079960
7188274
7296588
7404902
7513216
7621530
7729844
7838158
7946472
8054786
8163100
8271414
8379728
8488042
8596356
8704670
8812984
8921298
9029612
9137926
9246240
9354554
9462868
9571182
9679496
9787810
9896124
10004438
10112752
10221066
10329380
10437694
10546008
10654322
10762636
10870950
10979264
11087578
11195892
11304206
11412520
11520834
11629148
11737462
11845776
11954090
12062404
12170718
12279032
12387346
10495659
8603972
6712285
4820598
2928911
1037224
-854463
-2746150
-4637837
-6529524
-8421211
-10312898
-12204585
-14096272
-13987958
-13879644
-13771330
-13663016
-13554702
-13446388
-13338074
-13229760
-13121446
-13013132
-12904818
-12796504
-12688190
-12579876
-12471562
-12363248
-12254934
-12146620
-12038306
-11929992
-11821678
-11713364
-11605050
-11496736
-11388422
-11280108
-11171794
-11063480
-10955166
-10846852
-10738538
-10630224
-10521910
-10413596
-10305282
-10196968
-10088654
-9980340
-9872026
-9763712
-9655398
-9547084
-9438770
-9330456
-9222142
-9113828
-9005514
-8897200
-8788886
-8680572
-8572258
-8463944
-8355630
-8247316
-8139002
-8030688
-7922374
-7814060
-7705746
-7597432
-7489118
-7380804
-7272490
-7164176
-7055862
-6947548
-6839234
-6730920
-6622606
-6514292
-6405978
-6297664
-6189350
-6081036
-5972722
-5864408
-5756094
-5647780
-5539466
-5431152
-5322838
-5214524
-5106210
-4997896
-4889582
-4781268
-4672954
-4564640
-4456326
-4348012
-4239698
-4131384
-4023070
-3914756
-3806442
-3698128
-3589814
-3481500
-3373186
-3264872
-3156558
-3048244
-2939930
-2831616
-2723302
-2614988
-2506674
-2398360
-2290046
-2181732
-2073418
-1965104
-1856790
-1748476
-1640162
-1531848
-1423534
-1315220
-1206906
-1098592
-990278
-881964
-773650
-665336
-557022
-448708
-340394
-232080
-123766
-15452
92862
201176
309490
417804
526118
634432
742746
851060
959374
1067688
1176002
1284316
1392630
1500944
1609258
1717572
1825886
1934200
2042514
2150828
2259142
2367456
2475770
2584084
2692398
2800712
2909026
3017340
3125654
3233968
3342282
3450596
3558910
3667224
3775538
3883852
3992166
4100480
4208794
4317108
4425422
4533736
4642050
4750364
4858678
4966992
5075306
5183620
5291934
5400248
5508562
5616876
5725190
5833504
5941818
6050132
6158446
6266760
6375074
6483388
6591702
6700016
6808330
6916644
7024958
7133272
7241586
7349900
7458214
7566528
7674842
7783156
7891470
7999784
8108098
8216412
8324726
8433040
8541354
8649668
8757982
8866296
8974610
9082924
9191238
9299552
9407866
9516180
9624494
9732808
9841122
9949436
10057750
10166064
10274378
10382692
10491006
10599320
10707634
10815948
10924262
11032576
11140890
11249204
11357518
11465832
11574146
11682460
11790774
9899087
8007400
6115713
4224026
2332339
440652
-1451035
-3342722
-5234409
-7126096
-9017783
-10909470
-12801157
-14692844
-14584530
-14476216
-14367902
-14259588
-14151274
-14042960
-13934646
-13826332
-13718018
-13609704
-13501390
-13393076
-13284762
-13176448
-13068134
-12959820
-12851506
-12743192
-12634878
-12526564
-12418250
-12309936
-12201622
-12093308
-11984994
-11876680
-11768366
-11660052
-11551738
-11443424
-11335110
-11226796
-11118482
-11010168
-10901854
-10793540
-10685226
-10576912
-10468598
-10360284
-10251970
-10143656
-10035342
-9927028
-9818714
-9710400
-9602086
-9493772
-9385458
-9277144
-9168830
-9060516
-8952202
-8843888
-8735574
-8627260
-8518946
-8410632
-8302318
-8194004
-8085690
-7977376
-7869062
-7760748
-7652434
-7544120
-7435806
-7327492
-7219178
-7110864
-7002550
-6894236
-6785922
-6677608
-6569294
-6460980
-6352666
-6244352
-6136038
-6027724
-5919410
-5811096
-5702782
-5594468
-5486154
-5377840
-5269526
-5161212
-5052898
-4944584
-4836270
-4727956
-4619642
-4511328
-4403014
-4294700
-4186386
-4078072
-3969758
-3861444
-3753130
-3644816
-3536502
-3428188
-3319874
-3211560
-3103246
-2994932
-2886618
-2778304
-2669990
-2561676
-2453362
-2345048
-2236734
-2128420
-2020106
-1911792
-1803478
-1695164
-1586850
-1478536
-1370222
-1261908
-1153594
-1045280
-936966
-828652
-720338
-612024
-503710
-395396
-287082
-178768
-70454
37860
146174
254488
362802
471116
579430
687744
796058
904372
1012686
1121000
1229314
1337628
1445942
1554256
1662570
1770884
1879198
1987512
2095826
2204140
2312454
2420768
2529082
2637396
2745710
2854024
2962338
3070652
3178966
3287280
3395594
3503908
3612222
3720536
3828850
3937164
4045478
4153792
4262106
4370420
4478734
4587048
4695362
4803676
4911990
5020304
5128618
5236932
5345246
5453560
5561874
5670188
5778502
5886816
5995130
6103444
6211758
6320072
6428386
6536700
6645014
6753328
6861642
6969956
7078270
7186584
7294898
7403212
7511526
7619840
7728154
7836468
7944782
8053096
8161410
8269724
8378038
8486352
8594666
8702980
8811294
8919608
9027922
9136236
9244550
9352864
9461178
9569492
9677806
9786120
9894434
10002748
10111062
10219376
10327690
10436004
10544318
10652632
10760946
10869260
10977574
11085888
11194202
9302515
7410828
5519141
3627454
1735767
-155920
-2047607
-3939294
-5830981
-7722668
-9614355
-11506042
-13397729
-13289415
-13181101
-13072787
-12964473
-12856159
-12747845
-12639531
-12531217
-12422903
-12314589
-12206275
-12097961
-11989647
-11881333
-11773019
-11664705
-11556391
-11448077
-11339763
-11231449
-11123135
-11014821
-10906507
-10798193
-10689879
-10581565
-10473251
-10364937
-10256623
-10148309
-10039995
-9931681
-9823367
-9715053
-9606739
-9498425
-9390111
-9281797
-9173483
-9065169
-8956855
-8848541
-8740227
-8631913
-8523599
-8415285
-8306971
-8198657
-8090343
-7982029
-7873715
-7765401
-7657087
-7548773
-7440459
-7332145
-7223831
-7115517
-7007203
-6898889
-6790575
-6682261
-6573947
-6465633
-6357319
-6249005
-6140691
-6032377
-5924063
-5815749
-5707435
-5599121
-5490807
-5382493
-5274179
-5165865
-5057551
-4949237
-4840923
-4732609
-4624295
-4515981
-4407667
-4299353
-4191039
-4082725
-3974411
-3866097
-3757783
-3649469
-3541155
-3432841
-3324527
-3216213
-3107899
-2999585
-2891271
-2782957
-2674643
-2566329
-2458015
-2349701
-2241387
-2133073
-2024759
-1916445
-1808131
-1699817
-1591503
-1483189
-1374875
-1266561
-1158247
-1049933
-941619
-833305
-724991
-616677
-508363
-400049
-291735
-183421
-75107
33207
141521
249835
358149
466463
574777
683091
791405
899719
1008033
1116347
1224661
1332975
1441289
1549603
1657917
1766231
1874545
1982859
2091173
2199487
2307801
2416115
2524429
2632743
2741057
2849371
2957685
3065999
3174313
3282627
3390941
3499255
3607569
3715883
3824197
3932511
4040825
4149139
4257453
4365767
4474081
4582395
4690709
4799023
4907337
5015651
5123965
5232279
5340593
5448907
5557221
5665535
5773849
5882163
5990477
6098791
6207105
6315419
6423733
6532047
6640361
6748675
6856989
6965303
7073617
7181931
7290245
7398559
7506873
7615187
7723501
7831815
7940129
8048443
8156757
8265071
8373385
8481699
8590013
8698327
8806641
8914955
9023269
9131583
9239897
9348211
9456525
9564839
9673153
9781467
9889781
9998095
10106409
10214723
10323037
10431351
10539665
10647979
10756293
10864607
10972921
11081235
11189549
11297863
11406177
11514491
11622805
11731119
11839433
11947747
12056061
12164375
12272689
12381003
12489317
10597630
8705943
6814256
4922569
3030882
1139195
-752492
-2644179
-4535866
-6427553
-8319240
-10210927
-12102614
-13994301
-13885987
-13777673
-13669359
-13561045
-13452731
-13344417
-13236103
-13127789
-13019475
-12911161
-12802847
-12694533
-12586219
-12477905
-12369591
-12261277
-12152963
-12044649
-11936335
-11828021
-11719707
-11611393
-11503079
-11394765
-11286451
-11178137
-11069823
-10961509
-10853195
-10744881
-10636567
-10528253
-10419939
-10311625
-10203311
-10094997
-9986683
-9878369
-9770055
-9661741
-9553427
-9445113
-9336799
-9228485
-9120171
-9011857
-8903543
-8795229
-8686915
-8578601
-8470287
-8361973
-8253659
-8145345
-8037031
-7928717
-7820403
-7712089
-7603775
-7495461
-7387147
-7278833
-7170519
-7062205
-6953891
-6845577
-6737263
-6628949
-6520635
-6412321
-6304007
-6195693
-6087379
-5979065
-5870751
-5762437
-5654123
-5545809
-5437495
-5329181
-5220867
-5112553
-5004239
-4895925
-4787611
-4679297
-4570983
-4462669
-4354355
-4246041
-4137727
-4029413
-3921099
-3812785
-3704471
-3596157
-3487843
-3379529
-3271215
-3162901
-3054587
-2946273
-2837959
-2729645
-2621331
-2513017
-2404703
-2296389
-2188075
-2079761
-1971447
-1863133
-1754819
-1646505
-1538191
-1429877
-1321563
-1213249
-1104935
-996621
-888307
-779993
-671679
-563365
-455051
-346737
-238423
-130109
-21795
86519
194833
303147
411461
519775
628089
736403
844717
953031
1061345
1169659
1277973
1386287
1494601
1602915
1711229
1819543
1927857
2036171
2144485
2252799
2361113
2469427
2577741
2686055
2794369
2902683
3010997
3119311
3227625
3335939
3444253
3552567
3660881
3769195
3877509
3985823
4094137
4202451
4310765
4419079
4527393
4635707
4744021
4852335
4960649
5068963
5177277
5285591
5393905
5502219
5610533
5718847
5827161
5935475
6043789
6152103
6260417
6368731
6477045
6585359
6693673
6801987
6910301
7018615
7126929
7235243
7343557
7451871
7560185
7668499
7776813
7885127
7993441
8101755
8210069
8318383
8426697
8535011
8643325
8751639
8859953
8968267
9076581
9184895
9293209
9401523
9509837
9618151
9726465
9834779
9943093
10051407
10159721
10268035
10376349
10484663
10592977
10701291
10809605
10917919
11026233
11134547
11242861
11351175
11459489
11567803
11676117
11784431
11892745
10001058
8109371
6217684
4325997
2434310
542623
-1349064
-3240751
-5132438
-7024125
-8915812
-10807499
-12699186
-12590872
-12482558
-12374244
-12265930
-12157616
-12049302
-11940988
-11832674
-11724360
-11616046
-11507732
-11399418
-11291104
-11182790
-11074476
-10966162
-10857848
-10749534
-10641220
-10532906
-10424592
-10316278
-10207964
-10099650
-9991336
-9883022
-9774708
-9666394
-9558080
-9449766
-9341452
-9233138
-9124824
-9016510
-8908196
-8799882
-8691568
-8583254
-8474940
-8366626
-8258312
-8149998
-8041684
-7933370
-7825056
-7716742
-7608428
-7500114
-7391800
-7283486
-7175172
-7066858
-6958544
-6850230
-6741916
-6633602
-6525288
-6416974
-6308660
-6200346
-6092032
-5983718
-5875404
-5767090
-5658776
-5550462
-5442148
-5333834
-5225520
-5117206
-5008892
-4900578
-4792264
-4683950
-4575636
-4467322
-4359008
-4250694
-4142380
-4034066
-3925752
-3817438
-3709124
-3600810
-3492496
-3384182
-3275868
-3167554
-3059240
-2950926
-2842612
-2734298
-2625984
-2517670
-2409356
-2301042
-2192728
-2084414
-1976100
-1867786
-1759472
-1651158
-1542844
-1434530
-1326216
-1217902
-1109588
-1001274
-892960
-784646
-676332
-568018
-459704
-351390
-243076
-134762
-26448
81866
190180
298494
406808
515122
623436
731750
840064
948378
1056692
1165006
1273320
1381634
1489948
1598262
1706576
1814890
1923204
2031518
2139832
2248146
2356460
2464774
2573088
2681402
2789716
2898030
3006344
3114658
3222972
3331286
3439600
3547914
3656228
3764542
3872856
3981170
4089484
4197798
4306112
4414426
4522740
4631054
4739368
4847682
4955996
5064310
5172624
5280938
5389252
5497566
5605880
5714194
5822508
5930822
6039136
6147450
6255764
6364078
6472392
6580706
6689020
6797334
6905648
7013962
7122276
7230590
7338904
7447218
7555532
7663846
7772160
7880474
7988788
8097102
8205416
8313730
8422044
8530358
8638672
8746986
8855300
8963614
9071928
9180242
9288556
9396870
9505184
9613498
9721812
9830126
9938440
10046754
10155068
10263382
10371696
10480010
10588324
10696638
10804952
10913266
11021580
11129894
11238208
11346522
11454836
11563150
11671464
11779778
11888092
11996406
12104720
12213034
12321348
12429662
12537976
12646290
12754604
12862918
12971232
13079546
13187860
11296173
9404486
7512799
5621112
3729425
1837738
-53949
-1945636
-3837323
-5729010
-7620697
-9512384
-11404071
-13295758
-13187444
-13079130
-12970816
-12862502
-12754188
-12645874
-12537560
-12429246
-12320932
-12212618
-12104304
-11995990
-11887676
-11779362
-11671048
-11562734
-11454420
-11346106
-11237792
-11129478
-11021164
-10912850
-10804536
-10696222
-10587908
-10479594
-10371280
-10262966
-10154652
-10046338
-9938024
-9829710
-9721396
-9613082
-9504768
-9396454
-9288140
-9179826
-9071512
-8963198
-8854884
-8746570
-8638256
-8529942
-8421628
-8313314
-8205000
-8096686
-7988372
-7880058
-7771744
-7663430
-7555116
-7446802
-7338488
-7230174
-7121860
-7013546
-6905232
-6796918
-6688604
-6580290
-6471976
-6363662
-6255348
-6147034
-6038720
-5930406
-5822092
-5713778
-5605464
-5497150
-5388836
-5280522
-5172208
-5063894
-4955580
-4847266
-4738952
-4630638
-4522324
-4414010
-4305696
-4197382
-4089068
-3980754
-3872440
-3764126
-3655812
-3547498
-3439184
-3330870
-3222556
-3114242
-3005928
-2897614
-2789300
-2680986
-2572672
-2464358
-2356044
-2247730
-2139416
-2031102
-1922788
-1814474
-1706160
-1597846
-1489532
-1381218
-1272904
-1164590
-1056276
-947962
-839648
-731334
-623020
-514706
-406392
-298078
-189764
-81450
26864
135178
243492
351806
460120
568434
676748
785062
893376
1001690
1110004
1218318
1326632
1434946
1543260
1651574
1759888
1868202
1976516
2084830
2193144
2301458
2409772
2518086
2626400
2734714
2843028
2951342
3059656
3167970
3276284
3384598
3492912
3601226
3709540
3817854
3926168
4034482
4142796
4251110
4359424
4467738
4576052
4684366
4792680
4900994
5009308
5117622
5225936
5334250
5442564
5550878
5659192
5767506
5875820
5984134
6092448
6200762
6309076
6417390
6525704
6634018
6742332
6850646
6958960
7067274
7175588
7283902
7392216
7500530
7608844
7717158
7825472
7933786
8042100
8150414
8258728
8367042
8475356
8583670
8691984
8800298
8908612
9016926
9125240
9233554
9341868
9450182
9558496
9666810
9775124
9883438
9991752
10100066
10208380
10316694
10425008
10533322
10641636
10749950
10858264
10966578
11074892
11183206
11291520
11399834
11508148
11616462
11724776
11833090
11941404
12049718
12158032
12266346
12374660
12482974
12591288
10699601
8807914
6916227
5024540
3132853
1241166
-650521
-2542208
-4433895
-6325582
-8217269
-10108956
-12000643
-11892329
-11784015
-11675701
-11567387
-11459073
-11350759
-11242445
-11134131
-11025817
-10917503
-10809189
-10700875
-10592561
-10484247
-10375933
-10267619
-10159305
-10050991
-9942677
-9834363
-9726049
-9617735
-9509421
-9401107
-9292793
-9184479
-9076165
-8967851
-8859537
-8751223
-8642909
-8534595
-8426281
-8317967
-8209653
-8101339
-7993025
-7884711
-7776397
-7668083
-7559769
-7451455
-7343141
-7234827
-7126513
-7018199
-6909885
-6801571
-6693257
-6584943
-6476629
-6368315
-6260001
-6151687
-6043373
-5935059
-5826745
-5718431
-5610117
-5501803
-5393489
-5285175
-5176861
-5068547
-4960233
-4851919
-4743605
-4635291
-4526977
-4418663
-4310349
-4202035
-4093721
-3985407
-3877093
-3768779
-3660465
-3552151
-3443837
-3335523
-3227209
-3118895
-3010581
-2902267
-2793953
-2685639
-2577325
-2469011
-2360697
-2252383
-2144069
-2035755
-1927441
-1819127
-1710813
-1602499
-1494185
-1385871
-1277557
-1169243
-1060929
-952615
-844301
-735987
-627673
-519359
-411045
-302731
-194417
-86103
22211
130525
238839
347153
455467
563781
672095
780409
888723
997037
1105351
1213665
1321979
1430293
1538607
1646921
1755235
1863549
1971863
2080177
2188491
2296805
2405119
2513433
2621747
2730061
2838375
2946689
3055003
3163317
3271631
3379945
3488259
3596573
3704887
3813201
3921515
4029829
4138143
4246457
4354771
4463085
4571399
4679713
4788027
4896341
5004655
5112969
5221283
5329597
5437911
5546225
5654539
5762853
5871167
5979481
6087795
6196109
6304423
6412737
6521051
6629365
6737679
6845993
6954307
7062621
7170935
7279249
7387563
7495877
7604191
7712505
7820819
7929133
8037447
8145761
8254075
8362389
8470703
8579017
8687331
8795645
8903959
9012273
9120587
9228901
9337215
9445529
9553843
9662157
9770471
9878785
9987099
10095413
10203727
10312041
10420355
10528669
10636983
10745297
10853611
10961925
11070239
11178553
11286867
11395181
11503495
11611809
11720123
11828437
11936751
12045065
12153379
12261693
12370007
12478321
12586635
12694949
12803263
12911577
13019891
13128205
13236519
13344833
13453147
13561461
13669775
13778089
13886403
11994716
10103029
8211342
6319655
4427968
2536281
644594
-1247093
-3138780
-5030467
-6922154
-8813841
-10705528
-12597215
-12488901
-12380587
-12272273
-12163959
-12055645
-11947331
-11839017
-11730703
-11622389
-11514075
-11405761
-11297447
-11189133
-11080819
-10972505
-10864191
-10755877
-10647563
-10539249
-10430935
-10322621
-10214307
-10105993
-9997679
-9889365
-9781051
-9672737
-9564423
-9456109
-9347795
-9239481
-9131167
-9022853
-8914539
-8806225
-8697911
-8589597
-8481283
-8372969
-8264655
-8156341
-8048027
-7939713
-7831399
-7723085
-7614771
-7506457
-7398143
-7289829
-7181515
-7073201
-6964887
-6856573
-6748259
-6639945
-6531631
-6423317
-6315003
-6206689
-6098375
-5990061
-5881747
-5773433
-5665119
-5556805
-5448491
-5340177
-5231863
-5123549
-5015235
-4906921
-4798607
-4690293
-4581979
-4473665
-4365351
-4257037
-4148723
-4040409
-3932095
-3823781
-3715467
-3607153
-3498839
-3390525
-3282211
-3173897
-3065583
-2957269
-2848955
-2740641
-2632327
-2524013
-2415699
-2307385
-2199071
-2090757
-1982443
-1874129
-1765815
-1657501
-1549187
-1440873
-1332559
-1224245
-1115931
-1007617
-899303
-790989
-682675
-574361
-466047
-357733
-249419
-141105
-32791
75523
183837
292151
400465
508779
617093
725407
833721
942035
1050349
1158663
1266977
1375291
1483605
1591919
1700233
1808547
1916861
2025175
2133489
2241803
2350117
2458431
2566745
2675059
2783373
2891687
3000001
3108315
3216629
3324943
3433257
3541571
3649885
3758199
3866513
3974827
4083141
4191455
4299769
4408083
4516397
4624711
4733025
4841339
4949653
5057967
5166281
5274595
5382909
5491223
5599537
5707851
5816165
5924479
6032793
6141107
6249421
6357735
6466049
6574363
6682677
6790991
6899305
7007619
7115933
7224247
7332561
7440875
7549189
7657503
7765817
7874131
7982445
8090759
8199073
8307387
8415701
8524015
8632329
8740643
8848957
8957271
9065585
9173899
9282213
9390527
9498841
9607155
9715469
9823783
9932097
10040411
10148725
10257039
10365353
10473667
10581981
10690295
10798609
10906923
11015237
11123551
11231865
11340179
11448493
11556807
11665121
11773435
11881749
11990063
12098377
12206691
12315005
12423319
12531633
12639947
12748261
12856575
12964889
13073203
13181517
13289831
11398144
9506457
7614770
5723083
3831396
1939709
48022
-1843665
-3735352
-5627039
-7518726
-9410413
-11302100
-13193787
-13085473
-12977159
-12868845
-12760531
-12652217
-12543903
-12435589
-12327275
-12218961
-12110647
-12002333
-11894019
-11785705
-11677391
-11569077
-11460763
-11352449
-11244135
-11135821
-11027507
-10919193
-10810879
-10702565
-10594251
-10485937
-10377623
-10269309
-10160995
-10052681
-9944367
-9836053
-9727739
-9619425
-9511111
-9402797
-9294483
-9186169
-9077855
-8969541
-8861227
-8752913
-8644599
-8536285
-8427971
-8319657
-8211343
-8103029
-7994715
-7886401
-7778087
-7669773
-7561459
-7453145
-7344831
-7236517
-7128203
-7019889
-6911575
-6803261
-6694947
-6586633
-6478319
-6370005
-6261691
-6153377
-6045063
-5936749
-5828435
-5720121
-5611807
-5503493
-5395179
-5286865
-5178551
-5070237
-4961923
-4853609
-4745295
-4636981
-4528667
-4420353
-4312039
-4203725
-4095411
-3987097
-3878783
-3770469
-3662155
-3553841
-3445527
-3337213
-3228899
-3120585
-3012271
-2903957
-2795643
-2687329
-2579015
-2470701
-2362387
-2254073
-2145759
-2037445
-1929131
-1820817
-1712503
-1604189
-1495875
-1387561
-1279247
-1170933
-1062619
-954305
-845991
-737677
-629363
-521049
-412735
-304421
-196107
-87793
20521
128835
237149
345463
453777
562091
670405
778719
887033
995347
1103661
1211975
1320289
1428603
1536917
1645231
1753545
1861859
1970173
2078487
2186801
2295115
2403429
2511743
2620057
2728371
2836685
2944999
3053313
3161627
3269941
3378255
3486569
3594883
3703197
3811511
3919825
4028139
4136453
4244767
4353081
4461395
4569709
4678023
4786337
4894651
5002965
5111279
5219593
5327907
5436221
5544535
5652849
5761163
5869477
5977791
6086105
6194419
6302733
6411047
6519361
6627675
6735989
6844303
6952617
7060931
7169245
7277559
7385873
7494187
7602501
7710815
7819129
7927443
8035757
8144071
8252385
8360699
8469013
8577327
8685641
8793955
8902269
9010583
9118897
9227211
9335525
9443839
9552153
9660467
9768781
9877095
9985409
10093723
10202037
10310351
10418665
10526979
10635293
10743607
10851921
10960235
11068549
11176863
11285177
11393491
11501805
11610119
11718433
11826747
11935061
12043375
12151689
12260003
12368317
12476631
12584945
10693258
8801571
6909884
5018197
3126510
1234823
-656864
-2548551
-4440238
-6331925
-8223612
-10115299
-12006986
-13898673
-13790359
-13682045
-13573731
-13465417
-13357103
-13248789
-13140475
-13032161
-12923847
-12815533
-12707219
-12598905
-12490591
-12382277
-12273963
-12165649
-12057335
-11949021
-11840707
-11732393
-11624079
-11515765
-11407451
-11299137
-11190823
-11082509
-10974195
-10865881
-10757567
-10649253
-10540939
-10432625
-10324311
-10215997
-10107683
-9999369
-9891055
-9782741
-9674427
-9566113
-9457799
-9349485
-9241171
-9132857
-9024543
-8916229
-8807915
-8699601
-8591287
-8482973
-8374659
-8266345
-8158031
-8049717
-7941403
-7833089
-7724775
-7616461
-7508147
-7399833
-7291519
-7183205
-7074891
-6966577
-6858263
-6749949
-6641635
-6533321
-6425007
-6316693
-6208379
-6100065
-5991751
-5883437
-5775123
-5666809
-5558495
-5450181
-5341867
-5233553
-5125239
-5016925
-4908611
-4800297
-4691983
-4583669
-4475355
-4367041
-4258727
-4150413
-4042099
-3933785
-3825471
-3717157
-3608843
-3500529
-3392215
-3283901
-3175587
-3067273
-2958959
-2850645
-2742331
-2634017
-2525703
-2417389
-2309075
-2200761
-2092447
-1984133
-1875819
-1767505
-1659191
-1550877
-1442563
-1334249
-1225935
-1117621
-1009307
-900993
-792679
-684365
-576051
-467737
-359423
-251109
-142795
-34481
73833
182147
290461
398775
507089
615403
723717
832031
940345
1048659
1156973
1265287
1373601
1481915
1590229
1698543
1806857
1915171
2023485
2131799
2240113
2348427
2456741
2565055
2673369
2781683
2889997
2998311
3106625
3214939
3323253
3431567
3539881
3648195
3756509
3864823
3973137
4081451
4189765
4298079
4406393
4514707
4623021
4731335
4839649
4947963
5056277
5164591
5272905
5381219
5489533
5597847
5706161
5814475
5922789
6031103
6139417
6247731
6356045
6464359
6572673
6680987
6789301
6897615
7005929
7114243
7222557
7330871
7439185
7547499
7655813
7764127
7872441
7980755
8089069
8197383
8305697
8414011
8522325
8630639
8738953
8847267
8955581
9063895
9172209
9280523
9388837
9497151
9605465
9713779
9822093
9930407
10038721
10147035
10255349
10363663
10471977
10580291
10688605
10796919
10905233
11013547
11121861
11230175
11338489
11446803
11555117
11663431
11771745
11880059
11988373
10096686
8204999
6313312
4421625
2529938
638251
-1253436
-3145123
-5036810
-6928497
-8820184
-10711871
-12603558
-14495245
-14386931
-14278617
-14170303
-14061989
-13953675
-13845361
-13737047
-13628733
-13520419
-13412105
-13303791
-13195477
-13087163
-12978849
-12870535
-12762221
-12653907
-12545593
-12437279
-12328965
-12220651
-12112337
-12004023
-11895709
-11787395
-11679081
-11570767
-11462453
-11354139
-11245825
-11137511
-11029197
-10920883
-10812569
-10704255
-10595941
-10487627
-10379313
-10270999
-10162685
-10054371
-9946057
-9837743
-9729429
-9621115
-9512801
-9404487
-9296173
-9187859
-9079545
-8971231
-8862917
-8754603
-8646289
-8537975
-8429661
-8321347
-8213033
-8104719
-7996405
-7888091
-7779777
-7671463
-7563149
-7454835
-7346521
-7238207
-7129893
-7021579
-6913265
-6804951
-6696637
-6588323
-6480009
-6371695
-6263381
-6155067
-6046753
-5938439
-5830125
-5721811
-5613497
-5505183
-5396869
-5288555
-5180241
-5071927
-4963613
-4855299
-4746985
-4638671
-4530357
-4422043
-4313729
-4205415
-4097101
-3988787
-3880473
-3772159
-3663845
-3555531
-3447217
-3338903
-3230589
-3122275
-3013961
-2905647
-2797333
-2689019
-2580705
-2472391
-2364077
-2255763
-2147449
-2039135
-1930821
-1822507
-1714193
-1605879
-1497565
-1389251
-1280937
-1172623
-1064309
-955995
-847681
-739367
-631053
-522739
-414425
-306111
-197797
-89483
18831
127145
235459
343773
452087
560401
668715
777029
885343
993657
1101971
1210285
1318599
1426913
1535227
1643541
1751855
1860169
1968483
2076797
2185111
2293425
2401739
2510053
2618367
2726681
2834995
2943309
3051623
3159937
3268251
3376565
3484879
3593193
3701507
3809821
3918135
4026449
4134763
4243077
4351391
4459705
4568019
4676333
4784647
4892961
5001275
5109589
5217903
5326217
5434531
5542845
5651159
5759473
5867787
5976101
6084415
6192729
6301043
6409357
6517671
6625985
6734299
6842613
6950927
7059241
7167555
7275869
7384183
7492497
7600811
7709125
7817439
7925753
8034067
8142381
8250695
8359009
8467323
8575637
8683951
8792265
8900579
9008893
9117207
9225521
9333835
9442149
9550463
9658777
9767091
9875405
9983719
10092033
10200347
10308661
10416975
10525289
10633603
10741917
10850231
10958545
11066859
11175173
11283487
11391801
9500114
7608427
5716740
3825053
1933366
41679
-1850008
-3741695
-5633382
-7525069
-9416756
-11308443
-13200130
-13091816
-12983502
-12875188
-12766874
-12658560
-12550246
-12441932
-12333618
-12225304
-12116990
-12008676
-11900362
-11792048
-11683734
-11575420
-11467106
-11358792
-11250478
-11142164
-11033850
-10925536
-10817222
-10708908
-10600594
-10492280
-10383966
-10275652
-10167338
-10059024
-9950710
-9842396
-9734082
-9625768
-9517454
-9409140
-9300826
-9192512
-9084198
-8975884
-8867570
-8759256
-8650942
-8542628
-8434314
-8326000
-8217686
-8109372
-8001058
-7892744
-7784430
-7676116
-7567802
-7459488
-7351174
-7242860
-7134546
-7026232
-6917918
-6809604
-6701290
-6592976
-6484662
-6376348
-6268034
-6159720
-6051406
-5943092
-5834778
-5726464
-5618150
-5509836
-5401522
-5293208
-5184894
-5076580
-4968266
-4859952
-4751638
-4643324
-4535010
-4426696
-4318382
-4210068
-4101754
-3993440
-3885126
-3776812
-3668498
-3560184
-3451870
-3343556
-3235242
-3126928
-3018614
-2910300
-2801986
-2693672
-2585358
-2477044
-2368730
-2260416
-2152102
-2043788
-1935474
-1827160
-1718846
-1610532
-1502218
-1393904
-1285590
-1177276
-1068962
-960648
-852334
-744020
-635706
-527392
-419078
-310764
-202450
-94136
14178
122492
230806
339120
447434
555748
664062
772376
880690
989004
1097318
1205632
1313946
1422260
1530574
1638888
1747202
1855516
1963830
2072144
2180458
2288772
2397086
2505400
2613714
2722028
2830342
2938656
3046970
3155284
3263598
3371912
3480226
3588540
3696854
3805168
3913482
4021796
4130110
4238424
4346738
4455052
4563366
4671680
4779994
4888308
4996622
5104936
5213250
5321564
5429878
5538192
5646506
5754820
5863134
5971448
6079762
6188076
6296390
6404704
6513018
6621332
6729646
6837960
6946274
7054588
7162902
7271216
7379530
7487844
7596158
7704472
7812786
7921100
8029414
8137728
8246042
8354356
8462670
8570984
8679298
8787612
8895926
9004240
9112554
9220868
9329182
9437496
9545810
9654124
9762438
9870752
9979066
10087380
10195694
10304008
10412322
10520636
10628950
10737264
10845578
10953892
11062206
11170520
11278834
11387148
11495462
11603776
11712090
11820404
11928718
12037032
12145346
12253660
12361974
12470288
12578602
12686916
10795229
8903542
7011855
5120168
3228481
1336794
-554893
-2446580
-4338267
-6229954
-8121641
-10013328
-11905015
-13796702
-13688388
-13580074
-13471760
-13363446
-13255132
-13146818
-13038504
-12930190
-12821876
-12713562
-12605248
-12496934
-12388620
-12280306
-12171992
-12063678
-11955364
-11847050
-11738736
-11630422
-11522108
-11413794
-11305480
-11197166
-11088852
-10980538
-10872224
-10763910
-10655596
-10547282
-10438968
-10330654
-10222340
-10114026
-10005712
-9897398
-9789084
-9680770
-9572456
-9464142
-9355828
-9247514
-9139200
-9030886
-8922572
-8814258
-8705944
-8597630
-8489316
-8381002
-8272688
-8164374
-8056060
-7947746
-7839432
-7731118
-7622804
-7514490
-7406176
-7297862
-7189548
-7081234
-6972920
-6864606
-6756292
-6647978
-6539664
-6431350
-6323036
-6214722
-6106408
-5998094
-5889780
-5781466
-5673152
-5564838
-5456524
-5348210
-5239896
-5131582
-5023268
-4914954
-4806640
-4698326
-4590012
-4481698
-4373384
-4265070
-4156756
-4048442
-3940128
-3831814
-3723500
-3615186
-3506872
-3398558
-3290244
-3181930
-3073616
-2965302
-2856988
-2748674
-2640360
-2532046
-2423732
-2315418
-2207104
-2098790
-1990476
-1882162
-1773848
-1665534
-1557220
-1448906
-1340592
-1232278
-1123964
-1015650
-907336
-799022
-690708
-582394
-474080
-365766
-257452
-149138
-40824
67490
175804
284118
392432
500746
609060
717374
825688
934002
1042316
1150630
1258944
1367258
1475572
1583886
1692200
1800514
1908828
2017142
2125456
2233770
2342084
2450398
2558712
2667026
2775340
2883654
2991968
3100282
3208596
3316910
3425224
3533538
3641852
3750166
3858480
3966794
4075108
4183422
4291736
4400050
4508364
4616678
4724992
4833306
4941620
5049934
5158248
5266562
5374876
5483190
5591504
5699818
5808132
5916446
6024760
6133074
6241388
6349702
6458016
6566330
6674644
6782958
6891272
6999586
7107900
7216214
7324528
7432842
7541156
7649470
7757784
7866098
7974412
8082726
8191040
8299354
8407668
8515982
8624296
8732610
8840924
8949238
9057552
9165866
9274180
9382494
9490808
9599122
9707436
9815750
9924064
10032378
10140692
10249006
10357320
10465634
10573948
10682262
10790576
10898890
11007204
11115518
11223832
11332146
11440460
11548774
11657088
11765402
11873716
11982030
12090344
10198657
8306970
6415283
4523596
2631909
740222
-1151465
-3043152
-4934839
-6826526
-8718213
-10609900
-12501587
-12393273
-12284959
-12176645
-12068331
-11960017
-11851703
-11743389
-11635075
-11526761
-11418447
-11310133
-11201819
-11093505
-10985191
-10876877
-10768563
-10660249
-10551935
-10443621
-10335307
-10226993
-10118679
-10010365
-9902051
-9793737
-9685423
-9577109
-9468795
-9360481
-9252167
-9143853
-9035539
-8927225
-8818911
-8710597
-8602283
-8493969
-8385655
-8277341
-8169027
-8060713
-7952399
-7844085
-7735771
-7627457
-7519143
-7410829
-7302515
-7194201
-7085887
-6977573
-6869259
-6760945
-6652631
-6544317
-6436003
-6327689
-6219375
-6111061
-6002747
-5894433
-5786119
-5677805
-5569491
-5461177
-5352863
-5244549
-5136235
-5027921
-4919607
-4811293
-4702979
-4594665
-4486351
-4378037
-4269723
-4161409
-4053095
-3944781
-3836467
-3728153
-3619839
-3511525
-3403211
-3294897
-3186583
-3078269
-2969955
-2861641
-2753327
-2645013
-2536699
-2428385
-2320071
-2211757
-2103443
-1995129
-1886815
-1778501
-1670187
-1561873
-1453559
-1345245
-1236931
-1128617
-1020303
-911989
-803675
-695361
-587047
-478733
-370419
-262105
-153791
-45477
62837
171151
279465
387779
496093
604407
712721
821035
929349
1037663
1145977
1254291
1362605
1470919
1579233
1687547
1795861
1904175
2012489
2120803
2229117
2337431
2445745
2554059
2662373
2770687
2879001
2987315
3095629
3203943
3312257
3420571
3528885
3637199
3745513
3853827
3962141
4070455
4178769
4287083
4395397
4503711
4612025
4720339
4828653
4936967
5045281
5153595
5261909
5370223
5478537
5586851
5695165
5803479
5911793
6020107
6128421
6236735
6345049
6453363
6561677
6669991
6778305
6886619
6994933
7103247
7211561
7319875
7428189
7536503
7644817
7753131
7861445
7969759
8078073
8186387
8294701
8403015
8511329
8619643
8727957
8836271
8944585
9052899
9161213
9269527
9377841
9486155
9594469
9702783
9811097
9919411
10027725
10136039
10244353
10352667
10460981
10569295
10677609
10785923
10894237
11002551
11110865
11219179
11327493
11435807
11544121
11652435
11760749
11869063
11977377
12085691
12194005
12302319
12410633
12518947
12627261
12735575
12843889
12952203
13060517
13168831
13277145
13385459
11493772
9602085
7710398
5818711
3927024
2035337
143650
-1748037
-3639724
-5531411
-7423098
-9314785
-11206472
-13098159
-12989845
-12881531
-12773217
-12664903
-12556589
-12448275
-12339961
-12231647
-12123333
-12015019
-11906705
-11798391
-11690077
-11581763
-11473449
-11365135
-11256821
-11148507
-11040193
-10931879
-10823565
-10715251
-10606937
-10498623
-10390309
-10281995
-10173681
-10065367
-9957053
-9848739
-9740425
-9632111
-9523797
-9415483
-9307169
-9198855
-9090541
-8982227
-8873913
-8765599
-8657285
-8548971
-8440657
-8332343
-8224029
-8115715
-8007401
-7899087
-7790773
-7682459
-7574145
-7465831
-7357517
-7249203
-7140889
-7032575
-6924261
-6815947
-6707633
-6599319
-6491005
-6382691
-6274377
-6166063
-6057749
-5949435
-5841121
-5732807
-5624493
-5516179
-5407865
-5299551
-5191237
-5082923
-4974609
-4866295
-4757981
-4649667
-4541353
-4433039
-4324725
-4216411
-4108097
-3999783
-3891469
-3783155
-3674841
-3566527
-3458213
-3349899
-3241585
-3133271
-3024957
-2916643
-2808329
-2700015
-2591701
-2483387
-2375073
-2266759
-2158445
-2050131
-1941817
-1833503
-1725189
-1616875
-1508561
-1400247
-1291933
-1183619
-1075305
-966991
-858677
-750363
-642049
-533735
-425421
-317107
-208793
-100479
7835
116149
224463
332777
441091
549405
657719
766033
874347
982661
1090975
1199289
1307603
1415917
1524231
1632545
1740859
1849173
1957487
2065801
2174115
2282429
2390743
2499057
2607371
2715685
2823999
2932313
3040627
3148941
3257255
3365569
3473883
3582197
3690511
3798825
3907139
4015453
4123767
4232081
4340395
4448709
4557023
4665337
4773651
4881965
4990279
5098593
5206907
5315221
5423535
5531849
5640163
5748477
5856791
5965105
6073419
6181733
6290047
6398361
6506675
6614989
6723303
6831617
6939931
7048245
7156559
7264873
7373187
7481501
7589815
7698129
7806443
7914757
8023071
8131385
8239699
8348013
8456327
8564641
8672955
8781269
8889583
8997897
9106211
9214525
9322839
9431153
9539467
9647781
9756095
9864409
9972723
10081037
10189351
10297665
10405979
10514293
10622607
10730921
10839235
10947549
11055863
11164177
11272491
11380805
11489119
11597433
11705747
11814061
11922375
12030689
12139003
12247317
12355631
12463945
12572259
12680573
12788887
10897200
9005513
7113826
5222139
3330452
1438765
-452922
-2344609
-4236296
-6127983
-8019670
-9911357
-11803044
-11694730
-11586416
-11478102
-11369788
-11261474
-11153160
-11044846
-10936532
-10828218
-10719904
-10611590
-10503276
-10394962
-10286648
-10178334
-10070020
-9961706
-9853392
-9745078
-9636764
-9528450
-9420136
-9311822
-9203508
-9095194
-8986880
-8878566
-8770252
-8661938
-8553624
-8445310
-8336996
-8228682
-8120368
-8012054
-7903740
-7795426
-7687112
-7578798
-7470484
-7362170
-7253856
-7145542
-7037228
-6928914
-6820600
-6712286
-6603972
-6495658
-6387344
-6279030
-6170716
-6062402
-5954088
-5845774
-5737460
-5629146
-5520832
-5412518
-5304204
-5195890
-5087576
-4979262
-4870948
-4762634
-4654320
-4546006
-4437692
-4329378
-4221064
-4112750
-4004436
-3896122
-3787808
-3679494
-3571180
-3462866
-3354552
-3246238
-3137924
-3029610
-2921296
-2812982
-2704668
-2596354
-2488040
-2379726
-2271412
-2163098
-2054784
-1946470
-1838156
-1729842
-1621528
-1513214
-1404900
-1296586
-1188272
-1079958
-971644
-863330
-755016
-646702
-538388
-430074
-321760
-213446
-105132
3182
111496
219810
328124
436438
544752
653066
761380
869694
978008
1086322
1194636
1302950
1411264
1519578
1627892
1736206
1844520
1952834
2061148
2169462
2277776
2386090
2494404
2602718
2711032
2819346
2927660
3035974
3144288
3252602
3360916
3469230
3577544
3685858
3794172
3902486
4010800
4119114
4227428
4335742
4444056
4552370
4660684
4768998
4877312
4985626
5093940
5202254
5310568
5418882
5527196
5635510
5743824
5852138
5960452
6068766
6177080
6285394
6393708
6502022
6610336
6718650
6826964
6935278
7043592
7151906
7260220
7368534
7476848
7585162
7693476
7801790
7910104
8018418
8126732
8235046
8343360
8451674
8559988
8668302
8776616
8884930
8993244
9101558
9209872
9318186
9426500
9534814
9643128
9751442
9859756
9968070
10076384
10184698
10293012
10401326
10509640
10617954
10726268
10834582
10942896
11051210
11159524
11267838
11376152
11484466
11592780
11701094
11809408
11917722
12026036
12134350
12242664
12350978
12459292
12567606
12675920
12784234
12892548
13000862
13109176
13217490
13325804
13434118
13542432
13650746
13759060
13867374
13975688
14084002
12192315
10300628
8408941
6517254
4625567
2733880
842193
-1049494
-2941181
-4832868
-6724555
-8616242
-10507929
-12399616
-12291302
-12182988
-12074674
-11966360
-11858046
-11749732
-11641418
-11533104
-11424790
-11316476
-11208162
-11099848
-10991534
-10883220
-10774906
-10666592
-10558278
-10449964
-10341650
-10233336
-10125022
-10016708
-9908394
-9800080
-9691766
-9583452
-9475138
-9366824
-9258510
-9150196
-9041882
-8933568
-8825254
-8716940
-8608626
-8500312
-8391998
-8283684
-8175370
-8067056
-7958742
-7850428
-7742114
-7633800
-7525486
-7417172
-7308858
-7200544
-7092230
-6983916
-6875602
-6767288
-6658974
-6550660
-6442346
-6334032
-6225718
-6117404
-6009090
-5900776
-5792462
-5684148
-5575834
-5467520
-5359206
-5250892
-5142578
-5034264
-4925950
-4817636
-4709322
-4601008
-4492694
-4384380
-4276066
-4167752
-4059438
-3951124
-3842810
-3734496
-3626182
-3517868
-3409554
-3301240
-3192926
-3084612
-2976298
-2867984
-2759670
-2651356
-2543042
-2434728
-2326414
-2218100
-2109786
-2001472
-1893158
-1784844
-1676530
-1568216
-1459902
-1351588
-1243274
-1134960
-1026646
-918332
-810018
-701704
-593390
-485076
-376762
-268448
-160134
-51820
56494
164808
273122
381436
489750
598064
706378
814692
923006
1031320
1139634
1247948
1356262
1464576
1572890
1681204
1789518
1897832
2006146
2114460
2222774
2331088
2439402
2547716
2656030
2764344
2872658
2980972
3089286
3197600
3305914
3414228
3522542
3630856
3739170
3847484
3955798
4064112
4172426
4280740
4389054
4497368
4605682
4713996
4822310
4930624
5038938
5147252
5255566
5363880
5472194
5580508
5688822
5797136
5905450
6013764
6122078
6230392
6338706
6447020
6555334
6663648
6771962
6880276
6988590
7096904
7205218
7313532
7421846
7530160
7638474
7746788
7855102
7963416
8071730
8180044
8288358
8396672
8504986
8613300
8721614
8829928
8938242
9046556
9154870
9263184
9371498
9479812
9588126
9696440
9804754
9913068
10021382
10129696
10238010
10346324
10454638
10562952
10671266
10779580
10887894
10996208
11104522
11212836
11321150
11429464
11537778
11646092
11754406
11862720
11971034
12079348
12187662
12295976
12404290
12512604
12620918
12729232
12837546
12945860
13054174
13162488
13270802
13379116
13487430
11595743
9704056
7812369
5920682
4028995
2137308
245621
-1646066
-3537753
-5429440
-7321127
-9212814
-11104501
-12996188
-12887874
-12779560
-12671246
-12562932
-12454618
-12346304
-12237990
-12129676
-12021362
-11913048
-11804734
-11696420
-11588106
-11479792
-11371478
-11263164
-11154850
-11046536
-10938222
-10829908
-10721594
-10613280
-10504966
-10396652
-10288338
-10180024
-10071710
-9963396
-9855082
-9746768
-9638454
-9530140
-9421826
-9313512
-9205198
-9096884
-8988570
-8880256
-8771942
-8663628
-8555314
-8447000
-8338686
-8230372
-8122058
-8013744
-7905430
-7797116
-7688802
-7580488
-7472174
-7363860
-7255546
-7147232
-7038918
-6930604
-6822290
-6713976
-6605662
-6497348
-6389034
-6280720
-6172406
-6064092
-5955778
-5847464
-5739150
-5630836
-5522522
-5414208
-5305894
-5197580
-5089266
-4980952
-4872638
-4764324
-4656010
-4547696
-4439382
-4331068
-4222754
-4114440
-4006126
-3897812
-3789498
-3681184
-3572870
-3464556
-3356242
-3247928
-3139614
-3031300
-2922986
-2814672
-2706358
-2598044
-2489730
-2381416
-2273102
-2164788
-2056474
-1948160
-1839846
-1731532
-1623218
-1514904
-1406590
-1298276
-1189962
-1081648
-973334
-865020
-756706
-648392
-540078
-431764
-323450
-215136
-106822
1492
109806
218120
326434
434748
543062
651376
759690
868004
976318
1084632
1192946
1301260
1409574
1517888
1626202
1734516
1842830
1951144
2059458
2167772
2276086
2384400
2492714
2601028
2709342
2817656
2925970
3034284
3142598
3250912
3359226
3467540
3575854
3684168
3792482
3900796
4009110
4117424
4225738
4334052
4442366
4550680
4658994
4767308
4875622
4983936
5092250
5200564
5308878
5417192
5525506
5633820
5742134
5850448
5958762
6067076
6175390
6283704
6392018
6500332
6608646
6716960
6825274
6933588
7041902
7150216
7258530
7366844
7475158
7583472
7691786
7800100
7908414
8016728
8125042
8233356
8341670
8449984
8558298
8666612
8774926
8883240
8991554
9099868
9208182
9316496
9424810
9533124
9641438
9749752
9858066
9966380
10074694
10183008
10291322
10399636
10507950
10616264
10724578
10832892
10941206
11049520
11157834
11266148
11374462
11482776
11591090
11699404
11807718
11916032
12024346
12132660
12240974
12349288
12457602
12565916
12674230
12782544
10890857
8999170
7107483
5215796
3324109
1432422
-459265
-2350952
-4242639
-6134326
-8026013
-9917700
-11809387
-13701074
-13592760
-13484446
-13376132
-13267818
-13159504
-13051190
-12942876
-12834562
-12726248
-12617934
-12509620
-12401306
-12292992
-12184678
-12076364
-11968050
-11859736
-11751422
-11643108
-11534794
-11426480
-11318166
-11209852
-11101538
-10993224
-10884910
-10776596
-10668282
-10559968
-10451654
-10343340
-10235026
-10126712
-10018398
-9910084
-9801770
-9693456
-9585142
-9476828
-9368514
-9260200
-9151886
-9043572
-8935258
-8826944
-8718630
-8610316
-8502002
-8393688
-8285374
-8177060
-8068746
-7960432
-7852118
-7743804
-7635490
-7527176
-7418862
-7310548
-7202234
-7093920
-6985606
-6877292
-6768978
-6660664
-6552350
-6444036
-6335722
-6227408
-6119094
-6010780
-5902466
-5794152
-5685838
-5577524
-5469210
-5360896
-5252582
-5144268
-5035954
-4927640
-4819326
-4711012
-4602698
-4494384
-4386070
-4277756
-4169442
-4061128
-3952814
-3844500
-3736186
-3627872
-3519558
-3411244
-3302930
-3194616
-3086302
-2977988
-2869674
-2761360
-2653046
-2544732
-2436418
-2328104
-2219790
-2111476
-2003162
-1894848
-1786534
-1678220
-1569906
-1461592
-1353278
-1244964
-1136650
-1028336
-920022
-811708
-703394
-595080
-486766
-378452
-270138
-161824
-53510
54804
163118
271432
379746
488060
596374
704688
813002
921316
1029630
1137944
1246258
1354572
1462886
1571200
1679514
1787828
1896142
2004456
2112770
2221084
2329398
2437712
2546026
2654340
2762654
2870968
2979282
3087596
3195910
3304224
3412538
3520852
3629166
3737480
3845794
3954108
4062422
4170736
4279050
4387364
4495678
4603992
4712306
4820620
4928934
5037248
5145562
5253876
5362190
5470504
5578818
5687132
5795446
5903760
6012074
6120388
6228702
6337016
6445330
6553644
6661958
6770272
6878586
6986900
7095214
7203528
7311842
7420156
7528470
7636784
7745098
7853412
7961726
8070040
8178354
8286668
8394982
8503296
8611610
8719924
8828238
8936552
9044866
9153180
9261494
9369808
9478122
9586436
9694750
9803064
9911378
10019692
10128006
10236320
10344634
10452948
10561262
10669576
10777890
10886204
10994518
11102832
11211146
11319460
11427774
11536088
11644402
11752716
11861030
11969344
12077658
12185972
10294285
8402598
6510911
4619224
2727537
835850
-1055837
-2947524
-4839211
-6730898
-8622585
-10514272
-12405959
-14297646
-14189332
-14081018
-13972704
-13864390
-13756076
-13647762
-13539448
-13431134
-13322820
-13214506
-13106192
-12997878
-12889564
-12781250
-12672936
-12564622
-12456308
-12347994
-12239680
-12131366
-12023052
-11914738
-11806424
-11698110
-11589796
-11481482
-11373168
-11264854
-11156540
-11048226
-10939912
-10831598
-10723284
-10614970
-10506656
-10398342
-10290028
-10181714
-10073400
-9965086
-9856772
-9748458
-9640144
-9531830
-9423516
-9315202
-9206888
-9098574
-8990260
-8881946
-8773632
-8665318
-8557004
-8448690
-8340376
-8232062
-8123748
-8015434
-7907120
-7798806
-7690492
-7582178
-7473864
-7365550
-7257236
-7148922
-7040608
-6932294
-6823980
-6715666
-6607352
-6499038
-6390724
-6282410
-6174096
-6065782
-5957468
-5849154
-5740840
-5632526
-5524212
-5415898
-5307584
-5199270
-5090956
-4982642
-4874328
-4766014
-4657700
-4549386
-4441072
-4332758
-4224444
-4116130
-4007816
-3899502
-3791188
-3682874
-3574560
-3466246
-3357932
-3249618
-3141304
-3032990
-2924676
-2816362
-2708048
-2599734
-2491420
-2383106
-2274792
-2166478
-2058164
-1949850
-1841536
-1733222
-1624908
-1516594
-1408280
-1299966
-1191652
-1083338
-975024
-866710
-758396
-650082
-541768
-433454
-325140
-216826
-108512
-198
108116
216430
324744
433058
541372
649686
758000
866314
974628
1082942
1191256
1299570
1407884
1516198
1624512
1732826
1841140
1949454
2057768
2166082
2274396
2382710
2491024
2599338
2707652
2815966
2924280
3032594
3140908
3249222
3357536
3465850
3574164
3682478
3790792
3899106
4007420
4115734
4224048
4332362
4440676
4548990
4657304
4765618
4873932
4982246
5090560
5198874
5307188
5415502
5523816
5632130
5740444
5848758
5957072
6065386
6173700
6282014
6390328
6498642
6606956
6715270
6823584
6931898
7040212
7148526
7256840
7365154
7473468
7581782
7690096
7798410
7906724
8015038
8123352
8231666
8339980
8448294
8556608
8664922
8773236
8881550
8989864
9098178
9206492
9314806
9423120
9531434
9639748
9748062
9856376
9964690
10073004
10181318
10289632
10397946
10506260
10614574
10722888
10831202
10939516
11047830
11156144
11264458
11372772
11481086
11589400
9697713
7806026
5914339
4022652
2130965
239278
-1652409
-3544096
-5435783
-7327470
-9219157
-11110844
-13002531
-12894217
-12785903
-12677589
-12569275
-12460961
-12352647
-12244333
-12136019
-12027705
-11919391
-11811077
-11702763
-11594449
-11486135
-11377821
-11269507
-11161193
-11052879
-10944565
-10836251
-10727937
-10619623
-10511309
-10402995
-10294681
-10186367
-10078053
-9969739
-9861425
-9753111
-9644797
-9536483
-9428169
-9319855
-9211541
-9103227
-8994913
-8886599
-8778285
-8669971
-8561657
-8453343
-8345029
-8236715
-8128401
-8020087
-7911773
-7803459
-7695145
-7586831
-7478517
-7370203
-7261889
-7153575
-7045261
-6936947
-6828633
-6720319
-6612005
-6503691
-6395377
-6287063
-6178749
-6070435
-5962121
-5853807
-5745493
-5637179
-5528865
-5420551
-5312237
-5203923
-5095609
-4987295
-4878981
-4770667
-4662353
-4554039
-4445725
-4337411
-4229097
-4120783
-4012469
-3904155
-3795841
-3687527
-3579213
-3470899
-3362585
-3254271
-3145957
-3037643
-2929329
-2821015
-2712701
-2604387
-2496073
-2387759
-2279445
-2171131
-2062817
-1954503
-1846189
-1737875
-1629561
-1521247
-1412933
-1304619
-1196305
-1087991
-979677
-871363
-763049
-654735
-546421
-438107
-329793
-221479
-113165
-4851
103463
211777
320091
428405
536719
645033
753347
861661
969975
1078289
1186603
1294917
1403231
1511545
1619859
1728173
1836487
1944801
2053115
2161429
2269743
2378057
2486371
2594685
2702999
2811313
2919627
3027941
3136255
3244569
3352883
3461197
3569511
3677825
3786139
3894453
4002767
4111081
4219395
4327709
4436023
4544337
4652651
4760965
4869279
4977593
5085907
5194221
5302535
5410849
5519163
5627477
5735791
5844105
5952419
6060733
6169047
6277361
6385675
6493989
6602303
6710617
6818931
6927245
7035559
7143873
7252187
7360501
7468815
7577129
7685443
7793757
7902071
8010385
8118699
8227013
8335327
8443641
8551955
8660269
8768583
8876897
8985211
9093525
9201839
9310153
9418467
9526781
9635095
9743409
9851723
9960037
10068351
10176665
10284979
10393293
10501607
10609921
10718235
10826549
10934863
11043177
11151491
11259805
11368119
11476433
11584747
11693061
11801375
11909689
12018003
12126317
12234631
12342945
12451259
12559573
12667887
12776201
12884515
10992828
9101141
7209454
5317767
3426080
1534393
-357294
-2248981
-4140668
-6032355
-7924042
-9815729
-11707416
-13599103
-13490789
-13382475
-13274161
-13165847
-13057533
-12949219
-12840905
-12732591
-12624277
-12515963
-12407649
-12299335
-12191021
-12082707
-11974393
-11866079
-11757765
-11649451
-11541137
-11432823
-11324509
-11216195
-11107881
-10999567
-10891253
-10782939
-10674625
-10566311
-10457997
-10349683
-10241369
-10133055
-10024741
-9916427
-9808113
-9699799
-9591485
-9483171
-9374857
-9266543
-9158229
-9049915
-8941601
-8833287
-8724973
-8616659
-8508345
-8400031
-8291717
-8183403
-8075089
-7966775
-7858461
-7750147
-7641833
-7533519
-7425205
-7316891
-7208577
-7100263
-6991949
-6883635
-6775321
-6667007
-6558693
-6450379
-6342065
-6233751
-6125437
-6017123
-5908809
-5800495
-5692181
-5583867
-5475553
-5367239
-5258925
-5150611
-5042297
-4933983
-4825669
-4717355
-4609041
-4500727
-4392413
-4284099
-4175785
-4067471
-3959157
-3850843
-3742529
-3634215
-3525901
-3417587
-3309273
-3200959
-3092645
-2984331
-2876017
-2767703
-2659389
-2551075
-2442761
-2334447
-2226133
-2117819
-2009505
-1901191
-1792877
-1684563
-1576249
-1467935
-1359621
-1251307
-1142993
-1034679
-926365
-818051
-709737
-601423
-493109
-384795
-276481
-168167
-59853
48461
156775
265089
373403
481717
590031
698345
806659
914973
1023287
1131601
1239915
1348229
1456543
1564857
1673171
1781485
1889799
1998113
2106427
2214741
2323055
2431369
2539683
2647997
2756311
2864625
2972939
3081253
3189567
3297881
3406195
3514509
3622823
3731137
3839451
3947765
4056079
4164393
4272707
4381021
4489335
4597649
4705963
4814277
4922591
5030905
5139219
5247533
5355847
5464161
5572475
5680789
5789103
5897417
6005731
6114045
6222359
6330673
6438987
6547301
6655615
6763929
6872243
6980557
7088871
7197185
7305499
7413813
7522127
7630441
7738755
7847069
7955383
8063697
8172011
8280325
8388639
8496953
8605267
8713581
8821895
8930209
9038523
9146837
9255151
9363465
9471779
9580093
9688407
9796721
9905035
10013349
10121663
10229977
10338291
10446605
10554919
10663233
10771547
10879861
10988175
11096489
11204803
11313117
11421431
11529745
11638059
11746373
11854687
11963001
12071315
12179629
12287943
10396256
8504569
6612882
4721195
2829508
937821
-953866
-2845553
-4737240
-6628927
-8520614
-10412301
-12303988
-12195674
-12087360
-11979046
-11870732
-11762418
-11654104
-11545790
-11437476
-11329162
-11220848
-11112534
-11004220
-10895906
-10787592
-10679278
-10570964
-10462650
-10354336
-10246022
-10137708
-10029394
-9921080
-9812766
-9704452
-9596138
-9487824
-9379510
-9271196
-9162882
-9054568
-8946254
-8837940
-8729626
-8621312
-8512998
-8404684
-8296370
-8188056
-8079742
-7971428
-7863114
-7754800
-7646486
-7538172
-7429858
-7321544
-7213230
-7104916
-6996602
-6888288
-6779974
-6671660
-6563346
-6455032
-6346718
-6238404
-6130090
-6021776
-5913462
-5805148
-5696834
-5588520
-5480206
-5371892
-5263578
-5155264
-5046950
-4938636
-4830322
-4722008
-4613694
-4505380
-4397066
-4288752
-4180438
-4072124
-3963810
-3855496
-3747182
-3638868
-3530554
-3422240
-3313926
-3205612
-3097298
-2988984
-2880670
-2772356
-2664042
-2555728
-2447414
-2339100
-2230786
-2122472
-2014158
-1905844
-1797530
-1689216
-1580902
-1472588
-1364274
-1255960
-1147646
-1039332
-931018
-822704
-714390
-606076
-497762
-389448
-281134
-172820
-64506
43808
152122
260436
368750
477064
585378
693692
802006
910320
1018634
1126948
1235262
1343576
1451890
1560204
1668518
1776832
1885146
1993460
2101774
2210088
2318402
2426716
2535030
2643344
2751658
2859972
2968286
3076600
3184914
3293228
3401542
3509856
3618170
3726484
3834798
3943112
4051426
4159740
4268054
4376368
4484682
4592996
4701310
4809624
4917938
5026252
5134566
5242880
5351194
5459508
5567822
5676136
5784450
5892764
6001078
6109392
6217706
6326020
6434334
6542648
6650962
6759276
6867590
6975904
7084218
7192532
7300846
7409160
7517474
7625788
7734102
7842416
7950730
8059044
8167358
8275672
8383986
8492300
8600614
8708928
8817242
8925556
9033870
9142184
9250498
9358812
9467126
9575440
9683754
9792068
9900382
10008696
10117010
10225324
10333638
10441952
10550266
10658580
10766894
10875208
10983522
11091836
11200150
11308464
11416778
11525092
11633406
11741720
11850034
11958348
12066662
12174976
12283290
12391604
12499918
12608232
12716546
12824860
12933174
13041488
13149802
13258116
13366430
13474744
13583058
11691371
9799684
7907997
6016310
4124623
2232936
341249
-1550438
-3442125
-5333812
-7225499
-9117186
-11008873
-12900560
-12792246
-12683932
-12575618
-12467304
-12358990
-12250676
-12142362
-12034048
-11925734
-11817420
-11709106
-11600792
-11492478
-11384164
-11275850
-11167536
-11059222
-10950908
-10842594
-10734280
-10625966
-10517652
-10409338
-10301024
-10192710
-10084396
-9976082
-9867768
-9759454
-9651140
-9542826
-9434512
-9326198
-9217884
-9109570
-9001256
-8892942
-8784628
-8676314
-8568000
-8459686
-8351372
-8243058
-8134744
-8026430
-7918116
-7809802
-7701488
-7593174
-7484860
-7376546
-7268232
-7159918
-7051604
-6943290
-6834976
-6726662
-6618348
-6510034
-6401720
-6293406
-6185092
-6076778
-5968464
-5860150
-5751836
-5643522
-5535208
-5426894
-5318580
-5210266
-5101952
-4993638
-4885324
-4777010
-4668696
-4560382
-4452068
-4343754
-4235440
-4127126
-4018812
-3910498
-3802184
-3693870
-3585556
-3477242
-3368928
-3260614
-3152300
-3043986
-2935672
-2827358
-2719044
-2610730
-2502416
-2394102
-2285788
-2177474
-2069160
-1960846
-1852532
-1744218
-1635904
-1527590
-1419276
-1310962
-1202648
-1094334
-986020
-877706
-769392
-661078
-552764
-444450
-336136
-227822
-119508
-11194
97120
205434
313748
422062
530376
638690
747004
855318
963632
1071946
1180260
1288574
1396888
1505202
1613516
1721830
1830144
1938458
2046772
2155086
2263400
2371714
2480028
2588342
2696656
2804970
2913284
3021598
3129912
3238226
3346540
3454854
3563168
3671482
3779796
3888110
3996424
4104738
4213052
4321366
4429680
4537994
4646308
4754622
4862936
4971250
5079564
5187878
5296192
5404506
5512820
5621134
5729448
5837762
5946076
6054390
6162704
6271018
6379332
6487646
6595960
6704274
6812588
6920902
7029216
7137530
7245844
7354158
7462472
7570786
7679100
7787414
7895728
8004042
8112356
8220670
8328984
8437298
8545612
8653926
8762240
8870554
8978868
9087182
9195496
9303810
9412124
9520438
9628752
9737066
9845380
9953694
10062008
10170322
10278636
10386950
10495264
10603578
10711892
10820206
10928520
11036834
11145148
11253462
11361776
11470090
11578404
11686718
11795032
11903346
12011660
12119974
12228288
12336602
12444916
12553230
12661544
12769858
12878172
12986486
11094799
9203112
7311425
5419738
3528051
1636364
-255323
-2147010
-4038697
-5930384
-7822071
-9713758
-11605445
-11497131
-11388817
-11280503
-11172189
-11063875
-10955561
-10847247
-10738933
-10630619
-10522305
-10413991
-10305677
-10197363
-10089049
-9980735
-9872421
-9764107
-9655793
-9547479
-9439165
-9330851
-9222537
-9114223
-9005909
-8897595
-8789281
-8680967
-8572653
-8464339
-8356025
-8247711
-8139397
-8031083
-7922769
-7814455
-7706141
-7597827
-7489513
-7381199
-7272885
-7164571
-7056257
-6947943
-6839629
-6731315
-6623001
-6514687
-6406373
-6298059
-6189745
-6081431
-5973117
-5864803
-5756489
-5648175
-5539861
-5431547
-5323233
-5214919
-5106605
-4998291
-4889977
-4781663
-4673349
-4565035
-4456721
-4348407
-4240093
-4131779
-4023465
-3915151
-3806837
-3698523
-3590209
-3481895
-3373581
-3265267
-3156953
-3048639
-2940325
-2832011
-2723697
-2615383
-2507069
-2398755
-2290441
-2182127
-2073813
-1965499
-1857185
-1748871
-1640557
-1532243
-1423929
-1315615
-1207301
-1098987
-990673
-882359
-774045
-665731
-557417
-449103
-340789
-232475
-124161
-15847
92467
200781
309095
417409
525723
634037
742351
850665
958979
1067293
1175607
1283921
1392235
1500549
1608863
1717177
1825491
1933805
2042119
2150433
2258747
2367061
2475375
2583689
2692003
2800317
2908631
3016945
3125259
3233573
3341887
3450201
3558515
3666829
3775143
3883457
3991771
4100085
4208399
4316713
4425027
4533341
4641655
4749969
4858283
4966597
5074911
5183225
5291539
5399853
5508167
5616481
5724795
5833109
5941423
6049737
6158051
6266365
6374679
6482993
6591307
6699621
6807935
6916249
7024563
7132877
7241191
7349505
7457819
7566133
7674447
7782761
7891075
7999389
8107703
8216017
8324331
8432645
8540959
8649273
8757587
8865901
8974215
9082529
9190843
9299157
9407471
9515785
9624099
9732413
9840727
9949041
10057355
10165669
10273983
10382297
10490611
10598925
10707239
10815553
10923867
11032181
11140495
11248809
11357123
11465437
11573751
11682065
11790379
11898693
12007007
12115321
12223635
12331949
12440263
12548577
12656891
12765205
12873519
12981833
13090147
13198461
13306775
13415089
13523403
13631717
13740031
13848345
13956659
14064973
14173287
14281601
12389914
10498227
8606540
6714853
4823166
2931479
1039792
-851895
-2743582
-4635269
-6526956
-8418643
-10310330
-12202017
-12093703
-11985389
-11877075
-11768761
-11660447
-11552133
-11443819
-11335505
-11227191
-11118877
-11010563
-10902249
-10793935
-10685621
-10577307
-10468993
-10360679
-10252365
-10144051
-10035737
-9927423
-9819109
-9710795
-9602481
-9494167
-9385853
-9277539
-9169225
-9060911
-8952597
-8844283
-8735969
-8627655
-8519341
-8411027
-8302713
-8194399
-8086085
-7977771
-7869457
-7761143
-7652829
-7544515
-7436201
-7327887
-7219573
-7111259
-7002945
-6894631
-6786317
-6678003
-6569689
-6461375
-6353061
-6244747
-6136433
-6028119
-5919805
-5811491
-5703177
-5594863
-5486549
-5378235
-5269921
-5161607
-5053293
-4944979
-4836665
-4728351
-4620037
-4511723
-4403409
-4295095
-4186781
-4078467
-3970153
-3861839
-3753525
-3645211
-3536897
-3428583
-3320269
-3211955
-3103641
-2995327
-2887013
-2778699
-2670385
-2562071
-2453757
-2345443
-2237129
-2128815
-2020501
-1912187
-1803873
-1695559
-1587245
-1478931
-1370617
-1262303
-1153989
-1045675
-937361
-829047
-720733
-612419
-504105
-395791
-287477
-179163
-70849
37465
145779
254093
362407
470721
579035
687349
795663
903977
1012291
1120605
1228919
1337233
1445547
1553861
1662175
1770489
1878803
1987117
2095431
2203745
2312059
2420373
2528687
2637001
2745315
2853629
2961943
3070257
3178571
3286885
3395199
3503513
3611827
3720141
3828455
3936769
4045083
4153397
4261711
4370025
4478339
4586653
4694967
4803281
4911595
5019909
5128223
5236537
5344851
5453165
5561479
5669793
5778107
5886421
5994735
6103049
6211363
6319677
6427991
6536305
6644619
6752933
6861247
6969561
7077875
7186189
7294503
7402817
7511131
7619445
7727759
7836073
7944387
8052701
8161015
8269329
8377643
8485957
8594271
8702585
8810899
8919213
9027527
9135841
9244155
9352469
9460783
9569097
9677411
9785725
9894039
10002353
10110667
10218981
10327295
10435609
10543923
10652237
10760551
10868865
10977179
11085493
11193807
11302121
11410435
11518749
11627063
11735377
11843691
11952005
12060319
12168633
12276947
12385261
12493575
12601889
12710203
12818517
12926831
13035145
13143459
13251773
13360087
13468401
13576715
13685029
11793342
9901655
8009968
6118281
4226594
2334907
443220
-1448467
-3340154
-5231841
-7123528
-9015215
-10906902
-12798589
-12690275
-12581961
-12473647
-12365333
-12257019
-12148705
-12040391
-11932077
-11823763
-11715449
-11607135
-11498821
-11390507
-11282193
-11173879
-11065565
-10957251
-10848937
-10740623
-10632309
-10523995
-10415681
-10307367
-10199053
-10090739
-9982425
-9874111
-9765797
-9657483
-9549169
-9440855
-9332541
-9224227
-9115913
-9007599
-8899285
-8790971
-8682657
-8574343
-8466029
-8357715
-8249401
-8141087
-8032773
-7924459
-7816145
-7707831
-7599517
-7491203
-7382889
-7274575
-7166261
-7057947
-6949633
-6841319
-6733005
-6624691
-6516377
-6408063
-6299749
-6191435
-6083121
-5974807
-5866493
-5758179
-5649865
-5541551
-5433237
-5324923
-5216609
-5108295
-4999981
-4891667
-4783353
-4675039
-4566725
-4458411
-4350097
-4241783
-4133469
-4025155
-3916841
-3808527
-3700213
-3591899
-3483585
-3375271
-3266957
-3158643
-3050329
-2942015
-2833701
-2725387
-2617073
-2508759
-2400445
-2292131
-2183817
-2075503
-1967189
-1858875
-1750561
-1642247
-1533933
-1425619
-1317305
-1208991
-1100677
-992363
-884049
-775735
-667421
-559107
-450793
-342479
-234165
-125851
-17537
90777
199091
307405
415719
524033
632347
740661
848975
957289
1065603
1173917
1282231
1390545
1498859
1607173
1715487
1823801
1932115
2040429
2148743
2257057
2365371
2473685
2581999
2690313
2798627
2906941
3015255
3123569
3231883
3340197
3448511
3556825
3665139
3773453
3881767
3990081
4098395
4206709
4315023
4423337
4531651
4639965
4748279
4856593
4964907
5073221
5181535
5289849
5398163
5506477
5614791
5723105
5831419
5939733
6048047
6156361
6264675
6372989
6481303
6589617
6697931
6806245
6914559
7022873
7131187
7239501
7347815
7456129
7564443
7672757
7781071
7889385
7997699
8106013
8214327
8322641
8430955
8539269
8647583
8755897
8864211
8972525
9080839
9189153
9297467
9405781
9514095
9622409
9730723
9839037
9947351
10055665
10163979
10272293
10380607
10488921
10597235
10705549
10813863
10922177
11030491
11138805
11247119
11355433
11463747
11572061
11680375
11788689
11897003
12005317
12113631
12221945
12330259
12438573
12546887
12655201
12763515
12871829
12980143
11088456
9196769
7305082
5413395
3521708
1630021
-261666
-2153353
-4045040
-5936727
-7828414
-9720101
-11611788
-13503475
-13395161
-13286847
-13178533
-13070219
-12961905
-12853591
-12745277
-12636963
-12528649
-12420335
-12312021
-12203707
-12095393
-11987079
-11878765
-11770451
-11662137
-11553823
-11445509
-11337195
-11228881
-11120567
-11012253
-10903939
-10795625
-10687311
-10578997
-10470683
-10362369
-10254055
-10145741
-10037427
-9929113
-9820799
-9712485
-9604171
-9495857
-9387543
-9279229
-9170915
-9062601
-8954287
-8845973
-8737659
-8629345
-8521031
-8412717
-8304403
-8196089
-8087775
-7979461
-7871147
-7762833
-7654519
-7546205
-7437891
-7329577
-7221263
-7112949
-7004635
-6896321
-6788007
-6679693
-6571379
-6463065
-6354751
-6246437
-6138123
-6029809
-5921495
-5813181
-5704867
-5596553
-5488239
-5379925
-5271611
-5163297
-5054983
-4946669
-4838355
-4730041
-4621727
-4513413
-4405099
-4296785
-4188471
-4080157
-3971843
-3863529
-3755215
-3646901
-3538587
-3430273
-3321959
-3213645
-3105331
-2997017
-2888703
-2780389
-2672075
-2563761
-2455447
-2347133
-2238819
-2130505
-2022191
-1913877
-1805563
-1697249
-1588935
-1480621
-1372307
-1263993
-1155679
-1047365
-939051
-830737
-722423
-614109
-505795
-397481
-289167
-180853
-72539
35775
144089
252403
360717
469031
577345
685659
793973
902287
1010601
1118915
1227229
1335543
1443857
1552171
1660485
1768799
1877113
1985427
2093741
2202055
2310369
2418683
2526997
2635311
2743625
2851939
2960253
3068567
3176881
3285195
3393509
3501823
3610137
3718451
3826765
3935079
4043393
4151707
4260021
4368335
4476649
4584963
4693277
4801591
4909905
5018219
5126533
5234847
5343161
5451475
5559789
5668103
5776417
5884731
5993045
6101359
6209673
6317987
6426301
6534615
6642929
6751243
6859557
6967871
7076185
7184499
7292813
7401127
7509441
7617755
7726069
7834383
7942697
8051011
8159325
8267639
8375953
8484267
8592581
8700895
8809209
8917523
9025837
9134151
9242465
9350779
9459093
9567407
9675721
9784035
9892349
10000663
10108977
10217291
10325605
10433919
10542233
10650547
10758861
10867175
10975489
11083803
11192117
11300431
11408745
11517059
11625373
11733687
11842001
11950315
12058629
12166943
12275257
12383571
10491884
8600197
6708510
4816823
2925136
1033449
-858238
-2749925
-4641612
-6533299
-8424986
-10316673
-12208360
-14100047
-13991733
-13883419
-13775105
-13666791
-13558477
-13450163
-13341849
-13233535
-13125221
-13016907
-12908593
-12800279
-12691965
-12583651
-12475337
-12367023
-12258709
-12150395
-12042081
-11933767
-11825453
-11717139
-11608825
-11500511
-11392197
-11283883
-11175569
-11067255
-10958941
-10850627
-10742313
-10633999
-10525685
-10417371
-10309057
-10200743
-10092429
-9984115
-9875801
-9767487
-9659173
-9550859
-9442545
-9334231
-9225917
-9117603
-9009289
-8900975
-8792661
-8684347
-8576033
-8467719
-8359405
-8251091
-8142777
-8034463
-7926149
-7817835
-7709521
-7601207
-7492893
-7384579
-7276265
-7167951
-7059637
-6951323
-6843009
-6734695
-6626381
-6518067
-6409753
-6301439
-6193125
-6084811
-5976497
-5868183
-5759869
-5651555
-5543241
-5434927
-5326613
-5218299
-5109985
-5001671
-4893357
-4785043
-4676729
-4568415
-4460101
-4351787
-4243473
-4135159
-4026845
-3918531
-3810217
-3701903
-3593589
-3485275
-3376961
-3268647
-3160333
-3052019
-2943705
-2835391
-2727077
-2618763
-2510449
-2402135
-2293821
-2185507
-2077193
-1968879
-1860565
-1752251
-1643937
-1535623
-1427309
-1318995
-1210681
-1102367
-994053
-885739
-777425
-669111
-560797
-452483
-344169
-235855
-127541
-19227
89087
197401
305715
414029
522343
630657
738971
847285
955599
1063913
1172227
1280541
1388855
1497169
1605483
1713797
1822111
1930425
2038739
2147053
2255367
2363681
2471995
2580309
2688623
2796937
2905251
3013565
3121879
3230193
3338507
3446821
3555135
3663449
3771763
3880077
3988391
4096705
4205019
4313333
4421647
4529961
4638275
4746589
4854903
4963217
5071531
5179845
5288159
5396473
5504787
5613101
5721415
5829729
5938043
6046357
6154671
6262985
6371299
6479613
6587927
6696241
6804555
6912869
7021183
7129497
7237811
7346125
7454439
7562753
7671067
7779381
7887695
7996009
8104323
8212637
8320951
8429265
8537579
8645893
8754207
8862521
8970835
9079149
9187463
9295777
9404091
9512405
9620719
9729033
9837347
9945661
10053975
10162289
10270603
10378917
10487231
10595545
10703859
10812173
10920487
11028801
11137115
11245429
11353743
11462057
11570371
11678685
11786999
9895312
8003625
6111938
4220251
2328564
436877
-1454810
-3346497
-5238184
-7129871
-9021558
-10913245
-12804932
-12696618
-12588304
-12479990
-12371676
-12263362
-12155048
-12046734
-11938420
-11830106
-11721792
-11613478
-11505164
-11396850
-11288536
-11180222
-11071908
-10963594
-10855280
-10746966
-10638652
-10530338
-10422024
-10313710
-10205396
-10097082
-9988768
-9880454
-9772140
-9663826
-9555512
-9447198
-9338884
-9230570
-9122256
-9013942
-8905628
-8797314
-8689000
-8580686
-8472372
-8364058
-8255744
-8147430
-8039116
-7930802
-7822488
-7714174
-7605860
-7497546
-7389232
-7280918
-7172604
-7064290
-6955976
-6847662
-6739348
-6631034
-6522720
-6414406
-6306092
-6197778
-6089464
-5981150
-5872836
-5764522
-5656208
-5547894
-5439580
-5331266
-5222952
-5114638
-5006324
-4898010
-4789696
-4681382
-4573068
-4464754
-4356440
-4248126
-4139812
-4031498
-3923184
-3814870
-3706556
-3598242
-3489928
-3381614
-3273300
-3164986
-3056672
-2948358
-2840044
-2731730
-2623416
-2515102
-2406788
-2298474
-2190160
-2081846
-1973532
-1865218
-1756904
-1648590
-1540276
-1431962
-1323648
-1215334
-1107020
-998706
-890392
-782078
-673764
-565450
-457136
-348822
-240508
-132194
-23880
84434
192748
301062
409376
517690
626004
734318
842632
950946
1059260
1167574
1275888
1384202
1492516
1600830
1709144
1817458
1925772
2034086
2142400
2250714
2359028
2467342
2575656
2683970
2792284
2900598
3008912
3117226
3225540
3333854
3442168
3550482
3658796
3767110
3875424
3983738
4092052
4200366
4308680
4416994
4525308
4633622
4741936
4850250
4958564
5066878
5175192
5283506
5391820
5500134
5608448
5716762
5825076
5933390
6041704
6150018
6258332
6366646
6474960
6583274
6691588
6799902
6908216
7016530
7124844
7233158
7341472
7449786
7558100
7666414
7774728
7883042
7991356
8099670
8207984
8316298
8424612
8532926
8641240
8749554
8857868
8966182
9074496
9182810
9291124
9399438
9507752
9616066
9724380
9832694
9941008
10049322
10157636
10265950
10374264
10482578
10590892
10699206
10807520
10915834
11024148
11132462
11240776
11349090
11457404
11565718
11674032
11782346
11890660
11998974
12107288
12215602
12323916
12432230
12540544
12648858
12757172
12865486
12973800
13082114
11190427
9298740
7407053
5515366
3623679
1731992
-159695
-2051382
-3943069
-5834756
-7726443
-9618130
-11509817
-13401504
-13293190
-13184876
-13076562
-12968248
-12859934
-12751620
-12643306
-12534992
-12426678
-12318364
-12210050
-12101736
-11993422
-11885108
-11776794
-11668480
-11560166
-11451852
-11343538
-11235224
-11126910
-11018596
-10910282
-10801968
-10693654
-10585340
-10477026
-10368712
-10260398
-10152084
-10043770
-9935456
-9827142
-9718828
-9610514
-9502200
-9393886
-9285572
-9177258
-9068944
-8960630
-8852316
-8744002
-8635688
-8527374
-8419060
-8310746
-8202432
-8094118
-7985804
-7877490
-7769176
-7660862
-7552548
-7444234
-7335920
-7227606
-7119292
-7010978
-6902664
-6794350
-6686036
-6577722
-6469408
-6361094
-6252780
-6144466
-6036152
-5927838
-5819524
-5711210
-5602896
-5494582
-5386268
-5277954
-5169640
-5061326
-4953012
-4844698
-4736384
-4628070
-4519756
-4411442
-4303128
-4194814
-4086500
-3978186
-3869872
-3761558
-3653244
-3544930
-3436616
-3328302
-3219988
-3111674
-3003360
-2895046
-2786732
-2678418
-2570104
-2461790
-2353476
-2245162
-2136848
-2028534
-1920220
-1811906
-1703592
-1595278
-1486964
-1378650
-1270336
-1162022
-1053708
-945394
-837080
-728766
-620452
-512138
-403824
-295510
-187196
-78882
29432
137746
246060
354374
462688
571002
679316
787630
895944
1004258
1112572
1220886
1329200
1437514
1545828
1654142
1762456
1870770
1979084
2087398
2195712
2304026
2412340
2520654
2628968
2737282
2845596
2953910
3062224
3170538
3278852
3387166
3495480
3603794
3712108
3820422
3928736
4037050
4145364
4253678
4361992
4470306
4578620
4686934
4795248
4903562
5011876
5120190
5228504
5336818
5445132
5553446
5661760
5770074
5878388
5986702
6095016
6203330
6311644
6419958
6528272
6636586
6744900
6853214
6961528
7069842
7178156
7286470
7394784
7503098
7611412
7719726
7828040
7936354
8044668
8152982
8261296
8369610
8477924
8586238
8694552
8802866
8911180
9019494
9127808
9236122
9344436
9452750
9561064
9669378
9777692
9886006
9994320
10102634
10210948
10319262
10427576
10535890
10644204
10752518
10860832
10969146
11077460
11185774
11294088
11402402
11510716
11619030
11727344
11835658
11943972
12052286
12160600
12268914
12377228
12485542
10593855
8702168
6810481
4918794
3027107
1135420
-756267
-2647954
-4539641
-6431328
-8323015
-10214702
-12106389
-11998075
-11889761
-11781447
-11673133
-11564819
-11456505
-11348191
-11239877
-11131563
-11023249
-10914935
-10806621
-10698307
-10589993
-10481679
-10373365
-10265051
-10156737
-10048423
-9940109
-9831795
-9723481
-9615167
-9506853
-9398539
-9290225
-9181911
-9073597
-8965283
-8856969
-8748655
-8640341
-8532027
-8423713
-8315399
-8207085
-8098771
-7990457
-7882143
-7773829
-7665515
-7557201
-7448887
-7340573
-7232259
-7123945
-7015631
-6907317
-6799003
-6690689
-6582375
-6474061
-6365747
-6257433
-6149119
-6040805
-5932491
-5824177
-5715863
-5607549
-5499235
-5390921
-5282607
-5174293
-5065979
-4957665
-4849351
-4741037
-4632723
-4524409
-4416095
-4307781
-4199467
-4091153
-3982839
-3874525
-3766211
-3657897
-3549583
-3441269
-3332955
-3224641
-3116327
-3008013
-2899699
-2791385
-2683071
-2574757
-2466443
-2358129
-2249815
-2141501
-2033187
-1924873
-1816559
-1708245
-1599931
-1491617
-1383303
-1274989
-1166675
-1058361
-950047
-841733
-733419
-625105
-516791
-408477
-300163
-191849
-83535
24779
133093
241407
349721
458035
566349
674663
782977
891291
999605
1107919
1216233
1324547
1432861
1541175
1649489
1757803
1866117
1974431
2082745
2191059
2299373
2407687
2516001
2624315
2732629
2840943
2949257
3057571
3165885
3274199
3382513
3490827
3599141
3707455
3815769
3924083
4032397
4140711
4249025
4357339
4465653
4573967
4682281
4790595
4898909
5007223
5115537
5223851
5332165
5440479
5548793
5657107
5765421
5873735
5982049
6090363
6198677
6306991
6415305
6523619
6631933
6740247
6848561
6956875
7065189
7173503
7281817
7390131
7498445
7606759
7715073
7823387
7931701
8040015
8148329
8256643
8364957
8473271
8581585
8689899
8798213
8906527
9014841
9123155
9231469
9339783
9448097
9556411
9664725
9773039
9881353
9989667
10097981
10206295
10314609
10422923
10531237
10639551
10747865
10856179
10964493
11072807
11181121
11289435
11397749
11506063
11614377
11722691
11831005
11939319
12047633
12155947
12264261
12372575
12480889
12589203
12697517
12805831
12914145
13022459
13130773
13239087
13347401
13455715
13564029
13672343
13780657
11888970
9997283
8105596
6213909
4322222
2430535
538848
-1352839
-3244526
-5136213
-7027900
-8919587
-10811274
-12702961
-12594647
-12486333
-12378019
-12269705
-12161391
-12053077
-11944763
-11836449
-11728135
-11619821
-11511507
-11403193
-11294879
-11186565
-11078251
-10969937
-10861623
-10753309
-10644995
-10536681
-10428367
-10320053
-10211739
-10103425
-9995111
-9886797
-9778483
-9670169
-9561855
-9453541
-9345227
-9236913
-9128599
-9020285
-8911971
-8803657
-8695343
-8587029
-8478715
-8370401
-8262087
-8153773
-8045459
-7937145
-7828831
-7720517
-7612203
-7503889
-7395575
-7287261
-7178947
-7070633
-6962319
-6854005
-6745691
-6637377
-6529063
-6420749
-6312435
-6204121
-6095807
-5987493
-5879179
-5770865
-5662551
-5554237
-5445923
-5337609
-5229295
-5120981
-5012667
-4904353
-4796039
-4687725
-4579411
-4471097
-4362783
-4254469
-4146155
-4037841
-3929527
-3821213
-3712899
-3604585
-3496271
-3387957
-3279643
-3171329
-3063015
-2954701
-2846387
-2738073
-2629759
-2521445
-2413131
-2304817
-2196503
-2088189
-1979875
-1871561
-1763247
-1654933
-1546619
-1438305
-1329991
-1221677
-1113363
-1005049
-896735
-788421
-680107
-571793
-463479
-355165
-246851
-138537
-30223
78091
186405
294719
403033
511347
619661
727975
836289
944603
1052917
1161231
1269545
1377859
1486173
1594487
1702801
1811115
1919429
2027743
2136057
2244371
2352685
2460999
2569313
2677627
2785941
2894255
3002569
3110883
3219197
3327511
3435825
3544139
3652453
3760767
3869081
3977395
4085709
4194023
4302337
4410651
4518965
4627279
4735593
4843907
4952221
5060535
5168849
5277163
5385477
5493791
5602105
5710419
5818733
5927047
6035361
6143675
6251989
6360303
6468617
6576931
6685245
6793559
6901873
7010187
7118501
7226815
7335129
7443443
7551757
7660071
7768385
7876699
7985013
8093327
8201641
8309955
8418269
8526583
8634897
8743211
8851525
8959839
9068153
9176467
9284781
9393095
9501409
9609723
9718037
9826351
9934665
10042979
10151293
10259607
10367921
10476235
10584549
10692863
10801177
10909491
11017805
11126119
11234433
11342747
11451061
11559375
11667689
11776003
11884317
11992631
12100945
12209259
12317573
12425887
12534201
12642515
12750829
12859143
12967457
13075771
13184085
11292398
9400711
7509024
5617337
3725650
1833963
-57724
-1949411
-3841098
-5732785
-7624472
-9516159
-11407846
-11299532
-11191218
-11082904
-10974590
-10866276
-10757962
-10649648
-10541334
-10433020
-10324706
-10216392
-10108078
-9999764
-9891450
-9783136
-9674822
-9566508
-9458194
-9349880
-9241566
-9133252
-9024938
-8916624
-8808310
-8699996
-8591682
-8483368
-8375054
-8266740
-8158426
-8050112
-7941798
-7833484
-7725170
-7616856
-7508542
-7400228
-7291914
-7183600
-7075286
-6966972
-6858658
-6750344
-6642030
-6533716
-6425402
-6317088
-6208774
-6100460
-5992146
-5883832
-5775518
-5667204
-5558890
-5450576
-5342262
-5233948
-5125634
-5017320
-4909006
-4800692
-4692378
-4584064
-4475750
-4367436
-4259122
-4150808
-4042494
-3934180
-3825866
-3717552
-3609238
-3500924
-3392610
-3284296
-3175982
-3067668
-2959354
-2851040
-2742726
-2634412
-2526098
-2417784
-2309470
-2201156
-2092842
-1984528
-1876214
-1767900
-1659586
-1551272
-1442958
-1334644
-1226330
-1118016
-1009702
-901388
-793074
-684760
-576446
-468132
-359818
-251504
-143190
-34876
73438
181752
290066
398380
506694
615008
723322
831636
939950
1048264
1156578
1264892
1373206
1481520
1589834
1698148
1806462
1914776
2023090
2131404
2239718
2348032
2456346
2564660
2672974
2781288
2889602
2997916
3106230
3214544
3322858
3431172
3539486
3647800
3756114
3864428
3972742
4081056
4189370
4297684
4405998
4514312
4622626
4730940
4839254
4947568
5055882
5164196
5272510
5380824
5489138
5597452
5705766
5814080
5922394
6030708
6139022
6247336
6355650
6463964
6572278
6680592
6788906
6897220
7005534
7113848
7222162
7330476
7438790
7547104
7655418
7763732
7872046
7980360
8088674
8196988
8305302
8413616
8521930
8630244
8738558
8846872
8955186
9063500
9171814
9280128
9388442
9496756
9605070
9713384
9821698
9930012
10038326
10146640
10254954
10363268
10471582
10579896
10688210
10796524
10904838
11013152
11121466
11229780
11338094
11446408
11554722
11663036
11771350
11879664
11987978
12096292
12204606
12312920
12421234
12529548
12637862
12746176
12854490
12962804
13071118
13179432
13287746
13396060
13504374
13612688
13721002
13829316
13937630
14045944
14154258
14262572
14370886
14479200
12587513
10695826
8804139
6912452
5020765
3129078
1237391
-654296
-2545983
-4437670
-6329357
-8221044
-10112731
-12004418
-11896104
-11787790
-11679476
-11571162
-11462848
-11354534
-11246220
-11137906
-11029592
-10921278
-10812964
-10704650
-10596336
-10488022
-10379708
-10271394
-10163080
-10054766
-9946452
-9838138
-9729824
-9621510
-9513196
-9404882
-9296568
-9188254
-9079940
-8971626
-8863312
-8754998
-8646684
-8538370
-8430056
-8321742
-8213428
-8105114
-7996800
-7888486
-7780172
-7671858
-7563544
-7455230
-7346916
-7238602
-7130288
-7021974
-6913660
-6805346
-6697032
-6588718
-6480404
-6372090
-6263776
-6155462
-6047148
-5938834
-5830520
-5722206
-5613892
-5505578
-5397264
-5288950
-5180636
-5072322
-4964008
-4855694
-4747380
-4639066
-4530752
-4422438
-4314124
-4205810
-4097496
-3989182
-3880868
-3772554
-3664240
-3555926
-3447612
-3339298
-3230984
-3122670
-3014356
-2906042
-2797728
-2689414
-2581100
-2472786
-2364472
-2256158
-2147844
-2039530
-1931216
-1822902
-1714588
-1606274
-1497960
-1389646
-1281332
-1173018
-1064704
-956390
-848076
-739762
-631448
-523134
-414820
-306506
-198192
-89878
18436
126750
235064
343378
451692
560006
668320
776634
884948
993262
1101576
1209890
1318204
1426518
1534832
1643146
1751460
1859774
1968088
2076402
2184716
2293030
2401344
2509658
2617972
2726286
2834600
2942914
3051228
3159542
3267856
3376170
3484484
3592798
3701112
3809426
3917740
4026054
4134368
4242682
4350996
4459310
4567624
4675938
4784252
4892566
5000880
5109194
5217508
5325822
5434136
5542450
5650764
5759078
5867392
5975706
6084020
6192334
6300648
6408962
6517276
6625590
6733904
6842218
6950532
7058846
7167160
7275474
7383788
7492102
7600416
7708730
7817044
7925358
8033672
8141986
8250300
8358614
8466928
8575242
8683556
8791870
8900184
9008498
9116812
9225126
9333440
9441754
9550068
9658382
9766696
9875010
9983324
10091638
10199952
10308266
10416580
10524894
10633208
10741522
10849836
10958150
11066464
11174778
11283092
11391406
11499720
11608034
11716348
11824662
11932976
12041290
12149604
12257918
12366232
12474546
12582860
12691174
12799488
12907802
13016116
13124430
13232744
13341058
13449372
13557686
13666000
13774314
13882628
11990941
10099254
8207567
6315880
4424193
2532506
640819
-1250868
-3142555
-5034242
-6925929
-8817616
-10709303
-12600990
-12492676
-12384362
-12276048
-12167734
-12059420
-11951106
-11842792
-11734478
-11626164
-11517850
-11409536
-11301222
-11192908
-11084594
-10976280
-10867966
-10759652
-10651338
-10543024
-10434710
-10326396
-10218082
-10109768
-10001454
-9893140
-9784826
-9676512
-9568198
-9459884
-9351570
-9243256
-9134942
-9026628
-8918314
-8810000
-8701686
-8593372
-8485058
-8376744
-8268430
-8160116
-8051802
-7943488
-7835174
-7726860
-7618546
-7510232
-7401918
-7293604
-7185290
-7076976
-6968662
-6860348
-6752034
-6643720
-6535406
-6427092
-6318778
-6210464
-6102150
-5993836
-5885522
-5777208
-5668894
-5560580
-5452266
-5343952
-5235638
-5127324
-5019010
-4910696
-4802382
-4694068
-4585754
-4477440
-4369126
-4260812
-4152498
-4044184
-3935870
-3827556
-3719242
-3610928
-3502614
-3394300
-3285986
-3177672
-3069358
-2961044
-2852730
-2744416
-2636102
-2527788
-2419474
-2311160
-2202846
-2094532
-1986218
-1877904
-1769590
-1661276
-1552962
-1444648
-1336334
-1228020
-1119706
-1011392
-903078
-794764
-686450
-578136
-469822
-361508
-253194
-144880
-36566
71748
180062
288376
396690
505004
613318
721632
829946
938260
1046574
1154888
1263202
1371516
1479830
1588144
1696458
1804772
1913086
2021400
2129714
2238028
2346342
2454656
2562970
2671284
2779598
2887912
2996226
3104540
3212854
3321168
3429482
3537796
3646110
3754424
3862738
3971052
4079366
4187680
4295994
4404308
4512622
4620936
4729250
4837564
4945878
5054192
5162506
5270820
5379134
5487448
5595762
5704076
5812390
5920704
6029018
6137332
6245646
6353960
6462274
6570588
6678902
6787216
6895530
7003844
7112158
7220472
7328786
7437100
7545414
7653728
7762042
7870356
7978670
8086984
8195298
8303612
8411926
8520240
8628554
8736868
8845182
8953496
9061810
9170124
9278438
9386752
9495066
9603380
9711694
9820008
9928322
10036636
10144950
10253264
10361578
10469892
10578206
10686520
10794834
10903148
11011462
11119776
11228090
11336404
11444718
11553032
11661346
11769660
11877974
11986288
12094602
12202916
12311230
12419544
12527858
12636172
12744486
12852800
12961114
13069428
13177742
11286055
9394368
7502681
5610994
3719307
1827620
-64067
-1955754
-3847441
-5739128
-7630815
-9522502
-11414189
-13305876
-13197562
-13089248
-12980934
-12872620
-12764306
-12655992
-12547678
-12439364
-12331050
-12222736
-12114422
-12006108
-11897794
-11789480
-11681166
-11572852
-11464538
-11356224
-11247910
-11139596
-11031282
-10922968
-10814654
-10706340
-10598026
-10489712
-10381398
-10273084
-10164770
-10056456
-9948142
-9839828
-9731514
-9623200
-9514886
-9406572
-9298258
-9189944
-9081630
-8973316
-8865002
-8756688
-8648374
-8540060
-8431746
-8323432
-8215118
-8106804
-7998490
-7890176
-7781862
-7673548
-7565234
-7456920
-7348606
-7240292
-7131978
-7023664
-6915350
-6807036
-6698722
-6590408
-6482094
-6373780
-6265466
-6157152
-6048838
-5940524
-5832210
-5723896
-5615582
-5507268
-5398954
-5290640
-5182326
-5074012
-4965698
-4857384
-4749070
-4640756
-4532442
-4424128
-4315814
-4207500
-4099186
-3990872
-3882558
-3774244
-3665930
-3557616
-3449302
-3340988
-3232674
-3124360
-3016046
-2907732
-2799418
-2691104
-2582790
-2474476
-2366162
-2257848
-2149534
-2041220
-1932906
-1824592
-1716278
-1607964
-1499650
-1391336
-1283022
-1174708
-1066394
-958080
-849766
-741452
-633138
-524824
-416510
-308196
-199882
-91568
16746
125060
233374
341688
450002
558316
666630
774944
883258
991572
1099886
1208200
1316514
1424828
1533142
1641456
1749770
1858084
1966398
2074712
2183026
2291340
2399654
2507968
2616282
2724596
2832910
2941224
3049538
3157852
3266166
3374480
3482794
3591108
3699422
3807736
3916050
4024364
4132678
4240992
4349306
4457620
4565934
4674248
4782562
4890876
4999190
5107504
5215818
5324132
5432446
5540760
5649074
5757388
5865702
5974016
6082330
6190644
6298958
6407272
6515586
6623900
6732214
6840528
6948842
7057156
7165470
7273784
7382098
7490412
7598726
7707040
7815354
7923668
8031982
8140296
8248610
8356924
8465238
8573552
8681866
8790180
8898494
9006808
9115122
9223436
9331750
9440064
9548378
9656692
9765006
9873320
9981634
10089948
10198262
10306576
10414890
10523204
10631518
10739832
10848146
10956460
11064774
11173088
11281402
11389716
11498030
11606344
11714658
11822972
11931286
12039600
12147914
12256228
12364542
12472856
12581170
10689483
8797796
6906109
5014422
3122735
1231048
-660639
-2552326
-4444013
-6335700
-8227387
-10119074
-12010761
-13902448
-13794134
-13685820
-13577506
-13469192
-13360878
-13252564
-13144250
-13035936
-12927622
-12819308
-12710994
-12602680
-12494366
-12386052
-12277738
-12169424
-12061110
-11952796
-11844482
-11736168
-11627854
-11519540
-11411226
-11302912
-11194598
-11086284
-10977970
-10869656
-10761342
-10653028
-10544714
-10436400
-10328086
-10219772
-10111458
-10003144
-9894830
-9786516
-9678202
-9569888
-9461574
-9353260
-9244946
-9136632
-9028318
-8920004
-8811690
-8703376
-8595062
-8486748
-8378434
-8270120
-8161806
-8053492
-7945178
-7836864
-7728550
-7620236
-7511922
-7403608
-7295294
-7186980
-7078666
-6970352
-6862038
-6753724
-6645410
-6537096
-6428782
-6320468
-6212154
-6103840
-5995526
-5887212
-5778898
-5670584
-5562270
-5453956
-5345642
-5237328
-5129014
-5020700
-4912386
-4804072
-4695758
-4587444
-4479130
-4370816
-4262502
-4154188
-4045874
-3937560
-3829246
-3720932
-3612618
-3504304
-3395990
-3287676
-3179362
-3071048
-2962734
-2854420
-2746106
-2637792
-2529478
-2421164
-2312850
-2204536
-2096222
-1987908
-1879594
-1771280
-1662966
-1554652
-1446338
-1338024
-1229710
-1121396
-1013082
-904768
-796454
-688140
-579826
-471512
-363198
-254884
-146570
-38256
70058
178372
286686
395000
503314
611628
719942
828256
936570
1044884
1153198
1261512
1369826
1478140
1586454
1694768
1803082
1911396
2019710
2128024
2236338
2344652
2452966
2561280
2669594
2777908
2886222
2994536
3102850
3211164
3319478
3427792
3536106
3644420
3752734
3861048
3969362
4077676
4185990
4294304
4402618
4510932
4619246
4727560
4835874
4944188
5052502
5160816
5269130
5377444
5485758
5594072
5702386
5810700
5919014
6027328
6135642
6243956
6352270
6460584
6568898
6677212
6785526
6893840
7002154
7110468
7218782
7327096
7435410
7543724
7652038
7760352
7868666
7976980
8085294
8193608
8301922
8410236
8518550
8626864
8735178
8843492
8951806
9060120
9168434
9276748
9385062
9493376
9601690
9710004
9818318
9926632
10034946
10143260
10251574
10359888
10468202
10576516
10684830
10793144
10901458
11009772
11118086
11226400
11334714
11443028
11551342
11659656
11767970
11876284
11984598
10092911
8201224
6309537
4417850
2526163
634476
-1257211
-3148898
-5040585
-6932272
-8823959
-10715646
-12607333
-12499019
-12390705
-12282391
-12174077
-12065763
-11957449
-11849135
-11740821
-11632507
-11524193
-11415879
-11307565
-11199251
-11090937
-10982623
-10874309
-10765995
-10657681
-10549367
-10441053
-10332739
-10224425
-10116111
-10007797
-9899483
-9791169
-9682855
-9574541
-9466227
-9357913
-9249599
-9141285
-9032971
-8924657
-8816343
-8708029
-8599715
-8491401
-8383087
-8274773
-8166459
-8058145
-7949831
-7841517
-7733203
-7624889
-7516575
-7408261
-7299947
-7191633
-7083319
-6975005
-6866691
-6758377
-6650063
-6541749
-6433435
-6325121
-6216807
-6108493
-6000179
-5891865
-5783551
-5675237
-5566923
-5458609
-5350295
-5241981
-5133667
-5025353
-4917039
-4808725
-4700411
-4592097
-4483783
-4375469
-4267155
-4158841
-4050527
-3942213
-3833899
-3725585
-3617271
-3508957
-3400643
-3292329
-3184015
-3075701
-2967387
-2859073
-2750759
-2642445
-2534131
-2425817
-2317503
-2209189
-2100875
-1992561
-1884247
-1775933
-1667619
-1559305
-1450991
-1342677
-1234363
-1126049
-1017735
-909421
-801107
-692793
-584479
-476165
-367851
-259537
-151223
-42909
65405
173719
282033
390347
498661
606975
715289
823603
931917
1040231
1148545
1256859
1365173
1473487
1581801
1690115
1798429
1906743
2015057
2123371
2231685
2339999
2448313
2556627
2664941
2773255
2881569
2989883
3098197
3206511
3314825
3423139
3531453
3639767
3748081
3856395
3964709
4073023
4181337
4289651
4397965
4506279
4614593
4722907
4831221
4939535
5047849
5156163
5264477
5372791
5481105
5589419
5697733
5806047
5914361
6022675
6130989
6239303
6347617
6455931
6564245
6672559
6780873
6889187
6997501
7105815
7214129
7322443
7430757
7539071
7647385
7755699
7864013
7972327
8080641
8188955
8297269
8405583
8513897
8622211
8730525
8838839
8947153
9055467
9163781
9272095
9380409
9488723
9597037
9705351
9813665
9921979
10030293
10138607
10246921
10355235
10463549
10571863
10680177
10788491
10896805
11005119
11113433
11221747
11330061
11438375
11546689
11655003
11763317
11871631
11979945
12088259
12196573
12304887
12413201
12521515
12629829
12738143
12846457
12954771
13063085
13171399
13279713
11388026
9496339
7604652
5712965
3821278
1929591
37904
-1853783
-3745470
-5637157
-7528844
-9420531
-11312218
-13203905
-13095591
-12987277
-12878963
-12770649
-12662335
-12554021
-12445707
-12337393
-12229079
-12120765
-12012451
-11904137
-11795823
-11687509
-11579195
-11470881
-11362567
-11254253
-11145939
-11037625
-10929311
-10820997
-10712683
-10604369
-10496055
-10387741
-10279427
-10171113
-10062799
-9954485
-9846171
-9737857
-9629543
-9521229
-9412915
-9304601
-9196287
-9087973
-8979659
-8871345
-8763031
-8654717
-8546403
-8438089
-8329775
-8221461
-8113147
-8004833
-7896519
-7788205
-7679891
-7571577
-7463263
-7354949
-7246635
-7138321
-7030007
-6921693
-6813379
-6705065
-6596751
-6488437
-6380123
-6271809
-6163495
-6055181
-5946867
-5838553
-5730239
-5621925
-5513611
-5405297
-5296983
-5188669
-5080355
-4972041
-4863727
-4755413
-4647099
-4538785
-4430471
-4322157
-4213843
-4105529
-3997215
-3888901
-3780587
-3672273
-3563959
-3455645
-3347331
-3239017
-3130703
-3022389
-2914075
-2805761
-2697447
-2589133
-2480819
-2372505
-2264191
-2155877
-2047563
-1939249
-1830935
-1722621
-1614307
-1505993
-1397679
-1289365
-1181051
-1072737
-964423
-856109
-747795
-639481
-531167
-422853
-314539
-206225
-97911
10403
118717
227031
335345
443659
551973
660287
768601
876915
985229
1093543
1201857
1310171
1418485
1526799
1635113
1743427
1851741
1960055
2068369
2176683
2284997
2393311
2501625
2609939
2718253
2826567
2934881
3043195
3151509
3259823
3368137
3476451
3584765
3693079
3801393
3909707
4018021
4126335
4234649
4342963
4451277
4559591
4667905
4776219
4884533
4992847
5101161
5209475
5317789
5426103
5534417
5642731
5751045
5859359
5967673
6075987
6184301
6292615
6400929
6509243
6617557
6725871
6834185
6942499
7050813
7159127
7267441
7375755
7484069
7592383
7700697
7809011
7917325
8025639
8133953
8242267
8350581
8458895
8567209
8675523
8783837
8892151
9000465
9108779
9217093
9325407
9433721
9542035
9650349
9758663
9866977
9975291
10083605
10191919
10300233
10408547
10516861
10625175
10733489
10841803
10950117
11058431
11166745
11275059
11383373
11491687
11600001
11708315
11816629
11924943
12033257
12141571
12249885
12358199
12466513
12574827
12683141
10791454
8899767
7008080
5116393
3224706
1333019
-558668
-2450355
-4342042
-6233729
-8125416
-10017103
-11908790
-11800476
-11692162
-11583848
-11475534
-11367220
-11258906
-11150592
-11042278
-10933964
-10825650
-10717336
-10609022
-10500708
-10392394
-10284080
-10175766
-10067452
-9959138
-9850824
-9742510
-9634196
-9525882
-9417568
-9309254
-9200940
-9092626
-8984312
-8875998
-8767684
-8659370
-8551056
-8442742
-8334428
-8226114
-8117800
-8009486
-7901172
-7792858
-7684544
-7576230
-7467916
-7359602
-7251288
-7142974
-7034660
-6926346
-6818032
-6709718
-6601404
-6493090
-6384776
-6276462
-6168148
-6059834
-5951520
-5843206
-5734892
-5626578
-5518264
-5409950
-5301636
-5193322
-5085008
-4976694
-4868380
-4760066
-4651752
-4543438
-4435124
-4326810
-4218496
-4110182
-4001868
-3893554
-3785240
-3676926
-3568612
-3460298
-3351984
-3243670
-3135356
-3027042
-2918728
-2810414
-2702100
-2593786
-2485472
-2377158
-2268844
-2160530
-2052216
-1943902
-1835588
-1727274
-1618960
-1510646
-1402332
-1294018
-1185704
-1077390
-969076
-860762
-752448
-644134
-535820
-427506
-319192
-210878
-102564
5750
114064
222378
330692
439006
547320
655634
763948
872262
980576
1088890
1197204
1305518
1413832
1522146
1630460
1738774
1847088
1955402
2063716
2172030
2280344
2388658
2496972
2605286
2713600
2821914
2930228
3038542
3146856
3255170
3363484
3471798
3580112
3688426
3796740
3905054
4013368
4121682
4229996
4338310
4446624
4554938
4663252
4771566
4879880
4988194
5096508
5204822
5313136
5421450
5529764
5638078
5746392
5854706
5963020
6071334
6179648
6287962
6396276
6504590
6612904
6721218
6829532
6937846
7046160
7154474
7262788
7371102
7479416
7587730
7696044
7804358
7912672
8020986
8129300
8237614
8345928
8454242
8562556
8670870
8779184
8887498
8995812
9104126
9212440
9320754
9429068
9537382
9645696
9754010
9862324
9970638
10078952
10187266
10295580
10403894
10512208
10620522
10728836
10837150
10945464
11053778
11162092
11270406
11378720
11487034
11595348
11703662
11811976
11920290
12028604
12136918
12245232
12353546
12461860
12570174
12678488
12786802
12895116
13003430
13111744
13220058
13328372
13436686
13545000
13653314
13761628
13869942
13978256
12086569
10194882
8303195
6411508
4519821
2628134
736447
-1155240
-3046927
-4938614
-6830301
-8721988
-10613675
-12505362
-12397048
-12288734
-12180420
-12072106
-11963792
-11855478
-11747164
-11638850
-11530536
-11422222
-11313908
-11205594
-11097280
-10988966
-10880652
-10772338
-10664024
-10555710
-10447396
-10339082
-10230768
-10122454
-10014140
-9905826
-9797512
-9689198
-9580884
-9472570
-9364256
-9255942
-9147628
-9039314
-8931000
-8822686
-8714372
-8606058
-8497744
-8389430
-8281116
-8172802
-8064488
-7956174
-7847860
-7739546
-7631232
-7522918
-7414604
-7306290
-7197976
-7089662
-6981348
-6873034
-6764720
-6656406
-6548092
-6439778
-6331464
-6223150
-6114836
-6006522
-5898208
-5789894
-5681580
-5573266
-5464952
-5356638
-5248324
-5140010
-5031696
-4923382
-4815068
-4706754
-4598440
-4490126
-4381812
-4273498
-4165184
-4056870
-3948556
-3840242
-3731928
-3623614
-3515300
-3406986
-3298672
-3190358
-3082044
-2973730
-2865416
-2757102
-2648788
-2540474
-2432160
-2323846
-2215532
-2107218
-1998904
-1890590
-1782276
-1673962
-1565648
-1457334
-1349020
-1240706
-1132392
-1024078
-915764
-807450
-699136
-590822
-482508
-374194
-265880
-157566
-49252
59062
167376
275690
384004
492318
600632
708946
817260
925574
1033888
1142202
1250516
1358830
1467144
1575458
1683772
1792086
1900400
2008714
2117028
2225342
2333656
2441970
2550284
2658598
2766912
2875226
2983540
3091854
3200168
3308482
3416796
3525110
3633424
3741738
3850052
3958366
4066680
4174994
4283308
4391622
4499936
4608250
4716564
4824878
4933192
5041506
5149820
5258134
5366448
5474762
5583076
5691390
5799704
5908018
6016332
6124646
6232960
6341274
6449588
6557902
6666216
6774530
6882844
6991158
7099472
7207786
7316100
7424414
7532728
7641042
7749356
7857670
7965984
8074298
8182612
8290926
8399240
8507554
8615868
8724182
8832496
8940810
9049124
9157438
9265752
9374066
9482380
9590694
9699008
9807322
9915636
10023950
10132264
10240578
10348892
10457206
10565520
10673834
10782148
10890462
10998776
11107090
11215404
11323718
11432032
11540346
11648660
11756974
11865288
11973602
12081916
12190230
12298544
12406858
12515172
12623486
12731800
12840114
12948428
13056742
13165056
13273370
13381684
11489997
9598310
7706623
5814936
3923249
2031562
139875
-1751812
-3643499
-5535186
-7426873
-9318560
-11210247
-11101933
-10993619
-10885305
-10776991
-10668677
-10560363
-10452049
-10343735
-10235421
-10127107
-10018793
-9910479
-9802165
-9693851
-9585537
-9477223
-9368909
-9260595
-9152281
-9043967
-8935653
-8827339
-8719025
-8610711
-8502397
-8394083
-8285769
-8177455
-8069141
-7960827
-7852513
-7744199
-7635885
-7527571
-7419257
-7310943
-7202629
-7094315
-6986001
-6877687
-6769373
-6661059
-6552745
-6444431
-6336117
-6227803
-6119489
-6011175
-5902861
-5794547
-5686233
-5577919
-5469605
-5361291
-5252977
-5144663
-5036349
-4928035
-4819721
-4711407
-4603093
-4494779
-4386465
-4278151
-4169837
-4061523
-3953209
-3844895
-3736581
-3628267
-3519953
-3411639
-3303325
-3195011
-3086697
-2978383
-2870069
-2761755
-2653441
-2545127
-2436813
-2328499
-2220185
-2111871
-2003557
-1895243
-1786929
-1678615
-1570301
-1461987
-1353673
-1245359
-1137045
-1028731
-920417
-812103
-703789
-595475
-487161
-378847
-270533
-162219
-53905
54409
162723
271037
379351
487665
595979
704293
812607
920921
1029235
1137549
1245863
1354177
1462491
1570805
1679119
1787433
1895747
2004061
2112375
2220689
2329003
2437317
2545631
2653945
2762259
2870573
2978887
3087201
3195515
3303829
3412143
3520457
3628771
3737085
3845399
3953713
4062027
4170341
4278655
4386969
4495283
4603597
4711911
4820225
4928539
5036853
5145167
5253481
5361795
5470109
5578423
5686737
5795051
5903365
6011679
6119993
6228307
6336621
6444935
6553249
6661563
6769877
6878191
6986505
7094819
7203133
7311447
7419761
7528075
7636389
7744703
7853017
7961331
8069645
8177959
8286273
8394587
8502901
8611215
8719529
8827843
8936157
9044471
9152785
9261099
9369413
9477727
9586041
9694355
9802669
9910983
10019297
10127611
10235925
10344239
10452553
10560867
10669181
10777495
10885809
10994123
11102437
11210751
11319065
11427379
11535693
11644007
11752321
11860635
11968949
12077263
12185577
12293891
12402205
12510519
12618833
12727147
12835461
12943775
13052089
13160403
13268717
13377031
13485345
13593659
13701973
13810287
13918601
14026915
14135229
14243543
14351857
14460171
14568485
14676799
12785112
10893425
9001738
7110051
5218364
3326677
1434990
-456697
-2348384
-4240071
-6131758
-8023445
-9915132
-11806819
-11698505
-11590191
-11481877
-11373563
-11265249
-11156935
-11048621
-10940307
-10831993
-10723679
-10615365
-10507051
-10398737
-10290423
-10182109
-10073795
-9965481
-9857167
-9748853
-9640539
-9532225
-9423911
-9315597
-9207283
-9098969
-8990655
-8882341
-8774027
-8665713
-8557399
-8449085
-8340771
-8232457
-8124143
-8015829
-7907515
-7799201
-7690887
-7582573
-7474259
-7365945
-7257631
-7149317
-7041003
-6932689
-6824375
-6716061
-6607747
-6499433
-6391119
-6282805
-6174491
-6066177
-5957863
-5849549
-5741235
-5632921
-5524607
-5416293
-5307979
-5199665
-5091351
-4983037
-4874723
-4766409
-4658095
-4549781
-4441467
-4333153
-4224839
-4116525
-4008211
-3899897
-3791583
-3683269
-3574955
-3466641
-3358327
-3250013
-3141699
-3033385
-2925071
-2816757
-2708443
-2600129
-2491815
-2383501
-2275187
-2166873
-2058559
-1950245
-1841931
-1733617
-1625303
-1516989
-1408675
-1300361
-1192047
-1083733
-975419
-867105
-758791
-650477
-542163
-433849
-325535
-217221
-108907
-593
107721
216035
324349
432663
540977
649291
757605
865919
974233
1082547
1190861
1299175
1407489
1515803
1624117
1732431
1840745
1949059
2057373
2165687
2274001
2382315
2490629
2598943
2707257
2815571
2923885
3032199
3140513
3248827
3357141
3465455
3573769
3682083
3790397
3898711
4007025
4115339
4223653
4331967
4440281
4548595
4656909
4765223
4873537
4981851
5090165
5198479
5306793
5415107
5523421
5631735
5740049
5848363
5956677
6064991
6173305
6281619
6389933
6498247
6606561
6714875
6823189
6931503
7039817
7148131
7256445
7364759
7473073
7581387
7689701
7798015
7906329
8014643
8122957
8231271
8339585
8447899
8556213
8664527
8772841
8881155
8989469
9097783
9206097
9314411
9422725
9531039
9639353
9747667
9855981
9964295
10072609
10180923
10289237
10397551
10505865
10614179
10722493
10830807
10939121
11047435
11155749
11264063
11372377
11480691
11589005
11697319
11805633
11913947
12022261
12130575
12238889
12347203
12455517
12563831
12672145
12780459
12888773
12997087
13105401
13213715
13322029
13430343
13538657
13646971
13755285
13863599
13971913
14080227
12188540
10296853
8405166
6513479
4621792
2730105
838418
-1053269
-2944956
-4836643
-6728330
-8620017
-10511704
-12403391
-12295077
-12186763
-12078449
-11970135
-11861821
-11753507
-11645193
-11536879
-11428565
-11320251
-11211937
-11103623
-10995309
-10886995
-10778681
-10670367
-10562053
-10453739
-10345425
-10237111
-10128797
-10020483
-9912169
-9803855
-9695541
-9587227
-9478913
-9370599
-9262285
-9153971
-9045657
-8937343
-8829029
-8720715
-8612401
-8504087
-8395773
-8287459
-8179145
-8070831
-7962517
-7854203
-7745889
-7637575
-7529261
-7420947
-7312633
-7204319
-7096005
-6987691
-6879377
-6771063
-6662749
-6554435
-6446121
-6337807
-6229493
-6121179
-6012865
-5904551
-5796237
-5687923
-5579609
-5471295
-5362981
-5254667
-5146353
-5038039
-4929725
-4821411
-4713097
-4604783
-4496469
-4388155
-4279841
-4171527
-4063213
-3954899
-3846585
-3738271
-3629957
-3521643
-3413329
-3305015
-3196701
-3088387
-2980073
-2871759
-2763445
-2655131
-2546817
-2438503
-2330189
-2221875
-2113561
-2005247
-1896933
-1788619
-1680305
-1571991
-1463677
-1355363
-1247049
-1138735
-1030421
-922107
-813793
-705479
-597165
-488851
-380537
-272223
-163909
-55595
52719
161033
269347
377661
485975
594289
702603
810917
919231
1027545
1135859
1244173
1352487
1460801
1569115
1677429
1785743
1894057
2002371
2110685
2218999
2327313
2435627
2543941
2652255
2760569
2868883
2977197
3085511
3193825
3302139
3410453
3518767
3627081
3735395
3843709
3952023
4060337
4168651
4276965
4385279
4493593
4601907
4710221
4818535
4926849
5035163
5143477
5251791
5360105
5468419
5576733
5685047
5793361
5901675
6009989
6118303
6226617
6334931
6443245
6551559
6659873
6768187
6876501
6984815
7093129
7201443
7309757
7418071
7526385
7634699
7743013
7851327
7959641
8067955
8176269
8284583
8392897
8501211
8609525
8717839
8826153
8934467
9042781
9151095
9259409
9367723
9476037
9584351
9692665
9800979
9909293
10017607
10125921
10234235
10342549
10450863
10559177
10667491
10775805
10884119
10992433
11100747
11209061
11317375
11425689
11534003
11642317
11750631
11858945
11967259
12075573
12183887
12292201
12400515
12508829
12617143
12725457
12833771
12942085
13050399
13158713
13267027
13375341
11483654
9591967
7700280
5808593
3916906
2025219
133532
-1758155
-3649842
-5541529
-7433216
-9324903
-11216590
-13108277
-12999963
-12891649
-12783335
-12675021
-12566707
-12458393
-12350079
-12241765
-12133451
-12025137
-11916823
-11808509
-11700195
-11591881
-11483567
-11375253
-11266939
-11158625
-11050311
-10941997
-10833683
-10725369
-10617055
-10508741
-10400427
-10292113
-10183799
-10075485
-9967171
-9858857
-9750543
-9642229
-9533915
-9425601
-9317287
-9208973
-9100659
-8992345
-8884031
-8775717
-8667403
-8559089
-8450775
-8342461
-8234147
-8125833
-8017519
-7909205
-7800891
-7692577
-7584263
-7475949
-7367635
-7259321
-7151007
-7042693
-6934379
-6826065
-6717751
-6609437
-6501123
-6392809
-6284495
-6176181
-6067867
-5959553
-5851239
-5742925
-5634611
-5526297
-5417983
-5309669
-5201355
-5093041
-4984727
-4876413
-4768099
-4659785
-4551471
-4443157
-4334843
-4226529
-4118215
-4009901
-3901587
-3793273
-3684959
-3576645
-3468331
-3360017
-3251703
-3143389
-3035075
-2926761
-2818447
-2710133
-2601819
-2493505
-2385191
-2276877
-2168563
-2060249
-1951935
-1843621
-1735307
-1626993
-1518679
-1410365
-1302051
-1193737
-1085423
-977109
-868795
-760481
-652167
-543853
-435539
-327225
-218911
-110597
-2283
106031
214345
322659
430973
539287
647601
755915
864229
972543
1080857
1189171
1297485
1405799
1514113
1622427
1730741
1839055
1947369
2055683
2163997
2272311
2380625
2488939
2597253
2705567
2813881
2922195
3030509
3138823
3247137
3355451
3463765
3572079
3680393
3788707
3897021
4005335
4113649
4221963
4330277
4438591
4546905
4655219
4763533
4871847
4980161
5088475
5196789
5305103
5413417
5521731
5630045
5738359
5846673
5954987
6063301
6171615
6279929
6388243
6496557
6604871
6713185
6821499
6929813
7038127
7146441
7254755
7363069
7471383
7579697
7688011
7796325
7904639
8012953
8121267
8229581
8337895
8446209
8554523
8662837
8771151
8879465
8987779
9096093
9204407
9312721
9421035
9529349
9637663
9745977
9854291
9962605
10070919
10179233
10287547
10395861
10504175
10612489
10720803
10829117
10937431
11045745
11154059
11262373
11370687
11479001
11587315
11695629
11803943
11912257
12020571
12128885
12237199
12345513
12453827
12562141
12670455
12778769
10887082
8995395
7103708
5212021
3320334
1428647
-463040
-2354727
-4246414
-6138101
-8029788
-9921475
-11813162
-13704849
-13596535
-13488221
-13379907
-13271593
-13163279
-13054965
-12946651
-12838337
-12730023
-12621709
-12513395
-12405081
-12296767
-12188453
-12080139
-11971825
-11863511
-11755197
-11646883
-11538569
-11430255
-11321941
-11213627
-11105313
-10996999
-10888685
-10780371
-10672057
-10563743
-10455429
-10347115
-10238801
-10130487
-10022173
-9913859
-9805545
-9697231
-9588917
-9480603
-9372289
-9263975
-9155661
-9047347
-8939033
-8830719
-8722405
-8614091
-8505777
-8397463
-8289149
-8180835
-8072521
-7964207
-7855893
-7747579
-7639265
-7530951
-7422637
-7314323
-7206009
-7097695
-6989381
-6881067
-6772753
-6664439
-6556125
-6447811
-6339497
-6231183
-6122869
-6014555
-5906241
-5797927
-5689613
-5581299
-5472985
-5364671
-5256357
-5148043
-5039729
-4931415
-4823101
-4714787
-4606473
-4498159
-4389845
-4281531
-4173217
-4064903
-3956589
-3848275
-3739961
-3631647
-3523333
-3415019
-3306705
-3198391
-3090077
-2981763
-2873449
-2765135
-2656821
-2548507
-2440193
-2331879
-2223565
-2115251
-2006937
-1898623
-1790309
-1681995
-1573681
-1465367
-1357053
-1248739
-1140425
-1032111
-923797
-815483
-707169
-598855
-490541
-382227
-273913
-165599
-57285
51029
159343
267657
375971
484285
592599
700913
809227
917541
1025855
1134169
1242483
1350797
1459111
1567425
1675739
1784053
1892367
2000681
2108995
2217309
2325623
2433937
2542251
2650565
2758879
2867193
2975507
3083821
3192135
3300449
3408763
3517077
3625391
3733705
3842019
3950333
4058647
4166961
4275275
4383589
4491903
4600217
4708531
4816845
4925159
5033473
5141787
5250101
5358415
5466729
5575043
5683357
5791671
5899985
6008299
6116613
6224927
6333241
6441555
6549869
6658183
6766497
6874811
6983125
7091439
7199753
7308067
7416381
7524695
7633009
7741323
7849637
7957951
8066265
8174579
8282893
8391207
8499521
8607835
8716149
8824463
8932777
9041091
9149405
9257719
9366033
9474347
9582661
9690975
9799289
9907603
10015917
10124231
10232545
10340859
10449173
10557487
10665801
10774115
10882429
10990743
11099057
11207371
11315685
11423999
11532313
11640627
11748941
11857255
11965569
12073883
12182197
10290510
8398823
6507136
4615449
2723762
832075
-1059612
-2951299
-4842986
-6734673
-8626360
-10518047
-12409734
-12301420
-12193106
-12084792
-11976478
-11868164
-11759850
-11651536
-11543222
-11434908
-11326594
-11218280
-11109966
-11001652
-10893338
-10785024
-10676710
-10568396
-10460082
-10351768
-10243454
-10135140
-10026826
-9918512
-9810198
-9701884
-9593570
-9485256
-9376942
-9268628
-9160314
-9052000
-8943686
-8835372
-8727058
-8618744
-8510430
-8402116
-8293802
-8185488
-8077174
-7968860
-7860546
-7752232
-7643918
-7535604
-7427290
-7318976
-7210662
-7102348
-6994034
-6885720
-6777406
-6669092
-6560778
-6452464
-6344150
-6235836
-6127522
-6019208
-5910894
-5802580
-5694266
-5585952
-5477638
-5369324
-5261010
-5152696
-5044382
-4936068
-4827754
-4719440
-4611126
-4502812
-4394498
-4286184
-4177870
-4069556
-3961242
-3852928
-3744614
-3636300
-3527986
-3419672
-3311358
-3203044
-3094730
-2986416
-2878102
-2769788
-2661474
-2553160
-2444846
-2336532
-2228218
-2119904
-2011590
-1903276
-1794962
-1686648
-1578334
-1470020
-1361706
-1253392
-1145078
-1036764
-928450
-820136
-711822
-603508
-495194
-386880
-278566
-170252
-61938
46376
154690
263004
371318
479632
587946
696260
804574
912888
1021202
1129516
1237830
1346144
1454458
1562772
1671086
1779400
1887714
1996028
2104342
2212656
2320970
2429284
2537598
2645912
2754226
2862540
2970854
3079168
3187482
3295796
3404110
3512424
3620738
3729052
3837366
3945680
4053994
4162308
4270622
4378936
4487250
4595564
4703878
4812192
4920506
5028820
5137134
5245448
5353762
5462076
5570390
5678704
5787018
5895332
6003646
6111960
6220274
6328588
6436902
6545216
6653530
6761844
6870158
6978472
7086786
7195100
7303414
7411728
7520042
7628356
7736670
7844984
7953298
8061612
8169926
8278240
8386554
8494868
8603182
8711496
8819810
8928124
9036438
9144752
9253066
9361380
9469694
9578008
9686322
9794636
9902950
10011264
10119578
10227892
10336206
10444520
10552834
10661148
10769462
10877776
10986090
11094404
11202718
11311032
11419346
11527660
11635974
11744288
11852602
11960916
12069230
12177544
12285858
12394172
12502486
12610800
12719114
12827428
12935742
13044056
13152370
13260684
13368998
13477312
11585625
9693938
7802251
5910564
4018877
2127190
235503
-1656184
-3547871
-5439558
-7331245
-9222932
-11114619
-13006306
-12897992
-12789678
-12681364
-12573050
-12464736
-12356422
-12248108
-12139794
-12031480
-11923166
-11814852
-11706538
-11598224
-11489910
-11381596
-11273282
-11164968
-11056654
-10948340
-10840026
-10731712
-10623398
-10515084
-10406770
-10298456
-10190142
-10081828
-9973514
-9865200
-9756886
-9648572
-9540258
-9431944
-9323630
-9215316
-9107002
-8998688
-8890374
-8782060
-8673746
-8565432
-8457118
-8348804
-8240490
-8132176
-8023862
-7915548
-7807234
-7698920
-7590606
-7482292
-7373978
-7265664
-7157350
-7049036
-6940722
-6832408
-6724094
-6615780
-6507466
-6399152
-6290838
-6182524
-6074210
-5965896
-5857582
-5749268
-5640954
-5532640
-5424326
-5316012
-5207698
-5099384
-4991070
-4882756
-4774442
-4666128
-4557814
-4449500
-4341186
-4232872
-4124558
-4016244
-3907930
-3799616
-3691302
-3582988
-3474674
-3366360
-3258046
-3149732
-3041418
-2933104
-2824790
-2716476
-2608162
-2499848
-2391534
-2283220
-2174906
-2066592
-1958278
-1849964
-1741650
-1633336
-1525022
-1416708
-1308394
-1200080
-1091766
-983452
-875138
-766824
-658510
-550196
-441882
-333568
-225254
-116940
-8626
99688
208002
316316
424630
532944
641258
749572
857886
966200
1074514
1182828
1291142
1399456
1507770
1616084
1724398
1832712
1941026
2049340
2157654
2265968
2374282
2482596
2590910
2699224
2807538
2915852
3024166
3132480
3240794
3349108
3457422
3565736
3674050
3782364
3890678
3998992
4107306
4215620
4323934
4432248
4540562
4648876
4757190
4865504
4973818
5082132
5190446
5298760
5407074
5515388
5623702
5732016
5840330
5948644
6056958
6165272
6273586
6381900
6490214
6598528
6706842
6815156
6923470
7031784
7140098
7248412
7356726
7465040
7573354
7681668
7789982
7898296
8006610
8114924
8223238
8331552
8439866
8548180
8656494
8764808
8873122
8981436
9089750
9198064
9306378
9414692
9523006
9631320
9739634
9847948
9956262
10064576
10172890
10281204
10389518
10497832
10606146
10714460
10822774
10931088
11039402
11147716
11256030
11364344
11472658
11580972
11689286
11797600
11905914
12014228
12122542
12230856
12339170
12447484
12555798
12664112
12772426
12880740
10989053
9097366
7205679
5313992
3422305
1530618
-361069
-2252756
-4144443
-6036130
-7927817
-9819504
-11711191
-11602877
-11494563
-11386249
-11277935
-11169621
-11061307
-10952993
-10844679
-10736365
-10628051
-10519737
-10411423
-10303109
-10194795
-10086481
-9978167
-9869853
-9761539
-9653225
-9544911
-9436597
-9328283
-9219969
-9111655
-9003341
-8895027
-8786713
-8678399
-8570085
-8461771
-8353457
-8245143
-8136829
-8028515
-7920201
-7811887
-7703573
-7595259
-7486945
-7378631
-7270317
-7162003
-7053689
-6945375
-6837061
-6728747
-6620433
-6512119
-6403805
-6295491
-6187177
-6078863
-5970549
-5862235
-5753921
-5645607
-5537293
-5428979
-5320665
-5212351
-5104037
-4995723
-4887409
-4779095
-4670781
-4562467
-4454153
-4345839
-4237525
-4129211
-4020897
-3912583
-3804269
-3695955
-3587641
-3479327
-3371013
-3262699
-3154385
-3046071
-2937757
-2829443
-2721129
-2612815
-2504501
-2396187
-2287873
-2179559
-2071245
-1962931
-1854617
-1746303
-1637989
-1529675
-1421361
-1313047
-1204733
-1096419
-988105
-879791
-771477
-663163
-554849
-446535
-338221
-229907
-121593
-13279
95035
203349
311663
419977
528291
636605
744919
853233
961547
1069861
1178175
1286489
1394803
1503117
1611431
1719745
1828059
1936373
2044687
2153001
2261315
2369629
2477943
2586257
2694571
2802885
2911199
3019513
3127827
3236141
3344455
3452769
3561083
3669397
3777711
3886025
3994339
4102653
4210967
4319281
4427595
4535909
4644223
4752537
4860851
4969165
5077479
5185793
5294107
5402421
5510735
5619049
5727363
5835677
5943991
6052305
6160619
6268933
6377247
6485561
6593875
6702189
6810503
6918817
7027131
7135445
7243759
7352073
7460387
7568701
7677015
7785329
7893643
8001957
8110271
8218585
8326899
8435213
8543527
8651841
8760155
8868469
8976783
9085097
9193411
9301725
9410039
9518353
9626667
9734981
9843295
9951609
10059923
10168237
10276551
10384865
10493179
10601493
10709807
10818121
10926435
11034749
11143063
11251377
11359691
11468005
11576319
11684633
11792947
11901261
12009575
12117889
12226203
12334517
12442831
12551145
12659459
12767773
12876087
12984401
13092715
13201029
13309343
13417657
13525971
13634285
13742599
13850913
13959227
14067541
14175855
12284168
10392481
8500794
6609107
4717420
2825733
934046
-957641
-2849328
-4741015
-6632702
-8524389
-10416076
-12307763
-12199449
-12091135
-11982821
-11874507
-11766193
-11657879
-11549565
-11441251
-11332937
-11224623
-11116309
-11007995
-10899681
-10791367
-10683053
-10574739
-10466425
-10358111
-10249797
-10141483
-10033169
-9924855
-9816541
-9708227
-9599913
-9491599
-9383285
-9274971
-9166657
-9058343
-8950029
-8841715
-8733401
-8625087
-8516773
-8408459
-8300145
-8191831
-8083517
-7975203
-7866889
-7758575
-7650261
-7541947
-7433633
-7325319
-7217005
-7108691
-7000377
-6892063
-6783749
-6675435
-6567121
-6458807
-6350493
-6242179
-6133865
-6025551
-5917237
-5808923
-5700609
-5592295
-5483981
-5375667
-5267353
-5159039
-5050725
-4942411
-4834097
-4725783
-4617469
-4509155
-4400841
-4292527
-4184213
-4075899
-3967585
-3859271
-3750957
-3642643
-3534329
-3426015
-3317701
-3209387
-3101073
-2992759
-2884445
-2776131
-2667817
-2559503
-2451189
-2342875
-2234561
-2126247
-2017933
-1909619
-1801305
-1692991
-1584677
-1476363
-1368049
-1259735
-1151421
-1043107
-934793
-826479
-718165
-609851
-501537
-393223
-284909
-176595
-68281
40033
148347
256661
364975
473289
581603
689917
798231
906545
1014859
1123173
1231487
1339801
1448115
1556429
1664743
1773057
1881371
1989685
2097999
2206313
2314627
2422941
2531255
2639569
2747883
2856197
2964511
3072825
3181139
3289453
3397767
3506081
3614395
3722709
3831023
3939337
4047651
4155965
4264279
4372593
4480907
4589221
4697535
4805849
4914163
5022477
5130791
5239105
5347419
5455733
5564047
5672361
5780675
5888989
5997303
6105617
6213931
6322245
6430559
6538873
6647187
6755501
6863815
6972129
7080443
7188757
7297071
7405385
7513699
7622013
7730327
7838641
7946955
8055269
8163583
8271897
8380211
8488525
8596839
8705153
8813467
8921781
9030095
9138409
9246723
9355037
9463351
9571665
9679979
9788293
9896607
10004921
10113235
10221549
10329863
10438177
10546491
10654805
10763119
10871433
10979747
11088061
11196375
11304689
11413003
11521317
11629631
11737945
11846259
11954573
12062887
12171201
12279515
12387829
12496143
12604457
12712771
12821085
12929399
13037713
13146027
13254341
13362655
13470969
13579283
11687596
9795909
7904222
6012535
4120848
2229161
337474
-1554213
-3445900
-5337587
-7229274
-9120961
-11012648
-10904334
-10796020
-10687706
-10579392
-10471078
-10362764
-10254450
-10146136
-10037822
-9929508
-9821194
-9712880
-9604566
-9496252
-9387938
-9279624
-9171310
-9062996
-8954682
-8846368
-8738054
-8629740
-8521426
-8413112
-8304798
-8196484
-8088170
-7979856
-7871542
-7763228
-7654914
-7546600
-7438286
-7329972
-7221658
-7113344
-7005030
-6896716
-6788402
-6680088
-6571774
-6463460
-6355146
-6246832
-6138518
-6030204
-5921890
-5813576
-5705262
-5596948
-5488634
-5380320
-5272006
-5163692
-5055378
-4947064
-4838750
-4730436
-4622122
-4513808
-4405494
-4297180
-4188866
-4080552
-3972238
-3863924
-3755610
-3647296
-3538982
-3430668
-3322354
-3214040
-3105726
-2997412
-2889098
-2780784
-2672470
-2564156
-2455842
-2347528
-2239214
-2130900
-2022586
-1914272
-1805958
-1697644
-1589330
-1481016
-1372702
-1264388
-1156074
-1047760
-939446
-831132
-722818
-614504
-506190
-397876
-289562
-181248
-72934
35380
143694
252008
360322
468636
576950
685264
793578
901892
1010206
1118520
1226834
1335148
1443462
1551776
1660090
1768404
1876718
1985032
2093346
2201660
2309974
2418288
2526602
2634916
2743230
2851544
2959858
3068172
3176486
3284800
3393114
3501428
3609742
3718056
3826370
3934684
4042998
4151312
4259626
4367940
4476254
4584568
4692882
4801196
4909510
5017824
5126138
5234452
5342766
5451080
5559394
5667708
5776022
5884336
5992650
6100964
6209278
6317592
6425906
6534220
6642534
6750848
6859162
6967476
7075790
7184104
7292418
7400732
7509046
7617360
7725674
7833988
7942302
8050616
8158930
8267244
8375558
8483872
8592186
8700500
8808814
8917128
9025442
9133756
9242070
9350384
9458698
9567012
9675326
9783640
9891954
10000268
10108582
10216896
10325210
10433524
10541838
10650152
10758466
10866780
10975094
11083408
11191722
11300036
11408350
11516664
11624978
11733292
11841606
11949920
12058234
12166548
12274862
12383176
12491490
12599804
12708118
12816432
12924746
13033060
13141374
13249688
13358002
13466316
13574630
13682944
13791258
13899572
14007886
14116200
14224514
14332828
14441142
14549456
14657770
14766084
14874398
12982711
11091024
9199337
7307650
5415963
3524276
1632589
-259098
-2150785
-4042472
-5934159
-7825846
-9717533
-11609220
-11500906
-11392592
-11284278
-11175964
-11067650
-10959336
-10851022
-10742708
-10634394
-10526080
-10417766
-10309452
-10201138
-10092824
-9984510
-9876196
-9767882
-9659568
-9551254
-9442940
-9334626
-9226312
-9117998
-9009684
-8901370
-8793056
-8684742
-8576428
-8468114
-8359800
-8251486
-8143172
-8034858
-7926544
-7818230
-7709916
-7601602
-7493288
-7384974
-7276660
-7168346
-7060032
-6951718
-6843404
-6735090
-6626776
-6518462
-6410148
-6301834
-6193520
-6085206
-5976892
-5868578
-5760264
-5651950
-5543636
-5435322
-5327008
-5218694
-5110380
-5002066
-4893752
-4785438
-4677124
-4568810
-4460496
-4352182
-4243868
-4135554
-4027240
-3918926
-3810612
-3702298
-3593984
-3485670
-3377356
-3269042
-3160728
-3052414
-2944100
-2835786
-2727472
-2619158
-2510844
-2402530
-2294216
-2185902
-2077588
-1969274
-1860960
-1752646
-1644332
-1536018
-1427704
-1319390
-1211076
-1102762
-994448
-886134
-777820
-669506
-561192
-452878
-344564
-236250
-127936
-19622
88692
197006
305320
413634
521948
630262
738576
846890
955204
1063518
1171832
1280146
1388460
1496774
1605088
1713402
1821716
1930030
2038344
2146658
2254972
2363286
2471600
2579914
2688228
2796542
2904856
3013170
3121484
3229798
3338112
3446426
3554740
3663054
3771368
3879682
3987996
4096310
4204624
4312938
4421252
4529566
4637880
4746194
4854508
4962822
5071136
5179450
5287764
5396078
5504392
5612706
5721020
5829334
5937648
6045962
6154276
6262590
6370904
6479218
6587532
6695846
6804160
6912474
7020788
7129102
7237416
7345730
7454044
7562358
7670672
7778986
7887300
7995614
8103928
8212242
8320556
8428870
8537184
8645498
8753812
8862126
8970440
9078754
9187068
9295382
9403696
9512010
9620324
9728638
9836952
9945266
10053580
10161894
10270208
10378522
10486836
10595150
10703464
10811778
10920092
11028406
11136720
11245034
11353348
11461662
11569976
11678290
11786604
11894918
12003232
12111546
12219860
12328174
12436488
12544802
12653116
12761430
12869744
12978058
13086372
13194686
13303000
13411314
13519628
13627942
13736256
13844570
13952884
14061198
14169512
14277826
12386139
10494452
8602765
6711078
4819391
2927704
1036017
-855670
-2747357
-4639044
-6530731
-8422418
-10314105
-12205792
-12097478
-11989164
-11880850
-11772536
-11664222
-11555908
-11447594
-11339280
-11230966
-11122652
-11014338
-10906024
-10797710
-10689396
-10581082
-10472768
-10364454
-10256140
-10147826
-10039512
-9931198
-9822884
-9714570
-9606256
-9497942
-9389628
-9281314
-9173000
-9064686
-8956372
-8848058
-8739744
-8631430
-8523116
-8414802
-8306488
-8198174
-8089860
-7981546
-7873232
-7764918
-7656604
-7548290
-7439976
-7331662
-7223348
-7115034
-7006720
-6898406
-6790092
-6681778
-6573464
-6465150
-6356836
-6248522
-6140208
-6031894
-5923580
-5815266
-5706952
-5598638
-5490324
-5382010
-5273696
-5165382
-5057068
-4948754
-4840440
-4732126
-4623812
-4515498
-4407184
-4298870
-4190556
-4082242
-3973928
-3865614
-3757300
-3648986
-3540672
-3432358
-3324044
-3215730
-3107416
-2999102
-2890788
-2782474
-2674160
-2565846
-2457532
-2349218
-2240904
-2132590
-2024276
-1915962
-1807648
-1699334
-1591020
-1482706
-1374392
-1266078
-1157764
-1049450
-941136
-832822
-724508
-616194
-507880
-399566
-291252
-182938
-74624
33690
142004
250318
358632
466946
575260
683574
791888
900202
1008516
1116830
1225144
1333458
1441772
1550086
1658400
1766714
1875028
1983342
2091656
2199970
2308284
2416598
2524912
2633226
2741540
2849854
2958168
3066482
3174796
3283110
3391424
3499738
3608052
3716366
3824680
3932994
4041308
4149622
4257936
4366250
4474564
4582878
4691192
4799506
4907820
5016134
5124448
5232762
5341076
5449390
5557704
5666018
5774332
5882646
5990960
6099274
6207588
6315902
6424216
6532530
6640844
6749158
6857472
6965786
7074100
7182414
7290728
7399042
7507356
7615670
7723984
7832298
7940612
8048926
8157240
8265554
8373868
8482182
8590496
8698810
8807124
8915438
9023752
9132066
9240380
9348694
9457008
9565322
9673636
9781950
9890264
9998578
10106892
10215206
10323520
10431834
10540148
10648462
10756776
10865090
10973404
11081718
11190032
11298346
11406660
11514974
11623288
11731602
11839916
11948230
12056544
12164858
12273172
12381486
12489800
12598114
12706428
12814742
12923056
13031370
13139684
13247998
13356312
13464626
13572940
11681253
9789566
7897879
6006192
4114505
2222818
331131
-1560556
-3452243
-5343930
-7235617
-9127304
-11018991
-12910678
-12802364
-12694050
-12585736
-12477422
-12369108
-12260794
-12152480
-12044166
-11935852
-11827538
-11719224
-11610910
-11502596
-11394282
-11285968
-11177654
-11069340
-10961026
-10852712
-10744398
-10636084
-10527770
-10419456
-10311142
-10202828
-10094514
-9986200
-9877886
-9769572
-9661258
-9552944
-9444630
-9336316
-9228002
-9119688
-9011374
-8903060
-8794746
-8686432
-8578118
-8469804
-8361490
-8253176
-8144862
-8036548
-7928234
-7819920
-7711606
-7603292
-7494978
-7386664
-7278350
-7170036
-7061722
-6953408
-6845094
-6736780
-6628466
-6520152
-6411838
-6303524
-6195210
-6086896
-5978582
-5870268
-5761954
-5653640
-5545326
-5437012
-5328698
-5220384
-5112070
-5003756
-4895442
-4787128
-4678814
-4570500
-4462186
-4353872
-4245558
-4137244
-4028930
-3920616
-3812302
-3703988
-3595674
-3487360
-3379046
-3270732
-3162418
-3054104
-2945790
-2837476
-2729162
-2620848
-2512534
-2404220
-2295906
-2187592
-2079278
-1970964
-1862650
-1754336
-1646022
-1537708
-1429394
-1321080
-1212766
-1104452
-996138
-887824
-779510
-671196
-562882
-454568
-346254
-237940
-129626
-21312
87002
195316
303630
411944
520258
628572
736886
845200
953514
1061828
1170142
1278456
1386770
1495084
1603398
1711712
1820026
1928340
2036654
2144968
2253282
2361596
2469910
2578224
2686538
2794852
2903166
3011480
3119794
3228108
3336422
3444736
3553050
3661364
3769678
3877992
3986306
4094620
4202934
4311248
4419562
4527876
4636190
4744504
4852818
4961132
5069446
5177760
5286074
5394388
5502702
5611016
5719330
5827644
5935958
6044272
6152586
6260900
6369214
6477528
6585842
6694156
6802470
6910784
7019098
7127412
7235726
7344040
7452354
7560668
7668982
7777296
7885610
7993924
8102238
8210552
8318866
8427180
8535494
8643808
8752122
8860436
8968750
9077064
9185378
9293692
9402006
9510320
9618634
9726948
9835262
9943576
10051890
10160204
10268518
10376832
10485146
10593460
10701774
10810088
10918402
11026716
11135030
11243344
11351658
11459972
11568286
11676600
11784914
11893228
12001542
12109856
12218170
12326484
12434798
12543112
12651426
12759740
12868054
12976368
11084681
9192994
7301307
5409620
3517933
1626246
-265441
-2157128
-4048815
-5940502
-7832189
-9723876
-11615563
-13507250
-13398936
-13290622
-13182308
-13073994
-12965680
-12857366
-12749052
-12640738
-12532424
-12424110
-12315796
-12207482
-12099168
-11990854
-11882540
-11774226
-11665912
-11557598
-11449284
-11340970
-11232656
-11124342
-11016028
-10907714
-10799400
-10691086
-10582772
-10474458
-10366144
-10257830
-10149516
-10041202
-9932888
-9824574
-9716260
-9607946
-9499632
-9391318
-9283004
-9174690
-9066376
-8958062
-8849748
-8741434
-8633120
-8524806
-8416492
-8308178
-8199864
-8091550
-7983236
-7874922
-7766608
-7658294
-7549980
-7441666
-7333352
-7225038
-7116724
-7008410
-6900096
-6791782
-6683468
-6575154
-6466840
-6358526
-6250212
-6141898
-6033584
-5925270
-5816956
-5708642
-5600328
-5492014
-5383700
-5275386
-5167072
-5058758
-4950444
-4842130
-4733816
-4625502
-4517188
-4408874
-4300560
-4192246
-4083932
-3975618
-3867304
-3758990
-3650676
-3542362
-3434048
-3325734
-3217420
-3109106
-3000792
-2892478
-2784164
-2675850
-2567536
-2459222
-2350908
-2242594
-2134280
-2025966
-1917652
-1809338
-1701024
-1592710
-1484396
-1376082
-1267768
-1159454
-1051140
-942826
-834512
-726198
-617884
-509570
-401256
-292942
-184628
-76314
32000
140314
248628
356942
465256
573570
681884
790198
898512
1006826
1115140
1223454
1331768
1440082
1548396
1656710
1765024
1873338
1981652
2089966
2198280
2306594
2414908
2523222
2631536
2739850
2848164
2956478
3064792
3173106
3281420
3389734
3498048
3606362
3714676
3822990
3931304
4039618
4147932
4256246
4364560
4472874
4581188
4689502
4797816
4906130
5014444
5122758
5231072
5339386
5447700
5556014
5664328
5772642
5880956
5989270
6097584
6205898
6314212
6422526
6530840
6639154
6747468
6855782
6964096
7072410
7180724
7289038
7397352
7505666
7613980
7722294
7830608
7938922
8047236
8155550
8263864
8372178
8480492
8588806
8697120
8805434
8913748
9022062
9130376
9238690
9347004
9455318
9563632
9671946
9780260
9888574
9996888
10105202
10213516
10321830
10430144
10538458
10646772
10755086
10863400
10971714
11080028
11188342
11296656
11404970
11513284
11621598
11729912
11838226
11946540
12054854
12163168
12271482
12379796
10488109
8596422
6704735
4813048
2921361
1029674
-862013
-2753700
-4645387
-6537074
-8428761
-10320448
-12212135
-12103821
-11995507
-11887193
-11778879
-11670565
-11562251
-11453937
-11345623
-11237309
-11128995
-11020681
-10912367
-10804053
-10695739
-10587425
-10479111
-10370797
-10262483
-10154169
-10045855
-9937541
-9829227
-9720913
-9612599
-9504285
-9395971
-9287657
-9179343
-9071029
-8962715
-8854401
-8746087
-8637773
-8529459
-8421145
-8312831
-8204517
-8096203
-7987889
-7879575
-7771261
-7662947
-7554633
-7446319
-7338005
-7229691
-7121377
-7013063
-6904749
-6796435
-6688121
-6579807
-6471493
-6363179
-6254865
-6146551
-6038237
-5929923
-5821609
-5713295
-5604981
-5496667
-5388353
-5280039
-5171725
-5063411
-4955097
-4846783
-4738469
-4630155
-4521841
-4413527
-4305213
-4196899
-4088585
-3980271
-3871957
-3763643
-3655329
-3547015
-3438701
-3330387
-3222073
-3113759
-3005445
-2897131
-2788817
-2680503
-2572189
-2463875
-2355561
-2247247
-2138933
-2030619
-1922305
-1813991
-1705677
-1597363
-1489049
-1380735
-1272421
-1164107
-1055793
-947479
-839165
-730851
-622537
-514223
-405909
-297595
-189281
-80967
27347
135661
243975
352289
460603
568917
677231
785545
893859
1002173
1110487
1218801
1327115
1435429
1543743
1652057
1760371
1868685
1976999
2085313
2193627
2301941
2410255
2518569
2626883
2735197
2843511
2951825
3060139
3168453
3276767
3385081
3493395
3601709
3710023
3818337
3926651
4034965
4143279
4251593
4359907
4468221
4576535
4684849
4793163
4901477
5009791
5118105
5226419
5334733
5443047
5551361
5659675
5767989
5876303
5984617
6092931
6201245
6309559
6417873
6526187
6634501
6742815
6851129
6959443
7067757
7176071
7284385
7392699
7501013
7609327
7717641
7825955
7934269
8042583
8150897
8259211
8367525
8475839
8584153
8692467
8800781
8909095
9017409
9125723
9234037
9342351
9450665
9558979
9667293
9775607
9883921
9992235
10100549
10208863
10317177
10425491
10533805
10642119
10750433
10858747
10967061
11075375
11183689
11292003
11400317
11508631
11616945
11725259
11833573
11941887
12050201
12158515
12266829
12375143
12483457
12591771
12700085
12808399
12916713
13025027
13133341
13241655
13349969
13458283
13566597
13674911
11783224
9891537
7999850
6108163
4216476
2324789
433102
-1458585
-3350272
-5241959
-7133646
-9025333
-10917020
-12808707
-12700393
-12592079
-12483765
-12375451
-12267137
-12158823
-12050509
-11942195
-11833881
-11725567
-11617253
-11508939
-11400625
-11292311
-11183997
-11075683
-10967369
-10859055
-10750741
-10642427
-10534113
-10425799
-10317485
-10209171
-10100857
-9992543
-9884229
-9775915
-9667601
-9559287
-9450973
-9342659
-9234345
-9126031
-9017717
-8909403
-8801089
-8692775
-8584461
-8476147
-8367833
-8259519
-8151205
-8042891
-7934577
-7826263
-7717949
-7609635
-7501321
-7393007
-7284693
-7176379
-7068065
-6959751
-6851437
-6743123
-6634809
-6526495
-6418181
-6309867
-6201553
-6093239
-5984925
-5876611
-5768297
-5659983
-5551669
-5443355
-5335041
-5226727
-5118413
-5010099
-4901785
-4793471
-4685157
-4576843
-4468529
-4360215
-4251901
-4143587
-4035273
-3926959
-3818645
-3710331
-3602017
-3493703
-3385389
-3277075
-3168761
-3060447
-2952133
-2843819
-2735505
-2627191
-2518877
-2410563
-2302249
-2193935
-2085621
-1977307
-1868993
-1760679
-1652365
-1544051
-1435737
-1327423
-1219109
-1110795
-1002481
-894167
-785853
-677539
-569225
-460911
-352597
-244283
-135969
-27655
80659
188973
297287
405601
513915
622229
730543
838857
947171
1055485
1163799
1272113
1380427
1488741
1597055
1705369
1813683
1921997
2030311
2138625
2246939
2355253
2463567
2571881
2680195
2788509
2896823
3005137
3113451
3221765
3330079
3438393
3546707
3655021
3763335
3871649
3979963
4088277
4196591
4304905
4413219
4521533
4629847
4738161
4846475
4954789
5063103
5171417
5279731
5388045
5496359
5604673
5712987
5821301
5929615
6037929
6146243
6254557
6362871
6471185
6579499
6687813
6796127
6904441
7012755
7121069
7229383
7337697
7446011
7554325
7662639
7770953
7879267
7987581
8095895
8204209
8312523
8420837
8529151
8637465
8745779
8854093
8962407
9070721
9179035
9287349
9395663
9503977
9612291
9720605
9828919
9937233
10045547
10153861
10262175
10370489
10478803
10587117
10695431
10803745
10912059
11020373
11128687
11237001
11345315
11453629
11561943
11670257
11778571
11886885
11995199
12103513
12211827
12320141
12428455
12536769
12645083
12753397
12861711
12970025
13078339
11186652
9294965
7403278
5511591
3619904
1728217
-163470
-2055157
-3946844
-5838531
-7730218
-9621905
-11513592
-11405278
-11296964
-11188650
-11080336
-10972022
-10863708
-10755394
-10647080
-10538766
-10430452
-10322138
-10213824
-10105510
-9997196
-9888882
-9780568
-9672254
-9563940
-9455626
-9347312
-9238998
-9130684
-9022370
-8914056
-8805742
-8697428
-8589114
-8480800
-8372486
-8264172
-8155858
-8047544
-7939230
-7830916
-7722602
-7614288
-7505974
-7397660
-7289346
-7181032
-7072718
-6964404
-6856090
-6747776
-6639462
-6531148
-6422834
-6314520
-6206206
-6097892
-5989578
-5881264
-5772950
-5664636
-5556322
-5448008
-5339694
-5231380
-5123066
-5014752
-4906438
-4798124
-4689810
-4581496
-4473182
-4364868
-4256554
-4148240
-4039926
-3931612
-3823298
-3714984
-3606670
-3498356
-3390042
-3281728
-3173414
-3065100
-2956786
-2848472
-2740158
-2631844
-2523530
-2415216
-2306902
-2198588
-2090274
-1981960
-1873646
-1765332
-1657018
-1548704
-1440390
-1332076
-1223762
-1115448
-1007134
-898820
-790506
-682192
-573878
-465564
-357250
-248936
-140622
-32308
76006
184320
292634
400948
509262
617576
725890
834204
942518
1050832
1159146
1267460
1375774
1484088
1592402
1700716
1809030
1917344
2025658
2133972
2242286
2350600
2458914
2567228
2675542
2783856
2892170
3000484
3108798
3217112
3325426
3433740
3542054
3650368
3758682
3866996
3975310
4083624
4191938
4300252
4408566
4516880
4625194
4733508
4841822
4950136
5058450
5166764
5275078
5383392
5491706
5600020
5708334
5816648
5924962
6033276
6141590
6249904
6358218
6466532
6574846
6683160
6791474
6899788
7008102
7116416
7224730
7333044
7441358
7549672
7657986
7766300
7874614
7982928
8091242
8199556
8307870
8416184
8524498
8632812
8741126
8849440
8957754
9066068
9174382
9282696
9391010
9499324
9607638
9715952
9824266
9932580
10040894
10149208
10257522
10365836
10474150
10582464
10690778
10799092
10907406
11015720
11124034
11232348
11340662
11448976
11557290
11665604
11773918
11882232
11990546
12098860
12207174
12315488
12423802
12532116
12640430
12748744
12857058
12965372
13073686
13182000
13290314
13398628
13506942
13615256
13723570
13831884
13940198
14048512
14156826
14265140
14373454
12481767
10590080
8698393
6806706
4915019
3023332
1131645
-760042
-2651729
-4543416
-6435103
-8326790
-10218477
-12110164
-12001850
-11893536
-11785222
-11676908
-11568594
-11460280
-11351966
-11243652
-11135338
-11027024
-10918710
-10810396
-10702082
-10593768
-10485454
-10377140
-10268826
-10160512
-10052198
-9943884
-9835570
-9727256
-9618942
-9510628
-9402314
-9294000
-9185686
-9077372
-8969058
-8860744
-8752430
-8644116
-8535802
-8427488
-8319174
-8210860
-8102546
-7994232
-7885918
-7777604
-7669290
-7560976
-7452662
-7344348
-7236034
-7127720
-7019406
-6911092
-6802778
-6694464
-6586150
-6477836
-6369522
-6261208
-6152894
-6044580
-5936266
-5827952
-5719638
-5611324
-5503010
-5394696
-5286382
-5178068
-5069754
-4961440
-4853126
-4744812
-4636498
-4528184
-4419870
-4311556
-4203242
-4094928
-3986614
-3878300
-3769986
-3661672
-3553358
-3445044
-3336730
-3228416
-3120102
-3011788
-2903474
-2795160
-2686846
-2578532
-2470218
-2361904
-2253590
-2145276
-2036962
-1928648
-1820334
-1712020
-1603706
-1495392
-1387078
-1278764
-1170450
-1062136
-953822
-845508
-737194
-628880
-520566
-412252
-303938
-195624
-87310
21004
129318
237632
345946
454260
562574
670888
779202
887516
995830
1104144
1212458
1320772
1429086
1537400
1645714
1754028
1862342
1970656
2078970
2187284
2295598
2403912
2512226
2620540
2728854
2837168
2945482
3053796
3162110
3270424
3378738
3487052
3595366
3703680
3811994
3920308
4028622
4136936
4245250
4353564
4461878
4570192
4678506
4786820
4895134
5003448
5111762
5220076
5328390
5436704
5545018
5653332
5761646
5869960
5978274
6086588
6194902
6303216
6411530
6519844
6628158
6736472
6844786
6953100
7061414
7169728
7278042
7386356
7494670
7602984
7711298
7819612
7927926
8036240
8144554
8252868
8361182
8469496
8577810
8686124
8794438
8902752
9011066
9119380
9227694
9336008
9444322
9552636
9660950
9769264
9877578
9985892
10094206
10202520
10310834
10419148
10527462
10635776
10744090
10852404
10960718
11069032
11177346
11285660
11393974
11502288
11610602
11718916
11827230
11935544
12043858
12152172
12260486
12368800
12477114
12585428
12693742
12802056
12910370
13018684
13126998
13235312
13343626
13451940
13560254
13668568
13776882
11885195
9993508
8101821
6210134
4318447
2426760
535073
-1356614
-3248301
-5139988
-7031675
-8923362
-10815049
-12706736
-12598422
-12490108
-12381794
-12273480
-12165166
-12056852
-11948538
-11840224
-11731910
-11623596
-11515282
-11406968
-11298654
-11190340
-11082026
-10973712
-10865398
-10757084
-10648770
-10540456
-10432142
-10323828
-10215514
-10107200
-9998886
-9890572
-9782258
-9673944
-9565630
-9457316
-9349002
-9240688
-9132374
-9024060
-8915746
-8807432
-8699118
-8590804
-8482490
-8374176
-8265862
-8157548
-8049234
-7940920
-7832606
-7724292
-7615978
-7507664
-7399350
-7291036
-7182722
-7074408
-6966094
-6857780
-6749466
-6641152
-6532838
-6424524
-6316210
-6207896
-6099582
-5991268
-5882954
-5774640
-5666326
-5558012
-5449698
-5341384
-5233070
-5124756
-5016442
-4908128
-4799814
-4691500
-4583186
-4474872
-4366558
-4258244
-4149930
-4041616
-3933302
-3824988
-3716674
-3608360
-3500046
-3391732
-3283418
-3175104
-3066790
-2958476
-2850162
-2741848
-2633534
-2525220
-2416906
-2308592
-2200278
-2091964
-1983650
-1875336
-1767022
-1658708
-1550394
-1442080
-1333766
-1225452
-1117138
-1008824
-900510
-792196
-683882
-575568
-467254
-358940
-250626
-142312
-33998
74316
182630
290944
399258
507572
615886
724200
832514
940828
1049142
1157456
1265770
1374084
1482398
1590712
1699026
1807340
1915654
2023968
2132282
2240596
2348910
2457224
2565538
2673852
2782166
2890480
2998794
3107108
3215422
3323736
3432050
3540364
3648678
3756992
3865306
3973620
4081934
4190248
4298562
4406876
4515190
4623504
4731818
4840132
4948446
5056760
5165074
5273388
5381702
5490016
5598330
5706644
5814958
5923272
6031586
6139900
6248214
6356528
6464842
6573156
6681470
6789784
6898098
7006412
7114726
7223040
7331354
7439668
7547982
7656296
7764610
7872924
7981238
8089552
8197866
8306180
8414494
8522808
8631122
8739436
8847750
8956064
9064378
9172692
9281006
9389320
9497634
9605948
9714262
9822576
9930890
10039204
10147518
10255832
10364146
10472460
10580774
10689088
10797402
10905716
11014030
11122344
11230658
11338972
11447286
11555600
11663914
11772228
11880542
11988856
12097170
12205484
12313798
12422112
12530426
12638740
12747054
12855368
12963682
13071996
11180309
9288622
7396935
5505248
3613561
1721874
-169813
-2061500
-3953187
-5844874
-7736561
-9628248
-11519935
-13411622
-13303308
-13194994
-13086680
-12978366
-12870052
-12761738
-12653424
-12545110
-12436796
-12328482
-12220168
-12111854
-12003540
-11895226
-11786912
-11678598
-11570284
-11461970
-11353656
-11245342
-11137028
-11028714
-10920400
-10812086
-10703772
-10595458
-10487144
-10378830
-10270516
-10162202
-10053888
-9945574
-9837260
-9728946
-9620632
-9512318
-9404004
-9295690
-9187376
-9079062
-8970748
-8862434
-8754120
-8645806
-8537492
-8429178
-8320864
-8212550
-8104236
-7995922
-7887608
-7779294
-7670980
-7562666
-7454352
-7346038
-7237724
-7129410
-7021096
-6912782
-6804468
-6696154
-6587840
-6479526
-6371212
-6262898
-6154584
-6046270
-5937956
-5829642
-5721328
-5613014
-5504700
-5396386
-5288072
-5179758
-5071444
-4963130
-4854816
-4746502
-4638188
-4529874
-4421560
-4313246
-4204932
-4096618
-3988304
-3879990
-3771676
-3663362
-3555048
-3446734
-3338420
-3230106
-3121792
-3013478
-2905164
-2796850
-2688536
-2580222
-2471908
-2363594
-2255280
-2146966
-2038652
-1930338
-1822024
-1713710
-1605396
-1497082
-1388768
-1280454
-1172140
-1063826
-955512
-847198
-738884
-630570
-522256
-413942
-305628
-197314
-89000
19314
127628
235942
344256
452570
560884
669198
777512
885826
994140
1102454
1210768
1319082
1427396
1535710
1644024
1752338
1860652
1968966
2077280
2185594
2293908
2402222
2510536
2618850
2727164
2835478
2943792
3052106
3160420
3268734
3377048
3485362
3593676
3701990
3810304
3918618
4026932
4135246
4243560
4351874
4460188
4568502
4676816
4785130
4893444
5001758
5110072
5218386
5326700
5435014
5543328
5651642
5759956
5868270
5976584
6084898
6193212
6301526
6409840
6518154
6626468
6734782
6843096
6951410
7059724
7168038
7276352
7384666
7492980
7601294
7709608
7817922
7926236
8034550
8142864
8251178
8359492
8467806
8576120
8684434
8792748
8901062
9009376
9117690
9226004
9334318
9442632
9550946
9659260
9767574
9875888
9984202
10092516
10200830
10309144
10417458
10525772
10634086
10742400
10850714
10959028
11067342
11175656
11283970
11392284
11500598
11608912
11717226
11825540
11933854
12042168
12150482
12258796
12367110
12475424
10583737
8692050
6800363
4908676
3016989
1125302
-766385
-2658072
-4549759
-6441446
-8333133
-10224820
-12116507
-14008194
-13899880
-13791566
-13683252
-13574938
-13466624
-13358310
-13249996
-13141682
-13033368
-12925054
-12816740
-12708426
-12600112
-12491798
-12383484
-12275170
-12166856
-12058542
-11950228
-11841914
-11733600
-11625286
-11516972
-11408658
-11300344
-11192030
-11083716
-10975402
-10867088
-10758774
-10650460
-10542146
-10433832
-10325518
-10217204
-10108890
-10000576
-9892262
-9783948
-9675634
-9567320
-9459006
-9350692
-9242378
-9134064
-9025750
-8917436
-8809122
-8700808
-8592494
-8484180
-8375866
-8267552
-8159238
-8050924
-7942610
-7834296
-7725982
-7617668
-7509354
-7401040
-7292726
-7184412
-7076098
-6967784
-6859470
-6751156
-6642842
-6534528
-6426214
-6317900
-6209586
-6101272
-5992958
-5884644
-5776330
-5668016
-5559702
-5451388
-5343074
-5234760
-5126446
-5018132
-4909818
-4801504
-4693190
-4584876
-4476562
-4368248
-4259934
-4151620
-4043306
-3934992
-3826678
-3718364
-3610050
-3501736
-3393422
-3285108
-3176794
-3068480
-2960166
-2851852
-2743538
-2635224
-2526910
-2418596
-2310282
-2201968
-2093654
-1985340
-1877026
-1768712
-1660398
-1552084
-1443770
-1335456
-1227142
-1118828
-1010514
-902200
-793886
-685572
-577258
-468944
-360630
-252316
-144002
-35688
72626
180940
289254
397568
505882
614196
722510
830824
939138
1047452
1155766
1264080
1372394
1480708
1589022
1697336
1805650
1913964
2022278
2130592
2238906
2347220
2455534
2563848
2672162
2780476
2888790
2997104
3105418
3213732
3322046
3430360
3538674
3646988
3755302
3863616
3971930
4080244
4188558
4296872
4405186
4513500
4621814
4730128
4838442
4946756
5055070
5163384
5271698
5380012
5488326
5596640
5704954
5813268
5921582
6029896
6138210
6246524
6354838
6463152
6571466
6679780
6788094
6896408
7004722
7113036
7221350
7329664
7437978
7546292
7654606
7762920
7871234
7979548
8087862
8196176
8304490
8412804
8521118
8629432
8737746
8846060
8954374
9062688
9171002
9279316
9387630
9495944
9604258
9712572
9820886
9929200
10037514
10145828
10254142
10362456
10470770
10579084
10687398
10795712
10904026
11012340
11120654
11228968
11337282
11445596
11553910
11662224
11770538
11878852
9987165
8095478
6203791
4312104
2420417
528730
-1362957
-3254644
-5146331
-7038018
-8929705
-10821392
-12713079
-12604765
-12496451
-12388137
-12279823
-12171509
-12063195
-11954881
-11846567
-11738253
-11629939
-11521625
-11413311
-11304997
-11196683
-11088369
-10980055
-10871741
-10763427
-10655113
-10546799
-10438485
-10330171
-10221857
-10113543
-10005229
-9896915
-9788601
-9680287
-9571973
-9463659
-9355345
-9247031
-9138717
-9030403
-8922089
-8813775
-8705461
-8597147
-8488833
-8380519
-8272205
-8163891
-8055577
-7947263
-7838949
-7730635
-7622321
-7514007
-7405693
-7297379
-7189065
-7080751
-6972437
-6864123
-6755809
-6647495
-6539181
-6430867
-6322553
-6214239
-6105925
-5997611
-5889297
-5780983
-5672669
-5564355
-5456041
-5347727
-5239413
-5131099
-5022785
-4914471
-4806157
-4697843
-4589529
-4481215
-4372901
-4264587
-4156273
-4047959
-3939645
-3831331
-3723017
-3614703
-3506389
-3398075
-3289761
-3181447
-3073133
-2964819
-2856505
-2748191
-2639877
-2531563
-2423249
-2314935
-2206621
-2098307
-1989993
-1881679
-1773365
-1665051
-1556737
-1448423
-1340109
-1231795
-1123481
-1015167
-906853
-798539
-690225
-581911
-473597
-365283
-256969
-148655
-40341
67973
176287
284601
392915
501229
609543
717857
826171
934485
1042799
1151113
1259427
1367741
1476055
1584369
1692683
1800997
1909311
2017625
2125939
2234253
2342567
2450881
2559195
2667509
2775823
2884137
2992451
3100765
3209079
3317393
3425707
3534021
3642335
3750649
3858963
3967277
4075591
4183905
4292219
4400533
4508847
4617161
4725475
4833789
4942103
5050417
5158731
5267045
5375359
5483673
5591987
5700301
5808615
5916929
6025243
6133557
6241871
6350185
6458499
6566813
6675127
6783441
6891755
7000069
7108383
7216697
7325011
7433325
7541639
7649953
7758267
7866581
7974895
8083209
8191523
8299837
8408151
8516465
8624779
8733093
8841407
8949721
9058035
9166349
9274663
9382977
9491291
9599605
9707919
9816233
9924547
10032861
10141175
10249489
10357803
10466117
10574431
10682745
10791059
10899373
11007687
11116001
11224315
11332629
11440943
11549257
11657571
11765885
11874199
11982513
12090827
12199141
12307455
12415769
12524083
12632397
12740711
12849025
12957339
13065653
13173967
11282280
9390593
7498906
5607219
3715532
1823845
-67842
-1959529
-3851216
-5742903
-7634590
-9526277
-11417964
-13309651
-13201337
-13093023
-12984709
-12876395
-12768081
-12659767
-12551453
-12443139
-12334825
-12226511
-12118197
-12009883
-11901569
-11793255
-11684941
-11576627
-11468313
-11359999
-11251685
-11143371
-11035057
-10926743
-10818429
-10710115
-10601801
-10493487
-10385173
-10276859
-10168545
-10060231
-9951917
-9843603
-9735289
-9626975
-9518661
-9410347
-9302033
-9193719
-9085405
-8977091
-8868777
-8760463
-8652149
-8543835
-8435521
-8327207
-8218893
-8110579
-8002265
-7893951
-7785637
-7677323
-7569009
-7460695
-7352381
-7244067
-7135753
-7027439
-6919125
-6810811
-6702497
-6594183
-6485869
-6377555
-6269241
-6160927
-6052613
-5944299
-5835985
-5727671
-5619357
-5511043
-5402729
-5294415
-5186101
-5077787
-4969473
-4861159
-4752845
-4644531
-4536217
-4427903
-4319589
-4211275
-4102961
-3994647
-3886333
-3778019
-3669705
-3561391
-3453077
-3344763
-3236449
-3128135
-3019821
-2911507
-2803193
-2694879
-2586565
-2478251
-2369937
-2261623
-2153309
-2044995
-1936681
-1828367
-1720053
-1611739
-1503425
-1395111
-1286797
-1178483
-1070169
-961855
-853541
-745227
-636913
-528599
-420285
-311971
-203657
-95343
12971
121285
229599
337913
446227
554541
662855
771169
879483
987797
1096111
1204425
1312739
1421053
1529367
1637681
1745995
1854309
1962623
2070937
2179251
2287565
2395879
2504193
2612507
2720821
2829135
2937449
3045763
3154077
3262391
3370705
3479019
3587333
3695647
3803961
3912275
4020589
4128903
4237217
4345531
4453845
4562159
4670473
4778787
4887101
4995415
5103729
5212043
5320357
5428671
5536985
5645299
5753613
5861927
5970241
6078555
6186869
6295183
6403497
6511811
6620125
6728439
6836753
6945067
7053381
7161695
7270009
7378323
7486637
7594951
7703265
7811579
7919893
8028207
8136521
8244835
8353149
8461463
8569777
8678091
8786405
8894719
9003033
9111347
9219661
9327975
9436289
9544603
9652917
9761231
9869545
9977859
10086173
10194487
10302801
10411115
10519429
10627743
10736057
10844371
10952685
11060999
11169313
11277627
11385941
11494255
11602569
11710883
11819197
11927511
12035825
12144139
12252453
12360767
12469081
12577395
10685708
8794021
6902334
5010647
3118960
1227273
-664414
-2556101
-4447788
-6339475
-8231162
-10122849
-12014536
-11906222
-11797908
-11689594
-11581280
-11472966
-11364652
-11256338
-11148024
-11039710
-10931396
-10823082
-10714768
-10606454
-10498140
-10389826
-10281512
-10173198
-10064884
-9956570
-9848256
-9739942
-9631628
-9523314
-9415000
-9306686
-9198372
-9090058
-8981744
-8873430
-8765116
-8656802
-8548488
-8440174
-8331860
-8223546
-8115232
-8006918
-7898604
-7790290
-7681976
-7573662
-7465348
-7357034
-7248720
-7140406
-7032092
-6923778
-6815464
-6707150
-6598836
-6490522
-6382208
-6273894
-6165580
-6057266
-5948952
-5840638
-5732324
-5624010
-5515696
-5407382
-5299068
-5190754
-5082440
-4974126
-4865812
-4757498
-4649184
-4540870
-4432556
-4324242
-4215928
-4107614
-3999300
-3890986
-3782672
-3674358
-3566044
-3457730
-3349416
-3241102
-3132788
-3024474
-2916160
-2807846
-2699532
-2591218
-2482904
-2374590
-2266276
-2157962
-2049648
-1941334
-1833020
-1724706
-1616392
-1508078
-1399764
-1291450
-1183136
-1074822
-966508
-858194
-749880
-641566
-533252
-424938
-316624
-208310
-99996
8318
116632
224946
333260
441574
549888
658202
766516
874830
983144
1091458
1199772
1308086
1416400
1524714
1633028
1741342
1849656
1957970
2066284
2174598
2282912
2391226
2499540
2607854
2716168
2824482
2932796
3041110
3149424
3257738
3366052
3474366
3582680
3690994
3799308
3907622
4015936
4124250
4232564
4340878
4449192
4557506
4665820
4774134
4882448
4990762
5099076
5207390
5315704
5424018
5532332
5640646
5748960
5857274
5965588
6073902
6182216
6290530
6398844
6507158
6615472
6723786
6832100
6940414
7048728
7157042
7265356
7373670
7481984
7590298
7698612
7806926
7915240
8023554
8131868
8240182
8348496
8456810
8565124
8673438
8781752
8890066
8998380
9106694
9215008
9323322
9431636
9539950
9648264
9756578
9864892
9973206
10081520
10189834
10298148
10406462
10514776
10623090
10731404
10839718
10948032
11056346
11164660
11272974
11381288
11489602
11597916
11706230
11814544
11922858
12031172
12139486
12247800
12356114
12464428
12572742
12681056
12789370
12897684
13005998
13114312
13222626
13330940
13439254
13547568
13655882
13764196
13872510
11980823
10089136
8197449
6305762
4414075
2522388
630701
-1260986
-3152673
-5044360
-6936047
-8827734
-10719421
-12611108
-12502794
-12394480
-12286166
-12177852
-12069538
-11961224
-11852910
-11744596
-11636282
-11527968
-11419654
-11311340
-11203026
-11094712
-10986398
-10878084
-10769770
-10661456
-10553142
-10444828
-10336514
-10228200
-10119886
-10011572
-9903258
-9794944
-9686630
-9578316
-9470002
-9361688
-9253374
-9145060
-9036746
-8928432
-8820118
-8711804
-8603490
-8495176
-8386862
-8278548
-8170234
-8061920
-7953606
-7845292
-7736978
-7628664
-7520350
-7412036
-7303722
-7195408
-7087094
-6978780
-6870466
-6762152
-6653838
-6545524
-6437210
-6328896
-6220582
-6112268
-6003954
-5895640
-5787326
-5679012
-5570698
-5462384
-5354070
-5245756
-5137442
-5029128
-4920814
-4812500
-4704186
-4595872
-4487558
-4379244
-4270930
-4162616
-4054302
-3945988
-3837674
-3729360
-3621046
-3512732
-3404418
-3296104
-3187790
-3079476
-2971162
-2862848
-2754534
-2646220
-2537906
-2429592
-2321278
-2212964
-2104650
-1996336
-1888022
-1779708
-1671394
-1563080
-1454766
-1346452
-1238138
-1129824
-1021510
-913196
-804882
-696568
-588254
-479940
-371626
-263312
-154998
-46684
61630
169944
278258
386572
494886
603200
711514
819828
928142
1036456
1144770
1253084
1361398
1469712
1578026
1686340
1794654
1902968
2011282
2119596
2227910
2336224
2444538
2552852
2661166
2769480
2877794
2986108
3094422
3202736
3311050
3419364
3527678
3635992
3744306
3852620
3960934
4069248
4177562
4285876
4394190
4502504
4610818
4719132
4827446
4935760
5044074
5152388
5260702
5369016
5477330
5585644
5693958
5802272
5910586
6018900
6127214
6235528
6343842
6452156
6560470
6668784
6777098
6885412
6993726
7102040
7210354
7318668
7426982
7535296
7643610
7751924
7860238
7968552
8076866
8185180
8293494
8401808
8510122
8618436
8726750
8835064
8943378
9051692
9160006
9268320
9376634
9484948
9593262
9701576
9809890
9918204
10026518
10134832
10243146
10351460
10459774
10568088
10676402
10784716
10893030
11001344
11109658
11217972
11326286
11434600
11542914
11651228
11759542
11867856
11976170
12084484
12192798
12301112
12409426
12517740
12626054
12734368
12842682
12950996
13059310
13167624
13275938
11384251
9492564
7600877
5709190
3817503
1925816
34129
-1857558
-3749245
-5640932
-7532619
-9424306
-11315993
-11207679
-11099365
-10991051
-10882737
-10774423
-10666109
-10557795
-10449481
-10341167
-10232853
-10124539
-10016225
-9907911
-9799597
-9691283
-9582969
-9474655
-9366341
-9258027
-9149713
-9041399
-8933085
-8824771
-8716457
-8608143
-8499829
-8391515
-8283201
-8174887
-8066573
-7958259
-7849945
-7741631
-7633317
-7525003
-7416689
-7308375
-7200061
-7091747
-6983433
-6875119
-6766805
-6658491
-6550177
-6441863
-6333549
-6225235
-6116921
-6008607
-5900293
-5791979
-5683665
-5575351
-5467037
-5358723
-5250409
-5142095
-5033781
-4925467
-4817153
-4708839
-4600525
-4492211
-4383897
-4275583
-4167269
-4058955
-3950641
-3842327
-3734013
-3625699
-3517385
-3409071
-3300757
-3192443
-3084129
-2975815
-2867501
-2759187
-2650873
-2542559
-2434245
-2325931
-2217617
-2109303
-2000989
-1892675
-1784361
-1676047
-1567733
-1459419
-1351105
-1242791
-1134477
-1026163
-917849
-809535
-701221
-592907
-484593
-376279
-267965
-159651
-51337
56977
165291
273605
381919
490233
598547
706861
815175
923489
1031803
1140117
1248431
1356745
1465059
1573373
1681687
1790001
1898315
2006629
2114943
2223257
2331571
2439885
2548199
2656513
2764827
2873141
2981455
3089769
3198083
3306397
3414711
3523025
3631339
3739653
3847967
3956281
4064595
4172909
4281223
4389537
4497851
4606165
4714479
4822793
4931107
5039421
5147735
5256049
5364363
5472677
5580991
5689305
5797619
5905933
6014247
6122561
6230875
6339189
6447503
6555817
6664131
6772445
6880759
6989073
7097387
7205701
7314015
7422329
7530643
7638957
7747271
7855585
7963899
8072213
8180527
8288841
8397155
8505469
8613783
8722097
8830411
8938725
9047039
9155353
9263667
9371981
9480295
9588609
9696923
9805237
9913551
10021865
10130179
10238493
10346807
10455121
10563435
10671749
10780063
10888377
10996691
11105005
11213319
11321633
11429947
11538261
11646575
11754889
11863203
11971517
12079831
12188145
12296459
12404773
12513087
12621401
12729715
12838029
12946343
13054657
13162971
13271285
13379599
13487913
13596227
13704541
13812855
13921169
14029483
14137797
14246111
14354425
14462739
14571053
12679366
10787679
8895992
7004305
5112618
3220931
1329244
-562443
-2454130
-4345817
-6237504
-8129191
-10020878
-11912565
-11804251
-11695937
-11587623
-11479309
-11370995
-11262681
-11154367
-11046053
-10937739
-10829425
-10721111
-10612797
-10504483
-10396169
-10287855
-10179541
-10071227
-9962913
-9854599
-9746285
-9637971
-9529657
-9421343
-9313029
-9204715
-9096401
-8988087
-8879773
-8771459
-8663145
-8554831
-8446517
-8338203
-8229889
-8121575
-8013261
-7904947
-7796633
-7688319
-7580005
-7471691
-7363377
-7255063
-7146749
-7038435
-6930121
-6821807
-6713493
-6605179
-6496865
-6388551
-6280237
-6171923
-6063609
-5955295
-5846981
-5738667
-5630353
-5522039
-5413725
-5305411
-5197097
-5088783
-4980469
-4872155
-4763841
-4655527
-4547213
-4438899
-4330585
-4222271
-4113957
-4005643
-3897329
-3789015
-3680701
-3572387
-3464073
-3355759
-3247445
-3139131
-3030817
-2922503
-2814189
-2705875
-2597561
-2489247
-2380933
-2272619
-2164305
-2055991
-1947677
-1839363
-1731049
-1622735
-1514421
-1406107
-1297793
-1189479
-1081165
-972851
-864537
-756223
-647909
-539595
-431281
-322967
-214653
-106339
1975
110289
218603
326917
435231
543545
651859
760173
868487
976801
1085115
1193429
1301743
1410057
1518371
1626685
1734999
1843313
1951627
2059941
2168255
2276569
2384883
2493197
2601511
2709825
2818139
2926453
3034767
3143081
3251395
3359709
3468023
3576337
3684651
3792965
3901279
4009593
4117907
4226221
4334535
4442849
4551163
4659477
4767791
4876105
4984419
5092733
5201047
5309361
5417675
5525989
5634303
5742617
5850931
5959245
6067559
6175873
6284187
6392501
6500815
6609129
6717443
6825757
6934071
7042385
7150699
7259013
7367327
7475641
7583955
7692269
7800583
7908897
8017211
8125525
8233839
8342153
8450467
8558781
8667095
8775409
8883723
8992037
9100351
9208665
9316979
9425293
9533607
9641921
9750235
9858549
9966863
10075177
10183491
10291805
10400119
10508433
10616747
10725061
10833375
10941689
11050003
11158317
11266631
11374945
11483259
11591573
11699887
11808201
11916515
12024829
12133143
12241457
12349771
12458085
12566399
12674713
12783027
12891341
12999655
13107969
13216283
13324597
13432911
13541225
13649539
13757853
13866167
13974481
12082794
10191107
8299420
6407733
4516046
2624359
732672
-1159015
-3050702
-4942389
-6834076
-8725763
-10617450
-12509137
-12400823
-12292509
-12184195
-12075881
-11967567
-11859253
-11750939
-11642625
-11534311
-11425997
-11317683
-11209369
-11101055
-10992741
-10884427
-10776113
-10667799
-10559485
-10451171
-10342857
-10234543
-10126229
-10017915
-9909601
-9801287
-9692973
-9584659
-9476345
-9368031
-9259717
-9151403
-9043089
-8934775
-8826461
-8718147
-8609833
-8501519
-8393205
-8284891
-8176577
-8068263
-7959949
-7851635
-7743321
-7635007
-7526693
-7418379
-7310065
-7201751
-7093437
-6985123
-6876809
-6768495
-6660181
-6551867
-6443553
-6335239
-6226925
-6118611
-6010297
-5901983
-5793669
-5685355
-5577041
-5468727
-5360413
-5252099
-5143785
-5035471
-4927157
-4818843
-4710529
-4602215
-4493901
-4385587
-4277273
-4168959
-4060645
-3952331
-3844017
-3735703
-3627389
-3519075
-3410761
-3302447
-3194133
-3085819
-2977505
-2869191
-2760877
-2652563
-2544249
-2435935
-2327621
-2219307
-2110993
-2002679
-1894365
-1786051
-1677737
-1569423
-1461109
-1352795
-1244481
-1136167
-1027853
-919539
-811225
-702911
-594597
-486283
-377969
-269655
-161341
-53027
55287
163601
271915
380229
488543
596857
705171
813485
921799
1030113
1138427
1246741
1355055
1463369
1571683
1679997
1788311
1896625
2004939
2113253
2221567
2329881
2438195
2546509
2654823
2763137
2871451
2979765
3088079
3196393
3304707
3413021
3521335
3629649
3737963
3846277
3954591
4062905
4171219
4279533
4387847
4496161
4604475
4712789
4821103
4929417
5037731
5146045
5254359
5362673
5470987
5579301
5687615
5795929
5904243
6012557
6120871
6229185
6337499
6445813
6554127
6662441
6770755
6879069
6987383
7095697
7204011
7312325
7420639
7528953
7637267
7745581
7853895
7962209
8070523
8178837
8287151
8395465
8503779
8612093
8720407
8828721
8937035
9045349
9153663
9261977
9370291
9478605
9586919
9695233
9803547
9911861
10020175
10128489
10236803
10345117
10453431
10561745
10670059
10778373
10886687
10995001
11103315
11211629
11319943
11428257
11536571
11644885
11753199
11861513
11969827
12078141
12186455
12294769
12403083
12511397
12619711
12728025
12836339
12944653
13052967
13161281
13269595
11377908
9486221
7594534
5702847
3811160
1919473
27786
-1863901
-3755588
-5647275
-7538962
-9430649
-11322336
-13214023
-13105709
-12997395
-12889081
-12780767
-12672453
-12564139
-12455825
-12347511
-12239197
-12130883
-12022569
-11914255
-11805941
-11697627
-11589313
-11480999
-11372685
-11264371
-11156057
-11047743
-10939429
-10831115
-10722801
-10614487
-10506173
-10397859
-10289545
-10181231
-10072917
-9964603
-9856289
-9747975
-9639661
-9531347
-9423033
-9314719
-9206405
-9098091
-8989777
-8881463
-8773149
-8664835
-8556521
-8448207
-8339893
-8231579
-8123265
-8014951
-7906637
-7798323
-7690009
-7581695
-7473381
-7365067
-7256753
-7148439
-7040125
-6931811
-6823497
-6715183
-6606869
-6498555
-6390241
-6281927
-6173613
-6065299
-5956985
-5848671
-5740357
-5632043
-5523729
-5415415
-5307101
-5198787
-5090473
-4982159
-4873845
-4765531
-4657217
-4548903
-4440589
-4332275
-4223961
-4115647
-4007333
-3899019
-3790705
-3682391
-3574077
-3465763
-3357449
-3249135
-3140821
-3032507
-2924193
-2815879
-2707565
-2599251
-2490937
-2382623
-2274309
-2165995
-2057681
-1949367
-1841053
-1732739
-1624425
-1516111
-1407797
-1299483
-1191169
-1082855
-974541
-866227
-757913
-649599
-541285
-432971
-324657
-216343
-108029
285
108599
216913
325227
433541
541855
650169
758483
866797
975111
1083425
1191739
1300053
1408367
1516681
1624995
1733309
1841623
1949937
2058251
2166565
2274879
2383193
2491507
2599821
2708135
2816449
2924763
3033077
3141391
3249705
3358019
3466333
3574647
3682961
3791275
3899589
4007903
4116217
4224531
4332845
4441159
4549473
4657787
4766101
4874415
4982729
5091043
5199357
5307671
5415985
5524299
5632613
5740927
5849241
5957555
6065869
6174183
6282497
6390811
6499125
6607439
6715753
6824067
6932381
7040695
7149009
7257323
7365637
7473951
7582265
7690579
7798893
7907207
8015521
8123835
8232149
8340463
8448777
8557091
8665405
8773719
8882033
8990347
9098661
9206975
9315289
9423603
9531917
9640231
9748545
9856859
9965173
10073487
10181801
10290115
10398429
10506743
10615057
10723371
10831685
10939999
11048313
11156627
11264941
11373255
11481569
11589883
11698197
11806511
11914825
12023139
12131453
12239767
12348081
12456395
12564709
12673023
10781336
8889649
6997962
5106275
3214588
1322901
-568786
-2460473
-4352160
-6243847
-8135534
-10027221
-11918908
-13810595
-13702281
-13593967
-13485653
-13377339
-13269025
-13160711
-13052397
-12944083
-12835769
-12727455
-12619141
-12510827
-12402513
-12294199
-12185885
-12077571
-11969257
-11860943
-11752629
-11644315
-11536001
-11427687
-11319373
-11211059
-11102745
-10994431
-10886117
-10777803
-10669489
-10561175
-10452861
-10344547
-10236233
-10127919
-10019605
-9911291
-9802977
-9694663
-9586349
-9478035
-9369721
-9261407
-9153093
-9044779
-8936465
-8828151
-8719837
-8611523
-8503209
-8394895
-8286581
-8178267
-8069953
-7961639
-7853325
-7745011
-7636697
-7528383
-7420069
-7311755
-7203441
-7095127
-6986813
-6878499
-6770185
-6661871
-6553557
-6445243
-6336929
-6228615
-6120301
-6011987
-5903673
-5795359
-5687045
-5578731
-5470417
-5362103
-5253789
-5145475
-5037161
-4928847
-4820533
-4712219
-4603905
-4495591
-4387277
-4278963
-4170649
-4062335
-3954021
-3845707
-3737393
-3629079
-3520765
-3412451
-3304137
-3195823
-3087509
-2979195
-2870881
-2762567
-2654253
-2545939
-2437625
-2329311
-2220997
-2112683
-2004369
-1896055
-1787741
-1679427
-1571113
-1462799
-1354485
-1246171
-1137857
-1029543
-921229
-812915
-704601
-596287
-487973
-379659
-271345
-163031
-54717
53597
161911
270225
378539
486853
595167
703481
811795
920109
1028423
1136737
1245051
1353365
1461679
1569993
1678307
1786621
1894935
2003249
2111563
2219877
2328191
2436505
2544819
2653133
2761447
2869761
2978075
3086389
3194703
3303017
3411331
3519645
3627959
3736273
3844587
3952901
4061215
4169529
4277843
4386157
4494471
4602785
4711099
4819413
4927727
5036041
5144355
5252669
5360983
5469297
5577611
5685925
5794239
5902553
6010867
6119181
6227495
6335809
6444123
6552437
6660751
6769065
6877379
6985693
7094007
7202321
7310635
7418949
7527263
7635577
7743891
7852205
7960519
8068833
8177147
8285461
8393775
8502089
8610403
8718717
8827031
8935345
9043659
9151973
9260287
9368601
9476915
9585229
9693543
9801857
9910171
10018485
10126799
10235113
10343427
10451741
10560055
10668369
10776683
10884997
10993311
11101625
11209939
11318253
11426567
11534881
11643195
11751509
11859823
11968137
12076451
10184764
8293077
6401390
4509703
2618016
726329
-1165358
-3057045
-4948732
-6840419
-8732106
-10623793
-12515480
-12407166
-12298852
-12190538
-12082224
-11973910
-11865596
-11757282
-11648968
-11540654
-11432340
-11324026
-11215712
-11107398
-10999084
-10890770
-10782456
-10674142
-10565828
-10457514
-10349200
-10240886
-10132572
-10024258
-9915944
-9807630
-9699316
-9591002
-9482688
-9374374
-9266060
-9157746
-9049432
-8941118
-8832804
-8724490
-8616176
-8507862
-8399548
-8291234
-8182920
-8074606
-7966292
-7857978
-7749664
-7641350
-7533036
-7424722
-7316408
-7208094
-7099780
-6991466
-6883152
-6774838
-6666524
-6558210
-6449896
-6341582
-6233268
-6124954
-6016640
-5908326
-5800012
-5691698
-5583384
-5475070
-5366756
-5258442
-5150128
-5041814
-4933500
-4825186
-4716872
-4608558
-4500244
-4391930
-4283616
-4175302
-4066988
-3958674
-3850360
-3742046
-3633732
-3525418
-3417104
-3308790
-3200476
-3092162
-2983848
-2875534
-2767220
-2658906
-2550592
-2442278
-2333964
-2225650
-2117336
-2009022
-1900708
-1792394
-1684080
-1575766
-1467452
-1359138
-1250824
-1142510
-1034196
-925882
-817568
-709254
-600940
-492626
-384312
-275998
-167684
-59370
48944
157258
265572
373886
482200
590514
698828
807142
915456
1023770
1132084
1240398
1348712
1457026
1565340
1673654
1781968
1890282
1998596
2106910
2215224
2323538
2431852
2540166
2648480
2756794
2865108
2973422
3081736
3190050
3298364
3406678
3514992
3623306
3731620
3839934
3948248
4056562
4164876
4273190
4381504
4489818
4598132
4706446
4814760
4923074
5031388
5139702
5248016
5356330
5464644
5572958
5681272
5789586
5897900
6006214
6114528
6222842
6331156
6439470
6547784
6656098
6764412
6872726
6981040
7089354
7197668
7305982
7414296
7522610
7630924
7739238
7847552
7955866
8064180
8172494
8280808
8389122
8497436
8605750
8714064
8822378
8930692
9039006
9147320
9255634
9363948
9472262
9580576
9688890
9797204
9905518
10013832
10122146
10230460
10338774
10447088
10555402
10663716
10772030
10880344
10988658
11096972
11205286
11313600
11421914
11530228
11638542
11746856
11855170
11963484
12071798
12180112
12288426
12396740
12505054
12613368
12721682
12829996
12938310
13046624
13154938
13263252
13371566
11479879
9588192
7696505
5804818
3913131
2021444
129757
-1761930
-3653617
-5545304
-7436991
-9328678
-11220365
-13112052
-13003738
-12895424
-12787110
-12678796
-12570482
-12462168
-12353854
-12245540
-12137226
-12028912
-11920598
-11812284
-11703970
-11595656
-11487342
-11379028
-11270714
-11162400
-11054086
-10945772
-10837458
-10729144
-10620830
-10512516
-10404202
-10295888
-10187574
-10079260
-9970946
-9862632
-9754318
-9646004
-9537690
-9429376
-9321062
-9212748
-9104434
-8996120
-8887806
-8779492
-8671178
-8562864
-8454550
-8346236
-8237922
-8129608
-8021294
-7912980
-7804666
-7696352
-7588038
-7479724
-7371410
-7263096
-7154782
-7046468
-6938154
-6829840
-6721526
-6613212
-6504898
-6396584
-6288270
-6179956
-6071642
-5963328
-5855014
-5746700
-5638386
-5530072
-5421758
-5313444
-5205130
-5096816
-4988502
-4880188
-4771874
-4663560
-4555246
-4446932
-4338618
-4230304
-4121990
-4013676
-3905362
-3797048
-3688734
-3580420
-3472106
-3363792
-3255478
-3147164
-3038850
-2930536
-2822222
-2713908
-2605594
-2497280
-2388966
-2280652
-2172338
-2064024
-1955710
-1847396
-1739082
-1630768
-1522454
-1414140
-1305826
-1197512
-1089198
-980884
-872570
-764256
-655942
-547628
-439314
-331000
-222686
-114372
-6058
102256
210570
318884
427198
535512
643826
752140
860454
968768
1077082
1185396
1293710
1402024
1510338
1618652
1726966
1835280
1943594
2051908
2160222
2268536
2376850
2485164
2593478
2701792
2810106
2918420
3026734
3135048
3243362
3351676
3459990
3568304
3676618
3784932
3893246
4001560
4109874
4218188
4326502
4434816
4543130
4651444
4759758
4868072
4976386
5084700
5193014
5301328
5409642
5517956
5626270
5734584
5842898
5951212
6059526
6167840
6276154
6384468
6492782
6601096
6709410
6817724
6926038
7034352
7142666
7250980
7359294
7467608
7575922
7684236
7792550
7900864
8009178
8117492
8225806
8334120
8442434
8550748
8659062
8767376
8875690
8984004
9092318
9200632
9308946
9417260
9525574
9633888
9742202
9850516
9958830
10067144
10175458
10283772
10392086
10500400
10608714
10717028
10825342
10933656
11041970
11150284
11258598
11366912
11475226
11583540
11691854
11800168
11908482
12016796
12125110
12233424
12341738
12450052
12558366
12666680
12774994
10883307
8991620
7099933
5208246
3316559
1424872
-466815
-2358502
-4250189
-6141876
-8033563
-9925250
-11816937
-11708623
-11600309
-11491995
-11383681
-11275367
-11167053
-11058739
-10950425
-10842111
-10733797
-10625483
-10517169
-10408855
-10300541
-10192227
-10083913
-9975599
-9867285
-9758971
-9650657
-9542343
-9434029
-9325715
-9217401
-9109087
-9000773
-8892459
-8784145
-8675831
-8567517
-8459203
-8350889
-8242575
-8134261
-8025947
-7917633
-7809319
-7701005
-7592691
-7484377
-7376063
-7267749
-7159435
-7051121
-6942807
-6834493
-6726179
-6617865
-6509551
-6401237
-6292923
-6184609
-6076295
-5967981
-5859667
-5751353
-5643039
-5534725
-5426411
-5318097
-5209783
-5101469
-4993155
-4884841
-4776527
-4668213
-4559899
-4451585
-4343271
-4234957
-4126643
-4018329
-3910015
-3801701
-3693387
-3585073
-3476759
-3368445
-3260131
-3151817
-3043503
-2935189
-2826875
-2718561
-2610247
-2501933
-2393619
-2285305
-2176991
-2068677
-1960363
-1852049
-1743735
-1635421
-1527107
-1418793
-1310479
-1202165
-1093851
-985537
-877223
-768909
-660595
-552281
-443967
-335653
-227339
-119025
-10711
97603
205917
314231
422545
530859
639173
747487
855801
964115
1072429
1180743
1289057
1397371
1505685
1613999
1722313
1830627
1938941
2047255
2155569
2263883
2372197
2480511
2588825
2697139
2805453
2913767
3022081
3130395
3238709
3347023
3455337
3563651
3671965
3780279
3888593
3996907
4105221
4213535
4321849
4430163
4538477
4646791
4755105
4863419
4971733
5080047
5188361
5296675
5404989
5513303
5621617
5729931
5838245
5946559
6054873
6163187
6271501
6379815
6488129
6596443
6704757
6813071
6921385
7029699
7138013
7246327
7354641
7462955
7571269
7679583
7787897
7896211
8004525
8112839
8221153
8329467
8437781
8546095
8654409
8762723
8871037
8979351
9087665
9195979
9304293
9412607
9520921
9629235
9737549
9845863
9954177
10062491
10170805
10279119
10387433
10495747
10604061
10712375
10820689
10929003
11037317
11145631
11253945
11362259
11470573
11578887
11687201
11795515
11903829
12012143
12120457
12228771
12337085
12445399
12553713
12662027
12770341
12878655
12986969
13095283
13203597
13311911
13420225
13528539
13636853
13745167
13853481
13961795
14070109
12178422
10286735
8395048
6503361
4611674
2719987
828300
-1063387
-2955074
-4846761
-6738448
-8630135
-10521822
-12413509
-12305195
-12196881
-12088567
-11980253
-11871939
-11763625
-11655311
-11546997
-11438683
-11330369
-11222055
-11113741
-11005427
-10897113
-10788799
-10680485
-10572171
-10463857
-10355543
-10247229
-10138915
-10030601
-9922287
-9813973
-9705659
-9597345
-9489031
-9380717
-9272403
-9164089
-9055775
-8947461
-8839147
-8730833
-8622519
-8514205
-8405891
-8297577
-8189263
-8080949
-7972635
-7864321
-7756007
-7647693
-7539379
-7431065
-7322751
-7214437
-7106123
-6997809
-6889495
-6781181
-6672867
-6564553
-6456239
-6347925
-6239611
-6131297
-6022983
-5914669
-5806355
-5698041
-5589727
-5481413
-5373099
-5264785
-5156471
-5048157
-4939843
-4831529
-4723215
-4614901
-4506587
-4398273
-4289959
-4181645
-4073331
-3965017
-3856703
-3748389
-3640075
-3531761
-3423447
-3315133
-3206819
-3098505
-2990191
-2881877
-2773563
-2665249
-2556935
-2448621
-2340307
-2231993
-2123679
-2015365
-1907051
-1798737
-1690423
-1582109
-1473795
-1365481
-1257167
-1148853
-1040539
-932225
-823911
-715597
-607283
-498969
-390655
-282341
-174027
-65713
42601
150915
259229
367543
475857
584171
692485
800799
909113
1017427
1125741
1234055
1342369
1450683
1558997
1667311
1775625
1883939
1992253
2100567
2208881
2317195
2425509
2533823
2642137
2750451
2858765
2967079
3075393
3183707
3292021
3400335
3508649
3616963
3725277
3833591
3941905
4050219
4158533
4266847
4375161
4483475
4591789
4700103
4808417
4916731
5025045
5133359
5241673
5349987
5458301
5566615
5674929
5783243
5891557
5999871
6108185
6216499
6324813
6433127
6541441
6649755
6758069
6866383
6974697
7083011
7191325
7299639
7407953
7516267
7624581
7732895
7841209
7949523
8057837
8166151
8274465
8382779
8491093
8599407
8707721
8816035
8924349
9032663
9140977
9249291
9357605
9465919
9574233
9682547
9790861
9899175
10007489
10115803
10224117
10332431
10440745
10549059
10657373
10765687
10874001
10982315
11090629
11198943
11307257
11415571
11523885
11632199
11740513
11848827
11957141
12065455
12173769
12282083
12390397
12498711
12607025
12715339
12823653
12931967
13040281
13148595
13256909
13365223
13473537
11581850
9690163
7798476
5906789
4015102
2123415
231728
-1659959
-3551646
-5443333
-7335020
-9226707
-11118394
-11010080
-10901766
-10793452
-10685138
-10576824
-10468510
-10360196
-10251882
-10143568
-10035254
-9926940
-9818626
-9710312
-9601998
-9493684
-9385370
-9277056
-9168742
-9060428
-8952114
-8843800
-8735486
-8627172
-8518858
-8410544
-8302230
-8193916
-8085602
-7977288
-7868974
-7760660
-7652346
-7544032
-7435718
-7327404
-7219090
-7110776
-7002462
-6894148
-6785834
-6677520
-6569206
-6460892
-6352578
-6244264
-6135950
-6027636
-5919322
-5811008
-5702694
-5594380
-5486066
-5377752
-5269438
-5161124
-5052810
-4944496
-4836182
-4727868
-4619554
-4511240
-4402926
-4294612
-4186298
-4077984
-3969670
-3861356
-3753042
-3644728
-3536414
-3428100
-3319786
-3211472
-3103158
-2994844
-2886530
-2778216
-2669902
-2561588
-2453274
-2344960
-2236646
-2128332
-2020018
-1911704
-1803390
-1695076
-1586762
-1478448
-1370134
-1261820
-1153506
-1045192
-936878
-828564
-720250
-611936
-503622
-395308
-286994
-178680
-70366
37948
146262
254576
362890
471204
579518
687832
796146
904460
1012774
1121088
1229402
1337716
1446030
1554344
1662658
1770972
1879286
1987600
2095914
2204228
2312542
2420856
2529170
2637484
2745798
2854112
2962426
3070740
3179054
3287368
3395682
3503996
3612310
3720624
3828938
3937252
4045566
4153880
4262194
4370508
4478822
4587136
4695450
4803764
4912078
5020392
5128706
5237020
5345334
5453648
5561962
5670276
5778590
5886904
5995218
6103532
6211846
6320160
6428474
6536788
6645102
6753416
6861730
6970044
7078358
7186672
7294986
7403300
7511614
7619928
7728242
7836556
7944870
8053184
8161498
8269812
8378126
8486440
8594754
8703068
8811382
8919696
9028010
9136324
9244638
9352952
9461266
9569580
9677894
9786208
9894522
10002836
10111150
10219464
10327778
10436092
10544406
10652720
10761034
10869348
10977662
11085976
11194290
11302604
11410918
11519232
11627546
11735860
11844174
11952488
12060802
12169116
12277430
12385744
12494058
12602372
12710686
12819000
12927314
13035628
13143942
13252256
13360570
13468884
13577198
13685512
13793826
13902140
14010454
14118768
14227082
14335396
14443710
14552024
14660338
14768652
12876965
10985278
9093591
7201904
5310217
3418530
1526843
-364844
-2256531
-4148218
-6039905
-7931592
-9823279
-11714966
-11606652
-11498338
-11390024
-11281710
-11173396
-11065082
-10956768
-10848454
-10740140
-10631826
-10523512
-10415198
-10306884
-10198570
-10090256
-9981942
-9873628
-9765314
-9657000
-9548686
-9440372
-9332058
-9223744
-9115430
-9007116
-8898802
-8790488
-8682174
-8573860
-8465546
-8357232
-8248918
-8140604
-8032290
-7923976
-7815662
-7707348
-7599034
-7490720
-7382406
-7274092
-7165778
-7057464
-6949150
-6840836
-6732522
-6624208
-6515894
-6407580
-6299266
-6190952
-6082638
-5974324
-5866010
-5757696
-5649382
-5541068
-5432754
-5324440
-5216126
-5107812
-4999498
-4891184
-4782870
-4674556
-4566242
-4457928
-4349614
-4241300
-4132986
-4024672
-3916358
-3808044
-3699730
-3591416
-3483102
-3374788
-3266474
-3158160
-3049846
-2941532
-2833218
-2724904
-2616590
-2508276
-2399962
-2291648
-2183334
-2075020
-1966706
-1858392
-1750078
-1641764
-1533450
-1425136
-1316822
-1208508
-1100194
-991880
-883566
-775252
-666938
-558624
-450310
-341996
-233682
-125368
-17054
91260
199574
307888
416202
524516
632830
741144
849458
957772
1066086
1174400
1282714
1391028
1499342
1607656
1715970
1824284
1932598
2040912
2149226
2257540
2365854
2474168
2582482
2690796
2799110
2907424
3015738
3124052
3232366
3340680
3448994
3557308
3665622
3773936
3882250
3990564
4098878
4207192
4315506
4423820
4532134
4640448
4748762
4857076
4965390
5073704
5182018
5290332
5398646
5506960
5615274
5723588
5831902
5940216
6048530
6156844
6265158
6373472
6481786
6590100
6698414
6806728
6915042
7023356
7131670
7239984
7348298
7456612
7564926
7673240
7781554
7889868
7998182
8106496
8214810
8323124
8431438
8539752
8648066
8756380
8864694
8973008
9081322
9189636
9297950
9406264
9514578
9622892
9731206
9839520
9947834
10056148
10164462
10272776
10381090
10489404
10597718
10706032
10814346
10922660
11030974
11139288
11247602
11355916
11464230
11572544
11680858
11789172
11897486
12005800
12114114
12222428
12330742
12439056
12547370
12655684
12763998
12872312
12980626
13088940
13197254
13305568
13413882
13522196
13630510
13738824
13847138
13955452
14063766
14172080
12280393
10388706
8497019
6605332
4713645
2821958
930271
-961416
-2853103
-4744790
-6636477
-8528164
-10419851
-12311538
-12203224
-12094910
-11986596
-11878282
-11769968
-11661654
-11553340
-11445026
-11336712
-11228398
-11120084
-11011770
-10903456
-10795142
-10686828
-10578514
-10470200
-10361886
-10253572
-10145258
-10036944
-9928630
-9820316
-9712002
-9603688
-9495374
-9387060
-9278746
-9170432
-9062118
-8953804
-8845490
-8737176
-8628862
-8520548
-8412234
-8303920
-8195606
-8087292
-7978978
-7870664
-7762350
-7654036
-7545722
-7437408
-7329094
-7220780
-7112466
-7004152
-6895838
-6787524
-6679210
-6570896
-6462582
-6354268
-6245954
-6137640
-6029326
-5921012
-5812698
-5704384
-5596070
-5487756
-5379442
-5271128
-5162814
-5054500
-4946186
-4837872
-4729558
-4621244
-4512930
-4404616
-4296302
-4187988
-4079674
-3971360
-3863046
-3754732
-3646418
-3538104
-3429790
-3321476
-3213162
-3104848
-2996534
-2888220
-2779906
-2671592
-2563278
-2454964
-2346650
-2238336
-2130022
-2021708
-1913394
-1805080
-1696766
-1588452
-1480138
-1371824
-1263510
-1155196
-1046882
-938568
-830254
-721940
-613626
-505312
-396998
-288684
-180370
-72056
36258
144572
252886
361200
469514
577828
686142
794456
902770
1011084
1119398
1227712
1336026
1444340
1552654
1660968
1769282
1877596
1985910
2094224
2202538
2310852
2419166
2527480
2635794
2744108
2852422
2960736
3069050
3177364
3285678
3393992
3502306
3610620
3718934
3827248
3935562
4043876
4152190
4260504
4368818
4477132
4585446
4693760
4802074
4910388
5018702
5127016
5235330
5343644
5451958
5560272
5668586
5776900
5885214
5993528
6101842
6210156
6318470
6426784
6535098
6643412
6751726
6860040
6968354
7076668
7184982
7293296
7401610
7509924
7618238
7726552
7834866
7943180
8051494
8159808
8268122
8376436
8484750
8593064
8701378
8809692
8918006
9026320
9134634
9242948
9351262
9459576
9567890
9676204
9784518
9892832
10001146
10109460
10217774
10326088
10434402
10542716
10651030
10759344
10867658
10975972
11084286
11192600
11300914
11409228
11517542
11625856
11734170
11842484
11950798
12059112
12167426
12275740
12384054
12492368
12600682
12708996
12817310
12925624
13033938
13142252
13250566
13358880
13467194
11575507
9683820
7792133
5900446
4008759
2117072
225385
-1666302
-3557989
-5449676
-7341363
-9233050
-11124737
-13016424
-12908110
-12799796
-12691482
-12583168
-12474854
-12366540
-12258226
-12149912
-12041598
-11933284
-11824970
-11716656
-11608342
-11500028
-11391714
-11283400
-11175086
-11066772
-10958458
-10850144
-10741830
-10633516
-10525202
-10416888
-10308574
-10200260
-10091946
-9983632
-9875318
-9767004
-9658690
-9550376
-9442062
-9333748
-9225434
-9117120
-9008806
-8900492
-8792178
-8683864
-8575550
-8467236
-8358922
-8250608
-8142294
-8033980
-7925666
-7817352
-7709038
-7600724
-7492410
-7384096
-7275782
-7167468
-7059154
-6950840
-6842526
-6734212
-6625898
-6517584
-6409270
-6300956
-6192642
-6084328
-5976014
-5867700
-5759386
-5651072
-5542758
-5434444
-5326130
-5217816
-5109502
-5001188
-4892874
-4784560
-4676246
-4567932
-4459618
-4351304
-4242990
-4134676
-4026362
-3918048
-3809734
-3701420
-3593106
-3484792
-3376478
-3268164
-3159850
-3051536
-2943222
-2834908
-2726594
-2618280
-2509966
-2401652
-2293338
-2185024
-2076710
-1968396
-1860082
-1751768
-1643454
-1535140
-1426826
-1318512
-1210198
-1101884
-993570
-885256
-776942
-668628
-560314
-452000
-343686
-235372
-127058
-18744
89570
197884
306198
414512
522826
631140
739454
847768
956082
1064396
1172710
1281024
1389338
1497652
1605966
1714280
1822594
1930908
2039222
2147536
2255850
2364164
2472478
2580792
2689106
2797420
2905734
3014048
3122362
3230676
3338990
3447304
3555618
3663932
3772246
3880560
3988874
4097188
4205502
4313816
4422130
4530444
4638758
4747072
4855386
4963700
5072014
5180328
5288642
5396956
5505270
5613584
5721898
5830212
5938526
6046840
6155154
6263468
6371782
6480096
6588410
6696724
6805038
6913352
7021666
7129980
7238294
7346608
7454922
7563236
7671550
7779864
7888178
7996492
8104806
8213120
8321434
8429748
8538062
8646376
8754690
8863004
8971318
9079632
9187946
9296260
9404574
9512888
9621202
9729516
9837830
9946144
10054458
10162772
10271086
10379400
10487714
10596028
10704342
10812656
10920970
11029284
11137598
11245912
11354226
11462540
11570854
11679168
11787482
11895796
12004110
12112424
12220738
12329052
12437366
12545680
12653994
12762308
12870622
10978935
9087248
7195561
5303874
3412187
1520500
-371187
-2262874
-4154561
-6046248
-7937935
-9829622
-11721309
-13612996
-13504682
-13396368
-13288054
-13179740
-13071426
-12963112
-12854798
-12746484
-12638170
-12529856
-12421542
-12313228
-12204914
-12096600
-11988286
-11879972
-11771658
-11663344
-11555030
-11446716
-11338402
-11230088
-11121774
-11013460
-10905146
-10796832
-10688518
-10580204
-10471890
-10363576
-10255262
-10146948
-10038634
-9930320
-9822006
-9713692
-9605378
-9497064
-9388750
-9280436
-9172122
-9063808
-8955494
-8847180
-8738866
-8630552
-8522238
-8413924
-8305610
-8197296
-8088982
-7980668
-7872354
-7764040
-7655726
-7547412
-7439098
-7330784
-7222470
-7114156
-7005842
-6897528
-6789214
-6680900
-6572586
-6464272
-6355958
-6247644
-6139330
-6031016
-5922702
-5814388
-5706074
-5597760
-5489446
-5381132
-5272818
-5164504
-5056190
-4947876
-4839562
-4731248
-4622934
-4514620
-4406306
-4297992
-4189678
-4081364
-3973050
-3864736
-3756422
-3648108
-3539794
-3431480
-3323166
-3214852
-3106538
-2998224
-2889910
-2781596
-2673282
-2564968
-2456654
-2348340
-2240026
-2131712
-2023398
-1915084
-1806770
-1698456
-1590142
-1481828
-1373514
-1265200
-1156886
-1048572
-940258
-831944
-723630
-615316
-507002
-398688
-290374
-182060
-73746
34568
142882
251196
359510
467824
576138
684452
792766
901080
1009394
1117708
1226022
1334336
1442650
1550964
1659278
1767592
1875906
1984220
2092534
2200848
2309162
2417476
2525790
2634104
2742418
2850732
2959046
3067360
3175674
3283988
3392302
3500616
3608930
3717244
3825558
3933872
4042186
4150500
4258814
4367128
4475442
4583756
4692070
4800384
4908698
5017012
5125326
5233640
5341954
5450268
5558582
5666896
5775210
5883524
5991838
6100152
6208466
6316780
6425094
6533408
6641722
6750036
6858350
6966664
7074978
7183292
7291606
7399920
7508234
7616548
7724862
7833176
7941490
8049804
8158118
8266432
8374746
8483060
8591374
8699688
8808002
8916316
9024630
9132944
9241258
9349572
9457886
9566200
9674514
9782828
9891142
9999456
10107770
10216084
10324398
10432712
10541026
10649340
10757654
10865968
10974282
11082596
11190910
11299224
11407538
11515852
11624166
11732480
11840794
11949108
12057422
12165736
12274050
10382363
8490676
6598989
4707302
2815615
923928
-967759
-2859446
-4751133
-6642820
-8534507
-10426194
-12317881
-12209567
-12101253
-11992939
-11884625
-11776311
-11667997
-11559683
-11451369
-11343055
-11234741
-11126427
-11018113
-10909799
-10801485
-10693171
-10584857
-10476543
-10368229
-10259915
-10151601
-10043287
-9934973
-9826659
-9718345
-9610031
-9501717
-9393403
-9285089
-9176775
-9068461
-8960147
-8851833
-8743519
-8635205
-8526891
-8418577
-8310263
-8201949
-8093635
-7985321
-7877007
-7768693
-7660379
-7552065
-7443751
-7335437
-7227123
-7118809
-7010495
-6902181
-6793867
-6685553
-6577239
-6468925
-6360611
-6252297
-6143983
-6035669
-5927355
-5819041
-5710727
-5602413
-5494099
-5385785
-5277471
-5169157
-5060843
-4952529
-4844215
-4735901
-4627587
-4519273
-4410959
-4302645
-4194331
-4086017
-3977703
-3869389
-3761075
-3652761
-3544447
-3436133
-3327819
-3219505
-3111191
-3002877
-2894563
-2786249
-2677935
-2569621
-2461307
-2352993
-2244679
-2136365
-2028051
-1919737
-1811423
-1703109
-1594795
-1486481
-1378167
-1269853
-1161539
-1053225
-944911
-836597
-728283
-619969
-511655
-403341
-295027
-186713
-78399
29915
138229
246543
354857
463171
571485
679799
788113
896427
1004741
1113055
1221369
1329683
1437997
1546311
1654625
1762939
1871253
1979567
2087881
2196195
2304509
2412823
2521137
2629451
2737765
2846079
2954393
3062707
3171021
3279335
3387649
3495963
3604277
3712591
3820905
3929219
4037533
4145847
4254161
4362475
4470789
4579103
4687417
4795731
4904045
5012359
5120673
5228987
5337301
5445615
5553929
5662243
5770557
5878871
5987185
6095499
6203813
6312127
6420441
6528755
6637069
6745383
6853697
6962011
7070325
7178639
7286953
7395267
7503581
7611895
7720209
7828523
7936837
8045151
8153465
8261779
8370093
8478407
8586721
8695035
8803349
8911663
9019977
9128291
9236605
9344919
9453233
9561547
9669861
9778175
9886489
9994803
10103117
10211431
10319745
10428059
10536373
10644687
10753001
10861315
10969629
11077943
11186257
11294571
11402885
11511199
11619513
11727827
11836141
11944455
12052769
12161083
12269397
12377711
12486025
12594339
12702653
12810967
12919281
13027595
13135909
13244223
13352537
13460851
13569165
11677478
9785791
7894104
6002417
4110730
2219043
327356
-1564331
-3456018
-5347705
-7239392
-9131079
-11022766
-12914453
-12806139
-12697825
-12589511
-12481197
-12372883
-12264569
-12156255
-12047941
-11939627
-11831313
-11722999
-11614685
-11506371
-11398057
-11289743
-11181429
-11073115
-10964801
-10856487
-10748173
-10639859
-10531545
-10423231
-10314917
-10206603
-10098289
-9989975
-9881661
-9773347
-9665033
-9556719
-9448405
-9340091
-9231777
-9123463
-9015149
-8906835
-8798521
-8690207
-8581893
-8473579
-8365265
-8256951
-8148637
-8040323
-7932009
-7823695
-7715381
-7607067
-7498753
-7390439
-7282125
-7173811
-7065497
-6957183
-6848869
-6740555
-6632241
-6523927
-6415613
-6307299
-6198985
-6090671
-5982357
-5874043
-5765729
-5657415
-5549101
-5440787
-5332473
-5224159
-5115845
-5007531
-4899217
-4790903
-4682589
-4574275
-4465961
-4357647
-4249333
-4141019
-4032705
-3924391
-3816077
-3707763
-3599449
-3491135
-3382821
-3274507
-3166193
-3057879
-2949565
-2841251
-2732937
-2624623
-2516309
-2407995
-2299681
-2191367
-2083053
-1974739
-1866425
-1758111
-1649797
-1541483
-1433169
-1324855
-1216541
-1108227
-999913
-891599
-783285
-674971
-566657
-458343
-350029
-241715
-133401
-25087
83227
191541
299855
408169
516483
624797
733111
841425
949739
1058053
1166367
1274681
1382995
1491309
1599623
1707937
1816251
1924565
2032879
2141193
2249507
2357821
2466135
2574449
2682763
2791077
2899391
3007705
3116019
3224333
3332647
3440961
3549275
3657589
3765903
3874217
3982531
4090845
4199159
4307473
4415787
4524101
4632415
4740729
4849043
4957357
5065671
5173985
5282299
5390613
5498927
5607241
5715555
5823869
5932183
6040497
6148811
6257125
6365439
6473753
6582067
6690381
6798695
6907009
7015323
7123637
7231951
7340265
7448579
7556893
7665207
7773521
7881835
7990149
8098463
8206777
8315091
8423405
8531719
8640033
8748347
8856661
8964975
9073289
9181603
9289917
9398231
9506545
9614859
9723173
9831487
9939801
10048115
10156429
10264743
10373057
10481371
10589685
10697999
10806313
10914627
11022941
11131255
11239569
11347883
11456197
11564511
11672825
11781139
11889453
11997767
12106081
12214395
12322709
12431023
12539337
12647651
12755965
12864279
12972593
11080906
9189219
7297532
5405845
3514158
1622471
-269216
-2160903
-4052590
-5944277
-7835964
-9727651
-11619338
-11511024
-11402710
-11294396
-11186082
-11077768
-10969454
-10861140
-10752826
-10644512
-10536198
-10427884
-10319570
-10211256
-10102942
-9994628
-9886314
-9778000
-9669686
-9561372
-9453058
-9344744
-9236430
-9128116
-9019802
-8911488
-8803174
-8694860
-8586546
-8478232
-8369918
-8261604
-8153290
-8044976
-7936662
-7828348
-7720034
-7611720
-7503406
-7395092
-7286778
-7178464
-7070150
-6961836
-6853522
-6745208
-6636894
-6528580
-6420266
-6311952
-6203638
-6095324
-5987010
-5878696
-5770382
-5662068
-5553754
-5445440
-5337126
-5228812
-5120498
-5012184
-4903870
-4795556
-4687242
-4578928
-4470614
-4362300
-4253986
-4145672
-4037358
-3929044
-3820730
-3712416
-3604102
-3495788
-3387474
-3279160
-3170846
-3062532
-2954218
-2845904
-2737590
-2629276
-2520962
-2412648
-2304334
-2196020
-2087706
-1979392
-1871078
-1762764
-1654450
-1546136
-1437822
-1329508
-1221194
-1112880
-1004566
-896252
-787938
-679624
-571310
-462996
-354682
-246368
-138054
-29740
78574
186888
295202
403516
511830
620144
728458
836772
945086
1053400
1161714
1270028
1378342
1486656
1594970
1703284
1811598
1919912
2028226
2136540
2244854
2353168
2461482
2569796
2678110
2786424
2894738
3003052
3111366
3219680
3327994
3436308
3544622
3652936
3761250
3869564
3977878
4086192
4194506
4302820
4411134
4519448
4627762
4736076
4844390
4952704
5061018
5169332
5277646
5385960
5494274
5602588
5710902
5819216
5927530
6035844
6144158
6252472
6360786
6469100
6577414
6685728
6794042
6902356
7010670
7118984
7227298
7335612
7443926
7552240
7660554
7768868
7877182
7985496
8093810
8202124
8310438
8418752
8527066
8635380
8743694
8852008
8960322
9068636
9176950
9285264
9393578
9501892
9610206
9718520
9826834
9935148
10043462
10151776
10260090
10368404
10476718
10585032
10693346
10801660
10909974
11018288
11126602
11234916
11343230
11451544
11559858
11668172
11776486
11884800
11993114
12101428
12209742
12318056
12426370
12534684
12642998
12751312
12859626
12967940
13076254
13184568
13292882
13401196
13509510
13617824
13726138
13834452
13942766
14051080
14159394
14267708
12376021
10484334
8592647
6700960
4809273
2917586
1025899
-865788
-2757475
-4649162
-6540849
-8432536
-10324223
-12215910
-12107596
-11999282
-11890968
-11782654
-11674340
-11566026
-11457712
-11349398
-11241084
-11132770
-11024456
-10916142
-10807828
-10699514
-10591200
-10482886
-10374572
-10266258
-10157944
-10049630
-9941316
-9833002
-9724688
-9616374
-9508060
-9399746
-9291432
-9183118
-9074804
-8966490
-8858176
-8749862
-8641548
-8533234
-8424920
-8316606
-8208292
-8099978
-7991664
-7883350
-7775036
-7666722
-7558408
-7450094
-7341780
-7233466
-7125152
-7016838
-6908524
-6800210
-6691896
-6583582
-6475268
-6366954
-6258640
-6150326
-6042012
-5933698
-5825384
-5717070
-5608756
-5500442
-5392128
-5283814
-5175500
-5067186
-4958872
-4850558
-4742244
-4633930
-4525616
-4417302
-4308988
-4200674
-4092360
-3984046
-3875732
-3767418
-3659104
-3550790
-3442476
-3334162
-3225848
-3117534
-3009220
-2900906
-2792592
-2684278
-2575964
-2467650
-2359336
-2251022
-2142708
-2034394
-1926080
-1817766
-1709452
-1601138
-1492824
-1384510
-1276196
-1167882
-1059568
-951254
-842940
-734626
-626312
-517998
-409684
-301370
-193056
-84742
23572
131886
240200
348514
456828
565142
673456
781770
890084
998398
1106712
1215026
1323340
1431654
1539968
1648282
1756596
1864910
1973224
2081538
2189852
2298166
2406480
2514794
2623108
2731422
2839736
2948050
3056364
3164678
3272992
3381306
3489620
3597934
3706248
3814562
3922876
4031190
4139504
4247818
4356132
4464446
4572760
4681074
4789388
4897702
5006016
5114330
5222644
5330958
5439272
5547586
5655900
5764214
5872528
5980842
6089156
6197470
6305784
6414098
6522412
6630726
6739040
6847354
6955668
7063982
7172296
7280610
7388924
7497238
7605552
7713866
7822180
7930494
8038808
8147122
8255436
8363750
8472064
8580378
8688692
8797006
8905320
9013634
9121948
9230262
9338576
9446890
9555204
9663518
9771832
9880146
9988460
10096774
10205088
10313402
10421716
10530030
10638344
10746658
10854972
10963286
11071600
11179914
11288228
11396542
11504856
11613170
11721484
11829798
11938112
12046426
12154740
12263054
12371368
12479682
12587996
12696310
12804624
12912938
13021252
13129566
13237880
13346194
13454508
13562822
13671136
11779449
9887762
7996075
6104388
4212701
2321014
429327
-1462360
-3354047
-5245734
-7137421
-9029108
-10920795
-10812481
-10704167
-10595853
-10487539
-10379225
-10270911
-10162597
-10054283
-9945969
-9837655
-9729341
-9621027
-9512713
-9404399
-9296085
-9187771
-9079457
-8971143
-8862829
-8754515
-8646201
-8537887
-8429573
-8321259
-8212945
-8104631
-7996317
-7888003
-7779689
-7671375
-7563061
-7454747
-7346433
-7238119
-7129805
-7021491
-6913177
-6804863
-6696549
-6588235
-6479921
-6371607
-6263293
-6154979
-6046665
-5938351
-5830037
-5721723
-5613409
-5505095
-5396781
-5288467
-5180153
-5071839
-4963525
-4855211
-4746897
-4638583
-4530269
-4421955
-4313641
-4205327
-4097013
-3988699
-3880385
-3772071
-3663757
-3555443
-3447129
-3338815
-3230501
-3122187
-3013873
-2905559
-2797245
-2688931
-2580617
-2472303
-2363989
-2255675
-2147361
-2039047
-1930733
-1822419
-1714105
-1605791
-1497477
-1389163
-1280849
-1172535
-1064221
-955907
-847593
-739279
-630965
-522651
-414337
-306023
-197709
-89395
18919
127233
235547
343861
452175
560489
668803
777117
885431
993745
1102059
1210373
1318687
1427001
1535315
1643629
1751943
1860257
1968571
2076885
2185199
2293513
2401827
2510141
2618455
2726769
2835083
2943397
3051711
3160025
3268339
3376653
3484967
3593281
3701595
3809909
3918223
4026537
4134851
4243165
4351479
4459793
4568107
4676421
4784735
4893049
5001363
5109677
5217991
5326305
5434619
5542933
5651247
5759561
5867875
5976189
6084503
6192817
6301131
6409445
6517759
6626073
6734387
6842701
6951015
7059329
7167643
7275957
7384271
7492585
7600899
7709213
7817527
7925841
8034155
8142469
8250783
8359097
8467411
8575725
8684039
8792353
8900667
9008981
9117295
9225609
9333923
9442237
9550551
9658865
9767179
9875493
9983807
10092121
10200435
10308749
10417063
10525377
10633691
10742005
10850319
10958633
11066947
11175261
11283575
11391889
11500203
11608517
11716831
11825145
11933459
12041773
12150087
12258401
12366715
12475029
12583343
12691657
12799971
12908285
13016599
13124913
13233227
13341541
13449855
13558169
13666483
13774797
13883111
13991425
14099739
14208053
14316367
14424681
14532995
14641309
14749623
14857937
14966251
13074564
11182877
9291190
7399503
5507816
3616129
1724442
-167245
-2058932
-3950619
-5842306
-7733993
-9625680
-11517367
-11409053
-11300739
-11192425
-11084111
-10975797
-10867483
-10759169
-10650855
-10542541
-10434227
-10325913
-10217599
-10109285
-10000971
-9892657
-9784343
-9676029
-9567715
-9459401
-9351087
-9242773
-9134459
-9026145
-8917831
-8809517
-8701203
-8592889
-8484575
-8376261
-8267947
-8159633
-8051319
-7943005
-7834691
-7726377
-7618063
-7509749
-7401435
-7293121
-7184807
-7076493
-6968179
-6859865
-6751551
-6643237
-6534923
-6426609
-6318295
-6209981
-6101667
-5993353
-5885039
-5776725
-5668411
-5560097
-5451783
-5343469
-5235155
-5126841
-5018527
-4910213
-4801899
-4693585
-4585271
-4476957
-4368643
-4260329
-4152015
-4043701
-3935387
-3827073
-3718759
-3610445
-3502131
-3393817
-3285503
-3177189
-3068875
-2960561
-2852247
-2743933
-2635619
-2527305
-2418991
-2310677
-2202363
-2094049
-1985735
-1877421
-1769107
-1660793
-1552479
-1444165
-1335851
-1227537
-1119223
-1010909
-902595
-794281
-685967
-577653
-469339
-361025
-252711
-144397
-36083
72231
180545
288859
397173
505487
613801
722115
830429
938743
1047057
1155371
1263685
1371999
1480313
1588627
1696941
1805255
1913569
2021883
2130197
2238511
2346825
2455139
2563453
2671767
2780081
2888395
2996709
3105023
3213337
3321651
3429965
3538279
3646593
3754907
3863221
3971535
4079849
4188163
4296477
4404791
4513105
4621419
4729733
4838047
4946361
5054675
5162989
5271303
5379617
5487931
5596245
5704559
5812873
5921187
6029501
6137815
6246129
6354443
6462757
6571071
6679385
6787699
6896013
7004327
7112641
7220955
7329269
7437583
7545897
7654211
7762525
7870839
7979153
8087467
8195781
8304095
8412409
8520723
8629037
8737351
8845665
8953979
9062293
9170607
9278921
9387235
9495549
9603863
9712177
9820491
9928805
10037119
10145433
10253747
10362061
10470375
10578689
10687003
10795317
10903631
11011945
11120259
11228573
11336887
11445201
11553515
11661829
11770143
11878457
11986771
12095085
12203399
12311713
12420027
12528341
12636655
12744969
12853283
12961597
13069911
13178225
13286539
13394853
13503167
13611481
13719795
13828109
13936423
14044737
14153051
14261365
14369679
12477992
10586305
8694618
6802931
4911244
3019557
1127870
-763817
-2655504
-4547191
-6438878
-8330565
-10222252
-12113939
-12005625
-11897311
-11788997
-11680683
-11572369
-11464055
-11355741
-11247427
-11139113
-11030799
-10922485
-10814171
-10705857
-10597543
-10489229
-10380915
-10272601
-10164287
-10055973
-9947659
-9839345
-9731031
-9622717
-9514403
-9406089
-9297775
-9189461
-9081147
-8972833
-8864519
-8756205
-8647891
-8539577
-8431263
-8322949
-8214635
-8106321
-7998007
-7889693
-7781379
-7673065
-7564751
-7456437
-7348123
-7239809
-7131495
-7023181
-6914867
-6806553
-6698239
-6589925
-6481611
-6373297
-6264983
-6156669
-6048355
-5940041
-5831727
-5723413
-5615099
-5506785
-5398471
-5290157
-5181843
-5073529
-4965215
-4856901
-4748587
-4640273
-4531959
-4423645
-4315331
-4207017
-4098703
-3990389
-3882075
-3773761
-3665447
-3557133
-3448819
-3340505
-3232191
-3123877
-3015563
-2907249
-2798935
-2690621
-2582307
-2473993
-2365679
-2257365
-2149051
-2040737
-1932423
-1824109
-1715795
-1607481
-1499167
-1390853
-1282539
-1174225
-1065911
-957597
-849283
-740969
-632655
-524341
-416027
-307713
-199399
-91085
17229
125543
233857
342171
450485
558799
667113
775427
883741
992055
1100369
1208683
1316997
1425311
1533625
1641939
1750253
1858567
1966881
2075195
2183509
2291823
2400137
2508451
2616765
2725079
2833393
2941707
3050021
3158335
3266649
3374963
3483277
3591591
3699905
3808219
3916533
4024847
4133161
4241475
4349789
4458103
4566417
4674731
4783045
4891359
4999673
5107987
5216301
5324615
5432929
5541243
5649557
5757871
5866185
5974499
6082813
6191127
6299441
6407755
6516069
6624383
6732697
6841011
6949325
7057639
7165953
7274267
7382581
7490895
7599209
7707523
7815837
7924151
8032465
8140779
8249093
8357407
8465721
8574035
8682349
8790663
8898977
9007291
9115605
9223919
9332233
9440547
9548861
9657175
9765489
9873803
9982117
10090431
10198745
10307059
10415373
10523687
10632001
10740315
10848629
10956943
11065257
11173571
11281885
11390199
11498513
11606827
11715141
11823455
11931769
12040083
12148397
12256711
12365025
12473339
12581653
12689967
12798281
12906595
13014909
13123223
13231537
13339851
13448165
13556479
13664793
11773106
9881419
7989732
6098045
4206358
2314671
422984
-1468703
-3360390
-5252077
-7143764
-9035451
-10927138
-12818825
-12710511
-12602197
-12493883
-12385569
-12277255
-12168941
-12060627
-11952313
-11843999
-11735685
-11627371
-11519057
-11410743
-11302429
-11194115
-11085801
-10977487
-10869173
-10760859
-10652545
-10544231
-10435917
-10327603
-10219289
-10110975
-10002661
-9894347
-9786033
-9677719
-9569405
-9461091
-9352777
-9244463
-9136149
-9027835
-8919521
-8811207
-8702893
-8594579
-8486265
-8377951
-8269637
-8161323
-8053009
-7944695
-7836381
-7728067
-7619753
-7511439
-7403125
-7294811
-7186497
-7078183
-6969869
-6861555
-6753241
-6644927
-6536613
-6428299
-6319985
-6211671
-6103357
-5995043
-5886729
-5778415
-5670101
-5561787
-5453473
-5345159
-5236845
-5128531
-5020217
-4911903
-4803589
-4695275
-4586961
-4478647
-4370333
-4262019
-4153705
-4045391
-3937077
-3828763
-3720449
-3612135
-3503821
-3395507
-3287193
-3178879
-3070565
-2962251
-2853937
-2745623
-2637309
-2528995
-2420681
-2312367
-2204053
-2095739
-1987425
-1879111
-1770797
-1662483
-1554169
-1445855
-1337541
-1229227
-1120913
-1012599
-904285
-795971
-687657
-579343
-471029
-362715
-254401
-146087
-37773
70541
178855
287169
395483
503797
612111
720425
828739
937053
1045367
1153681
1261995
1370309
1478623
1586937
1695251
1803565
1911879
2020193
2128507
2236821
2345135
2453449
2561763
2670077
2778391
2886705
2995019
3103333
3211647
3319961
3428275
3536589
3644903
3753217
3861531
3969845
4078159
4186473
4294787
4403101
4511415
4619729
4728043
4836357
4944671
5052985
5161299
5269613
5377927
5486241
5594555
5702869
5811183
5919497
6027811
6136125
6244439
6352753
6461067
6569381
6677695
6786009
6894323
7002637
7110951
7219265
7327579
7435893
7544207
7652521
7760835
7869149
7977463
8085777
8194091
8302405
8410719
8519033
8627347
8735661
8843975
8952289
9060603
9168917
9277231
9385545
9493859
9602173
9710487
9818801
9927115
10035429
10143743
10252057
10360371
10468685
10576999
10685313
10793627
10901941
11010255
11118569
11226883
11335197
11443511
11551825
11660139
11768453
11876767
11985081
12093395
12201709
12310023
12418337
12526651
12634965
12743279
12851593
12959907
13068221
11176534
9284847
7393160
5501473
3609786
1718099
-173588
-2065275
-3956962
-5848649
-7740336
-9632023
-11523710
-13415397
-13307083
-13198769
-13090455
-12982141
-12873827
-12765513
-12657199
-12548885
-12440571
-12332257
-12223943
-12115629
-12007315
-11899001
-11790687
-11682373
-11574059
-11465745
-11357431
-11249117
-11140803
-11032489
-10924175
-10815861
-10707547
-10599233
-10490919
-10382605
-10274291
-10165977
-10057663
-9949349
-9841035
-9732721
-9624407
-9516093
-9407779
-9299465
-9191151
-9082837
-8974523
-8866209
-8757895
-8649581
-8541267
-8432953
-8324639
-8216325
-8108011
-7999697
-7891383
-7783069
-7674755
-7566441
-7458127
-7349813
-7241499
-7133185
-7024871
-6916557
-6808243
-6699929
-6591615
-6483301
-6374987
-6266673
-6158359
-6050045
-5941731
-5833417
-5725103
-5616789
-5508475
-5400161
-5291847
-5183533
-5075219
-4966905
-4858591
-4750277
-4641963
-4533649
-4425335
-4317021
-4208707
-4100393
-3992079
-3883765
-3775451
-3667137
-3558823
-3450509
-3342195
-3233881
-3125567
-3017253
-2908939
-2800625
-2692311
-2583997
-2475683
-2367369
-2259055
-2150741
-2042427
-1934113
-1825799
-1717485
-1609171
-1500857
-1392543
-1284229
-1175915
-1067601
-959287
-850973
-742659
-634345
-526031
-417717
-309403
-201089
-92775
15539
123853
232167
340481
448795
557109
665423
773737
882051
990365
1098679
1206993
1315307
1423621
1531935
1640249
1748563
1856877
1965191
2073505
2181819
2290133
2398447
2506761
2615075
2723389
2831703
2940017
3048331
3156645
3264959
3373273
3481587
3589901
3698215
3806529
3914843
4023157
4131471
4239785
4348099
4456413
4564727
4673041
4781355
4889669
4997983
5106297
5214611
5322925
5431239
5539553
5647867
5756181
5864495
5972809
6081123
6189437
6297751
6406065
6514379
6622693
6731007
6839321
6947635
7055949
7164263
7272577
7380891
7489205
7597519
7705833
7814147
7922461
8030775
8139089
8247403
8355717
8464031
8572345
8680659
8788973
8897287
9005601
9113915
9222229
9330543
9438857
9547171
9655485
9763799
9872113
9980427
10088741
10197055
10305369
10413683
10521997
10630311
10738625
10846939
10955253
11063567
11171881
11280195
11388509
11496823
11605137
11713451
11821765
11930079
12038393
12146707
12255021
12363335
12471649
10579962
8688275
6796588
4904901
3013214
1121527
-770160
-2661847
-4553534
-6445221
-8336908
-10228595
-12120282
-12011968
-11903654
-11795340
-11687026
-11578712
-11470398
-11362084
-11253770
-11145456
-11037142
-10928828
-10820514
-10712200
-10603886
-10495572
-10387258
-10278944
-10170630
-10062316
-9954002
-9845688
-9737374
-9629060
-9520746
-9412432
-9304118
-9195804
-9087490
-8979176
-8870862
-8762548
-8654234
-8545920
-8437606
-8329292
-8220978
-8112664
-8004350
-7896036
-7787722
-7679408
-7571094
-7462780
-7354466
-7246152
-7137838
-7029524
-6921210
-6812896
-6704582
-6596268
-6487954
-6379640
-6271326
-6163012
-6054698
-5946384
-5838070
-5729756
-5621442
-5513128
-5404814
-5296500
-5188186
-5079872
-4971558
-4863244
-4754930
-4646616
-4538302
-4429988
-4321674
-4213360
-4105046
-3996732
-3888418
-3780104
-3671790
-3563476
-3455162
-3346848
-3238534
-3130220
-3021906
-2913592
-2805278
-2696964
-2588650
-2480336
-2372022
-2263708
-2155394
-2047080
-1938766
-1830452
-1722138
-1613824
-1505510
-1397196
-1288882
-1180568
-1072254
-963940
-855626
-747312
-638998
-530684
-422370
-314056
-205742
-97428
10886
119200
227514
335828
444142
552456
660770
769084
877398
985712
1094026
1202340
1310654
1418968
1527282
1635596
1743910
1852224
1960538
2068852
2177166
2285480
2393794
2502108
2610422
2718736
2827050
2935364
3043678
3151992
3260306
3368620
3476934
3585248
3693562
3801876
3910190
4018504
4126818
4235132
4343446
4451760
4560074
4668388
4776702
4885016
4993330
5101644
5209958
5318272
5426586
5534900
5643214
5751528
5859842
5968156
6076470
6184784
6293098
6401412
6509726
6618040
6726354
6834668
6942982
7051296
7159610
7267924
7376238
7484552
7592866
7701180
7809494
7917808
8026122
8134436
8242750
8351064
8459378
8567692
8676006
8784320
8892634
9000948
9109262
9217576
9325890
9434204
9542518
9650832
9759146
9867460
9975774
10084088
10192402
10300716
10409030
10517344
10625658
10733972
10842286
10950600
11058914
11167228
11275542
11383856
11492170
11600484
11708798
11817112
11925426
12033740
12142054
12250368
12358682
12466996
12575310
12683624
12791938
12900252
13008566
13116880
13225194
13333508
13441822
13550136
13658450
13766764
11875077
9983390
8091703
6200016
4308329
2416642
524955
-1366732
-3258419
-5150106
-7041793
-8933480
-10825167
-12716854
-12608540
-12500226
-12391912
-12283598
-12175284
-12066970
-11958656
-11850342
-11742028
-11633714
-11525400
-11417086
-11308772
-11200458
-11092144
-10983830
-10875516
-10767202
-10658888
-10550574
-10442260
-10333946
-10225632
-10117318
-10009004
-9900690
-9792376
-9684062
-9575748
-9467434
-9359120
-9250806
-9142492
-9034178
-8925864
-8817550
-8709236
-8600922
-8492608
-8384294
-8275980
-8167666
-8059352
-7951038
-7842724
-7734410
-7626096
-7517782
-7409468
-7301154
-7192840
-7084526
-6976212
-6867898
-6759584
-6651270
-6542956
-6434642
-6326328
-6218014
-6109700
-6001386
-5893072
-5784758
-5676444
-5568130
-5459816
-5351502
-5243188
-5134874
-5026560
-4918246
-4809932
-4701618
-4593304
-4484990
-4376676
-4268362
-4160048
-4051734
-3943420
-3835106
-3726792
-3618478
-3510164
-3401850
-3293536
-3185222
-3076908
-2968594
-2860280
-2751966
-2643652
-2535338
-2427024
-2318710
-2210396
-2102082
-1993768
-1885454
-1777140
-1668826
-1560512
-1452198
-1343884
-1235570
-1127256
-1018942
-910628
-802314
-694000
-585686
-477372
-369058
-260744
-152430
-44116
64198
172512
280826
389140
497454
605768
714082
822396
930710
1039024
1147338
1255652
1363966
1472280
1580594
1688908
1797222
1905536
2013850
2122164
2230478
2338792
2447106
2555420
2663734
2772048
2880362
2988676
3096990
3205304
3313618
3421932
3530246
3638560
3746874
3855188
3963502
4071816
4180130
4288444
4396758
4505072
4613386
4721700
4830014
4938328
5046642
5154956
5263270
5371584
5479898
5588212
5696526
5804840
5913154
6021468
6129782
6238096
6346410
6454724
6563038
6671352
6779666
6887980
6996294
7104608
7212922
7321236
7429550
7537864
7646178
7754492
7862806
7971120
8079434
8187748
8296062
8404376
8512690
8621004
8729318
8837632
8945946
9054260
9162574
9270888
9379202
9487516
9595830
9704144
9812458
9920772
10029086
10137400
10245714
10354028
10462342
10570656
10678970
10787284
10895598
11003912
11112226
11220540
11328854
11437168
11545482
11653796
11762110
11870424
11978738
12087052
12195366
12303680
12411994
12520308
12628622
12736936
12845250
12953564
13061878
13170192
11278505
9386818
7495131
5603444
3711757
1820070
-71617
-1963304
-3854991
-5746678
-7638365
-9530052
-11421739
-11313425
-11205111
-11096797
-10988483
-10880169
-10771855
-10663541
-10555227
-10446913
-10338599
-10230285
-10121971
-10013657
-9905343
-9797029
-9688715
-9580401
-9472087
-9363773
-9255459
-9147145
-9038831
-8930517
-8822203
-8713889
-8605575
-8497261
-8388947
-8280633
-8172319
-8064005
-7955691
-7847377
-7739063
-7630749
-7522435
-7414121
-7305807
-7197493
-7089179
-6980865
-6872551
-6764237
-6655923
-6547609
-6439295
-6330981
-6222667
-6114353
-6006039
-5897725
-5789411
-5681097
-5572783
-5464469
-5356155
-5247841
-5139527
-5031213
-4922899
-4814585
-4706271
-4597957
-4489643
-4381329
-4273015
-4164701
-4056387
-3948073
-3839759
-3731445
-3623131
-3514817
-3406503
-3298189
-3189875
-3081561
-2973247
-2864933
-2756619
-2648305
-2539991
-2431677
-2323363
-2215049
-2106735
-1998421
-1890107
-1781793
-1673479
-1565165
-1456851
-1348537
-1240223
-1131909
-1023595
-915281
-806967
-698653
-590339
-482025
-373711
-265397
-157083
-48769
59545
167859
276173
384487
492801
601115
709429
817743
926057
1034371
1142685
1250999
1359313
1467627
1575941
1684255
1792569
1900883
2009197
2117511
2225825
2334139
2442453
2550767
2659081
2767395
2875709
2984023
3092337
3200651
3308965
3417279
3525593
3633907
3742221
3850535
3958849
4067163
4175477
4283791
4392105
4500419
4608733
4717047
4825361
4933675
5041989
5150303
5258617
5366931
5475245
5583559
5691873
5800187
5908501
6016815
6125129
6233443
6341757
6450071
6558385
6666699
6775013
6883327
6991641
7099955
7208269
7316583
7424897
7533211
7641525
7749839
7858153
7966467
8074781
8183095
8291409
8399723
8508037
8616351
8724665
8832979
8941293
9049607
9157921
9266235
9374549
9482863
9591177
9699491
9807805
9916119
10024433
10132747
10241061
10349375
10457689
10566003
10674317
10782631
10890945
10999259
11107573
11215887
11324201
11432515
11540829
11649143
11757457
11865771
11974085
12082399
12190713
12299027
12407341
12515655
12623969
12732283
12840597
12948911
13057225
13165539
13273853
13382167
13490481
13598795
13707109
13815423
13923737
14032051
14140365
14248679
14356993
14465307
12573620
10681933
8790246
6898559
5006872
3115185
1223498
-668189
-2559876
-4451563
-6343250
-8234937
-10126624
-12018311
-11909997
-11801683
-11693369
-11585055
-11476741
-11368427
-11260113
-11151799
-11043485
-10935171
-10826857
-10718543
-10610229
-10501915
-10393601
-10285287
-10176973
-10068659
-9960345
-9852031
-9743717
-9635403
-9527089
-9418775
-9310461
-9202147
-9093833
-8985519
-8877205
-8768891
-8660577
-8552263
-8443949
-8335635
-8227321
-8119007
-8010693
-7902379
-7794065
-7685751
-7577437
-7469123
-7360809
-7252495
-7144181
-7035867
-6927553
-6819239
-6710925
-6602611
-6494297
-6385983
-6277669
-6169355
-6061041
-5952727
-5844413
-5736099
-5627785
-5519471
-5411157
-5302843
-5194529
-5086215
-4977901
-4869587
-4761273
-4652959
-4544645
-4436331
-4328017
-4219703
-4111389
-4003075
-3894761
-3786447
-3678133
-3569819
-3461505
-3353191
-3244877
-3136563
-3028249
-2919935
-2811621
-2703307
-2594993
-2486679
-2378365
-2270051
-2161737
-2053423
-1945109
-1836795
-1728481
-1620167
-1511853
-1403539
-1295225
-1186911
-1078597
-970283
-861969
-753655
-645341
-537027
-428713
-320399
-212085
-103771
4543
112857
221171
329485
437799
546113
654427
762741
871055
979369
1087683
1195997
1304311
1412625
1520939
1629253
1737567
1845881
1954195
2062509
2170823
2279137
2387451
2495765
2604079
2712393
2820707
2929021
3037335
3145649
3253963
3362277
3470591
3578905
3687219
3795533
3903847
4012161
4120475
4228789
4337103
4445417
4553731
4662045
4770359
4878673
4986987
5095301
5203615
5311929
5420243
5528557
5636871
5745185
5853499
5961813
6070127
6178441
6286755
6395069
6503383
6611697
6720011
6828325
6936639
7044953
7153267
7261581
7369895
7478209
7586523
7694837
7803151
7911465
8019779
8128093
8236407
8344721
8453035
8561349
8669663
8777977
8886291
8994605
9102919
9211233
9319547
9427861
9536175
9644489
9752803
9861117
9969431
10077745
10186059
10294373
10402687
10511001
10619315
10727629
10835943
10944257
11052571
11160885
11269199
11377513
11485827
11594141
11702455
11810769
11919083
12027397
12135711
12244025
12352339
12460653
12568967
12677281
12785595
12893909
13002223
13110537
13218851
13327165
13435479
13543793
13652107
13760421
13868735
11977048
10085361
8193674
6301987
4410300
2518613
626926
-1264761
-3156448
-5048135
-6939822
-8831509
-10723196
-10614882
-10506568
-10398254
-10289940
-10181626
-10073312
-9964998
-9856684
-9748370
-9640056
-9531742
-9423428
-9315114
-9206800
-9098486
-8990172
-8881858
-8773544
-8665230
-8556916
-8448602
-8340288
-8231974
-8123660
-8015346
-7907032
-7798718
-7690404
-7582090
-7473776
-7365462
-7257148
-7148834
-7040520
-6932206
-6823892
-6715578
-6607264
-6498950
-6390636
-6282322
-6174008
-6065694
-5957380
-5849066
-5740752
-5632438
-5524124
-5415810
-5307496
-5199182
-5090868
-4982554
-4874240
-4765926
-4657612
-4549298
-4440984
-4332670
-4224356
-4116042
-4007728
-3899414
-3791100
-3682786
-3574472
-3466158
-3357844
-3249530
-3141216
-3032902
-2924588
-2816274
-2707960
-2599646
-2491332
-2383018
-2274704
-2166390
-2058076
-1949762
-1841448
-1733134
-1624820
-1516506
-1408192
-1299878
-1191564
-1083250
-974936
-866622
-758308
-649994
-541680
-433366
-325052
-216738
-108424
-110
108204
216518
324832
433146
541460
649774
758088
866402
974716
1083030
1191344
1299658
1407972
1516286
1624600
1732914
1841228
1949542
2057856
2166170
2274484
2382798
2491112
2599426
2707740
2816054
2924368
3032682
3140996
3249310
3357624
3465938
3574252
3682566
3790880
3899194
4007508
4115822
4224136
4332450
4440764
4549078
4657392
4765706
4874020
4982334
5090648
5198962
5307276
5415590
5523904
5632218
5740532
5848846
5957160
6065474
6173788
6282102
6390416
6498730
6607044
6715358
6823672
6931986
7040300
7148614
7256928
7365242
7473556
7581870
7690184
7798498
7906812
8015126
8123440
8231754
8340068
8448382
8556696
8665010
8773324
8881638
8989952
9098266
9206580
9314894
9423208
9531522
9639836
9748150
9856464
9964778
10073092
10181406
10289720
10398034
10506348
10614662
10722976
10831290
10939604
11047918
11156232
11264546
11372860
11481174
11589488
11697802
11806116
11914430
12022744
12131058
12239372
12347686
12456000
12564314
12672628
12780942
12889256
12997570
13105884
13214198
13322512
13430826
13539140
13647454
13755768
13864082
13972396
14080710
14189024
14297338
14405652
14513966
14622280
14730594
14838908
14947222
15055536
15163850
13272163
11380476
9488789
7597102
5705415
3813728
1922041
30354
-1861333
-3753020
-5644707
-7536394
-9428081
-11319768
-11211454
-11103140
-10994826
-10886512
-10778198
-10669884
-10561570
-10453256
-10344942
-10236628
-10128314
-10020000
-9911686
-9803372
-9695058
-9586744
-9478430
-9370116
-9261802
-9153488
-9045174
-8936860
-8828546
-8720232
-8611918
-8503604
-8395290
-8286976
-8178662
-8070348
-7962034
-7853720
-7745406
-7637092
-7528778
-7420464
-7312150
-7203836
-7095522
-6987208
-6878894
-6770580
-6662266
-6553952
-6445638
-6337324
-6229010
-6120696
-6012382
-5904068
-5795754
-5687440
-5579126
-5470812
-5362498
-5254184
-5145870
-5037556
-4929242
-4820928
-4712614
-4604300
-4495986
-4387672
-4279358
-4171044
-4062730
-3954416
-3846102
-3737788
-3629474
-3521160
-3412846
-3304532
-3196218
-3087904
-2979590
-2871276
-2762962
-2654648
-2546334
-2438020
-2329706
-2221392
-2113078
-2004764
-1896450
-1788136
-1679822
-1571508
-1463194
-1354880
-1246566
-1138252
-1029938
-921624
-813310
-704996
-596682
-488368
-380054
-271740
-163426
-55112
53202
161516
269830
378144
486458
594772
703086
811400
919714
1028028
1136342
1244656
1352970
1461284
1569598
1677912
1786226
1894540
2002854
2111168
2219482
2327796
2436110
2544424
2652738
2761052
2869366
2977680
3085994
3194308
3302622
3410936
3519250
3627564
3735878
3844192
3952506
4060820
4169134
4277448
4385762
4494076
4602390
4710704
4819018
4927332
5035646
5143960
5252274
5360588
5468902
5577216
5685530
5793844
5902158
6010472
6118786
6227100
6335414
6443728
6552042
6660356
6768670
6876984
6985298
7093612
7201926
7310240
7418554
7526868
7635182
7743496
7851810
7960124
8068438
8176752
8285066
8393380
8501694
8610008
8718322
8826636
8934950
9043264
9151578
9259892
9368206
9476520
9584834
9693148
9801462
9909776
10018090
10126404
10234718
10343032
10451346
10559660
10667974
10776288
10884602
10992916
11101230
11209544
11317858
11426172
11534486
11642800
11751114
11859428
11967742
12076056
12184370
12292684
12400998
12509312
12617626
12725940
12834254
12942568
13050882
13159196
13267510
13375824
13484138
13592452
13700766
13809080
13917394
14025708
14134022
14242336
14350650
14458964
14567278
12675591
10783904
8892217
7000530
5108843
3217156
1325469
-566218
-2457905
-4349592
-6241279
-8132966
-10024653
-11916340
-11808026
-11699712
-11591398
-11483084
-11374770
-11266456
-11158142
-11049828
-10941514
-10833200
-10724886
-10616572
-10508258
-10399944
-10291630
-10183316
-10075002
-9966688
-9858374
-9750060
-9641746
-9533432
-9425118
-9316804
-9208490
-9100176
-8991862
-8883548
-8775234
-8666920
-8558606
-8450292
-8341978
-8233664
-8125350
-8017036
-7908722
-7800408
-7692094
-7583780
-7475466
-7367152
-7258838
-7150524
-7042210
-6933896
-6825582
-6717268
-6608954
-6500640
-6392326
-6284012
-6175698
-6067384
-5959070
-5850756
-5742442
-5634128
-5525814
-5417500
-5309186
-5200872
-5092558
-4984244
-4875930
-4767616
-4659302
-4550988
-4442674
-4334360
-4226046
-4117732
-4009418
-3901104
-3792790
-3684476
-3576162
-3467848
-3359534
-3251220
-3142906
-3034592
-2926278
-2817964
-2709650
-2601336
-2493022
-2384708
-2276394
-2168080
-2059766
-1951452
-1843138
-1734824
-1626510
-1518196
-1409882
-1301568
-1193254
-1084940
-976626
-868312
-759998
-651684
-543370
-435056
-326742
-218428
-110114
-1800
106514
214828
323142
431456
539770
648084
756398
864712
973026
1081340
1189654
1297968
1406282
1514596
1622910
1731224
1839538
1947852
2056166
2164480
2272794
2381108
2489422
2597736
2706050
2814364
2922678
3030992
3139306
3247620
3355934
3464248
3572562
3680876
3789190
3897504
4005818
4114132
4222446
4330760
4439074
4547388
4655702
4764016
4872330
4980644
5088958
5197272
5305586
5413900
5522214
5630528
5738842
5847156
5955470
6063784
6172098
6280412
6388726
6497040
6605354
6713668
6821982
6930296
7038610
7146924
7255238
7363552
7471866
7580180
7688494
7796808
7905122
8013436
8121750
8230064
8338378
8446692
8555006
8663320
8771634
8879948
8988262
9096576
9204890
9313204
9421518
9529832
9638146
9746460
9854774
9963088
10071402
10179716
10288030
10396344
10504658
10612972
10721286
10829600
10937914
11046228
11154542
11262856
11371170
11479484
11587798
11696112
11804426
11912740
12021054
12129368
12237682
12345996
12454310
12562624
12670938
12779252
12887566
12995880
13104194
13212508
13320822
13429136
13537450
13645764
13754078
13862392
11970705
10079018
8187331
6295644
4403957
2512270
620583
-1271104
-3162791
-5054478
-6946165
-8837852
-10729539
-12621226
-12512912
-12404598
-12296284
-12187970
-12079656
-11971342
-11863028
-11754714
-11646400
-11538086
-11429772
-11321458
-11213144
-11104830
-10996516
-10888202
-10779888
-10671574
-10563260
-10454946
-10346632
-10238318
-10130004
-10021690
-9913376
-9805062
-9696748
-9588434
-9480120
-9371806
-9263492
-9155178
-9046864
-8938550
-8830236
-8721922
-8613608
-8505294
-8396980
-8288666
-8180352
-8072038
-7963724
-7855410
-7747096
-7638782
-7530468
-7422154
-7313840
-7205526
-7097212
-6988898
-6880584
-6772270
-6663956
-6555642
-6447328
-6339014
-6230700
-6122386
-6014072
-5905758
-5797444
-5689130
-5580816
-5472502
-5364188
-5255874
-5147560
-5039246
-4930932
-4822618
-4714304
-4605990
-4497676
-4389362
-4281048
-4172734
-4064420
-3956106
-3847792
-3739478
-3631164
-3522850
-3414536
-3306222
-3197908
-3089594
-2981280
-2872966
-2764652
-2656338
-2548024
-2439710
-2331396
-2223082
-2114768
-2006454
-1898140
-1789826
-1681512
-1573198
-1464884
-1356570
-1248256
-1139942
-1031628
-923314
-815000
-706686
-598372
-490058
-381744
-273430
-165116
-56802
51512
159826
268140
376454
484768
593082
701396
809710
918024
1026338
1134652
1242966
1351280
1459594
1567908
1676222
1784536
1892850
2001164
2109478
2217792
2326106
2434420
2542734
2651048
2759362
2867676
2975990
3084304
3192618
3300932
3409246
3517560
3625874
3734188
3842502
3950816
4059130
4167444
4275758
4384072
4492386
4600700
4709014
4817328
4925642
5033956
5142270
5250584
5358898
5467212
5575526
5683840
5792154
5900468
6008782
6117096
6225410
6333724
6442038
6550352
6658666
6766980
6875294
6983608
7091922
7200236
7308550
7416864
7525178
7633492
7741806
7850120
7958434
8066748
8175062
8283376
8391690
8500004
8608318
8716632
8824946
8933260
9041574
9149888
9258202
9366516
9474830
9583144
9691458
9799772
9908086
10016400
10124714
10233028
10341342
10449656
10557970
10666284
10774598
10882912
10991226
11099540
11207854
11316168
11424482
11532796
11641110
11749424
11857738
11966052
12074366
12182680
12290994
12399308
12507622
12615936
12724250
12832564
12940878
13049192
13157506
13265820
11374133
9482446
7590759
5699072
3807385
1915698
24011
-1867676
-3759363
-5651050
-7542737
-9434424
-11326111
-13217798
-13109484
-13001170
-12892856
-12784542
-12676228
-12567914
-12459600
-12351286
-12242972
-12134658
-12026344
-11918030
-11809716
-11701402
-11593088
-11484774
-11376460
-11268146
-11159832
-11051518
-10943204
-10834890
-10726576
-10618262
-10509948
-10401634
-10293320
-10185006
-10076692
-9968378
-9860064
-9751750
-9643436
-9535122
-9426808
-9318494
-9210180
-9101866
-8993552
-8885238
-8776924
-8668610
-8560296
-8451982
-8343668
-8235354
-8127040
-8018726
-7910412
-7802098
-7693784
-7585470
-7477156
-7368842
-7260528
-7152214
-7043900
-6935586
-6827272
-6718958
-6610644
-6502330
-6394016
-6285702
-6177388
-6069074
-5960760
-5852446
-5744132
-5635818
-5527504
-5419190
-5310876
-5202562
-5094248
-4985934
-4877620
-4769306
-4660992
-4552678
-4444364
-4336050
-4227736
-4119422
-4011108
-3902794
-3794480
-3686166
-3577852
-3469538
-3361224
-3252910
-3144596
-3036282
-2927968
-2819654
-2711340
-2603026
-2494712
-2386398
-2278084
-2169770
-2061456
-1953142
-1844828
-1736514
-1628200
-1519886
-1411572
-1303258
-1194944
-1086630
-978316
-870002
-761688
-653374
-545060
-436746
-328432
-220118
-111804
-3490
104824
213138
321452
429766
538080
646394
754708
863022
971336
1079650
1187964
1296278
1404592
1512906
1621220
1729534
1837848
1946162
2054476
2162790
2271104
2379418
2487732
2596046
2704360
2812674
2920988
3029302
3137616
3245930
3354244
3462558
3570872
3679186
3787500
3895814
4004128
4112442
4220756
4329070
4437384
4545698
4654012
4762326
4870640
4978954
5087268
5195582
5303896
5412210
5520524
5628838
5737152
5845466
5953780
6062094
6170408
6278722
6387036
6495350
6603664
6711978
6820292
6928606
7036920
7145234
7253548
7361862
7470176
7578490
7686804
7795118
7903432
8011746
8120060
8228374
8336688
8445002
8553316
8661630
8769944
8878258
8986572
9094886
9203200
9311514
9419828
9528142
9636456
9744770
9853084
9961398
10069712
10178026
10286340
10394654
10502968
10611282
10719596
10827910
10936224
11044538
11152852
11261166
11369480
11477794
11586108
11694422
11802736
11911050
12019364
12127678
12235992
12344306
12452620
12560934
12669248
10777561
8885874
6994187
5102500
3210813
1319126
-572561
-2464248
-4355935
-6247622
-8139309
-10030996
-11922683
-11814369
-11706055
-11597741
-11489427
-11381113
-11272799
-11164485
-11056171
-10947857
-10839543
-10731229
-10622915
-10514601
-10406287
-10297973
-10189659
-10081345
-9973031
-9864717
-9756403
-9648089
-9539775
-9431461
-9323147
-9214833
-9106519
-8998205
-8889891
-8781577
-8673263
-8564949
-8456635
-8348321
-8240007
-8131693
-8023379
-7915065
-7806751
-7698437
-7590123
-7481809
-7373495
-7265181
-7156867
-7048553
-6940239
-6831925
-6723611
-6615297
-6506983
-6398669
-6290355
-6182041
-6073727
-5965413
-5857099
-5748785
-5640471
-5532157
-5423843
-5315529
-5207215
-5098901
-4990587
-4882273
-4773959
-4665645
-4557331
-4449017
-4340703
-4232389
-4124075
-4015761
-3907447
-3799133
-3690819
-3582505
-3474191
-3365877
-3257563
-3149249
-3040935
-2932621
-2824307
-2715993
-2607679
-2499365
-2391051
-2282737
-2174423
-2066109
-1957795
-1849481
-1741167
-1632853
-1524539
-1416225
-1307911
-1199597
-1091283
-982969
-874655
-766341
-658027
-549713
-441399
-333085
-224771
-116457
-8143
100171
208485
316799
425113
533427
641741
750055
858369
966683
1074997
1183311
1291625
1399939
1508253
1616567
1724881
1833195
1941509
2049823
2158137
2266451
2374765
2483079
2591393
2699707
2808021
2916335
3024649
3132963
3241277
3349591
3457905
3566219
3674533
3782847
3891161
3999475
4107789
4216103
4324417
4432731
4541045
4649359
4757673
4865987
4974301
5082615
5190929
5299243
5407557
5515871
5624185
5732499
5840813
5949127
6057441
6165755
6274069
6382383
6490697
6599011
6707325
6815639
6923953
7032267
7140581
7248895
7357209
7465523
7573837
7682151
7790465
7898779
8007093
8115407
8223721
8332035
8440349
8548663
8656977
8765291
8873605
8981919
9090233
9198547
9306861
9415175
9523489
9631803
9740117
9848431
9956745
10065059
10173373
10281687
10390001
10498315
10606629
10714943
10823257
10931571
11039885
11148199
11256513
11364827
11473141
11581455
11689769
11798083
11906397
12014711
12123025
12231339
12339653
12447967
12556281
12664595
12772909
12881223
12989537
13097851
13206165
13314479
13422793
13531107
13639421
13747735
13856049
13964363
12072676
10180989
8289302
6397615
4505928
2614241
722554
-1169133
-3060820
-4952507
-6844194
-8735881
-10627568
-12519255
-12410941
-12302627
-12194313
-12085999
-11977685
-11869371
-11761057
-11652743
-11544429
-11436115
-11327801
-11219487
-11111173
-11002859
-10894545
-10786231
-10677917
-10569603
-10461289
-10352975
-10244661
-10136347
-10028033
-9919719
-9811405
-9703091
-9594777
-9486463
-9378149
-9269835
-9161521
-9053207
-8944893
-8836579
-8728265
-8619951
-8511637
-8403323
-8295009
-8186695
-8078381
-7970067
-7861753
-7753439
-7645125
-7536811
-7428497
-7320183
-7211869
-7103555
-6995241
-6886927
-6778613
-6670299
-6561985
-6453671
-6345357
-6237043
-6128729
-6020415
-5912101
-5803787
-5695473
-5587159
-5478845
-5370531
-5262217
-5153903
-5045589
-4937275
-4828961
-4720647
-4612333
-4504019
-4395705
-4287391
-4179077
-4070763
-3962449
-3854135
-3745821
-3637507
-3529193
-3420879
-3312565
-3204251
-3095937
-2987623
-2879309
-2770995
-2662681
-2554367
-2446053
-2337739
-2229425
-2121111
-2012797
-1904483
-1796169
-1687855
-1579541
-1471227
-1362913
-1254599
-1146285
-1037971
-929657
-821343
-713029
-604715
-496401
-388087
-279773
-171459
-63145
45169
153483
261797
370111
478425
586739
695053
803367
911681
1019995
1128309
1236623
1344937
1453251
1561565
1669879
1778193
1886507
1994821
2103135
2211449
2319763
2428077
2536391
2644705
2753019
2861333
2969647
3077961
3186275
3294589
3402903
3511217
3619531
3727845
3836159
3944473
4052787
4161101
4269415
4377729
4486043
4594357
4702671
4810985
4919299
5027613
5135927
5244241
5352555
5460869
5569183
5677497
5785811
5894125
6002439
6110753
6219067
6327381
6435695
6544009
6652323
6760637
6868951
6977265
7085579
7193893
7302207
7410521
7518835
7627149
7735463
7843777
7952091
8060405
8168719
8277033
8385347
8493661
8601975
8710289
8818603
8926917
9035231
9143545
9251859
9360173
9468487
9576801
9685115
9793429
9901743
10010057
10118371
10226685
10334999
10443313
10551627
10659941
10768255
10876569
10984883
11093197
11201511
11309825
11418139
11526453
11634767
11743081
11851395
11959709
12068023
12176337
12284651
12392965
12501279
12609593
12717907
12826221
12934535
13042849
13151163
13259477
13367791
11476104
9584417
7692730
5801043
3909356
2017669
125982
-1765705
-3657392
-5549079
-7440766
-9332453
-11224140
-11115826
-11007512
-10899198
-10790884
-10682570
-10574256
-10465942
-10357628
-10249314
-10141000
-10032686
-9924372
-9816058
-9707744
-9599430
-9491116
-9382802
-9274488
-9166174
-9057860
-8949546
-8841232
-8732918
-8624604
-8516290
-8407976
-8299662
-8191348
-8083034
-7974720
-7866406
-7758092
-7649778
-7541464
-7433150
-7324836
-7216522
-7108208
-6999894
-6891580
-6783266
-6674952
-6566638
-6458324
-6350010
-6241696
-6133382
-6025068
-5916754
-5808440
-5700126
-5591812
-5483498
-5375184
-5266870
-5158556
-5050242
-4941928
-4833614
-4725300
-4616986
-4508672
-4400358
-4292044
-4183730
-4075416
-3967102
-3858788
-3750474
-3642160
-3533846
-3425532
-3317218
-3208904
-3100590
-2992276
-2883962
-2775648
-2667334
-2559020
-2450706
-2342392
-2234078
-2125764
-2017450
-1909136
-1800822
-1692508
-1584194
-1475880
-1367566
-1259252
-1150938
-1042624
-934310
-825996
-717682
-609368
-501054
-392740
-284426
-176112
-67798
40516
148830
257144
365458
473772
582086
690400
798714
907028
1015342
1123656
1231970
1340284
1448598
1556912
1665226
1773540
1881854
1990168
2098482
2206796
2315110
2423424
2531738
2640052
2748366
2856680
2964994
3073308
3181622
3289936
3398250
3506564
3614878
3723192
3831506
3939820
4048134
4156448
4264762
4373076
4481390
4589704
4698018
4806332
4914646
5022960
5131274
5239588
5347902
5456216
5564530
5672844
5781158
5889472
5997786
6106100
6214414
6322728
6431042
6539356
6647670
6755984
6864298
6972612
7080926
7189240
7297554
7405868
7514182
7622496
7730810
7839124
7947438
8055752
8164066
8272380
8380694
8489008
8597322
8705636
8813950
8922264
9030578
9138892
9247206
9355520
9463834
9572148
9680462
9788776
9897090
10005404
10113718
10222032
10330346
10438660
10546974
10655288
10763602
10871916
10980230
11088544
11196858
11305172
11413486
11521800
11630114
11738428
11846742
11955056
12063370
12171684
12279998
12388312
12496626
12604940
12713254
12821568
12929882
13038196
13146510
13254824
13363138
13471452
13579766
13688080
13796394
13904708
14013022
14121336
14229650
14337964
14446278
14554592
14662906
12771219
10879532
8987845
7096158
5204471
3312784
1421097
-470590
-2362277
-4253964
-6145651
-8037338
-9929025
-11820712
-11712398
-11604084
-11495770
-11387456
-11279142
-11170828
-11062514
-10954200
-10845886
-10737572
-10629258
-10520944
-10412630
-10304316
-10196002
-10087688
-9979374
-9871060
-9762746
-9654432
-9546118
-9437804
-9329490
-9221176
-9112862
-9004548
-8896234
-8787920
-8679606
-8571292
-8462978
-8354664
-8246350
-8138036
-8029722
-7921408
-7813094
-7704780
-7596466
-7488152
-7379838
-7271524
-7163210
-7054896
-6946582
-6838268
-6729954
-6621640
-6513326
-6405012
-6296698
-6188384
-6080070
-5971756
-5863442
-5755128
-5646814
-5538500
-5430186
-5321872
-5213558
-5105244
-4996930
-4888616
-4780302
-4671988
-4563674
-4455360
-4347046
-4238732
-4130418
-4022104
-3913790
-3805476
-3697162
-3588848
-3480534
-3372220
-3263906
-3155592
-3047278
-2938964
-2830650
-2722336
-2614022
-2505708
-2397394
-2289080
-2180766
-2072452
-1964138
-1855824
-1747510
-1639196
-1530882
-1422568
-1314254
-1205940
-1097626
-989312
-880998
-772684
-664370
-556056
-447742
-339428
-231114
-122800
-14486
93828
202142
310456
418770
527084
635398
743712
852026
960340
1068654
1176968
1285282
1393596
1501910
1610224
1718538
1826852
1935166
2043480
2151794
2260108
2368422
2476736
2585050
2693364
2801678
2909992
3018306
3126620
3234934
3343248
3451562
3559876
3668190
3776504
3884818
3993132
4101446
4209760
4318074
4426388
4534702
4643016
4751330
4859644
4967958
5076272
5184586
5292900
5401214
5509528
5617842
5726156
5834470
5942784
6051098
6159412
6267726
6376040
6484354
6592668
6700982
6809296
6917610
7025924
7134238
7242552
7350866
7459180
7567494
7675808
7784122
7892436
8000750
8109064
8217378
8325692
8434006
8542320
8650634
8758948
8867262
8975576
9083890
9192204
9300518
9408832
9517146
9625460
9733774
9842088
9950402
10058716
10167030
10275344
10383658
10491972
10600286
10708600
10816914
10925228
11033542
11141856
11250170
11358484
11466798
11575112
11683426
11791740
11900054
12008368
12116682
12224996
12333310
12441624
12549938
12658252
12766566
12874880
12983194
13091508
13199822
13308136
13416450
13524764
13633078
13741392
13849706
13958020
14066334
12174647
10282960
8391273
6499586
4607899
2716212
824525
-1067162
-2958849
-4850536
-6742223
-8633910
-10525597
-10417283
-10308969
-10200655
-10092341
-9984027
-9875713
-9767399
-9659085
-9550771
-9442457
-9334143
-9225829
-9117515
-9009201
-8900887
-8792573
-8684259
-8575945
-8467631
-8359317
-8251003
-8142689
-8034375
-7926061
-7817747
-7709433
-7601119
-7492805
-7384491
-7276177
-7167863
-7059549
-6951235
-6842921
-6734607
-6626293
-6517979
-6409665
-6301351
-6193037
-6084723
-5976409
-5868095
-5759781
-5651467
-5543153
-5434839
-5326525
-5218211
-5109897
-5001583
-4893269
-4784955
-4676641
-4568327
-4460013
-4351699
-4243385
-4135071
-4026757
-3918443
-3810129
-3701815
-3593501
-3485187
-3376873
-3268559
-3160245
-3051931
-2943617
-2835303
-2726989
-2618675
-2510361
-2402047
-2293733
-2185419
-2077105
-1968791
-1860477
-1752163
-1643849
-1535535
-1427221
-1318907
-1210593
-1102279
-993965
-885651
-777337
-669023
-560709
-452395
-344081
-235767
-127453
-19139
89175
197489
305803
414117
522431
630745
739059
847373
955687
1064001
1172315
1280629
1388943
1497257
1605571
1713885
1822199
1930513
2038827
2147141
2255455
2363769
2472083
2580397
2688711
2797025
2905339
3013653
3121967
3230281
3338595
3446909
3555223
3663537
3771851
3880165
3988479
4096793
4205107
4313421
4421735
4530049
4638363
4746677
4854991
4963305
5071619
5179933
5288247
5396561
5504875
5613189
5721503
5829817
5938131
6046445
6154759
6263073
6371387
6479701
6588015
6696329
6804643
6912957
7021271
7129585
7237899
7346213
7454527
7562841
7671155
7779469
7887783
7996097
8104411
8212725
8321039
8429353
8537667
8645981
8754295
8862609
8970923
9079237
9187551
9295865
9404179
9512493
9620807
9729121
9837435
9945749
10054063
10162377
10270691
10379005
10487319
10595633
10703947
10812261
10920575
11028889
11137203
11245517
11353831
11462145
11570459
11678773
11787087
11895401
12003715
12112029
12220343
12328657
12436971
12545285
12653599
12761913
12870227
12978541
13086855
13195169
13303483
13411797
13520111
13628425
13736739
13845053
13953367
14061681
14169995
14278309
14386623
14494937
14603251
14711565
14819879
14928193
15036507
15144821
15253135
15361449
13469762
11578075
9686388
7794701
5903014
4011327
2119640
227953
-1663734
-3555421
-5447108
-7338795
-9230482
-11122169
-11013855
-10905541
-10797227
-10688913
-10580599
-10472285
-10363971
-10255657
-10147343
-10039029
-9930715
-9822401
-9714087
-9605773
-9497459
-9389145
-9280831
-9172517
-9064203
-8955889
-8847575
-8739261
-8630947
-8522633
-8414319
-8306005
-8197691
-8089377
-7981063
-7872749
-7764435
-7656121
-7547807
-7439493
-7331179
-7222865
-7114551
-7006237
-6897923
-6789609
-6681295
-6572981
-6464667
-6356353
-6248039
-6139725
-6031411
-5923097
-5814783
-5706469
-5598155
-5489841
-5381527
-5273213
-5164899
-5056585
-4948271
-4839957
-4731643
-4623329
-4515015
-4406701
-4298387
-4190073
-4081759
-3973445
-3865131
-3756817
-3648503
-3540189
-3431875
-3323561
-3215247
-3106933
-2998619
-2890305
-2781991
-2673677
-2565363
-2457049
-2348735
-2240421
-2132107
-2023793
-1915479
-1807165
-1698851
-1590537
-1482223
-1373909
-1265595
-1157281
-1048967
-940653
-832339
-724025
-615711
-507397
-399083
-290769
-182455
-74141
34173
142487
250801
359115
467429
575743
684057
792371
900685
1008999
1117313
1225627
1333941
1442255
1550569
1658883
1767197
1875511
1983825
2092139
2200453
2308767
2417081
2525395
2633709
2742023
2850337
2958651
3066965
3175279
3283593
3391907
3500221
3608535
3716849
3825163
3933477
4041791
4150105
4258419
4366733
4475047
4583361
4691675
4799989
4908303
5016617
5124931
5233245
5341559
5449873
5558187
5666501
5774815
5883129
5991443
6099757
6208071
6316385
6424699
6533013
6641327
6749641
6857955
6966269
7074583
7182897
7291211
7399525
7507839
7616153
7724467
7832781
7941095
8049409
8157723
8266037
8374351
8482665
8590979
8699293
8807607
8915921
9024235
9132549
9240863
9349177
9457491
9565805
9674119
9782433
9890747
9999061
10107375
10215689
10324003
10432317
10540631
10648945
10757259
10865573
10973887
11082201
11190515
11298829
11407143
11515457
11623771
11732085
11840399
11948713
12057027
12165341
12273655
12381969
12490283
12598597
12706911
12815225
12923539
13031853
13140167
13248481
13356795
13465109
13573423
13681737
13790051
13898365
14006679
14114993
14223307
14331621
14439935
14548249
14656563
14764877
12873190
10981503
9089816
7198129
5306442
3414755
1523068
-368619
-2260306
-4151993
-6043680
-7935367
-9827054
-11718741
-11610427
-11502113
-11393799
-11285485
-11177171
-11068857
-10960543
-10852229
-10743915
-10635601
-10527287
-10418973
-10310659
-10202345
-10094031
-9985717
-9877403
-9769089
-9660775
-9552461
-9444147
-9335833
-9227519
-9119205
-9010891
-8902577
-8794263
-8685949
-8577635
-8469321
-8361007
-8252693
-8144379
-8036065
-7927751
-7819437
-7711123
-7602809
-7494495
-7386181
-7277867
-7169553
-7061239
-6952925
-6844611
-6736297
-6627983
-6519669
-6411355
-6303041
-6194727
-6086413
-5978099
-5869785
-5761471
-5653157
-5544843
-5436529
-5328215
-5219901
-5111587
-5003273
-4894959
-4786645
-4678331
-4570017
-4461703
-4353389
-4245075
-4136761
-4028447
-3920133
-3811819
-3703505
-3595191
-3486877
-3378563
-3270249
-3161935
-3053621
-2945307
-2836993
-2728679
-2620365
-2512051
-2403737
-2295423
-2187109
-2078795
-1970481
-1862167
-1753853
-1645539
-1537225
-1428911
-1320597
-1212283
-1103969
-995655
-887341
-779027
-670713
-562399
-454085
-345771
-237457
-129143
-20829
87485
195799
304113
412427
520741
629055
737369
845683
953997
1062311
1170625
1278939
1387253
1495567
1603881
1712195
1820509
1928823
2037137
2145451
2253765
2362079
2470393
2578707
2687021
2795335
2903649
3011963
3120277
3228591
3336905
3445219
3553533
3661847
3770161
3878475
3986789
4095103
4203417
4311731
4420045
4528359
4636673
4744987
4853301
4961615
5069929
5178243
5286557
5394871
5503185
5611499
5719813
5828127
5936441
6044755
6153069
6261383
6369697
6478011
6586325
6694639
6802953
6911267
7019581
7127895
7236209
7344523
7452837
7561151
7669465
7777779
7886093
7994407
8102721
8211035
8319349
8427663
8535977
8644291
8752605
8860919
8969233
9077547
9185861
9294175
9402489
9510803
9619117
9727431
9835745
9944059
10052373
10160687
10269001
10377315
10485629
10593943
10702257
10810571
10918885
11027199
11135513
11243827
11352141
11460455
11568769
11677083
11785397
11893711
12002025
12110339
12218653
12326967
12435281
12543595
12651909
12760223
12868537
12976851
13085165
13193479
13301793
13410107
13518421
13626735
13735049
13843363
13951677
14059991
12168304
10276617
8384930
6493243
4601556
2709869
818182
-1073505
-2965192
-4856879
-6748566
-8640253
-10531940
-12423627
-12315313
-12206999
-12098685
-11990371
-11882057
-11773743
-11665429
-11557115
-11448801
-11340487
-11232173
-11123859
-11015545
-10907231
-10798917
-10690603
-10582289
-10473975
-10365661
-10257347
-10149033
-10040719
-9932405
-9824091
-9715777
-9607463
-9499149
-9390835
-9282521
-9174207
-9065893
-8957579
-8849265
-8740951
-8632637
-8524323
-8416009
-8307695
-8199381
-8091067
-7982753
-7874439
-7766125
-7657811
-7549497
-7441183
-7332869
-7224555
-7116241
-7007927
-6899613
-6791299
-6682985
-6574671
-6466357
-6358043
-6249729
-6141415
-6033101
-5924787
-5816473
-5708159
-5599845
-5491531
-5383217
-5274903
-5166589
-5058275
-4949961
-4841647
-4733333
-4625019
-4516705
-4408391
-4300077
-4191763
-4083449
-3975135
-3866821
-3758507
-3650193
-3541879
-3433565
-3325251
-3216937
-3108623
-3000309
-2891995
-2783681
-2675367
-2567053
-2458739
-2350425
-2242111
-2133797
-2025483
-1917169
-1808855
-1700541
-1592227
-1483913
-1375599
-1267285
-1158971
-1050657
-942343
-834029
-725715
-617401
-509087
-400773
-292459
-184145
-75831
32483
140797
249111
357425
465739
574053
682367
790681
898995
1007309
1115623
1223937
1332251
1440565
1548879
1657193
1765507
1873821
1982135
2090449
2198763
2307077
2415391
2523705
2632019
2740333
2848647
2956961
3065275
3173589
3281903
3390217
3498531
3606845
3715159
3823473
3931787
4040101
4148415
4256729
4365043
4473357
4581671
4689985
4798299
4906613
5014927
5123241
5231555
5339869
5448183
5556497
5664811
5773125
5881439
5989753
6098067
6206381
6314695
6423009
6531323
6639637
6747951
6856265
6964579
7072893
7181207
7289521
7397835
7506149
7614463
7722777
7831091
7939405
8047719
8156033
8264347
8372661
8480975
8589289
8697603
8805917
8914231
9022545
9130859
9239173
9347487
9455801
9564115
9672429
9780743
9889057
9997371
10105685
10213999
10322313
10430627
10538941
10647255
10755569
10863883
10972197
11080511
11188825
11297139
11405453
11513767
11622081
11730395
11838709
11947023
12055337
12163651
12271965
12380279
12488593
12596907
12705221
12813535
12921849
13030163
13138477
13246791
13355105
13463419
11571732
9680045
7788358
5896671
4004984
2113297
221610
-1670077
-3561764
-5453451
-7345138
-9236825
-11128512
-13020199
-12911885
-12803571
-12695257
-12586943
-12478629
-12370315
-12262001
-12153687
-12045373
-11937059
-11828745
-11720431
-11612117
-11503803
-11395489
-11287175
-11178861
-11070547
-10962233
-10853919
-10745605
-10637291
-10528977
-10420663
-10312349
-10204035
-10095721
-9987407
-9879093
-9770779
-9662465
-9554151
-9445837
-9337523
-9229209
-9120895
-9012581
-8904267
-8795953
-8687639
-8579325
-8471011
-8362697
-8254383
-8146069
-8037755
-7929441
-7821127
-7712813
-7604499
-7496185
-7387871
-7279557
-7171243
-7062929
-6954615
-6846301
-6737987
-6629673
-6521359
-6413045
-6304731
-6196417
-6088103
-5979789
-5871475
-5763161
-5654847
-5546533
-5438219
-5329905
-5221591
-5113277
-5004963
-4896649
-4788335
-4680021
-4571707
-4463393
-4355079
-4246765
-4138451
-4030137
-3921823
-3813509
-3705195
-3596881
-3488567
-3380253
-3271939
-3163625
-3055311
-2946997
-2838683
-2730369
-2622055
-2513741
-2405427
-2297113
-2188799
-2080485
-1972171
-1863857
-1755543
-1647229
-1538915
-1430601
-1322287
-1213973
-1105659
-997345
-889031
-780717
-672403
-564089
-455775
-347461
-239147
-130833
-22519
85795
194109
302423
410737
519051
627365
735679
843993
952307
1060621
1168935
1277249
1385563
1493877
1602191
1710505
1818819
1927133
2035447
2143761
2252075
2360389
2468703
2577017
2685331
2793645
2901959
3010273
3118587
3226901
3335215
3443529
3551843
3660157
3768471
3876785
3985099
4093413
4201727
4310041
4418355
4526669
4634983
4743297
4851611
4959925
5068239
5176553
5284867
5393181
5501495
5609809
5718123
5826437
5934751
6043065
6151379
6259693
6368007
6476321
6584635
6692949
6801263
6909577
7017891
7126205
7234519
7342833
7451147
7559461
7667775
7776089
7884403
7992717
8101031
8209345
8317659
8425973
8534287
8642601
8750915
8859229
8967543
9075857
9184171
9292485
9400799
9509113
9617427
9725741
9834055
9942369
10050683
10158997
10267311
10375625
10483939
10592253
10700567
10808881
10917195
11025509
11133823
11242137
11350451
11458765
11567079
11675393
11783707
11892021
12000335
12108649
12216963
12325277
12433591
12541905
12650219
12758533
12866847
10975160
9083473
7191786
5300099
3408412
1516725
-374962
-2266649
-4158336
-6050023
-7941710
-9833397
-11725084
-11616770
-11508456
-11400142
-11291828
-11183514
-11075200
-10966886
-10858572
-10750258
-10641944
-10533630
-10425316
-10317002
-10208688
-10100374
-9992060
-9883746
-9775432
-9667118
-9558804
-9450490
-9342176
-9233862
-9125548
-9017234
-8908920
-8800606
-8692292
-8583978
-8475664
-8367350
-8259036
-8150722
-8042408
-7934094
-7825780
-7717466
-7609152
-7500838
-7392524
-7284210
-7175896
-7067582
-6959268
-6850954
-6742640
-6634326
-6526012
-6417698
-6309384
-6201070
-6092756
-5984442
-5876128
-5767814
-5659500
-5551186
-5442872
-5334558
-5226244
-5117930
-5009616
-4901302
-4792988
-4684674
-4576360
-4468046
-4359732
-4251418
-4143104
-4034790
-3926476
-3818162
-3709848
-3601534
-3493220
-3384906
-3276592
-3168278
-3059964
-2951650
-2843336
-2735022
-2626708
-2518394
-2410080
-2301766
-2193452
-2085138
-1976824
-1868510
-1760196
-1651882
-1543568
-1435254
-1326940
-1218626
-1110312
-1001998
-893684
-785370
-677056
-568742
-460428
-352114
-243800
-135486
-27172
81142
189456
297770
406084
514398
622712
731026
839340
947654
1055968
1164282
1272596
1380910
1489224
1597538
1705852
1814166
1922480
2030794
2139108
2247422
2355736
2464050
2572364
2680678
2788992
2897306
3005620
3113934
3222248
3330562
3438876
3547190
3655504
3763818
3872132
3980446
4088760
4197074
4305388
4413702
4522016
4630330
4738644
4846958
4955272
5063586
5171900
5280214
5388528
5496842
5605156
5713470
5821784
5930098
6038412
6146726
6255040
6363354
6471668
6579982
6688296
6796610
6904924
7013238
7121552
7229866
7338180
7446494
7554808
7663122
7771436
7879750
7988064
8096378
8204692
8313006
8421320
8529634
8637948
8746262
8854576
8962890
9071204
9179518
9287832
9396146
9504460
9612774
9721088
9829402
9937716
10046030
10154344
10262658
10370972
10479286
10587600
10695914
10804228
10912542
11020856
11129170
11237484
11345798
11454112
11562426
11670740
11779054
11887368
11995682
12103996
12212310
12320624
12428938
12537252
12645566
12753880
12862194
12970508
13078822
13187136
13295450
13403764
13512078
13620392
13728706
13837020
13945334
14053648
14161962
12270275
10378588
8486901
6595214
4703527
2811840
920153
-971534
-2863221
-4754908
-6646595
-8538282
-10429969
-12321656
-12213342
-12105028
-11996714
-11888400
-11780086
-11671772
-11563458
-11455144
-11346830
-11238516
-11130202
-11021888
-10913574
-10805260
-10696946
-10588632
-10480318
-10372004
-10263690
-10155376
-10047062
-9938748
-9830434
-9722120
-9613806
-9505492
-9397178
-9288864
-9180550
-9072236
-8963922
-8855608
-8747294
-8638980
-8530666
-8422352
-8314038
-8205724
-8097410
-7989096
-7880782
-7772468
-7664154
-7555840
-7447526
-7339212
-7230898
-7122584
-7014270
-6905956
-6797642
-6689328
-6581014
-6472700
-6364386
-6256072
-6147758
-6039444
-5931130
-5822816
-5714502
-5606188
-5497874
-5389560
-5281246
-5172932
-5064618
-4956304
-4847990
-4739676
-4631362
-4523048
-4414734
-4306420
-4198106
-4089792
-3981478
-3873164
-3764850
-3656536
-3548222
-3439908
-3331594
-3223280
-3114966
-3006652
-2898338
-2790024
-2681710
-2573396
-2465082
-2356768
-2248454
-2140140
-2031826
-1923512
-1815198
-1706884
-1598570
-1490256
-1381942
-1273628
-1165314
-1057000
-948686
-840372
-732058
-623744
-515430
-407116
-298802
-190488
-82174
26140
134454
242768
351082
459396
567710
676024
784338
892652
1000966
1109280
1217594
1325908
1434222
1542536
1650850
1759164
1867478
1975792
2084106
2192420
2300734
2409048
2517362
2625676
2733990
2842304
2950618
3058932
3167246
3275560
3383874
3492188
3600502
3708816
3817130
3925444
4033758
4142072
4250386
4358700
4467014
4575328
4683642
4791956
4900270
5008584
5116898
5225212
5333526
5441840
5550154
5658468
5766782
5875096
5983410
6091724
6200038
6308352
6416666
6524980
6633294
6741608
6849922
6958236
7066550
7174864
7283178
7391492
7499806
7608120
7716434
7824748
7933062
8041376
8149690
8258004
8366318
8474632
8582946
8691260
8799574
8907888
9016202
9124516
9232830
9341144
9449458
9557772
9666086
9774400
9882714
9991028
10099342
10207656
10315970
10424284
10532598
10640912
10749226
10857540
10965854
11074168
11182482
11290796
11399110
11507424
11615738
11724052
11832366
11940680
12048994
12157308
12265622
12373936
12482250
12590564
12698878
12807192
12915506
13023820
13132134
13240448
13348762
13457076
13565390
11673703
9782016
7890329
5998642
4106955
2215268
323581
-1568106
-3459793
-5351480
-7243167
-9134854
-11026541
-10918227
-10809913
-10701599
-10593285
-10484971
-10376657
-10268343
-10160029
-10051715
-9943401
-9835087
-9726773
-9618459
-9510145
-9401831
-9293517
-9185203
-9076889
-8968575
-8860261
-8751947
-8643633
-8535319
-8427005
-8318691
-8210377
-8102063
-7993749
-7885435
-7777121
-7668807
-7560493
-7452179
-7343865
-7235551
-7127237
-7018923
-6910609
-6802295
-6693981
-6585667
-6477353
-6369039
-6260725
-6152411
-6044097
-5935783
-5827469
-5719155
-5610841
-5502527
-5394213
-5285899
-5177585
-5069271
-4960957
-4852643
-4744329
-4636015
-4527701
-4419387
-4311073
-4202759
-4094445
-3986131
-3877817
-3769503
-3661189
-3552875
-3444561
-3336247
-3227933
-3119619
-3011305
-2902991
-2794677
-2686363
-2578049
-2469735
-2361421
-2253107
-2144793
-2036479
-1928165
-1819851
-1711537
-1603223
-1494909
-1386595
-1278281
-1169967
-1061653
-953339
-845025
-736711
-628397
-520083
-411769
-303455
-195141
-86827
21487
129801
238115
346429
454743
563057
671371
779685
887999
996313
1104627
1212941
1321255
1429569
1537883
1646197
1754511
1862825
1971139
2079453
2187767
2296081
2404395
2512709
2621023
2729337
2837651
2945965
3054279
3162593
3270907
3379221
3487535
3595849
3704163
3812477
3920791
4029105
4137419
4245733
4354047
4462361
4570675
4678989
4787303
4895617
5003931
5112245
5220559
5328873
5437187
5545501
5653815
5762129
5870443
5978757
6087071
6195385
6303699
6412013
6520327
6628641
6736955
6845269
6953583
7061897
7170211
7278525
7386839
7495153
7603467
7711781
7820095
7928409
8036723
8145037
8253351
8361665
8469979
8578293
8686607
8794921
8903235
9011549
9119863
9228177
9336491
9444805
9553119
9661433
9769747
9878061
9986375
10094689
10203003
10311317
10419631
10527945
10636259
10744573
10852887
10961201
11069515
11177829
11286143
11394457
11502771
11611085
11719399
11827713
11936027
12044341
12152655
12260969
12369283
12477597
12585911
12694225
12802539
12910853
13019167
13127481
13235795
13344109
13452423
13560737
13669051
13777365
13885679
13993993
14102307
14210621
14318935
14427249
14535563
14643877
14752191
14860505
12968818
11077131
9185444
7293757
5402070
3510383
1618696
-272991
-2164678
-4056365
-5948052
-7839739
-9731426
-11623113
-11514799
-11406485
-11298171
-11189857
-11081543
-10973229
-10864915
-10756601
-10648287
-10539973
-10431659
-10323345
-10215031
-10106717
-9998403
-9890089
-9781775
-9673461
-9565147
-9456833
-9348519
-9240205
-9131891
-9023577
-8915263
-8806949
-8698635
-8590321
-8482007
-8373693
-8265379
-8157065
-8048751
-7940437
-7832123
-7723809
-7615495
-7507181
-7398867
-7290553
-7182239
-7073925
-6965611
-6857297
-6748983
-6640669
-6532355
-6424041
-6315727
-6207413
-6099099
-5990785
-5882471
-5774157
-5665843
-5557529
-5449215
-5340901
-5232587
-5124273
-5015959
-4907645
-4799331
-4691017
-4582703
-4474389
-4366075
-4257761
-4149447
-4041133
-3932819
-3824505
-3716191
-3607877
-3499563
-3391249
-3282935
-3174621
-3066307
-2957993
-2849679
-2741365
-2633051
-2524737
-2416423
-2308109
-2199795
-2091481
-1983167
-1874853
-1766539
-1658225
-1549911
-1441597
-1333283
-1224969
-1116655
-1008341
-900027
-791713
-683399
-575085
-466771
-358457
-250143
-141829
-33515
74799
183113
291427
399741
508055
616369
724683
832997
941311
1049625
1157939
1266253
1374567
1482881
1591195
1699509
1807823
1916137
2024451
2132765
2241079
2349393
2457707
2566021
2674335
2782649
2890963
2999277
3107591
3215905
3324219
3432533
3540847
3649161
3757475
3865789
3974103
4082417
4190731
4299045
4407359
4515673
4623987
4732301
4840615
4948929
5057243
5165557
5273871
5382185
5490499
5598813
5707127
5815441
5923755
6032069
6140383
6248697
6357011
6465325
6573639
6681953
6790267
6898581
7006895
7115209
7223523
7331837
7440151
7548465
7656779
7765093
7873407
7981721
8090035
8198349
8306663
8414977
8523291
8631605
8739919
8848233
8956547
9064861
9173175
9281489
9389803
9498117
9606431
9714745
9823059
9931373
10039687
10148001
10256315
10364629
10472943
10581257
10689571
10797885
10906199
11014513
11122827
11231141
11339455
11447769
11556083
11664397
11772711
11881025
11989339
12097653
12205967
12314281
12422595
12530909
12639223
12747537
12855851
12964165
13072479
13180793
13289107
13397421
13505735
13614049
13722363
13830677
13938991
14047305
14155619
14263933
12372246
10480559
8588872
6697185
4805498
2913811
1022124
-869563
-2761250
-4652937
-6544624
-8436311
-10327998
-10219684
-10111370
-10003056
-9894742
-9786428
-9678114
-9569800
-9461486
-9353172
-9244858
-9136544
-9028230
-8919916
-8811602
-8703288
-8594974
-8486660
-8378346
-8270032
-8161718
-8053404
-7945090
-7836776
-7728462
-7620148
-7511834
-7403520
-7295206
-7186892
-7078578
-6970264
-6861950
-6753636
-6645322
-6537008
-6428694
-6320380
-6212066
-6103752
-5995438
-5887124
-5778810
-5670496
-5562182
-5453868
-5345554
-5237240
-5128926
-5020612
-4912298
-4803984
-4695670
-4587356
-4479042
-4370728
-4262414
-4154100
-4045786
-3937472
-3829158
-3720844
-3612530
-3504216
-3395902
-3287588
-3179274
-3070960
-2962646
-2854332
-2746018
-2637704
-2529390
-2421076
-2312762
-2204448
-2096134
-1987820
-1879506
-1771192
-1662878
-1554564
-1446250
-1337936
-1229622
-1121308
-1012994
-904680
-796366
-688052
-579738
-471424
-363110
-254796
-146482
-38168
70146
178460
286774
395088
503402
611716
720030
828344
936658
1044972
1153286
1261600
1369914
1478228
1586542
1694856
1803170
1911484
2019798
2128112
2236426
2344740
2453054
2561368
2669682
2777996
2886310
2994624
3102938
3211252
3319566
3427880
3536194
3644508
3752822
3861136
3969450
4077764
4186078
4294392
4402706
4511020
4619334
4727648
4835962
4944276
5052590
5160904
5269218
5377532
5485846
5594160
5702474
5810788
5919102
6027416
6135730
6244044
6352358
6460672
6568986
6677300
6785614
6893928
7002242
7110556
7218870
7327184
7435498
7543812
7652126
7760440
7868754
7977068
8085382
8193696
8302010
8410324
8518638
8626952
8735266
8843580
8951894
9060208
9168522
9276836
9385150
9493464
9601778
9710092
9818406
9926720
10035034
10143348
10251662
10359976
10468290
10576604
10684918
10793232
10901546
11009860
11118174
11226488
11334802
11443116
11551430
11659744
11768058
11876372
11984686
12093000
12201314
12309628
12417942
12526256
12634570
12742884
12851198
12959512
13067826
13176140
13284454
13392768
13501082
13609396
13717710
13826024
13934338
14042652
14150966
14259280
14367594
14475908
14584222
14692536
14800850
14909164
15017478
15125792
15234106
15342420
15450734
15559048
13667361
11775674
9883987
7992300
6100613
4208926
2317239
425552
-1466135
-3357822
-5249509
-7141196
-9032883
-10924570
-10816256
-10707942
-10599628
-10491314
-10383000
-10274686
-10166372
-10058058
-9949744
-9841430
-9733116
-9624802
-9516488
-9408174
-9299860
-9191546
-9083232
-8974918
-8866604
-8758290
-8649976
-8541662
-8433348
-8325034
-8216720
-8108406
-8000092
-7891778
-7783464
-7675150
-7566836
-7458522
-7350208
-7241894
-7133580
-7025266
-6916952
-6808638
-6700324
-6592010
-6483696
-6375382
-6267068
-6158754
-6050440
-5942126
-5833812
-5725498
-5617184
-5508870
-5400556
-5292242
-5183928
-5075614
-4967300
-4858986
-4750672
-4642358
-4534044
-4425730
-4317416
-4209102
-4100788
-3992474
-3884160
-3775846
-3667532
-3559218
-3450904
-3342590
-3234276
-3125962
-3017648
-2909334
-2801020
-2692706
-2584392
-2476078
-2367764
-2259450
-2151136
-2042822
-1934508
-1826194
-1717880
-1609566
-1501252
-1392938
-1284624
-1176310
-1067996
-959682
-851368
-743054
-634740
-526426
-418112
-309798
-201484
-93170
15144
123458
231772
340086
448400
556714
665028
773342
881656
989970
1098284
1206598
1314912
1423226
1531540
1639854
1748168
1856482
1964796
2073110
2181424
2289738
2398052
2506366
2614680
2722994
2831308
2939622
3047936
3156250
3264564
3372878
3481192
3589506
3697820
3806134
3914448
4022762
4131076
4239390
4347704
4456018
4564332
4672646
4780960
4889274
4997588
5105902
5214216
5322530
5430844
5539158
5647472
5755786
5864100
5972414
6080728
6189042
6297356
6405670
6513984
6622298
6730612
6838926
6947240
7055554
7163868
7272182
7380496
7488810
7597124
7705438
7813752
7922066
8030380
8138694
8247008
8355322
8463636
8571950
8680264
8788578
8896892
9005206
9113520
9221834
9330148
9438462
9546776
9655090
9763404
9871718
9980032
10088346
10196660
10304974
10413288
10521602
10629916
10738230
10846544
10954858
11063172
11171486
11279800
11388114
11496428
11604742
11713056
11821370
11929684
12037998
12146312
12254626
12362940
12471254
12579568
12687882
12796196
12904510
13012824
13121138
13229452
13337766
13446080
13554394
13662708
13771022
13879336
13987650
14095964
14204278
14312592
14420906
14529220
14637534
14745848
14854162
14962476
13070789
11179102
9287415
7395728
5504041
3612354
1720667
-171020
-2062707
-3954394
-5846081
-7737768
-9629455
-11521142
-11412828
-11304514
-11196200
-11087886
-10979572
-10871258
-10762944
-10654630
-10546316
-10438002
-10329688
-10221374
-10113060
-10004746
-9896432
-9788118
-9679804
-9571490
-9463176
-9354862
-9246548
-9138234
-9029920
-8921606
-8813292
-8704978
-8596664
-8488350
-8380036
-8271722
-8163408
-8055094
-7946780
-7838466
-7730152
-7621838
-7513524
-7405210
-7296896
-7188582
-7080268
-6971954
-6863640
-6755326
-6647012
-6538698
-6430384
-6322070
-6213756
-6105442
-5997128
-5888814
-5780500
-5672186
-5563872
-5455558
-5347244
-5238930
-5130616
-5022302
-4913988
-4805674
-4697360
-4589046
-4480732
-4372418
-4264104
-4155790
-4047476
-3939162
-3830848
-3722534
-3614220
-3505906
-3397592
-3289278
-3180964
-3072650
-2964336
-2856022
-2747708
-2639394
-2531080
-2422766
-2314452
-2206138
-2097824
-1989510
-1881196
-1772882
-1664568
-1556254
-1447940
-1339626
-1231312
-1122998
-1014684
-906370
-798056
-689742
-581428
-473114
-364800
-256486
-148172
-39858
68456
176770
285084
393398
501712
610026
718340
826654
934968
1043282
1151596
1259910
1368224
1476538
1584852
1693166
1801480
1909794
2018108
2126422
2234736
2343050
2451364
2559678
2667992
2776306
2884620
2992934
3101248
3209562
3317876
3426190
3534504
3642818
3751132
3859446
3967760
4076074
4184388
4292702
4401016
4509330
4617644
4725958
4834272
4942586
5050900
5159214
5267528
5375842
5484156
5592470
5700784
5809098
5917412
6025726
6134040
6242354
6350668
6458982
6567296
6675610
6783924
6892238
7000552
7108866
7217180
7325494
7433808
7542122
7650436
7758750
7867064
7975378
8083692
8192006
8300320
8408634
8516948
8625262
8733576
8841890
8950204
9058518
9166832
9275146
9383460
9491774
9600088
9708402
9816716
9925030
10033344
10141658
10249972
10358286
10466600
10574914
10683228
10791542
10899856
11008170
11116484
11224798
11333112
11441426
11549740
11658054
11766368
11874682
11982996
12091310
12199624
12307938
12416252
12524566
12632880
12741194
12849508
12957822
13066136
13174450
13282764
13391078
13499392
13607706
13716020
13824334
13932648
14040962
14149276
14257590
12365903
10474216
8582529
6690842
4799155
2907468
1015781
-875906
-2767593
-4659280
-6550967
-8442654
-10334341
-12226028
-12117714
-12009400
-11901086
-11792772
-11684458
-11576144
-11467830
-11359516
-11251202
-11142888
-11034574
-10926260
-10817946
-10709632
-10601318
-10493004
-10384690
-10276376
-10168062
-10059748
-9951434
-9843120
-9734806
-9626492
-9518178
-9409864
-9301550
-9193236
-9084922
-8976608
-8868294
-8759980
-8651666
-8543352
-8435038
-8326724
-8218410
-8110096
-8001782
-7893468
-7785154
-7676840
-7568526
-7460212
-7351898
-7243584
-7135270
-7026956
-6918642
-6810328
-6702014
-6593700
-6485386
-6377072
-6268758
-6160444
-6052130
-5943816
-5835502
-5727188
-5618874
-5510560
-5402246
-5293932
-5185618
-5077304
-4968990
-4860676
-4752362
-4644048
-4535734
-4427420
-4319106
-4210792
-4102478
-3994164
-3885850
-3777536
-3669222
-3560908
-3452594
-3344280
-3235966
-3127652
-3019338
-2911024
-2802710
-2694396
-2586082
-2477768
-2369454
-2261140
-2152826
-2044512
-1936198
-1827884
-1719570
-1611256
-1502942
-1394628
-1286314
-1178000
-1069686
-961372
-853058
-744744
-636430
-528116
-419802
-311488
-203174
-94860
13454
121768
230082
338396
446710
555024
663338
771652
879966
988280
1096594
1204908
1313222
1421536
1529850
1638164
1746478
1854792
1963106
2071420
2179734
2288048
2396362
2504676
2612990
2721304
2829618
2937932
3046246
3154560
3262874
3371188
3479502
3587816
3696130
3804444
3912758
4021072
4129386
4237700
4346014
4454328
4562642
4670956
4779270
4887584
4995898
5104212
5212526
5320840
5429154
5537468
5645782
5754096
5862410
5970724
6079038
6187352
6295666
6403980
6512294
6620608
6728922
6837236
6945550
7053864
7162178
7270492
7378806
7487120
7595434
7703748
7812062
7920376
8028690
8137004
8245318
8353632
8461946
8570260
8678574
8786888
8895202
9003516
9111830
9220144
9328458
9436772
9545086
9653400
9761714
9870028
9978342
10086656
10194970
10303284
10411598
10519912
10628226
10736540
10844854
10953168
11061482
11169796
11278110
11386424
11494738
11603052
11711366
11819680
11927994
12036308
12144622
12252936
12361250
12469564
12577878
12686192
12794506
12902820
13011134
13119448
13227762
13336076
13444390
13552704
13661018
11769331
9877644
7985957
6094270
4202583
2310896
419209
-1472478
-3364165
-5255852
-7147539
-9039226
-10930913
-12822600
-12714286
-12605972
-12497658
-12389344
-12281030
-12172716
-12064402
-11956088
-11847774
-11739460
-11631146
-11522832
-11414518
-11306204
-11197890
-11089576
-10981262
-10872948
-10764634
-10656320
-10548006
-10439692
-10331378
-10223064
-10114750
-10006436
-9898122
-9789808
-9681494
-9573180
-9464866
-9356552
-9248238
-9139924
-9031610
-8923296
-8814982
-8706668
-8598354
-8490040
-8381726
-8273412
-8165098
-8056784
-7948470
-7840156
-7731842
-7623528
-7515214
-7406900
-7298586
-7190272
-7081958
-6973644
-6865330
-6757016
-6648702
-6540388
-6432074
-6323760
-6215446
-6107132
-5998818
-5890504
-5782190
-5673876
-5565562
-5457248
-5348934
-5240620
-5132306
-5023992
-4915678
-4807364
-4699050
-4590736
-4482422
-4374108
-4265794
-4157480
-4049166
-3940852
-3832538
-3724224
-3615910
-3507596
-3399282
-3290968
-3182654
-3074340
-2966026
-2857712
-2749398
-2641084
-2532770
-2424456
-2316142
-2207828
-2099514
-1991200
-1882886
-1774572
-1666258
-1557944
-1449630
-1341316
-1233002
-1124688
-1016374
-908060
-799746
-691432
-583118
-474804
-366490
-258176
-149862
-41548
66766
175080
283394
391708
500022
608336
716650
824964
933278
1041592
1149906
1258220
1366534
1474848
1583162
1691476
1799790
1908104
2016418
2124732
2233046
2341360
2449674
2557988
2666302
2774616
2882930
2991244
3099558
3207872
3316186
3424500
3532814
3641128
3749442
3857756
3966070
4074384
4182698
4291012
4399326
4507640
4615954
4724268
4832582
4940896
5049210
5157524
5265838
5374152
5482466
5590780
5699094
5807408
5915722
6024036
6132350
6240664
6348978
6457292
6565606
6673920
6782234
6890548
6998862
7107176
7215490
7323804
7432118
7540432
7648746
7757060
7865374
7973688
8082002
8190316
8298630
8406944
8515258
8623572
8731886
8840200
8948514
9056828
9165142
9273456
9381770
9490084
9598398
9706712
9815026
9923340
10031654
10139968
10248282
10356596
10464910
10573224
10681538
10789852
10898166
11006480
11114794
11223108
11331422
11439736
11548050
11656364
11764678
11872992
11981306
12089620
12197934
12306248
12414562
12522876
12631190
12739504
12847818
12956132
13064446
11172759
9281072
7389385
5497698
3606011
1714324
-177363
-2069050
-3960737
-5852424
-7744111
-9635798
-11527485
-11419171
-11310857
-11202543
-11094229
-10985915
-10877601
-10769287
-10660973
-10552659
-10444345
-10336031
-10227717
-10119403
-10011089
-9902775
-9794461
-9686147
-9577833
-9469519
-9361205
-9252891
-9144577
-9036263
-8927949
-8819635
-8711321
-8603007
-8494693
-8386379
-8278065
-8169751
-8061437
-7953123
-7844809
-7736495
-7628181
-7519867
-7411553
-7303239
-7194925
-7086611
-6978297
-6869983
-6761669
-6653355
-6545041
-6436727
-6328413
-6220099
-6111785
-6003471
-5895157
-5786843
-5678529
-5570215
-5461901
-5353587
-5245273
-5136959
-5028645
-4920331
-4812017
-4703703
-4595389
-4487075
-4378761
-4270447
-4162133
-4053819
-3945505
-3837191
-3728877
-3620563
-3512249
-3403935
-3295621
-3187307
-3078993
-2970679
-2862365
-2754051
-2645737
-2537423
-2429109
-2320795
-2212481
-2104167
-1995853
-1887539
-1779225
-1670911
-1562597
-1454283
-1345969
-1237655
-1129341
-1021027
-912713
-804399
-696085
-587771
-479457
-371143
-262829
-154515
-46201
62113
170427
278741
387055
495369
603683
711997
820311
928625
1036939
1145253
1253567
1361881
1470195
1578509
1686823
1795137
1903451
2011765
2120079
2228393
2336707
2445021
2553335
2661649
2769963
2878277
2986591
3094905
3203219
3311533
3419847
3528161
3636475
3744789
3853103
3961417
4069731
4178045
4286359
4394673
4502987
4611301
4719615
4827929
4936243
5044557
5152871
5261185
5369499
5477813
5586127
5694441
5802755
5911069
6019383
6127697
6236011
6344325
6452639
6560953
6669267
6777581
6885895
6994209
7102523
7210837
7319151
7427465
7535779
7644093
7752407
7860721
7969035
8077349
8185663
8293977
8402291
8510605
8618919
8727233
8835547
8943861
9052175
9160489
9268803
9377117
9485431
9593745
9702059
9810373
9918687
10027001
10135315
10243629
10351943
10460257
10568571
10676885
10785199
10893513
11001827
11110141
11218455
11326769
11435083
11543397
11651711
11760025
11868339
11976653
12084967
12193281
12301595
12409909
12518223
12626537
12734851
12843165
12951479
13059793
13168107
13276421
13384735
13493049
13601363
13709677
13817991
13926305
14034619
14142933
14251247
14359561
12467874
10576187
8684500
6792813
4901126
3009439
1117752
-773935
-2665622
-4557309
-6448996
-8340683
-10232370
-12124057
-12015743
-11907429
-11799115
-11690801
-11582487
-11474173
-11365859
-11257545
-11149231
-11040917
-10932603
-10824289
-10715975
-10607661
-10499347
-10391033
-10282719
-10174405
-10066091
-9957777
-9849463
-9741149
-9632835
-9524521
-9416207
-9307893
-9199579
-9091265
-8982951
-8874637
-8766323
-8658009
-8549695
-8441381
-8333067
-8224753
-8116439
-8008125
-7899811
-7791497
-7683183
-7574869
-7466555
-7358241
-7249927
-7141613
-7033299
-6924985
-6816671
-6708357
-6600043
-6491729
-6383415
-6275101
-6166787
-6058473
-5950159
-5841845
-5733531
-5625217
-5516903
-5408589
-5300275
-5191961
-5083647
-4975333
-4867019
-4758705
-4650391
-4542077
-4433763
-4325449
-4217135
-4108821
-4000507
-3892193
-3783879
-3675565
-3567251
-3458937
-3350623
-3242309
-3133995
-3025681
-2917367
-2809053
-2700739
-2592425
-2484111
-2375797
-2267483
-2159169
-2050855
-1942541
-1834227
-1725913
-1617599
-1509285
-1400971
-1292657
-1184343
-1076029
-967715
-859401
-751087
-642773
-534459
-426145
-317831
-209517
-101203
7111
115425
223739
332053
440367
548681
656995
765309
873623
981937
1090251
1198565
1306879
1415193
1523507
1631821
1740135
1848449
1956763
2065077
2173391
2281705
2390019
2498333
2606647
2714961
2823275
2931589
3039903
3148217
3256531
3364845
3473159
3581473
3689787
3798101
3906415
4014729
4123043
4231357
4339671
4447985
4556299
4664613
4772927
4881241
4989555
5097869
5206183
5314497
5422811
5531125
5639439
5747753
5856067
5964381
6072695
6181009
6289323
6397637
6505951
6614265
6722579
6830893
6939207
7047521
7155835
7264149
7372463
7480777
7589091
7697405
7805719
7914033
8022347
8130661
8238975
8347289
8455603
8563917
8672231
8780545
8888859
8997173
9105487
9213801
9322115
9430429
9538743
9647057
9755371
9863685
9971999
10080313
10188627
10296941
10405255
10513569
10621883
10730197
10838511
10946825
11055139
11163453
11271767
11380081
11488395
11596709
11705023
11813337
11921651
12029965
12138279
12246593
12354907
12463221
12571535
12679849
12788163
12896477
13004791
13113105
13221419
13329733
13438047
13546361
13654675
13762989
11871302
9979615
8087928
6196241
4304554
2412867
521180
-1370507
-3262194
-5153881
-7045568
-8937255
-10828942
-10720628
-10612314
-10504000
-10395686
-10287372
-10179058
-10070744
-9962430
-9854116
-9745802
-9637488
-9529174
-9420860
-9312546
-9204232
-9095918
-8987604
-8879290
-8770976
-8662662
-8554348
-8446034
-8337720
-8229406
-8121092
-8012778
-7904464
-7796150
-7687836
-7579522
-7471208
-7362894
-7254580
-7146266
-7037952
-6929638
-6821324
-6713010
-6604696
-6496382
-6388068
-6279754
-6171440
-6063126
-5954812
-5846498
-5738184
-5629870
-5521556
-5413242
-5304928
-5196614
-5088300
-4979986
-4871672
-4763358
-4655044
-4546730
-4438416
-4330102
-4221788
-4113474
-4005160
-3896846
-3788532
-3680218
-3571904
-3463590
-3355276
-3246962
-3138648
-3030334
-2922020
-2813706
-2705392
-2597078
-2488764
-2380450
-2272136
-2163822
-2055508
-1947194
-1838880
-1730566
-1622252
-1513938
-1405624
-1297310
-1188996
-1080682
-972368
-864054
-755740
-647426
-539112
-430798
-322484
-214170
-105856
2458
110772
219086
327400
435714
544028
652342
760656
868970
977284
1085598
1193912
1302226
1410540
1518854
1627168
1735482
1843796
1952110
2060424
2168738
2277052
2385366
2493680
2601994
2710308
2818622
2926936
3035250
3143564
3251878
3360192
3468506
3576820
3685134
3793448
3901762
4010076
4118390
4226704
4335018
4443332
4551646
4659960
4768274
4876588
4984902
5093216
5201530
5309844
5418158
5526472
5634786
5743100
5851414
5959728
6068042
6176356
6284670
6392984
6501298
6609612
6717926
6826240
6934554
7042868
7151182
7259496
7367810
7476124
7584438
7692752
7801066
7909380
8017694
8126008
8234322
8342636
8450950
8559264
8667578
8775892
8884206
8992520
9100834
9209148
9317462
9425776
9534090
9642404
9750718
9859032
9967346
10075660
10183974
10292288
10400602
10508916
10617230
10725544
10833858
10942172
11050486
11158800
11267114
11375428
11483742
11592056
11700370
11808684
11916998
12025312
12133626
12241940
12350254
12458568
12566882
12675196
12783510
12891824
13000138
13108452
13216766
13325080
13433394
13541708
13650022
13758336
13866650
13974964
14083278
14191592
14299906
14408220
14516534
14624848
14733162
14841476
14949790
15058104
13166417
11274730
9383043
7491356
5599669
3707982
1816295
-75392
-1967079
-3858766
-5750453
-7642140
-9533827
-11425514
-11317200
-11208886
-11100572
-10992258
-10883944
-10775630
-10667316
-10559002
-10450688
-10342374
-10234060
-10125746
-10017432
-9909118
-9800804
-9692490
-9584176
-9475862
-9367548
-9259234
-9150920
-9042606
-8934292
-8825978
-8717664
-8609350
-8501036
-8392722
-8284408
-8176094
-8067780
-7959466
-7851152
-7742838
-7634524
-7526210
-7417896
-7309582
-7201268
-7092954
-6984640
-6876326
-6768012
-6659698
-6551384
-6443070
-6334756
-6226442
-6118128
-6009814
-5901500
-5793186
-5684872
-5576558
-5468244
-5359930
-5251616
-5143302
-5034988
-4926674
-4818360
-4710046
-4601732
-4493418
-4385104
-4276790
-4168476
-4060162
-3951848
-3843534
-3735220
-3626906
-3518592
-3410278
-3301964
-3193650
-3085336
-2977022
-2868708
-2760394
-2652080
-2543766
-2435452
-2327138
-2218824
-2110510
-2002196
-1893882
-1785568
-1677254
-1568940
-1460626
-1352312
-1243998
-1135684
-1027370
-919056
-810742
-702428
-594114
-485800
-377486
-269172
-160858
-52544
55770
164084
272398
380712
489026
597340
705654
813968
922282
1030596
1138910
1247224
1355538
1463852
1572166
1680480
1788794
1897108
2005422
2113736
2222050
2330364
2438678
2546992
2655306
2763620
2871934
2980248
3088562
3196876
3305190
3413504
3521818
3630132
3738446
3846760
3955074
4063388
4171702
4280016
4388330
4496644
4604958
4713272
4821586
4929900
5038214
5146528
5254842
5363156
5471470
5579784
5688098
5796412
5904726
6013040
6121354
6229668
6337982
6446296
6554610
6662924
6771238
6879552
6987866
7096180
7204494
7312808
7421122
7529436
7637750
7746064
7854378
7962692
8071006
8179320
8287634
8395948
8504262
8612576
8720890
8829204
8937518
9045832
9154146
9262460
9370774
9479088
9587402
9695716
9804030
9912344
10020658
10128972
10237286
10345600
10453914
10562228
10670542
10778856
10887170
10995484
11103798
11212112
11320426
11428740
11537054
11645368
11753682
11861996
11970310
12078624
12186938
12295252
12403566
12511880
12620194
12728508
12836822
12945136
13053450
13161764
13270078
13378392
13486706
13595020
13703334
13811648
13919962
14028276
14136590
14244904
14353218
14461532
12569845
10678158
8786471
6894784
5003097
3111410
1219723
-671964
-2563651
-4455338
-6347025
-8238712
-10130399
-12022086
-11913772
-11805458
-11697144
-11588830
-11480516
-11372202
-11263888
-11155574
-11047260
-10938946
-10830632
-10722318
-10614004
-10505690
-10397376
-10289062
-10180748
-10072434
-9964120
-9855806
-9747492
-9639178
-9530864
-9422550
-9314236
-9205922
-9097608
-8989294
-8880980
-8772666
-8664352
-8556038
-8447724
-8339410
-8231096
-8122782
-8014468
-7906154
-7797840
-7689526
-7581212
-7472898
-7364584
-7256270
-7147956
-7039642
-6931328
-6823014
-6714700
-6606386
-6498072
-6389758
-6281444
-6173130
-6064816
-5956502
-5848188
-5739874
-5631560
-5523246
-5414932
-5306618
-5198304
-5089990
-4981676
-4873362
-4765048
-4656734
-4548420
-4440106
-4331792
-4223478
-4115164
-4006850
-3898536
-3790222
-3681908
-3573594
-3465280
-3356966
-3248652
-3140338
-3032024
-2923710
-2815396
-2707082
-2598768
-2490454
-2382140
-2273826
-2165512
-2057198
-1948884
-1840570
-1732256
-1623942
-1515628
-1407314
-1299000
-1190686
-1082372
-974058
-865744
-757430
-649116
-540802
-432488
-324174
-215860
-107546
768
109082
217396
325710
434024
542338
650652
758966
867280
975594
1083908
1192222
1300536
1408850
1517164
1625478
1733792
1842106
1950420
2058734
2167048
2275362
2383676
2491990
2600304
2708618
2816932
2925246
3033560
3141874
3250188
3358502
3466816
3575130
3683444
3791758
3900072
4008386
4116700
4225014
4333328
4441642
4549956
4658270
4766584
4874898
4983212
5091526
5199840
5308154
5416468
5524782
5633096
5741410
5849724
5958038
6066352
6174666
6282980
6391294
6499608
6607922
6716236
6824550
6932864
7041178
7149492
7257806
7366120
7474434
7582748
7691062
7799376
7907690
8016004
8124318
8232632
8340946
8449260
8557574
8665888
8774202
8882516
8990830
9099144
9207458
9315772
9424086
9532400
9640714
9749028
9857342
9965656
10073970
10182284
10290598
10398912
10507226
10615540
10723854
10832168
10940482
11048796
11157110
11265424
11373738
11482052
11590366
11698680
11806994
11915308
12023622
12131936
12240250
12348564
12456878
12565192
12673506
12781820
12890134
12998448
13106762
13215076
13323390
13431704
13540018
13648332
13756646
11864959
9973272
8081585
6189898
4298211
2406524
514837
-1376850
-3268537
-5160224
-7051911
-8943598
-10835285
-12726972
-12618658
-12510344
-12402030
-12293716
-12185402
-12077088
-11968774
-11860460
-11752146
-11643832
-11535518
-11427204
-11318890
-11210576
-11102262
-10993948
-10885634
-10777320
-10669006
-10560692
-10452378
-10344064
-10235750
-10127436
-10019122
-9910808
-9802494
-9694180
-9585866
-9477552
-9369238
-9260924
-9152610
-9044296
-8935982
-8827668
-8719354
-8611040
-8502726
-8394412
-8286098
-8177784
-8069470
-7961156
-7852842
-7744528
-7636214
-7527900
-7419586
-7311272
-7202958
-7094644
-6986330
-6878016
-6769702
-6661388
-6553074
-6444760
-6336446
-6228132
-6119818
-6011504
-5903190
-5794876
-5686562
-5578248
-5469934
-5361620
-5253306
-5144992
-5036678
-4928364
-4820050
-4711736
-4603422
-4495108
-4386794
-4278480
-4170166
-4061852
-3953538
-3845224
-3736910
-3628596
-3520282
-3411968
-3303654
-3195340
-3087026
-2978712
-2870398
-2762084
-2653770
-2545456
-2437142
-2328828
-2220514
-2112200
-2003886
-1895572
-1787258
-1678944
-1570630
-1462316
-1354002
-1245688
-1137374
-1029060
-920746
-812432
-704118
-595804
-487490
-379176
-270862
-162548
-54234
54080
162394
270708
379022
487336
595650
703964
812278
920592
1028906
1137220
1245534
1353848
1462162
1570476
1678790
1787104
1895418
2003732
2112046
2220360
2328674
2436988
2545302
2653616
2761930
2870244
2978558
3086872
3195186
3303500
3411814
3520128
3628442
3736756
3845070
3953384
4061698
4170012
4278326
4386640
4494954
4603268
4711582
4819896
4928210
5036524
5144838
5253152
5361466
5469780
5578094
5686408
5794722
5903036
6011350
6119664
6227978
6336292
6444606
6552920
6661234
6769548
6877862
6986176
7094490
7202804
7311118
7419432
7527746
7636060
7744374
7852688
7961002
8069316
8177630
8285944
8394258
8502572
8610886
8719200
8827514
8935828
9044142
9152456
9260770
9369084
9477398
9585712
9694026
9802340
9910654
10018968
10127282
10235596
10343910
10452224
10560538
10668852
10777166
10885480
10993794
11102108
11210422
11318736
11427050
11535364
11643678
11751992
11860306
11968620
12076934
12185248
12293562
12401876
12510190
12618504
12726818
12835132
12943446
13051760
13160074
11268387
9376700
7485013
5593326
3701639
1809952
-81735
-1973422
-3865109
-5756796
-7648483
-9540170
-11431857
-13323544
-13215230
-13106916
-12998602
-12890288
-12781974
-12673660
-12565346
-12457032
-12348718
-12240404
-12132090
-12023776
-11915462
-11807148
-11698834
-11590520
-11482206
-11373892
-11265578
-11157264
-11048950
-10940636
-10832322
-10724008
-10615694
-10507380
-10399066
-10290752
-10182438
-10074124
-9965810
-9857496
-9749182
-9640868
-9532554
-9424240
-9315926
-9207612
-9099298
-8990984
-8882670
-8774356
-8666042
-8557728
-8449414
-8341100
-8232786
-8124472
-8016158
-7907844
-7799530
-7691216
-7582902
-7474588
-7366274
-7257960
-7149646
-7041332
-6933018
-6824704
-6716390
-6608076
-6499762
-6391448
-6283134
-6174820
-6066506
-5958192
-5849878
-5741564
-5633250
-5524936
-5416622
-5308308
-5199994
-5091680
-4983366
-4875052
-4766738
-4658424
-4550110
-4441796
-4333482
-4225168
-4116854
-4008540
-3900226
-3791912
-3683598
-3575284
-3466970
-3358656
-3250342
-3142028
-3033714
-2925400
-2817086
-2708772
-2600458
-2492144
-2383830
-2275516
-2167202
-2058888
-1950574
-1842260
-1733946
-1625632
-1517318
-1409004
-1300690
-1192376
-1084062
-975748
-867434
-759120
-650806
-542492
-434178
-325864
-217550
-109236
-922
107392
215706
324020
432334
540648
648962
757276
865590
973904
1082218
1190532
1298846
1407160
1515474
1623788
1732102
1840416
1948730
2057044
2165358
2273672
2381986
2490300
2598614
2706928
2815242
2923556
3031870
3140184
3248498
3356812
3465126
3573440
3681754
3790068
3898382
4006696
4115010
4223324
4331638
4439952
4548266
4656580
4764894
4873208
4981522
5089836
5198150
5306464
5414778
5523092
5631406
5739720
5848034
5956348
6064662
6172976
6281290
6389604
6497918
6606232
6714546
6822860
6931174
7039488
7147802
7256116
7364430
7472744
7581058
7689372
7797686
7906000
8014314
8122628
8230942
8339256
8447570
8555884
8664198
8772512
8880826
8989140
9097454
9205768
9314082
9422396
9530710
9639024
9747338
9855652
9963966
10072280
10180594
10288908
10397222
10505536
10613850
10722164
10830478
10938792
11047106
11155420
11263734
11372048
11480362
11588676
11696990
11805304
11913618
12021932
12130246
12238560
12346874
12455188
10563501
8671814
6780127
4888440
2996753
1105066
-786621
-2678308
-4569995
-6461682
-8353369
-10245056
-12136743
-14028430
-13920116
-13811802
-13703488
-13595174
-13486860
-13378546
-13270232
-13161918
-13053604
-12945290
-12836976
-12728662
-12620348
-12512034
-12403720
-12295406
-12187092
-12078778
-11970464
-11862150
-11753836
-11645522
-11537208
-11428894
-11320580
-11212266
-11103952
-10995638
-10887324
-10779010
-10670696
-10562382
-10454068
-10345754
-10237440
-10129126
-10020812
-9912498
-9804184
-9695870
-9587556
-9479242
-9370928
-9262614
-9154300
-9045986
-8937672
-8829358
-8721044
-8612730
-8504416
-8396102
-8287788
-8179474
-8071160
-7962846
-7854532
-7746218
-7637904
-7529590
-7421276
-7312962
-7204648
-7096334
-6988020
-6879706
-6771392
-6663078
-6554764
-6446450
-6338136
-6229822
-6121508
-6013194
-5904880
-5796566
-5688252
-5579938
-5471624
-5363310
-5254996
-5146682
-5038368
-4930054
-4821740
-4713426
-4605112
-4496798
-4388484
-4280170
-4171856
-4063542
-3955228
-3846914
-3738600
-3630286
-3521972
-3413658
-3305344
-3197030
-3088716
-2980402
-2872088
-2763774
-2655460
-2547146
-2438832
-2330518
-2222204
-2113890
-2005576
-1897262
-1788948
-1680634
-1572320
-1464006
-1355692
-1247378
-1139064
-1030750
-922436
-814122
-705808
-597494
-489180
-380866
-272552
-164238
-55924
52390
160704
269018
377332
485646
593960
702274
810588
918902
1027216
1135530
1243844
1352158
1460472
1568786
1677100
1785414
1893728
2002042
2110356
2218670
2326984
2435298
2543612
2651926
2760240
2868554
2976868
3085182
3193496
3301810
3410124
3518438
3626752
3735066
3843380
3951694
4060008
4168322
4276636
4384950
4493264
4601578
4709892
4818206
4926520
5034834
5143148
5251462
5359776
5468090
5576404
5684718
5793032
5901346
6009660
6117974
6226288
6334602
6442916
6551230
6659544
6767858
6876172
6984486
7092800
7201114
7309428
7417742
7526056
7634370
7742684
7850998
7959312
8067626
8175940
8284254
8392568
8500882
8609196
8717510
8825824
8934138
9042452
9150766
9259080
9367394
9475708
9584022
9692336
9800650
9908964
10017278
10125592
10233906
10342220
10450534
10558848
10667162
10775476
10883790
10992104
11100418
11208732
11317046
11425360
11533674
11641988
11750302
11858616
9966929
8075242
6183555
4291868
2400181
508494
-1383193
-3274880
-5166567
-7058254
-8949941
-10841628
-12733315
-14625002
-14516688
-14408374
-14300060
-14191746
-14083432
-13975118
-13866804
-13758490
-13650176
-13541862
-13433548
-13325234
-13216920
-13108606
-13000292
-12891978
-12783664
-12675350
-12567036
-12458722
-12350408
-12242094
-12133780
-12025466
-11917152
-11808838
-11700524
-11592210
-11483896
-11375582
-11267268
-11158954
-11050640
-10942326
-10834012
-10725698
-10617384
-10509070
-10400756
-10292442
-10184128
-10075814
-9967500
-9859186
-9750872
-9642558
-9534244
-9425930
-9317616
-9209302
-9100988
-8992674
-8884360
-8776046
-8667732
-8559418
-8451104
-8342790
-8234476
-8126162
-8017848
-7909534
-7801220
-7692906
-7584592
-7476278
-7367964
-7259650
-7151336
-7043022
-6934708
-6826394
-6718080
-6609766
-6501452
-6393138
-6284824
-6176510
-6068196
-5959882
-5851568
-5743254
-5634940
-5526626
-5418312
-5309998
-5201684
-5093370
-4985056
-4876742
-4768428
-4660114
-4551800
-4443486
-4335172
-4226858
-4118544
-4010230
-3901916
-3793602
-3685288
-3576974
-3468660
-3360346
-3252032
-3143718
-3035404
-2927090
-2818776
-2710462
-2602148
-2493834
-2385520
-2277206
-2168892
-2060578
-1952264
-1843950
-1735636
-1627322
-1519008
-1410694
-1302380
-1194066
-1085752
-977438
-869124
-760810
-652496
-544182
-435868
-327554
-219240
-110926
-2612
105702
214016
322330
430644
538958
647272
755586
863900
972214
1080528
1188842
1297156
1405470
1513784
1622098
1730412
1838726
1947040
2055354
2163668
2271982
2380296
2488610
2596924
2705238
2813552
2921866
3030180
3138494
3246808
3355122
3463436
3571750
3680064
3788378
3896692
4005006
4113320
4221634
4329948
4438262
4546576
4654890
4763204
4871518
4979832
5088146
5196460
5304774
5413088
5521402
5629716
5738030
5846344
5954658
6062972
6171286
6279600
6387914
6496228
6604542
6712856
6821170
6929484
7037798
7146112
7254426
7362740
7471054
7579368
7687682
7795996
7904310
8012624
8120938
8229252
8337566
8445880
8554194
8662508
8770822
8879136
8987450
9095764
9204078
9312392
9420706
9529020
9637334
9745648
9853962
9962276
10070590
10178904
10287218
10395532
10503846
10612160
10720474
10828788
10937102
11045416
11153730
11262044
9370357
7478670
5586983
3695296
1803609
-88078
-1979765
-3871452
-5763139
-7654826
-9546513
-11438200
-13329887
-13221573
-13113259
-13004945
-12896631
-12788317
-12680003
-12571689
-12463375
-12355061
-12246747
-12138433
-12030119
-11921805
-11813491
-11705177
-11596863
-11488549
-11380235
-11271921
-11163607
-11055293
-10946979
-10838665
-10730351
-10622037
-10513723
-10405409
-10297095
-10188781
-10080467
-9972153
-9863839
-9755525
-9647211
-9538897
-9430583
-9322269
-9213955
-9105641
-8997327
-8889013
-8780699
-8672385
-8564071
-8455757
-8347443
-8239129
-8130815
-8022501
-7914187
-7805873
-7697559
-7589245
-7480931
-7372617
-7264303
-7155989
-7047675
-6939361
-6831047
-6722733
-6614419
-6506105
-6397791
-6289477
-6181163
-6072849
-5964535
-5856221
-5747907
-5639593
-5531279
-5422965
-5314651
-5206337
-5098023
-4989709
-4881395
-4773081
-4664767
-4556453
-4448139
-4339825
-4231511
-4123197
-4014883
-3906569
-3798255
-3689941
-3581627
-3473313
-3364999
-3256685
-3148371
-3040057
-2931743
-2823429
-2715115
-2606801
-2498487
-2390173
-2281859
-2173545
-2065231
-1956917
-1848603
-1740289
-1631975
-1523661
-1415347
-1307033
-1198719
-1090405
-982091
-873777
-765463
-657149
-548835
-440521
-332207
-223893
-115579
-7265
101049
209363
317677
425991
534305
642619
750933
859247
967561
1075875
1184189
1292503
1400817
1509131
1617445
1725759
1834073
1942387
2050701
2159015
2267329
2375643
2483957
2592271
2700585
2808899
2917213
3025527
3133841
3242155
3350469
3458783
3567097
3675411
3783725
3892039
4000353
4108667
4216981
4325295
4433609
4541923
4650237
4758551
4866865
4975179
5083493
5191807
5300121
5408435
5516749
5625063
5733377
5841691
5950005
6058319
6166633
6274947
6383261
6491575
6599889
6708203
6816517
6924831
7033145
7141459
7249773
7358087
7466401
7574715
7683029
7791343
7899657
8007971
8116285
8224599
8332913
8441227
8549541
8657855
8766169
8874483
8982797
9091111
9199425
9307739
9416053
9524367
9632681
9740995
9849309
9957623
10065937
10174251
10282565
10390879
10499193
10607507
10715821
10824135
10932449
11040763
11149077
11257391
11365705
11474019
11582333
11690647
11798961
11907275
12015589
12123903
12232217
12340531
12448845
12557159
10665472
8773785
6882098
4990411
3098724
1207037
-684650
-2576337
-4468024
-6359711
-8251398
-10143085
-12034772
-13926459
-13818145
-13709831
-13601517
-13493203
-13384889
-13276575
-13168261
-13059947
-12951633
-12843319
-12735005
-12626691
-12518377
-12410063
-12301749
-12193435
-12085121
-11976807
-11868493
-11760179
-11651865
-11543551
-11435237
-11326923
-11218609
-11110295
-11001981
-10893667
-10785353
-10677039
-10568725
-10460411
-10352097
-10243783
-10135469
-10027155
-9918841
-9810527
-9702213
-9593899
-9485585
-9377271
-9268957
-9160643
-9052329
-8944015
-8835701
-8727387
-8619073
-8510759
-8402445
-8294131
-8185817
-8077503
-7969189
-7860875
-7752561
-7644247
-7535933
-7427619
-7319305
-7210991
-7102677
-6994363
-6886049
-6777735
-6669421
-6561107
-6452793
-6344479
-6236165
-6127851
-6019537
-5911223
-5802909
-5694595
-5586281
-5477967
-5369653
-5261339
-5153025
-5044711
-4936397
-4828083
-4719769
-4611455
-4503141
-4394827
-4286513
-4178199
-4069885
-3961571
-3853257
-3744943
-3636629
-3528315
-3420001
-3311687
-3203373
-3095059
-2986745
-2878431
-2770117
-2661803
-2553489
-2445175
-2336861
-2228547
-2120233
-2011919
-1903605
-1795291
-1686977
-1578663
-1470349
-1362035
-1253721
-1145407
-1037093
-928779
-820465
-712151
-603837
-495523
-387209
-278895
-170581
-62267
46047
154361
262675
370989
479303
587617
695931
804245
912559
1020873
1129187
1237501
1345815
1454129
1562443
1670757
1779071
1887385
1995699
2104013
2212327
2320641
2428955
2537269
2645583
2753897
2862211
2970525
3078839
3187153
3295467
3403781
3512095
3620409
3728723
3837037
3945351
4053665
4161979
4270293
4378607
4486921
4595235
4703549
4811863
4920177
5028491
5136805
5245119
5353433
5461747
5570061
5678375
5786689
5895003
6003317
6111631
6219945
6328259
6436573
6544887
6653201
6761515
6869829
6978143
7086457
7194771
7303085
7411399
7519713
7628027
7736341
7844655
7952969
8061283
8169597
8277911
8386225
8494539
8602853
8711167
8819481
8927795
9036109
9144423
9252737
9361051
9469365
9577679
9685993
9794307
9902621
10010935
10119249
10227563
10335877
10444191
10552505
10660819
10769133
10877447
10985761
11094075
11202389
11310703
11419017
11527331
11635645
11743959
11852273
11960587
10068900
8177213
6285526
4393839
2502152
610465
-1281222
-3172909
-5064596
-6956283
-8847970
-10739657
-12631344
-12523030
-12414716
-12306402
-12198088
-12089774
-11981460
-11873146
-11764832
-11656518
-11548204
-11439890
-11331576
-11223262
-11114948
-11006634
-10898320
-10790006
-10681692
-10573378
-10465064
-10356750
-10248436
-10140122
-10031808
-9923494
-9815180
-9706866
-9598552
-9490238
-9381924
-9273610
-9165296
-9056982
-8948668
-8840354
-8732040
-8623726
-8515412
-8407098
-8298784
-8190470
-8082156
-7973842
-7865528
-7757214
-7648900
-7540586
-7432272
-7323958
-7215644
-7107330
-6999016
-6890702
-6782388
-6674074
-6565760
-6457446
-6349132
-6240818
-6132504
-6024190
-5915876
-5807562
-5699248
-5590934
-5482620
-5374306
-5265992
-5157678
-5049364
-4941050
-4832736
-4724422
-4616108
-4507794
-4399480
-4291166
-4182852
-4074538
-3966224
-3857910
-3749596
-3641282
-3532968
-3424654
-3316340
-3208026
-3099712
-2991398
-2883084
-2774770
-2666456
-2558142
-2449828
-2341514
-2233200
-2124886
-2016572
-1908258
-1799944
-1691630
-1583316
-1475002
-1366688
-1258374
-1150060
-1041746
-933432
-825118
-716804
-608490
-500176
-391862
-283548
-175234
-66920
41394
149708
258022
366336
474650
582964
691278
799592
907906
1016220
1124534
1232848
1341162
1449476
1557790
1666104
1774418
1882732
1991046
2099360
2207674
2315988
2424302
2532616
2640930
2749244
2857558
2965872
3074186
3182500
3290814
3399128
3507442
3615756
3724070
3832384
3940698
4049012
4157326
4265640
4373954
4482268
4590582
4698896
4807210
4915524
5023838
5132152
5240466
5348780
5457094
5565408
5673722
5782036
5890350
5998664
6106978
6215292
6323606
6431920
6540234
6648548
6756862
6865176
6973490
7081804
7190118
7298432
7406746
7515060
7623374
7731688
7840002
7948316
8056630
8164944
8273258
8381572
8489886
8598200
8706514
8814828
8923142
9031456
9139770
9248084
9356398
9464712
9573026
9681340
9789654
9897968
10006282
10114596
10222910
10331224
10439538
10547852
10656166
10764480
10872794
10981108
11089422
11197736
11306050
11414364
11522678
11630992
11739306
11847620
11955934
12064248
12172562
12280876
12389190
12497504
12605818
12714132
12822446
12930760
13039074
13147388
13255702
11364015
9472328
7580641
5688954
3797267
1905580
13893
-1877794
-3769481
-5661168
-7552855
-9444542
-11336229
-13227916
-13119602
-13011288
-12902974
-12794660
-12686346
-12578032
-12469718
-12361404
-12253090
-12144776
-12036462
-11928148
-11819834
-11711520
-11603206
-11494892
-11386578
-11278264
-11169950
-11061636
-10953322
-10845008
-10736694
-10628380
-10520066
-10411752
-10303438
-10195124
-10086810
-9978496
-9870182
-9761868
-9653554
-9545240
-9436926
-9328612
-9220298
-9111984
-9003670
-8895356
-8787042
-8678728
-8570414
-8462100
-8353786
-8245472
-8137158
-8028844
-7920530
-7812216
-7703902
-7595588
-7487274
-7378960
-7270646
-7162332
-7054018
-6945704
-6837390
-6729076
-6620762
-6512448
-6404134
-6295820
-6187506
-6079192
-5970878
-5862564
-5754250
-5645936
-5537622
-5429308
-5320994
-5212680
-5104366
-4996052
-4887738
-4779424
-4671110
-4562796
-4454482
-4346168
-4237854
-4129540
-4021226
-3912912
-3804598
-3696284
-3587970
-3479656
-3371342
-3263028
-3154714
-3046400
-2938086
-2829772
-2721458
-2613144
-2504830
-2396516
-2288202
-2179888
-2071574
-1963260
-1854946
-1746632
-1638318
-1530004
-1421690
-1313376
-1205062
-1096748
-988434
-880120
-771806
-663492
-555178
-446864
-338550
-230236
-121922
-13608
94706
203020
311334
419648
527962
636276
744590
852904
961218
1069532
1177846
1286160
1394474
1502788
1611102
1719416
1827730
1936044
2044358
2152672
2260986
2369300
2477614
2585928
2694242
2802556
2910870
3019184
3127498
3235812
3344126
3452440
3560754
3669068
3777382
3885696
3994010
4102324
4210638
4318952
4427266
4535580
4643894
4752208
4860522
4968836
5077150
5185464
5293778
5402092
5510406
5618720
5727034
5835348
5943662
6051976
6160290
6268604
6376918
6485232
6593546
6701860
6810174
6918488
7026802
7135116
7243430
7351744
7460058
7568372
7676686
7785000
7893314
8001628
8109942
8218256
8326570
8434884
8543198
8651512
8759826
8868140
8976454
9084768
9193082
9301396
9409710
9518024
9626338
9734652
9842966
9951280
10059594
10167908
10276222
10384536
10492850
10601164
10709478
10817792
10926106
11034420
11142734
11251048
11359362
11467676
11575990
11684304
11792618
11900932
12009246
12117560
12225874
12334188
12442502
12550816
12659130
10767443
8875756
6984069
5092382
3200695
1309008
-582679
-2474366
-4366053
-6257740
-8149427
-10041114
-11932801
-13824488
-13716174
-13607860
-13499546
-13391232
-13282918
-13174604
-13066290
-12957976
-12849662
-12741348
-12633034
-12524720
-12416406
-12308092
-12199778
-12091464
-11983150
-11874836
-11766522
-11658208
-11549894
-11441580
-11333266
-11224952
-11116638
-11008324
-10900010
-10791696
-10683382
-10575068
-10466754
-10358440
-10250126
-10141812
-10033498
-9925184
-9816870
-9708556
-9600242
-9491928
-9383614
-9275300
-9166986
-9058672
-8950358
-8842044
-8733730
-8625416
-8517102
-8408788
-8300474
-8192160
-8083846
-7975532
-7867218
-7758904
-7650590
-7542276
-7433962
-7325648
-7217334
-7109020
-7000706
-6892392
-6784078
-6675764
-6567450
-6459136
-6350822
-6242508
-6134194
-6025880
-5917566
-5809252
-5700938
-5592624
-5484310
-5375996
-5267682
-5159368
-5051054
-4942740
-4834426
-4726112
-4617798
-4509484
-4401170
-4292856
-4184542
-4076228
-3967914
-3859600
-3751286
-3642972
-3534658
-3426344
-3318030
-3209716
-3101402
-2993088
-2884774
-2776460
-2668146
-2559832
-2451518
-2343204
-2234890
-2126576
-2018262
-1909948
-1801634
-1693320
-1585006
-1476692
-1368378
-1260064
-1151750
-1043436
-935122
-826808
-718494
-610180
-501866
-393552
-285238
-176924
-68610
39704
148018
256332
364646
472960
581274
689588
797902
906216
1014530
1122844
1231158
1339472
1447786
1556100
1664414
1772728
1881042
1989356
2097670
2205984
2314298
2422612
2530926
2639240
2747554
2855868
2964182
3072496
3180810
3289124
3397438
3505752
3614066
3722380
3830694
3939008
4047322
4155636
4263950
4372264
4480578
4588892
4697206
4805520
4913834
5022148
5130462
5238776
5347090
5455404
5563718
5672032
5780346
5888660
5996974
6105288
6213602
6321916
6430230
6538544
6646858
6755172
6863486
6971800
7080114
7188428
7296742
7405056
7513370
7621684
7729998
7838312
7946626
8054940
8163254
8271568
8379882
8488196
8596510
8704824
8813138
8921452
9029766
9138080
9246394
9354708
9463022
9571336
9679650
9787964
9896278
10004592
10112906
10221220
10329534
10437848
10546162
10654476
10762790
10871104
10979418
11087732
11196046
11304360
11412674
11520988
11629302
11737616
11845930
11954244
10062557
8170870
6279183
4387496
2495809
604122
-1287565
-3179252
-5070939
-6962626
-8854313
-10746000
-12637687
-14529374
-14421060
-14312746
-14204432
-14096118
-13987804
-13879490
-13771176
-13662862
-13554548
-13446234
-13337920
-13229606
-13121292
-13012978
-12904664
-12796350
-12688036
-12579722
-12471408
-12363094
-12254780
-12146466
-12038152
-11929838
-11821524
-11713210
-11604896
-11496582
-11388268
-11279954
-11171640
-11063326
-10955012
-10846698
-10738384
-10630070
-10521756
-10413442
-10305128
-10196814
-10088500
-9980186
-9871872
-9763558
-9655244
-9546930
-9438616
-9330302
-9221988
-9113674
-9005360
-8897046
-8788732
-8680418
-8572104
-8463790
-8355476
-8247162
-8138848
-8030534
-7922220
-7813906
-7705592
-7597278
-7488964
-7380650
-7272336
-7164022
-7055708
-6947394
-6839080
-6730766
-6622452
-6514138
-6405824
-6297510
-6189196
-6080882
-5972568
-5864254
-5755940
-5647626
-5539312
-5430998
-5322684
-5214370
-5106056
-4997742
-4889428
-4781114
-4672800
-4564486
-4456172
-4347858
-4239544
-4131230
-4022916
-3914602
-3806288
-3697974
-3589660
-3481346
-3373032
-3264718
-3156404
-3048090
-2939776
-2831462
-2723148
-2614834
-2506520
-2398206
-2289892
-2181578
-2073264
-1964950
-1856636
-1748322
-1640008
-1531694
-1423380
-1315066
-1206752
-1098438
-990124
-881810
-773496
-665182
-556868
-448554
-340240
-231926
-123612
-15298
93016
201330
309644
417958
526272
634586
742900
851214
959528
1067842
1176156
1284470
1392784
1501098
1609412
1717726
1826040
1934354
2042668
2150982
2259296
2367610
2475924
2584238
2692552
2800866
2909180
3017494
3125808
3234122
3342436
3450750
3559064
3667378
3775692
3884006
3992320
4100634
4208948
4317262
4425576
4533890
4642204
4750518
4858832
4967146
5075460
5183774
5292088
5400402
5508716
5617030
5725344
5833658
5941972
6050286
6158600
6266914
6375228
6483542
6591856
6700170
6808484
6916798
7025112
7133426
7241740
7350054
7458368
7566682
7674996
7783310
7891624
7999938
8108252
8216566
8324880
8433194
8541508
8649822
8758136
8866450
8974764
9083078
9191392
9299706
9408020
9516334
9624648
9732962
9841276
9949590
10057904
10166218
10274532
10382846
10491160
10599474
10707788
10816102
10924416
11032730
11141044
11249358
11357672
9465985
7574298
5682611
3790924
1899237
7550
-1884137
-3775824
-5667511
-7559198
-9450885
-11342572
-13234259
-15125946
-15017632
-14909318
-14801004
-14692690
-14584376
-14476062
-14367748
-14259434
-14151120
-14042806
-13934492
-13826178
-13717864
-13609550
-13501236
-13392922
-13284608
-13176294
-13067980
-12959666
-12851352
-12743038
-12634724
-12526410
-12418096
-12309782
-12201468
-12093154
-11984840
-11876526
-11768212
-11659898
-11551584
-11443270
-11334956
-11226642
-11118328
-11010014
-10901700
-10793386
-10685072
-10576758
-10468444
-10360130
-10251816
-10143502
-10035188
-9926874
-9818560
-9710246
-9601932
-9493618
-9385304
-9276990
-9168676
-9060362
-8952048
-8843734
-8735420
-8627106
-8518792
-8410478
-8302164
-8193850
-8085536
-7977222
-7868908
-7760594
-7652280
-7543966
-7435652
-7327338
-7219024
-7110710
-7002396
-6894082
-6785768
-6677454
-6569140
-6460826
-6352512
-6244198
-6135884
-6027570
-5919256
-5810942
-5702628
-5594314
-5486000
-5377686
-5269372
-5161058
-5052744
-4944430
-4836116
-4727802
-4619488
-4511174
-4402860
-4294546
-4186232
-4077918
-3969604
-3861290
-3752976
-3644662
-3536348
-3428034
-3319720
-3211406
-3103092
-2994778
-2886464
-2778150
-2669836
-2561522
-2453208
-2344894
-2236580
-2128266
-2019952
-1911638
-1803324
-1695010
-1586696
-1478382
-1370068
-1261754
-1153440
-1045126
-936812
-828498
-720184
-611870
-503556
-395242
-286928
-178614
-70300
38014
146328
254642
362956
471270
579584
687898
796212
904526
1012840
1121154
1229468
1337782
1446096
1554410
1662724
1771038
1879352
1987666
2095980
2204294
2312608
2420922
2529236
2637550
2745864
2854178
2962492
3070806
3179120
3287434
3395748
3504062
3612376
3720690
3829004
3937318
4045632
4153946
4262260
4370574
4478888
4587202
4695516
4803830
4912144
5020458
5128772
5237086
5345400
5453714
5562028
5670342
5778656
5886970
5995284
6103598
6211912
6320226
6428540
6536854
6645168
6753482
6861796
6970110
7078424
7186738
7295052
7403366
7511680
7619994
7728308
7836622
7944936
8053250
8161564
8269878
8378192
8486506
8594820
8703134
8811448
8919762
9028076
9136390
9244704
9353018
9461332
9569646
9677960
9786274
9894588
10002902
10111216
10219530
10327844
10436158
10544472
10652786
10761100
8869413
6977726
5086039
3194352
1302665
-589022
-2480709
-4372396
-6264083
-8155770
-10047457
-11939144
-13830831
-13722517
-13614203
-13505889
-13397575
-13289261
-13180947
-13072633
-12964319
-12856005
-12747691
-12639377
-12531063
-12422749
-12314435
-12206121
-12097807
-11989493
-11881179
-11772865
-11664551
-11556237
-11447923
-11339609
-11231295
-11122981
-11014667
-10906353
-10798039
-10689725
-10581411
-10473097
-10364783
-10256469
-10148155
-10039841
-9931527
-9823213
-9714899
-9606585
-9498271
-9389957
-9281643
-9173329
-9065015
-8956701
-8848387
-8740073
-8631759
-8523445
-8415131
-8306817
-8198503
-8090189
-7981875
-7873561
-7765247
-7656933
-7548619
-7440305
-7331991
-7223677
-7115363
-7007049
-6898735
-6790421
-6682107
-6573793
-6465479
-6357165
-6248851
-6140537
-6032223
-5923909
-5815595
-5707281
-5598967
-5490653
-5382339
-5274025
-5165711
-5057397
-4949083
-4840769
-4732455
-4624141
-4515827
-4407513
-4299199
-4190885
-4082571
-3974257
-3865943
-3757629
-3649315
-3541001
-3432687
-3324373
-3216059
-3107745
-2999431
-2891117
-2782803
-2674489
-2566175
-2457861
-2349547
-2241233
-2132919
-2024605
-1916291
-1807977
-1699663
-1591349
-1483035
-1374721
-1266407
-1158093
-1049779
-941465
-833151
-724837
-616523
-508209
-399895
-291581
-183267
-74953
33361
141675
249989
358303
466617
574931
683245
791559
899873
1008187
1116501
1224815
1333129
1441443
1549757
1658071
1766385
1874699
1983013
2091327
2199641
2307955
2416269
2524583
2632897
2741211
2849525
2957839
3066153
3174467
3282781
3391095
3499409
3607723
3716037
3824351
3932665
4040979
4149293
4257607
4365921
4474235
4582549
4690863
4799177
4907491
5015805
5124119
5232433
5340747
5449061
5557375
5665689
5774003
5882317
5990631
6098945
6207259
6315573
6423887
6532201
6640515
6748829
6857143
6965457
7073771
7182085
7290399
7398713
7507027
7615341
7723655
7831969
7940283
8048597
8156911
8265225
8373539
8481853
8590167
8698481
8806795
8915109
9023423
9131737
9240051
9348365
9456679
9564993
9673307
9781621
9889935
9998249
10106563
10214877
10323191
10431505
10539819
10648133
10756447
10864761
10973075
11081389
11189703
11298017
11406331
11514645
11622959
11731273
11839587
11947901
12056215
10164528
8272841
6381154
4489467
2597780
706093
-1185594
-3077281
-4968968
-6860655
-8752342
-10644029
-12535716
-14427403
-14319089
-14210775
-14102461
-13994147
-13885833
-13777519
-13669205
-13560891
-13452577
-13344263
-13235949
-13127635
-13019321
-12911007
-12802693
-12694379
-12586065
-12477751
-12369437
-12261123
-12152809
-12044495
-11936181
-11827867
-11719553
-11611239
-11502925
-11394611
-11286297
-11177983
-11069669
-10961355
-10853041
-10744727
-10636413
-10528099
-10419785
-10311471
-10203157
-10094843
-9986529
-9878215
-9769901
-9661587
-9553273
-9444959
-9336645
-9228331
-9120017
-9011703
-8903389
-8795075
-8686761
-8578447
-8470133
-8361819
-8253505
-8145191
-8036877
-7928563
-7820249
-7711935
-7603621
-7495307
-7386993
-7278679
-7170365
-7062051
-6953737
-6845423
-6737109
-6628795
-6520481
-6412167
-6303853
-6195539
-6087225
-5978911
-5870597
-5762283
-5653969
-5545655
-5437341
-5329027
-5220713
-5112399
-5004085
-4895771
-4787457
-4679143
-4570829
-4462515
-4354201
-4245887
-4137573
-4029259
-3920945
-3812631
-3704317
-3596003
-3487689
-3379375
-3271061
-3162747
-3054433
-2946119
-2837805
-2729491
-2621177
-2512863
-2404549
-2296235
-2187921
-2079607
-1971293
-1862979
-1754665
-1646351
-1538037
-1429723
-1321409
-1213095
-1104781
-996467
-888153
-779839
-671525
-563211
-454897
-346583
-238269
-129955
-21641
86673
194987
303301
411615
519929
628243
736557
844871
953185
1061499
1169813
1278127
1386441
1494755
1603069
1711383
1819697
1928011
2036325
2144639
2252953
2361267
2469581
2577895
2686209
2794523
2902837
3011151
3119465
3227779
3336093
3444407
3552721
3661035
3769349
3877663
3985977
4094291
4202605
4310919
4419233
4527547
4635861
4744175
4852489
4960803
5069117
5177431
5285745
5394059
5502373
5610687
5719001
5827315
5935629
6043943
6152257
6260571
6368885
6477199
6585513
6693827
6802141
6910455
7018769
7127083
7235397
7343711
7452025
7560339
7668653
7776967
7885281
7993595
8101909
8210223
8318537
8426851
8535165
8643479
8751793
8860107
8968421
9076735
9185049
9293363
9401677
9509991
9618305
9726619
9834933
9943247
10051561
10159875
10268189
10376503
10484817
10593131
10701445
10809759
10918073
11026387
11134701
11243015
11351329
11459643
9567956
7676269
5784582
3892895
2001208
109521
-1782166
-3673853
-5565540
-7457227
-9348914
-11240601
-13132288
-13023974
-12915660
-12807346
-12699032
-12590718
-12482404
-12374090
-12265776
-12157462
-12049148
-11940834
-11832520
-11724206
-11615892
-11507578
-11399264
-11290950
-11182636
-11074322
-10966008
-10857694
-10749380
-10641066
-10532752
-10424438
-10316124
-10207810
-10099496
-9991182
-9882868
-9774554
-9666240
-9557926
-9449612
-9341298
-9232984
-9124670
-9016356
-8908042
-8799728
-8691414
-8583100
-8474786
-8366472
-8258158
-8149844
-8041530
-7933216
-7824902
-7716588
-7608274
-7499960
-7391646
-7283332
-7175018
-7066704
-6958390
-6850076
-6741762
-6633448
-6525134
-6416820
-6308506
-6200192
-6091878
-5983564
-5875250
-5766936
-5658622
-5550308
-5441994
-5333680
-5225366
-5117052
-5008738
-4900424
-4792110
-4683796
-4575482
-4467168
-4358854
-4250540
-4142226
-4033912
-3925598
-3817284
-3708970
-3600656
-3492342
-3384028
-3275714
-3167400
-3059086
-2950772
-2842458
-2734144
-2625830
-2517516
-2409202
-2300888
-2192574
-2084260
-1975946
-1867632
-1759318
-1651004
-1542690
-1434376
-1326062
-1217748
-1109434
-1001120
-892806
-784492
-676178
-567864
-459550
-351236
-242922
-134608
-26294
82020
190334
298648
406962
515276
623590
731904
840218
948532
1056846
1165160
1273474
1381788
1490102
1598416
1706730
1815044
1923358
2031672
2139986
2248300
2356614
2464928
2573242
2681556
2789870
2898184
3006498
3114812
3223126
3331440
3439754
3548068
3656382
3764696
3873010
3981324
4089638
4197952
4306266
4414580
4522894
4631208
4739522
4847836
4956150
5064464
5172778
5281092
5389406
5497720
5606034
5714348
5822662
5930976
6039290
6147604
6255918
6364232
6472546
6580860
6689174
6797488
6905802
7014116
7122430
7230744
7339058
7447372
7555686
7664000
7772314
7880628
7988942
8097256
8205570
8313884
8422198
8530512
8638826
8747140
8855454
8963768
9072082
9180396
9288710
9397024
9505338
9613652
9721966
9830280
9938594
10046908
10155222
10263536
10371850
10480164
10588478
10696792
10805106
10913420
11021734
11130048
11238362
11346676
11454990
11563304
11671618
11779932
11888246
11996560
12104874
12213188
12321502
12429816
12538130
12646444
12754758
10863071
8971384
7079697
5188010
3296323
1404636
-487051
-2378738
-4270425
-6162112
-8053799
-9945486
-11837173
-13728860
-13620546
-13512232
-13403918
-13295604
-13187290
-13078976
-12970662
-12862348
-12754034
-12645720
-12537406
-12429092
-12320778
-12212464
-12104150
-11995836
-11887522
-11779208
-11670894
-11562580
-11454266
-11345952
-11237638
-11129324
-11021010
-10912696
-10804382
-10696068
-10587754
-10479440
-10371126
-10262812
-10154498
-10046184
-9937870
-9829556
-9721242
-9612928
-9504614
-9396300
-9287986
-9179672
-9071358
-8963044
-8854730
-8746416
-8638102
-8529788
-8421474
-8313160
-8204846
-8096532
-7988218
-7879904
-7771590
-7663276
-7554962
-7446648
-7338334
-7230020
-7121706
-7013392
-6905078
-6796764
-6688450
-6580136
-6471822
-6363508
-6255194
-6146880
-6038566
-5930252
-5821938
-5713624
-5605310
-5496996
-5388682
-5280368
-5172054
-5063740
-4955426
-4847112
-4738798
-4630484
-4522170
-4413856
-4305542
-4197228
-4088914
-3980600
-3872286
-3763972
-3655658
-3547344
-3439030
-3330716
-3222402
-3114088
-3005774
-2897460
-2789146
-2680832
-2572518
-2464204
-2355890
-2247576
-2139262
-2030948
-1922634
-1814320
-1706006
-1597692
-1489378
-1381064
-1272750
-1164436
-1056122
-947808
-839494
-731180
-622866
-514552
-406238
-297924
-189610
-81296
27018
135332
243646
351960
460274
568588
676902
785216
893530
1001844
1110158
1218472
1326786
1435100
1543414
1651728
1760042
1868356
1976670
2084984
2193298
2301612
2409926
2518240
2626554
2734868
2843182
2951496
3059810
3168124
3276438
3384752
3493066
3601380
3709694
3818008
3926322
4034636
4142950
4251264
4359578
4467892
4576206
4684520
4792834
4901148
5009462
5117776
5226090
5334404
5442718
5551032
5659346
5767660
5875974
5984288
6092602
6200916
6309230
6417544
6525858
6634172
6742486
6850800
6959114
7067428
7175742
7284056
7392370
7500684
7608998
7717312
7825626
7933940
8042254
8150568
8258882
8367196
8475510
8583824
8692138
8800452
8908766
9017080
9125394
9233708
9342022
9450336
9558650
9666964
9775278
9883592
9991906
10100220
10208534
10316848
10425162
10533476
10641790
10750104
10858418
10966732
11075046
11183360
11291674
11399988
11508302
11616616
11724930
11833244
11941558
12049872
12158186
10266499
8374812
6483125
4591438
2699751
808064
-1083623
-2975310
-4866997
-6758684
-8650371
-10542058
-12433745
-12325431
-12217117
-12108803
-12000489
-11892175
-11783861
-11675547
-11567233
-11458919
-11350605
-11242291
-11133977
-11025663
-10917349
-10809035
-10700721
-10592407
-10484093
-10375779
-10267465
-10159151
-10050837
-9942523
-9834209
-9725895
-9617581
-9509267
-9400953
-9292639
-9184325
-9076011
-8967697
-8859383
-8751069
-8642755
-8534441
-8426127
-8317813
-8209499
-8101185
-7992871
-7884557
-7776243
-7667929
-7559615
-7451301
-7342987
-7234673
-7126359
-7018045
-6909731
-6801417
-6693103
-6584789
-6476475
-6368161
-6259847
-6151533
-6043219
-5934905
-5826591
-5718277
-5609963
-5501649
-5393335
-5285021
-5176707
-5068393
-4960079
-4851765
-4743451
-4635137
-4526823
-4418509
-4310195
-4201881
-4093567
-3985253
-3876939
-3768625
-3660311
-3551997
-3443683
-3335369
-3227055
-3118741
-3010427
-2902113
-2793799
-2685485
-2577171
-2468857
-2360543
-2252229
-2143915
-2035601
-1927287
-1818973
-1710659
-1602345
-1494031
-1385717
-1277403
-1169089
-1060775
-952461
-844147
-735833
-627519
-519205
-410891
-302577
-194263
-85949
22365
130679
238993
347307
455621
563935
672249
780563
888877
997191
1105505
1213819
1322133
1430447
1538761
1647075
1755389
1863703
1972017
2080331
2188645
2296959
2405273
2513587
2621901
2730215
2838529
2946843
3055157
3163471
3271785
3380099
3488413
3596727
3705041
3813355
3921669
4029983
4138297
4246611
4354925
4463239
4571553
4679867
4788181
4896495
5004809
5113123
5221437
5329751
5438065
5546379
5654693
5763007
5871321
5979635
6087949
6196263
6304577
6412891
6521205
6629519
6737833
6846147
6954461
7062775
7171089
7279403
7387717
7496031
7604345
7712659
7820973
7929287
8037601
8145915
8254229
8362543
8470857
8579171
8687485
8795799
8904113
9012427
9120741
9229055
9337369
9445683
9553997
9662311
9770625
9878939
9987253
10095567
10203881
10312195
10420509
10528823
10637137
10745451
10853765
10962079
11070393
11178707
11287021
11395335
11503649
11611963
11720277
11828591
11936905
12045219
12153533
12261847
12370161
12478475
12586789
12695103
12803417
12911731
13020045
13128359
13236673
13344987
13453301
11561614
9669927
7778240
5886553
3994866
2103179
211492
-1680195
-3571882
-5463569
-7355256
-9246943
-11138630
-13030317
-12922003
-12813689
-12705375
-12597061
-12488747
-12380433
-12272119
-12163805
-12055491
-11947177
-11838863
-11730549
-11622235
-11513921
-11405607
-11297293
-11188979
-11080665
-10972351
-10864037
-10755723
-10647409
-10539095
-10430781
-10322467
-10214153
-10105839
-9997525
-9889211
-9780897
-9672583
-9564269
-9455955
-9347641
-9239327
-9131013
-9022699
-8914385
-8806071
-8697757
-8589443
-8481129
-8372815
-8264501
-8156187
-8047873
-7939559
-7831245
-7722931
-7614617
-7506303
-7397989
-7289675
-7181361
-7073047
-6964733
-6856419
-6748105
-6639791
-6531477
-6423163
-6314849
-6206535
-6098221
-5989907
-5881593
-5773279
-5664965
-5556651
-5448337
-5340023
-5231709
-5123395
-5015081
-4906767
-4798453
-4690139
-4581825
-4473511
-4365197
-4256883
-4148569
-4040255
-3931941
-3823627
-3715313
-3606999
-3498685
-3390371
-3282057
-3173743
-3065429
-2957115
-2848801
-2740487
-2632173
-2523859
-2415545
-2307231
-2198917
-2090603
-1982289
-1873975
-1765661
-1657347
-1549033
-1440719
-1332405
-1224091
-1115777
-1007463
-899149
-790835
-682521
-574207
-465893
-357579
-249265
-140951
-32637
75677
183991
292305
400619
508933
617247
725561
833875
942189
1050503
1158817
1267131
1375445
1483759
1592073
1700387
1808701
1917015
2025329
2133643
2241957
2350271
2458585
2566899
2675213
2783527
2891841
3000155
3108469
3216783
3325097
3433411
3541725
3650039
3758353
3866667
3974981
4083295
4191609
4299923
4408237
4516551
4624865
4733179
4841493
4949807
5058121
5166435
5274749
5383063
5491377
5599691
5708005
5816319
5924633
6032947
6141261
6249575
6357889
6466203
6574517
6682831
6791145
6899459
7007773
7116087
7224401
7332715
7441029
7549343
7657657
7765971
7874285
7982599
8090913
8199227
8307541
8415855
8524169
8632483
8740797
8849111
8957425
9065739
9174053
9282367
9390681
9498995
9607309
9715623
9823937
9932251
10040565
10148879
10257193
10365507
10473821
10582135
10690449
10798763
10907077
11015391
11123705
11232019
11340333
11448647
11556961
11665275
11773589
11881903
11990217
12098531
12206845
12315159
12423473
12531787
12640101
12748415
12856729
10965042
9073355
7181668
5289981
3398294
1506607
-385080
-2276767
-4168454
-6060141
-7951828
-9843515
-11735202
-13626889
-13518575
-13410261
-13301947
-13193633
-13085319
-12977005
-12868691
-12760377
-12652063
-12543749
-12435435
-12327121
-12218807
-12110493
-12002179
-11893865
-11785551
-11677237
-11568923
-11460609
-11352295
-11243981
-11135667
-11027353
-10919039
-10810725
-10702411
-10594097
-10485783
-10377469
-10269155
-10160841
-10052527
-9944213
-9835899
-9727585
-9619271
-9510957
-9402643
-9294329
-9186015
-9077701
-8969387
-8861073
-8752759
-8644445
-8536131
-8427817
-8319503
-8211189
-8102875
-7994561
-7886247
-7777933
-7669619
-7561305
-7452991
-7344677
-7236363
-7128049
-7019735
-6911421
-6803107
-6694793
-6586479
-6478165
-6369851
-6261537
-6153223
-6044909
-5936595
-5828281
-5719967
-5611653
-5503339
-5395025
-5286711
-5178397
-5070083
-4961769
-4853455
-4745141
-4636827
-4528513
-4420199
-4311885
-4203571
-4095257
-3986943
-3878629
-3770315
-3662001
-3553687
-3445373
-3337059
-3228745
-3120431
-3012117
-2903803
-2795489
-2687175
-2578861
-2470547
-2362233
-2253919
-2145605
-2037291
-1928977
-1820663
-1712349
-1604035
-1495721
-1387407
-1279093
-1170779
-1062465
-954151
-845837
-737523
-629209
-520895
-412581
-304267
-195953
-87639
20675
128989
237303
345617
453931
562245
670559
778873
887187
995501
1103815
1212129
1320443
1428757
1537071
1645385
1753699
1862013
1970327
2078641
2186955
2295269
2403583
2511897
2620211
2728525
2836839
2945153
3053467
3161781
3270095
3378409
3486723
3595037
3703351
3811665
3919979
4028293
4136607
4244921
4353235
4461549
4569863
4678177
4786491
4894805
5003119
5111433
5219747
5328061
5436375
5544689
5653003
5761317
5869631
5977945
6086259
6194573
6302887
6411201
6519515
6627829
6736143
6844457
6952771
7061085
7169399
7277713
7386027
7494341
7602655
7710969
7819283
7927597
8035911
8144225
8252539
8360853
8469167
8577481
8685795
8794109
8902423
9010737
9119051
9227365
9335679
9443993
9552307
9660621
9768935
9877249
9985563
10093877
10202191
10310505
10418819
10527133
10635447
10743761
10852075
10960389
11068703
11177017
11285331
11393645
11501959
11610273
11718587
11826901
11935215
12043529
12151843
10260156
8368469
6476782
4585095
2693408
801721
-1089966
-2981653
-4873340
-6765027
-8656714
-10548401
-12440088
-14331775
-14223461
-14115147
-14006833
-13898519
-13790205
-13681891
-13573577
-13465263
-13356949
-13248635
-13140321
-13032007
-12923693
-12815379
-12707065
-12598751
-12490437
-12382123
-12273809
-12165495
-12057181
-11948867
-11840553
-11732239
-11623925
-11515611
-11407297
-11298983
-11190669
-11082355
-10974041
-10865727
-10757413
-10649099
-10540785
-10432471
-10324157
-10215843
-10107529
-9999215
-9890901
-9782587
-9674273
-9565959
-9457645
-9349331
-9241017
-9132703
-9024389
-8916075
-8807761
-8699447
-8591133
-8482819
-8374505
-8266191
-8157877
-8049563
-7941249
-7832935
-7724621
-7616307
-7507993
-7399679
-7291365
-7183051
-7074737
-6966423
-6858109
-6749795
-6641481
-6533167
-6424853
-6316539
-6208225
-6099911
-5991597
-5883283
-5774969
-5666655
-5558341
-5450027
-5341713
-5233399
-5125085
-5016771
-4908457
-4800143
-4691829
-4583515
-4475201
-4366887
-4258573
-4150259
-4041945
-3933631
-3825317
-3717003
-3608689
-3500375
-3392061
-3283747
-3175433
-3067119
-2958805
-2850491
-2742177
-2633863
-2525549
-2417235
-2308921
-2200607
-2092293
-1983979
-1875665
-1767351
-1659037
-1550723
-1442409
-1334095
-1225781
-1117467
-1009153
-900839
-792525
-684211
-575897
-467583
-359269
-250955
-142641
-34327
73987
182301
290615
398929
507243
615557
723871
832185
940499
1048813
1157127
1265441
1373755
1482069
1590383
1698697
1807011
1915325
2023639
2131953
2240267
2348581
2456895
2565209
2673523
2781837
2890151
2998465
3106779
3215093
3323407
3431721
3540035
3648349
3756663
3864977
3973291
4081605
4189919
4298233
4406547
4514861
4623175
4731489
4839803
4948117
5056431
5164745
5273059
5381373
5489687
5598001
5706315
5814629
5922943
6031257
6139571
6247885
6356199
6464513
6572827
6681141
6789455
6897769
7006083
7114397
7222711
7331025
7439339
7547653
7655967
7764281
7872595
7980909
8089223
8197537
8305851
8414165
8522479
8630793
8739107
8847421
8955735
9064049
9172363
9280677
9388991
9497305
9605619
9713933
9822247
9930561
10038875
10147189
10255503
10363817
10472131
10580445
10688759
10797073
10905387
11013701
11122015
11230329
11338643
11446957
11555271
9663584
7771897
5880210
3988523
2096836
205149
-1686538
-3578225
-5469912
-7361599
-9253286
-11144973
-13036660
-14928347
-14820033
-14711719
-14603405
-14495091
-14386777
-14278463
-14170149
-14061835
-13953521
-13845207
-13736893
-13628579
-13520265
-13411951
-13303637
-13195323
-13087009
-12978695
-12870381
-12762067
-12653753
-12545439
-12437125
-12328811
-12220497
-12112183
-12003869
-11895555
-11787241
-11678927
-11570613
-11462299
-11353985
-11245671
-11137357
-11029043
-10920729
-10812415
-10704101
-10595787
-10487473
-10379159
-10270845
-10162531
-10054217
-9945903
-9837589
-9729275
-9620961
-9512647
-9404333
-9296019
-9187705
-9079391
-8971077
-8862763
-8754449
-8646135
-8537821
-8429507
-8321193
-8212879
-8104565
-7996251
-7887937
-7779623
-7671309
-7562995
-7454681
-7346367
-7238053
-7129739
-7021425
-6913111
-6804797
-6696483
-6588169
-6479855
-6371541
-6263227
-6154913
-6046599
-5938285
-5829971
-5721657
-5613343
-5505029
-5396715
-5288401
-5180087
-5071773
-4963459
-4855145
-4746831
-4638517
-4530203
-4421889
-4313575
-4205261
-4096947
-3988633
-3880319
-3772005
-3663691
-3555377
-3447063
-3338749
-3230435
-3122121
-3013807
-2905493
-2797179
-2688865
-2580551
-2472237
-2363923
-2255609
-2147295
-2038981
-1930667
-1822353
-1714039
-1605725
-1497411
-1389097
-1280783
-1172469
-1064155
-955841
-847527
-739213
-630899
-522585
-414271
-305957
-197643
-89329
18985
127299
235613
343927
452241
560555
668869
777183
885497
993811
1102125
1210439
1318753
1427067
1535381
1643695
1752009
1860323
1968637
2076951
2185265
2293579
2401893
2510207
2618521
2726835
2835149
2943463
3051777
3160091
3268405
3376719
3485033
3593347
3701661
3809975
3918289
4026603
4134917
4243231
4351545
4459859
4568173
4676487
4784801
4893115
5001429
5109743
5218057
5326371
5434685
5542999
5651313
5759627
5867941
5976255
6084569
6192883
6301197
6409511
6517825
6626139
6734453
6842767
6951081
7059395
7167709
7276023
7384337
7492651
7600965
7709279
7817593
7925907
8034221
8142535
8250849
8359163
8467477
8575791
8684105
8792419
8900733
9009047
9117361
9225675
9333989
9442303
9550617
9658931
9767245
9875559
9983873
10092187
10200501
10308815
10417129
10525443
10633757
10742071
10850385
10958699
9067012
7175325
5283638
3391951
1500264
-391423
-2283110
-4174797
-6066484
-7958171
-9849858
-11741545
-13633232
-13524918
-13416604
-13308290
-13199976
-13091662
-12983348
-12875034
-12766720
-12658406
-12550092
-12441778
-12333464
-12225150
-12116836
-12008522
-11900208
-11791894
-11683580
-11575266
-11466952
-11358638
-11250324
-11142010
-11033696
-10925382
-10817068
-10708754
-10600440
-10492126
-10383812
-10275498
-10167184
-10058870
-9950556
-9842242
-9733928
-9625614
-9517300
-9408986
-9300672
-9192358
-9084044
-8975730
-8867416
-8759102
-8650788
-8542474
-8434160
-8325846
-8217532
-8109218
-8000904
-7892590
-7784276
-7675962
-7567648
-7459334
-7351020
-7242706
-7134392
-7026078
-6917764
-6809450
-6701136
-6592822
-6484508
-6376194
-6267880
-6159566
-6051252
-5942938
-5834624
-5726310
-5617996
-5509682
-5401368
-5293054
-5184740
-5076426
-4968112
-4859798
-4751484
-4643170
-4534856
-4426542
-4318228
-4209914
-4101600
-3993286
-3884972
-3776658
-3668344
-3560030
-3451716
-3343402
-3235088
-3126774
-3018460
-2910146
-2801832
-2693518
-2585204
-2476890
-2368576
-2260262
-2151948
-2043634
-1935320
-1827006
-1718692
-1610378
-1502064
-1393750
-1285436
-1177122
-1068808
-960494
-852180
-743866
-635552
-527238
-418924
-310610
-202296
-93982
14332
122646
230960
339274
447588
555902
664216
772530
880844
989158
1097472
1205786
1314100
1422414
1530728
1639042
1747356
1855670
1963984
2072298
2180612
2288926
2397240
2505554
2613868
2722182
2830496
2938810
3047124
3155438
3263752
3372066
3480380
3588694
3697008
3805322
3913636
4021950
4130264
4238578
4346892
4455206
4563520
4671834
4780148
4888462
4996776
5105090
5213404
5321718
5430032
5538346
5646660
5754974
5863288
5971602
6079916
6188230
6296544
6404858
6513172
6621486
6729800
6838114
6946428
7054742
7163056
7271370
7379684
7487998
7596312
7704626
7812940
7921254
8029568
8137882
8246196
8354510
8462824
8571138
8679452
8787766
8896080
9004394
9112708
9221022
9329336
9437650
9545964
9654278
9762592
9870906
9979220
10087534
10195848
10304162
10412476
10520790
10629104
10737418
10845732
10954046
11062360
11170674
11278988
11387302
11495616
11603930
11712244
11820558
11928872
12037186
12145500
12253814
10362127
8470440
6578753
4687066
2795379
903692
-987995
-2879682
-4771369
-6663056
-8554743
-10446430
-12338117
-14229804
-14121490
-14013176
-13904862
-13796548
-13688234
-13579920
-13471606
-13363292
-13254978
-13146664
-13038350
-12930036
-12821722
-12713408
-12605094
-12496780
-12388466
-12280152
-12171838
-12063524
-11955210
-11846896
-11738582
-11630268
-11521954
-11413640
-11305326
-11197012
-11088698
-10980384
-10872070
-10763756
-10655442
-10547128
-10438814
-10330500
-10222186
-10113872
-10005558
-9897244
-9788930
-9680616
-9572302
-9463988
-9355674
-9247360
-9139046
-9030732
-8922418
-8814104
-8705790
-8597476
-8489162
-8380848
-8272534
-8164220
-8055906
-7947592
-7839278
-7730964
-7622650
-7514336
-7406022
-7297708
-7189394
-7081080
-6972766
-6864452
-6756138
-6647824
-6539510
-6431196
-6322882
-6214568
-6106254
-5997940
-5889626
-5781312
-5672998
-5564684
-5456370
-5348056
-5239742
-5131428
-5023114
-4914800
-4806486
-4698172
-4589858
-4481544
-4373230
-4264916
-4156602
-4048288
-3939974
-3831660
-3723346
-3615032
-3506718
-3398404
-3290090
-3181776
-3073462
-2965148
-2856834
-2748520
-2640206
-2531892
-2423578
-2315264
-2206950
-2098636
-1990322
-1882008
-1773694
-1665380
-1557066
-1448752
-1340438
-1232124
-1123810
-1015496
-907182
-798868
-690554
-582240
-473926
-365612
-257298
-148984
-40670
67644
175958
284272
392586
500900
609214
717528
825842
934156
1042470
1150784
1259098
1367412
1475726
1584040
1692354
1800668
1908982
2017296
2125610
2233924
2342238
2450552
2558866
2667180
2775494
2883808
2992122
3100436
3208750
3317064
3425378
3533692
3642006
3750320
3858634
3966948
4075262
4183576
4291890
4400204
4508518
4616832
4725146
4833460
4941774
5050088
5158402
5266716
5375030
5483344
5591658
5699972
5808286
5916600
6024914
6133228
6241542
6349856
6458170
6566484
6674798
6783112
6891426
6999740
7108054
7216368
7324682
7432996
7541310
7649624
7757938
7866252
7974566
8082880
8191194
8299508
8407822
8516136
8624450
8732764
8841078
8949392
9057706
9166020
9274334
9382648
9490962
9599276
9707590
9815904
9924218
10032532
10140846
10249160
10357474
10465788
10574102
10682416
10790730
10899044
11007358
11115672
11223986
11332300
11440614
11548928
11657242
9765555
7873868
5982181
4090494
2198807
307120
-1584567
-3476254
-5367941
-7259628
-9151315
-11043002
-12934689
-12826375
-12718061
-12609747
-12501433
-12393119
-12284805
-12176491
-12068177
-11959863
-11851549
-11743235
-11634921
-11526607
-11418293
-11309979
-11201665
-11093351
-10985037
-10876723
-10768409
-10660095
-10551781
-10443467
-10335153
-10226839
-10118525
-10010211
-9901897
-9793583
-9685269
-9576955
-9468641
-9360327
-9252013
-9143699
-9035385
-8927071
-8818757
-8710443
-8602129
-8493815
-8385501
-8277187
-8168873
-8060559
-7952245
-7843931
-7735617
-7627303
-7518989
-7410675
-7302361
-7194047
-7085733
-6977419
-6869105
-6760791
-6652477
-6544163
-6435849
-6327535
-6219221
-6110907
-6002593
-5894279
-5785965
-5677651
-5569337
-5461023
-5352709
-5244395
-5136081
-5027767
-4919453
-4811139
-4702825
-4594511
-4486197
-4377883
-4269569
-4161255
-4052941
-3944627
-3836313
-3727999
-3619685
-3511371
-3403057
-3294743
-3186429
-3078115
-2969801
-2861487
-2753173
-2644859
-2536545
-2428231
-2319917
-2211603
-2103289
-1994975
-1886661
-1778347
-1670033
-1561719
-1453405
-1345091
-1236777
-1128463
-1020149
-911835
-803521
-695207
-586893
-478579
-370265
-261951
-153637
-45323
62991
171305
279619
387933
496247
604561
712875
821189
929503
1037817
1146131
1254445
1362759
1471073
1579387
1687701
1796015
1904329
2012643
2120957
2229271
2337585
2445899
2554213
2662527
2770841
2879155
2987469
3095783
3204097
3312411
3420725
3529039
3637353
3745667
3853981
3962295
4070609
4178923
4287237
4395551
4503865
4612179
4720493
4828807
4937121
5045435
5153749
5262063
5370377
5478691
5587005
5695319
5803633
5911947
6020261
6128575
6236889
6345203
6453517
6561831
6670145
6778459
6886773
6995087
7103401
7211715
7320029
7428343
7536657
7644971
7753285
7861599
7969913
8078227
8186541
8294855
8403169
8511483
8619797
8728111
8836425
8944739
9053053
9161367
9269681
9377995
9486309
9594623
9702937
9811251
9919565
10027879
10136193
10244507
10352821
10461135
10569449
10677763
10786077
10894391
11002705
11111019
11219333
11327647
11435961
11544275
11652589
11760903
11869217
11977531
12085845
12194159
12302473
12410787
12519101
12627415
12735729
12844043
12952357
11060670
9168983
7277296
5385609
3493922
1602235
-289452
-2181139
-4072826
-5964513
-7856200
-9747887
-11639574
-13531261
-13422947
-13314633
-13206319
-13098005
-12989691
-12881377
-12773063
-12664749
-12556435
-12448121
-12339807
-12231493
-12123179
-12014865
-11906551
-11798237
-11689923
-11581609
-11473295
-11364981
-11256667
-11148353
-11040039
-10931725
-10823411
-10715097
-10606783
-10498469
-10390155
-10281841
-10173527
-10065213
-9956899
-9848585
-9740271
-9631957
-9523643
-9415329
-9307015
-9198701
-9090387
-8982073
-8873759
-8765445
-8657131
-8548817
-8440503
-8332189
-8223875
-8115561
-8007247
-7898933
-7790619
-7682305
-7573991
-7465677
-7357363
-7249049
-7140735
-7032421
-6924107
-6815793
-6707479
-6599165
-6490851
-6382537
-6274223
-6165909
-6057595
-5949281
-5840967
-5732653
-5624339
-5516025
-5407711
-5299397
-5191083
-5082769
-4974455
-4866141
-4757827
-4649513
-4541199
-4432885
-4324571
-4216257
-4107943
-3999629
-3891315
-3783001
-3674687
-3566373
-3458059
-3349745
-3241431
-3133117
-3024803
-2916489
-2808175
-2699861
-2591547
-2483233
-2374919
-2266605
-2158291
-2049977
-1941663
-1833349
-1725035
-1616721
-1508407
-1400093
-1291779
-1183465
-1075151
-966837
-858523
-750209
-641895
-533581
-425267
-316953
-208639
-100325
7989
116303
224617
332931
441245
549559
657873
766187
874501
982815
1091129
1199443
1307757
1416071
1524385
1632699
1741013
1849327
1957641
2065955
2174269
2282583
2390897
2499211
2607525
2715839
2824153
2932467
3040781
3149095
3257409
3365723
3474037
3582351
3690665
3798979
3907293
4015607
4123921
4232235
4340549
4448863
4557177
4665491
4773805
4882119
4990433
5098747
5207061
5315375
5423689
5532003
5640317
5748631
5856945
5965259
6073573
6181887
6290201
6398515
6506829
6615143
6723457
6831771
6940085
7048399
7156713
7265027
7373341
7481655
7589969
7698283
7806597
7914911
8023225
8131539
8239853
8348167
8456481
8564795
8673109
8781423
8889737
8998051
9106365
9214679
9322993
9431307
9539621
9647935
9756249
9864563
9972877
10081191
10189505
10297819
10406133
10514447
10622761
10731075
10839389
10947703
11056017
11164331
11272645
11380959
11489273
11597587
11705901
11814215
11922529
12030843
12139157
12247471
12355785
10464098
8572411
6680724
4789037
2897350
1005663
-886024
-2777711
-4669398
-6561085
-8452772
-10344459
-12236146
-12127832
-12019518
-11911204
-11802890
-11694576
-11586262
-11477948
-11369634
-11261320
-11153006
-11044692
-10936378
-10828064
-10719750
-10611436
-10503122
-10394808
-10286494
-10178180
-10069866
-9961552
-9853238
-9744924
-9636610
-9528296
-9419982
-9311668
-9203354
-9095040
-8986726
-8878412
-8770098
-8661784
-8553470
-8445156
-8336842
-8228528
-8120214
-8011900
-7903586
-7795272
-7686958
-7578644
-7470330
-7362016
-7253702
-7145388
-7037074
-6928760
-6820446
-6712132
-6603818
-6495504
-6387190
-6278876
-6170562
-6062248
-5953934
-5845620
-5737306
-5628992
-5520678
-5412364
-5304050
-5195736
-5087422
-4979108
-4870794
-4762480
-4654166
-4545852
-4437538
-4329224
-4220910
-4112596
-4004282
-3895968
-3787654
-3679340
-3571026
-3462712
-3354398
-3246084
-3137770
-3029456
-2921142
-2812828
-2704514
-2596200
-2487886
-2379572
-2271258
-2162944
-2054630
-1946316
-1838002
-1729688
-1621374
-1513060
-1404746
-1296432
-1188118
-1079804
-971490
-863176
-754862
-646548
-538234
-429920
-321606
-213292
-104978
3336
111650
219964
328278
436592
544906
653220
761534
869848
978162
1086476
1194790
1303104
1411418
1519732
1628046
1736360
1844674
1952988
2061302
2169616
2277930
2386244
2494558
2602872
2711186
2819500
2927814
3036128
3144442
3252756
3361070
3469384
3577698
3686012
3794326
3902640
4010954
4119268
4227582
4335896
4444210
4552524
4660838
4769152
4877466
4985780
5094094
5202408
5310722
5419036
5527350
5635664
5743978
5852292
5960606
6068920
6177234
6285548
6393862
6502176
6610490
6718804
6827118
6935432
7043746
7152060
7260374
7368688
7477002
7585316
7693630
7801944
7910258
8018572
8126886
8235200
8343514
8451828
8560142
8668456
8776770
8885084
8993398
9101712
9210026
9318340
9426654
9534968
9643282
9751596
9859910
9968224
10076538
10184852
10293166
10401480
10509794
10618108
10726422
10834736
10943050
11051364
11159678
11267992
11376306
11484620
11592934
11701248
11809562
11917876
12026190
12134504
12242818
12351132
12459446
12567760
12676074
12784388
12892702
13001016
13109330
13217644
13325958
13434272
13542586
13650900
11759213
9867526
7975839
6084152
4192465
2300778
409091
-1482596
-3374283
-5265970
-7157657
-9049344
-10941031
-12832718
-12724404
-12616090
-12507776
-12399462
-12291148
-12182834
-12074520
-11966206
-11857892
-11749578
-11641264
-11532950
-11424636
-11316322
-11208008
-11099694
-10991380
-10883066
-10774752
-10666438
-10558124
-10449810
-10341496
-10233182
-10124868
-10016554
-9908240
-9799926
-9691612
-9583298
-9474984
-9366670
-9258356
-9150042
-9041728
-8933414
-8825100
-8716786
-8608472
-8500158
-8391844
-8283530
-8175216
-8066902
-7958588
-7850274
-7741960
-7633646
-7525332
-7417018
-7308704
-7200390
-7092076
-6983762
-6875448
-6767134
-6658820
-6550506
-6442192
-6333878
-6225564
-6117250
-6008936
-5900622
-5792308
-5683994
-5575680
-5467366
-5359052
-5250738
-5142424
-5034110
-4925796
-4817482
-4709168
-4600854
-4492540
-4384226
-4275912
-4167598
-4059284
-3950970
-3842656
-3734342
-3626028
-3517714
-3409400
-3301086
-3192772
-3084458
-2976144
-2867830
-2759516
-2651202
-2542888
-2434574
-2326260
-2217946
-2109632
-2001318
-1893004
-1784690
-1676376
-1568062
-1459748
-1351434
-1243120
-1134806
-1026492
-918178
-809864
-701550
-593236
-484922
-376608
-268294
-159980
-51666
56648
164962
273276
381590
489904
598218
706532
814846
923160
1031474
1139788
1248102
1356416
1464730
1573044
1681358
1789672
1897986
2006300
2114614
2222928
2331242
2439556
2547870
2656184
2764498
2872812
2981126
3089440
3197754
3306068
3414382
3522696
3631010
3739324
3847638
3955952
4064266
4172580
4280894
4389208
4497522
4605836
4714150
4822464
4930778
5039092
5147406
5255720
5364034
5472348
5580662
5688976
5797290
5905604
6013918
6122232
6230546
6338860
6447174
6555488
6663802
6772116
6880430
6988744
7097058
7205372
7313686
7422000
7530314
7638628
7746942
7855256
7963570
8071884
8180198
8288512
8396826
8505140
8613454
8721768
8830082
8938396
9046710
9155024
9263338
9371652
9479966
9588280
9696594
9804908
9913222
10021536
10129850
10238164
10346478
10454792
10563106
10671420
10779734
10888048
10996362
11104676
11212990
11321304
11429618
11537932
11646246
11754560
11862874
11971188
12079502
12187816
12296130
12404444
12512758
12621072
12729386
12837700
12946014
13054328
11162641
9270954
7379267
5487580
3595893
1704206
-187481
-2079168
-3970855
-5862542
-7754229
-9645916
-11537603
-13429290
-13320976
-13212662
-13104348
-12996034
-12887720
-12779406
-12671092
-12562778
-12454464
-12346150
-12237836
-12129522
-12021208
-11912894
-11804580
-11696266
-11587952
-11479638
-11371324
-11263010
-11154696
-11046382
-10938068
-10829754
-10721440
-10613126
-10504812
-10396498
-10288184
-10179870
-10071556
-9963242
-9854928
-9746614
-9638300
-9529986
-9421672
-9313358
-9205044
-9096730
-8988416
-8880102
-8771788
-8663474
-8555160
-8446846
-8338532
-8230218
-8121904
-8013590
-7905276
-7796962
-7688648
-7580334
-7472020
-7363706
-7255392
-7147078
-7038764
-6930450
-6822136
-6713822
-6605508
-6497194
-6388880
-6280566
-6172252
-6063938
-5955624
-5847310
-5738996
-5630682
-5522368
-5414054
-5305740
-5197426
-5089112
-4980798
-4872484
-4764170
-4655856
-4547542
-4439228
-4330914
-4222600
-4114286
-4005972
-3897658
-3789344
-3681030
-3572716
-3464402
-3356088
-3247774
-3139460
-3031146
-2922832
-2814518
-2706204
-2597890
-2489576
-2381262
-2272948
-2164634
-2056320
-1948006
-1839692
-1731378
-1623064
-1514750
-1406436
-1298122
-1189808
-1081494
-973180
-864866
-756552
-648238
-539924
-431610
-323296
-214982
-106668
1646
109960
218274
326588
434902
543216
651530
759844
868158
976472
1084786
1193100
1301414
1409728
1518042
1626356
1734670
1842984
1951298
2059612
2167926
2276240
2384554
2492868
2601182
2709496
2817810
2926124
3034438
3142752
3251066
3359380
3467694
3576008
3684322
3792636
3900950
4009264
4117578
4225892
4334206
4442520
4550834
4659148
4767462
4875776
4984090
5092404
5200718
5309032
5417346
5525660
5633974
5742288
5850602
5958916
6067230
6175544
6283858
6392172
6500486
6608800
6717114
6825428
6933742
7042056
7150370
7258684
7366998
7475312
7583626
7691940
7800254
7908568
8016882
8125196
8233510
8341824
8450138
8558452
8666766
8775080
8883394
8991708
9100022
9208336
9316650
9424964
9533278
9641592
9749906
9858220
9966534
10074848
10183162
10291476
10399790
10508104
10616418
10724732
10833046
10941360
11049674
11157988
11266302
11374616
11482930
11591244
11699558
11807872
11916186
12024500
12132814
12241128
12349442
10457755
8566068
6674381
4782694
2891007
999320
-892367
-2784054
-4675741
-6567428
-8459115
-10350802
-12242489
-14134176
-14025862
-13917548
-13809234
-13700920
-13592606
-13484292
-13375978
-13267664
-13159350
-13051036
-12942722
-12834408
-12726094
-12617780
-12509466
-12401152
-12292838
-12184524
-12076210
-11967896
-11859582
-11751268
-11642954
-11534640
-11426326
-11318012
-11209698
-11101384
-10993070
-10884756
-10776442
-10668128
-10559814
-10451500
-10343186
-10234872
-10126558
-10018244
-9909930
-9801616
-9693302
-9584988
-9476674
-9368360
-9260046
-9151732
-9043418
-8935104
-8826790
-8718476
-8610162
-8501848
-8393534
-8285220
-8176906
-8068592
-7960278
-7851964
-7743650
-7635336
-7527022
-7418708
-7310394
-7202080
-7093766
-6985452
-6877138
-6768824
-6660510
-6552196
-6443882
-6335568
-6227254
-6118940
-6010626
-5902312
-5793998
-5685684
-5577370
-5469056
-5360742
-5252428
-5144114
-5035800
-4927486
-4819172
-4710858
-4602544
-4494230
-4385916
-4277602
-4169288
-4060974
-3952660
-3844346
-3736032
-3627718
-3519404
-3411090
-3302776
-3194462
-3086148
-2977834
-2869520
-2761206
-2652892
-2544578
-2436264
-2327950
-2219636
-2111322
-2003008
-1894694
-1786380
-1678066
-1569752
-1461438
-1353124
-1244810
-1136496
-1028182
-919868
-811554
-703240
-594926
-486612
-378298
-269984
-161670
-53356
54958
163272
271586
379900
488214
596528
704842
813156
921470
1029784
1138098
1246412
1354726
1463040
1571354
1679668
1787982
1896296
2004610
2112924
2221238
2329552
2437866
2546180
2654494
2762808
2871122
2979436
3087750
3196064
3304378
3412692
3521006
3629320
3737634
3845948
3954262
4062576
4170890
4279204
4387518
4495832
4604146
4712460
4820774
4929088
5037402
5145716
5254030
5362344
5470658
5578972
5687286
5795600
5903914
6012228
6120542
6228856
6337170
6445484
6553798
6662112
6770426
6878740
6987054
7095368
7203682
7311996
7420310
7528624
7636938
7745252
7853566
7961880
8070194
8178508
8286822
8395136
8503450
8611764
8720078
8828392
8936706
9045020
9153334
9261648
9369962
9478276
9586590
9694904
9803218
9911532
10019846
10128160
10236474
10344788
10453102
10561416
10669730
10778044
10886358
10994672
11102986
11211300
11319614
11427928
11536242
11644556
11752870
9861183
7969496
6077809
4186122
2294435
402748
-1488939
-3380626
-5272313
-7164000
-9055687
-10947374
-12839061
-14730748
-14622434
-14514120
-14405806
-14297492
-14189178
-14080864
-13972550
-13864236
-13755922
-13647608
-13539294
-13430980
-13322666
-13214352
-13106038
-12997724
-12889410
-12781096
-12672782
-12564468
-12456154
-12347840
-12239526
-12131212
-12022898
-11914584
-11806270
-11697956
-11589642
-11481328
-11373014
-11264700
-11156386
-11048072
-10939758
-10831444
-10723130
-10614816
-10506502
-10398188
-10289874
-10181560
-10073246
-9964932
-9856618
-9748304
-9639990
-9531676
-9423362
-9315048
-9206734
-9098420
-8990106
-8881792
-8773478
-8665164
-8556850
-8448536
-8340222
-8231908
-8123594
-8015280
-7906966
-7798652
-7690338
-7582024
-7473710
-7365396
-7257082
-7148768
-7040454
-6932140
-6823826
-6715512
-6607198
-6498884
-6390570
-6282256
-6173942
-6065628
-5957314
-5849000
-5740686
-5632372
-5524058
-5415744
-5307430
-5199116
-5090802
-4982488
-4874174
-4765860
-4657546
-4549232
-4440918
-4332604
-4224290
-4115976
-4007662
-3899348
-3791034
-3682720
-3574406
-3466092
-3357778
-3249464
-3141150
-3032836
-2924522
-2816208
-2707894
-2599580
-2491266
-2382952
-2274638
-2166324
-2058010
-1949696
-1841382
-1733068
-1624754
-1516440
-1408126
-1299812
-1191498
-1083184
-974870
-866556
-758242
-649928
-541614
-433300
-324986
-216672
-108358
-44
108270
216584
324898
433212
541526
649840
758154
866468
974782
1083096
1191410
1299724
1408038
1516352
1624666
1732980
1841294
1949608
2057922
2166236
2274550
2382864
2491178
2599492
2707806
2816120
2924434
3032748
3141062
3249376
3357690
3466004
3574318
3682632
3790946
3899260
4007574
4115888
4224202
4332516
4440830
4549144
4657458
4765772
4874086
4982400
5090714
5199028
5307342
5415656
5523970
5632284
5740598
5848912
5957226
6065540
6173854
6282168
6390482
6498796
6607110
6715424
6823738
6932052
7040366
7148680
7256994
7365308
7473622
7581936
7690250
7798564
7906878
8015192
8123506
8231820
8340134
8448448
8556762
8665076
8773390
8881704
8990018
9098332
9206646
9314960
9423274
9531588
9639902
9748216
9856530
9964844
10073158
10181472
10289786
10398100
10506414
10614728
10723042
10831356
10939670
11047984
11156298
9264611
7372924
5481237
3589550
1697863
-193824
-2085511
-3977198
-5868885
-7760572
-9652259
-11543946
-13435633
-13327319
-13219005
-13110691
-13002377
-12894063
-12785749
-12677435
-12569121
-12460807
-12352493
-12244179
-12135865
-12027551
-11919237
-11810923
-11702609
-11594295
-11485981
-11377667
-11269353
-11161039
-11052725
-10944411
-10836097
-10727783
-10619469
-10511155
-10402841
-10294527
-10186213
-10077899
-9969585
-9861271
-9752957
-9644643
-9536329
-9428015
-9319701
-9211387
-9103073
-8994759
-8886445
-8778131
-8669817
-8561503
-8453189
-8344875
-8236561
-8128247
-8019933
-7911619
-7803305
-7694991
-7586677
-7478363
-7370049
-7261735
-7153421
-7045107
-6936793
-6828479
-6720165
-6611851
-6503537
-6395223
-6286909
-6178595
-6070281
-5961967
-5853653
-5745339
-5637025
-5528711
-5420397
-5312083
-5203769
-5095455
-4987141
-4878827
-4770513
-4662199
-4553885
-4445571
-4337257
-4228943
-4120629
-4012315
-3904001
-3795687
-3687373
-3579059
-3470745
-3362431
-3254117
-3145803
-3037489
-2929175
-2820861
-2712547
-2604233
-2495919
-2387605
-2279291
-2170977
-2062663
-1954349
-1846035
-1737721
-1629407
-1521093
-1412779
-1304465
-1196151
-1087837
-979523
-871209
-762895
-654581
-546267
-437953
-329639
-221325
-113011
-4697
103617
211931
320245
428559
536873
645187
753501
861815
970129
1078443
1186757
1295071
1403385
1511699
1620013
1728327
1836641
1944955
2053269
2161583
2269897
2378211
2486525
2594839
2703153
2811467
2919781
3028095
3136409
3244723
3353037
3461351
3569665
3677979
3786293
3894607
4002921
4111235
4219549
4327863
4436177
4544491
4652805
4761119
4869433
4977747
5086061
5194375
5302689
5411003
5519317
5627631
5735945
5844259
5952573
6060887
6169201
6277515
6385829
6494143
6602457
6710771
6819085
6927399
7035713
7144027
7252341
7360655
7468969
7577283
7685597
7793911
7902225
8010539
8118853
8227167
8335481
8443795
8552109
8660423
8768737
8877051
8985365
9093679
9201993
9310307
9418621
9526935
9635249
9743563
9851877
9960191
10068505
10176819
10285133
10393447
10501761
10610075
10718389
10826703
10935017
11043331
11151645
11259959
11368273
11476587
11584901
11693215
11801529
11909843
12018157
12126471
12234785
12343099
12451413
10559726
8668039
6776352
4884665
2992978
1101291
-790396
-2682083
-4573770
-6465457
-8357144
-10248831
-12140518
-14032205
-13923891
-13815577
-13707263
-13598949
-13490635
-13382321
-13274007
-13165693
-13057379
-12949065
-12840751
-12732437
-12624123
-12515809
-12407495
-12299181
-12190867
-12082553
-11974239
-11865925
-11757611
-11649297
-11540983
-11432669
-11324355
-11216041
-11107727
-10999413
-10891099
-10782785
-10674471
-10566157
-10457843
-10349529
-10241215
-10132901
-10024587
-9916273
-9807959
-9699645
-9591331
-9483017
-9374703
-9266389
-9158075
-9049761
-8941447
-8833133
-8724819
-8616505
-8508191
-8399877
-8291563
-8183249
-8074935
-7966621
-7858307
-7749993
-7641679
-7533365
-7425051
-7316737
-7208423
-7100109
-6991795
-6883481
-6775167
-6666853
-6558539
-6450225
-6341911
-6233597
-6125283
-6016969
-5908655
-5800341
-5692027
-5583713
-5475399
-5367085
-5258771
-5150457
-5042143
-4933829
-4825515
-4717201
-4608887
-4500573
-4392259
-4283945
-4175631
-4067317
-3959003
-3850689
-3742375
-3634061
-3525747
-3417433
-3309119
-3200805
-3092491
-2984177
-2875863
-2767549
-2659235
-2550921
-2442607
-2334293
-2225979
-2117665
-2009351
-1901037
-1792723
-1684409
-1576095
-1467781
-1359467
-1251153
-1142839
-1034525
-926211
-817897
-709583
-601269
-492955
-384641
-276327
-168013
-59699
48615
156929
265243
373557
481871
590185
698499
806813
915127
1023441
1131755
1240069
1348383
1456697
1565011
1673325
1781639
1889953
1998267
2106581
2214895
2323209
2431523
2539837
2648151
2756465
2864779
2973093
3081407
3189721
3298035
3406349
3514663
3622977
3731291
3839605
3947919
4056233
4164547
4272861
4381175
4489489
4597803
4706117
4814431
4922745
5031059
5139373
5247687
5356001
5464315
5572629
5680943
5789257
5897571
6005885
6114199
6222513
6330827
6439141
6547455
6655769
6764083
6872397
6980711
7089025
7197339
7305653
7413967
7522281
7630595
7738909
7847223
7955537
8063851
8172165
8280479
8388793
8497107
8605421
8713735
8822049
8930363
9038677
9146991
9255305
9363619
9471933
9580247
9688561
9796875
9905189
10013503
10121817
10230131
10338445
10446759
10555073
10663387
10771701
10880015
10988329
11096643
11204957
11313271
11421585
11529899
11638213
11746527
11854841
9963154
8071467
6179780
4288093
2396406
504719
-1386968
-3278655
-5170342
-7062029
-8953716
-10845403
-12737090
-12628776
-12520462
-12412148
-12303834
-12195520
-12087206
-11978892
-11870578
-11762264
-11653950
-11545636
-11437322
-11329008
-11220694
-11112380
-11004066
-10895752
-10787438
-10679124
-10570810
-10462496
-10354182
-10245868
-10137554
-10029240
-9920926
-9812612
-9704298
-9595984
-9487670
-9379356
-9271042
-9162728
-9054414
-8946100
-8837786
-8729472
-8621158
-8512844
-8404530
-8296216
-8187902
-8079588
-7971274
-7862960
-7754646
-7646332
-7538018
-7429704
-7321390
-7213076
-7104762
-6996448
-6888134
-6779820
-6671506
-6563192
-6454878
-6346564
-6238250
-6129936
-6021622
-5913308
-5804994
-5696680
-5588366
-5480052
-5371738
-5263424
-5155110
-5046796
-4938482
-4830168
-4721854
-4613540
-4505226
-4396912
-4288598
-4180284
-4071970
-3963656
-3855342
-3747028
-3638714
-3530400
-3422086
-3313772
-3205458
-3097144
-2988830
-2880516
-2772202
-2663888
-2555574
-2447260
-2338946
-2230632
-2122318
-2014004
-1905690
-1797376
-1689062
-1580748
-1472434
-1364120
-1255806
-1147492
-1039178
-930864
-822550
-714236
-605922
-497608
-389294
-280980
-172666
-64352
43962
152276
260590
368904
477218
585532
693846
802160
910474
1018788
1127102
1235416
1343730
1452044
1560358
1668672
1776986
1885300
1993614
2101928
2210242
2318556
2426870
2535184
2643498
2751812
2860126
2968440
3076754
3185068
3293382
3401696
3510010
3618324
3726638
3834952
3943266
4051580
4159894
4268208
4376522
4484836
4593150
4701464
4809778
4918092
5026406
5134720
5243034
5351348
5459662
5567976
5676290
5784604
5892918
6001232
6109546
6217860
6326174
6434488
6542802
6651116
6759430
6867744
6976058
7084372
7192686
7301000
7409314
7517628
7625942
7734256
7842570
7950884
8059198
8167512
8275826
8384140
8492454
8600768
8709082
8817396
8925710
9034024
9142338
9250652
9358966
9467280
9575594
9683908
9792222
9900536
10008850
10117164
10225478
10333792
10442106
10550420
10658734
10767048
10875362
10983676
11091990
11200304
11308618
11416932
11525246
11633560
11741874
11850188
11958502
12066816
12175130
12283444
12391758
12500072
12608386
12716700
12825014
12933328
13041642
13149956
11258269
9366582
7474895
5583208
3691521
1799834
-91853
-1983540
-3875227
-5766914
-7658601
-9550288
-11441975
-13333662
-13225348
-13117034
-13008720
-12900406
-12792092
-12683778
-12575464
-12467150
-12358836
-12250522
-12142208
-12033894
-11925580
-11817266
-11708952
-11600638
-11492324
-11384010
-11275696
-11167382
-11059068
-10950754
-10842440
-10734126
-10625812
-10517498
-10409184
-10300870
-10192556
-10084242
-9975928
-9867614
-9759300
-9650986
-9542672
-9434358
-9326044
-9217730
-9109416
-9001102
-8892788
-8784474
-8676160
-8567846
-8459532
-8351218
-8242904
-8134590
-8026276
-7917962
-7809648
-7701334
-7593020
-7484706
-7376392
-7268078
-7159764
-7051450
-6943136
-6834822
-6726508
-6618194
-6509880
-6401566
-6293252
-6184938
-6076624
-5968310
-5859996
-5751682
-5643368
-5535054
-5426740
-5318426
-5210112
-5101798
-4993484
-4885170
-4776856
-4668542
-4560228
-4451914
-4343600
-4235286
-4126972
-4018658
-3910344
-3802030
-3693716
-3585402
-3477088
-3368774
-3260460
-3152146
-3043832
-2935518
-2827204
-2718890
-2610576
-2502262
-2393948
-2285634
-2177320
-2069006
-1960692
-1852378
-1744064
-1635750
-1527436
-1419122
-1310808
-1202494
-1094180
-985866
-877552
-769238
-660924
-552610
-444296
-335982
-227668
-119354
-11040
97274
205588
313902
422216
530530
638844
747158
855472
963786
1072100
1180414
1288728
1397042
1505356
1613670
1721984
1830298
1938612
2046926
2155240
2263554
2371868
2480182
2588496
2696810
2805124
2913438
3021752
3130066
3238380
3346694
3455008
3563322
3671636
3779950
3888264
3996578
4104892
4213206
4321520
4429834
4538148
4646462
4754776
4863090
4971404
5079718
5188032
5296346
5404660
5512974
5621288
5729602
5837916
5946230
6054544
6162858
6271172
6379486
6487800
6596114
6704428
6812742
6921056
7029370
7137684
7245998
7354312
7462626
7570940
7679254
7787568
7895882
8004196
8112510
8220824
8329138
8437452
8545766
8654080
8762394
8870708
8979022
9087336
9195650
9303964
9412278
9520592
9628906
9737220
9845534
9953848
10062162
10170476
10278790
10387104
10495418
10603732
10712046
10820360
10928674
11036988
11145302
11253616
11361930
11470244
11578558
11686872
11795186
11903500
12011814
12120128
12228442
12336756
12445070
12553384
10661697
8770010
6878323
4986636
3094949
1203262
-688425
-2580112
-4471799
-6363486
-8255173
-10146860
-12038547
-11930233
-11821919
-11713605
-11605291
-11496977
-11388663
-11280349
-11172035
-11063721
-10955407
-10847093
-10738779
-10630465
-10522151
-10413837
-10305523
-10197209
-10088895
-9980581
-9872267
-9763953
-9655639
-9547325
-9439011
-9330697
-9222383
-9114069
-9005755
-8897441
-8789127
-8680813
-8572499
-8464185
-8355871
-8247557
-8139243
-8030929
-7922615
-7814301
-7705987
-7597673
-7489359
-7381045
-7272731
-7164417
-7056103
-6947789
-6839475
-6731161
-6622847
-6514533
-6406219
-6297905
-6189591
-6081277
-5972963
-5864649
-5756335
-5648021
-5539707
-5431393
-5323079
-5214765
-5106451
-4998137
-4889823
-4781509
-4673195
-4564881
-4456567
-4348253
-4239939
-4131625
-4023311
-3914997
-3806683
-3698369
-3590055
-3481741
-3373427
-3265113
-3156799
-3048485
-2940171
-2831857
-2723543
-2615229
-2506915
-2398601
-2290287
-2181973
-2073659
-1965345
-1857031
-1748717
-1640403
-1532089
-1423775
-1315461
-1207147
-1098833
-990519
-882205
-773891
-665577
-557263
-448949
-340635
-232321
-124007
-15693
92621
200935
309249
417563
525877
634191
742505
850819
959133
1067447
1175761
1284075
1392389
1500703
1609017
1717331
1825645
1933959
2042273
2150587
2258901
2367215
2475529
2583843
2692157
2800471
2908785
3017099
3125413
3233727
3342041
3450355
3558669
3666983
3775297
3883611
3991925
4100239
4208553
4316867
4425181
4533495
4641809
4750123
4858437
4966751
5075065
5183379
5291693
5400007
5508321
5616635
5724949
5833263
5941577
6049891
6158205
6266519
6374833
6483147
6591461
6699775
6808089
6916403
7024717
7133031
7241345
7349659
7457973
7566287
7674601
7782915
7891229
7999543
8107857
8216171
8324485
8432799
8541113
8649427
8757741
8866055
8974369
9082683
9190997
9299311
9407625
9515939
9624253
9732567
9840881
9949195
10057509
10165823
10274137
10382451
10490765
10599079
10707393
10815707
10924021
11032335
11140649
11248963
11357277
11465591
11573905
11682219
11790533
11898847
12007161
12115475
12223789
12332103
12440417
12548731
12657045
12765359
12873673
12981987
13090301
13198615
13306929
13415243
13523557
13631871
13740185
13848499
11956812
10065125
8173438
6281751
4390064
2498377
606690
-1284997
-3176684
-5068371
-6960058
-8851745
-10743432
-12635119
-12526805
-12418491
-12310177
-12201863
-12093549
-11985235
-11876921
-11768607
-11660293
-11551979
-11443665
-11335351
-11227037
-11118723
-11010409
-10902095
-10793781
-10685467
-10577153
-10468839
-10360525
-10252211
-10143897
-10035583
-9927269
-9818955
-9710641
-9602327
-9494013
-9385699
-9277385
-9169071
-9060757
-8952443
-8844129
-8735815
-8627501
-8519187
-8410873
-8302559
-8194245
-8085931
-7977617
-7869303
-7760989
-7652675
-7544361
-7436047
-7327733
-7219419
-7111105
-7002791
-6894477
-6786163
-6677849
-6569535
-6461221
-6352907
-6244593
-6136279
-6027965
-5919651
-5811337
-5703023
-5594709
-5486395
-5378081
-5269767
-5161453
-5053139
-4944825
-4836511
-4728197
-4619883
-4511569
-4403255
-4294941
-4186627
-4078313
-3969999
-3861685
-3753371
-3645057
-3536743
-3428429
-3320115
-3211801
-3103487
-2995173
-2886859
-2778545
-2670231
-2561917
-2453603
-2345289
-2236975
-2128661
-2020347
-1912033
-1803719
-1695405
-1587091
-1478777
-1370463
-1262149
-1153835
-1045521
-937207
-828893
-720579
-612265
-503951
-395637
-287323
-179009
-70695
37619
145933
254247
362561
470875
579189
687503
795817
904131
1012445
1120759
1229073
1337387
1445701
1554015
1662329
1770643
1878957
1987271
2095585
2203899
2312213
2420527
2528841
2637155
2745469
2853783
2962097
3070411
3178725
3287039
3395353
3503667
3611981
3720295
3828609
3936923
4045237
4153551
4261865
4370179
4478493
4586807
4695121
4803435
4911749
5020063
5128377
5236691
5345005
5453319
5561633
5669947
5778261
5886575
5994889
6103203
6211517
6319831
6428145
6536459
6644773
6753087
6861401
6969715
7078029
7186343
7294657
7402971
7511285
7619599
7727913
7836227
7944541
8052855
8161169
8269483
8377797
8486111
8594425
8702739
8811053
8919367
9027681
9135995
9244309
9352623
9460937
9569251
9677565
9785879
9894193
10002507
10110821
10219135
10327449
10435763
10544077
10652391
10760705
10869019
10977333
11085647
11193961
11302275
11410589
11518903
11627217
11735531
11843845
11952159
12060473
12168787
12277101
12385415
12493729
12602043
12710357
12818671
12926985
13035299
13143613
13251927
11360240
9468553
7576866
5685179
3793492
1901805
10118
-1881569
-3773256
-5664943
-7556630
-9448317
-11340004
-13231691
-13123377
-13015063
-12906749
-12798435
-12690121
-12581807
-12473493
-12365179
-12256865
-12148551
-12040237
-11931923
-11823609
-11715295
-11606981
-11498667
-11390353
-11282039
-11173725
-11065411
-10957097
-10848783
-10740469
-10632155
-10523841
-10415527
-10307213
-10198899
-10090585
-9982271
-9873957
-9765643
-9657329
-9549015
-9440701
-9332387
-9224073
-9115759
-9007445
-8899131
-8790817
-8682503
-8574189
-8465875
-8357561
-8249247
-8140933
-8032619
-7924305
-7815991
-7707677
-7599363
-7491049
-7382735
-7274421
-7166107
-7057793
-6949479
-6841165
-6732851
-6624537
-6516223
-6407909
-6299595
-6191281
-6082967
-5974653
-5866339
-5758025
-5649711
-5541397
-5433083
-5324769
-5216455
-5108141
-4999827
-4891513
-4783199
-4674885
-4566571
-4458257
-4349943
-4241629
-4133315
-4025001
-3916687
-3808373
-3700059
-3591745
-3483431
-3375117
-3266803
-3158489
-3050175
-2941861
-2833547
-2725233
-2616919
-2508605
-2400291
-2291977
-2183663
-2075349
-1967035
-1858721
-1750407
-1642093
-1533779
-1425465
-1317151
-1208837
-1100523
-992209
-883895
-775581
-667267
-558953
-450639
-342325
-234011
-125697
-17383
90931
199245
307559
415873
524187
632501
740815
849129
957443
1065757
1174071
1282385
1390699
1499013
1607327
1715641
1823955
1932269
2040583
2148897
2257211
2365525
2473839
2582153
2690467
2798781
2907095
3015409
3123723
3232037
3340351
3448665
3556979
3665293
3773607
3881921
3990235
4098549
4206863
4315177
4423491
4531805
4640119
4748433
4856747
4965061
5073375
5181689
5290003
5398317
5506631
5614945
5723259
5831573
5939887
6048201
6156515
6264829
6373143
6481457
6589771
6698085
6806399
6914713
7023027
7131341
7239655
7347969
7456283
7564597
7672911
7781225
7889539
7997853
8106167
8214481
8322795
8431109
8539423
8647737
8756051
8864365
8972679
9080993
9189307
9297621
9405935
9514249
9622563
9730877
9839191
9947505
10055819
10164133
10272447
10380761
10489075
10597389
10705703
10814017
10922331
11030645
11138959
11247273
11355587
11463901
11572215
11680529
11788843
11897157
12005471
12113785
12222099
12330413
12438727
12547041
10655354
8763667
6871980
4980293
3088606
1196919
-694768
-2586455
-4478142
-6369829
-8261516
-10153203
-12044890
-13936577
-13828263
-13719949
-13611635
-13503321
-13395007
-13286693
-13178379
-13070065
-12961751
-12853437
-12745123
-12636809
-12528495
-12420181
-12311867
-12203553
-12095239
-11986925
-11878611
-11770297
-11661983
-11553669
-11445355
-11337041
-11228727
-11120413
-11012099
-10903785
-10795471
-10687157
-10578843
-10470529
-10362215
-10253901
-10145587
-10037273
-9928959
-9820645
-9712331
-9604017
-9495703
-9387389
-9279075
-9170761
-9062447
-8954133
-8845819
-8737505
-8629191
-8520877
-8412563
-8304249
-8195935
-8087621
-7979307
-7870993
-7762679
-7654365
-7546051
-7437737
-7329423
-7221109
-7112795
-7004481
-6896167
-6787853
-6679539
-6571225
-6462911
-6354597
-6246283
-6137969
-6029655
-5921341
-5813027
-5704713
-5596399
-5488085
-5379771
-5271457
-5163143
-5054829
-4946515
-4838201
-4729887
-4621573
-4513259
-4404945
-4296631
-4188317
-4080003
-3971689
-3863375
-3755061
-3646747
-3538433
-3430119
-3321805
-3213491
-3105177
-2996863
-2888549
-2780235
-2671921
-2563607
-2455293
-2346979
-2238665
-2130351
-2022037
-1913723
-1805409
-1697095
-1588781
-1480467
-1372153
-1263839
-1155525
-1047211
-938897
-830583
-722269
-613955
-505641
-397327
-289013
-180699
-72385
35929
144243
252557
360871
469185
577499
685813
794127
902441
1010755
1119069
1227383
1335697
1444011
1552325
1660639
1768953
1877267
1985581
2093895
2202209
2310523
2418837
2527151
2635465
2743779
2852093
2960407
3068721
3177035
3285349
3393663
3501977
3610291
3718605
3826919
3935233
4043547
4151861
4260175
4368489
4476803
4585117
4693431
4801745
4910059
5018373
5126687
5235001
5343315
5451629
5559943
5668257
5776571
5884885
5993199
6101513
6209827
6318141
6426455
6534769
6643083
6751397
6859711
6968025
7076339
7184653
7292967
7401281
7509595
7617909
7726223
7834537
7942851
8051165
8159479
8267793
8376107
8484421
8592735
8701049
8809363
8917677
9025991
9134305
9242619
9350933
9459247
9567561
9675875
9784189
9892503
10000817
10109131
10217445
10325759
10434073
10542387
10650701
10759015
10867329
10975643
11083957
11192271
11300585
11408899
11517213
11625527
11733841
11842155
11950469
10058782
8167095
6275408
4383721
2492034
600347
-1291340
-3183027
-5074714
-6966401
-8858088
-10749775
-12641462
-14533149
-14424835
-14316521
-14208207
-14099893
-13991579
-13883265
-13774951
-13666637
-13558323
-13450009
-13341695
-13233381
-13125067
-13016753
-12908439
-12800125
-12691811
-12583497
-12475183
-12366869
-12258555
-12150241
-12041927
-11933613
-11825299
-11716985
-11608671
-11500357
-11392043
-11283729
-11175415
-11067101
-10958787
-10850473
-10742159
-10633845
-10525531
-10417217
-10308903
-10200589
-10092275
-9983961
-9875647
-9767333
-9659019
-9550705
-9442391
-9334077
-9225763
-9117449
-9009135
-8900821
-8792507
-8684193
-8575879
-8467565
-8359251
-8250937
-8142623
-8034309
-7925995
-7817681
-7709367
-7601053
-7492739
-7384425
-7276111
-7167797
-7059483
-6951169
-6842855
-6734541
-6626227
-6517913
-6409599
-6301285
-6192971
-6084657
-5976343
-5868029
-5759715
-5651401
-5543087
-5434773
-5326459
-5218145
-5109831
-5001517
-4893203
-4784889
-4676575
-4568261
-4459947
-4351633
-4243319
-4135005
-4026691
-3918377
-3810063
-3701749
-3593435
-3485121
-3376807
-3268493
-3160179
-3051865
-2943551
-2835237
-2726923
-2618609
-2510295
-2401981
-2293667
-2185353
-2077039
-1968725
-1860411
-1752097
-1643783
-1535469
-1427155
-1318841
-1210527
-1102213
-993899
-885585
-777271
-668957
-560643
-452329
-344015
-235701
-127387
-19073
89241
197555
305869
414183
522497
630811
739125
847439
955753
1064067
1172381
1280695
1389009
1497323
1605637
1713951
1822265
1930579
2038893
2147207
2255521
2363835
2472149
2580463
2688777
2797091
2905405
3013719
3122033
3230347
3338661
3446975
3555289
3663603
3771917
3880231
3988545
4096859
4205173
4313487
4421801
4530115
4638429
4746743
4855057
4963371
5071685
5179999
5288313
5396627
5504941
5613255
5721569
5829883
5938197
6046511
6154825
6263139
6371453
6479767
6588081
6696395
6804709
6913023
7021337
7129651
7237965
7346279
7454593
7562907
7671221
7779535
7887849
7996163
8104477
8212791
8321105
8429419
8537733
8646047
8754361
8862675
8970989
9079303
9187617
9295931
9404245
9512559
9620873
9729187
9837501
9945815
10054129
10162443
10270757
10379071
10487385
10595699
10704013
10812327
10920641
11028955
11137269
11245583
11353897
9462210
7570523
5678836
3787149
1895462
3775
-1887912
-3779599
-5671286
-7562973
-9454660
-11346347
-13238034
-13129720
-13021406
-12913092
-12804778
-12696464
-12588150
-12479836
-12371522
-12263208
-12154894
-12046580
-11938266
-11829952
-11721638
-11613324
-11505010
-11396696
-11288382
-11180068
-11071754
-10963440
-10855126
-10746812
-10638498
-10530184
-10421870
-10313556
-10205242
-10096928
-9988614
-9880300
-9771986
-9663672
-9555358
-9447044
-9338730
-9230416
-9122102
-9013788
-8905474
-8797160
-8688846
-8580532
-8472218
-8363904
-8255590
-8147276
-8038962
-7930648
-7822334
-7714020
-7605706
-7497392
-7389078
-7280764
-7172450
-7064136
-6955822
-6847508
-6739194
-6630880
-6522566
-6414252
-6305938
-6197624
-6089310
-5980996
-5872682
-5764368
-5656054
-5547740
-5439426
-5331112
-5222798
-5114484
-5006170
-4897856
-4789542
-4681228
-4572914
-4464600
-4356286
-4247972
-4139658
-4031344
-3923030
-3814716
-3706402
-3598088
-3489774
-3381460
-3273146
-3164832
-3056518
-2948204
-2839890
-2731576
-2623262
-2514948
-2406634
-2298320
-2190006
-2081692
-1973378
-1865064
-1756750
-1648436
-1540122
-1431808
-1323494
-1215180
-1106866
-998552
-890238
-781924
-673610
-565296
-456982
-348668
-240354
-132040
-23726
84588
192902
301216
409530
517844
626158
734472
842786
951100
1059414
1167728
1276042
1384356
1492670
1600984
1709298
1817612
1925926
2034240
2142554
2250868
2359182
2467496
2575810
2684124
2792438
2900752
3009066
3117380
3225694
3334008
3442322
3550636
3658950
3767264
3875578
3983892
4092206
4200520
4308834
4417148
4525462
4633776
4742090
4850404
4958718
5067032
5175346
5283660
5391974
5500288
5608602
5716916
5825230
5933544
6041858
6150172
6258486
6366800
6475114
6583428
6691742
6800056
6908370
7016684
7124998
7233312
7341626
7449940
7558254
7666568
7774882
7883196
7991510
8099824
8208138
8316452
8424766
8533080
8641394
8749708
8858022
8966336
9074650
9182964
9291278
9399592
9507906
9616220
9724534
9832848
9941162
10049476
10157790
10266104
10374418
10482732
10591046
10699360
10807674
10915988
11024302
11132616
11240930
11349244
11457558
11565872
11674186
11782500
11890814
11999128
12107442
12215756
12324070
12432384
12540698
12649012
10757325
8865638
6973951
5082264
3190577
1298890
-592797
-2484484
-4376171
-6267858
-8159545
-10051232
-11942919
-13834606
-13726292
-13617978
-13509664
-13401350
-13293036
-13184722
-13076408
-12968094
-12859780
-12751466
-12643152
-12534838
-12426524
-12318210
-12209896
-12101582
-11993268
-11884954
-11776640
-11668326
-11560012
-11451698
-11343384
-11235070
-11126756
-11018442
-10910128
-10801814
-10693500
-10585186
-10476872
-10368558
-10260244
-10151930
-10043616
-9935302
-9826988
-9718674
-9610360
-9502046
-9393732
-9285418
-9177104
-9068790
-8960476
-8852162
-8743848
-8635534
-8527220
-8418906
-8310592
-8202278
-8093964
-7985650
-7877336
-7769022
-7660708
-7552394
-7444080
-7335766
-7227452
-7119138
-7010824
-6902510
-6794196
-6685882
-6577568
-6469254
-6360940
-6252626
-6144312
-6035998
-5927684
-5819370
-5711056
-5602742
-5494428
-5386114
-5277800
-5169486
-5061172
-4952858
-4844544
-4736230
-4627916
-4519602
-4411288
-4302974
-4194660
-4086346
-3978032
-3869718
-3761404
-3653090
-3544776
-3436462
-3328148
-3219834
-3111520
-3003206
-2894892
-2786578
-2678264
-2569950
-2461636
-2353322
-2245008
-2136694
-2028380
-1920066
-1811752
-1703438
-1595124
-1486810
-1378496
-1270182
-1161868
-1053554
-945240
-836926
-728612
-620298
-511984
-403670
-295356
-187042
-78728
29586
137900
246214
354528
462842
571156
679470
787784
896098
1004412
1112726
1221040
1329354
1437668
1545982
1654296
1762610
1870924
1979238
2087552
2195866
2304180
2412494
2520808
2629122
2737436
2845750
2954064
3062378
3170692
3279006
3387320
3495634
3603948
3712262
3820576
3928890
4037204
4145518
4253832
4362146
4470460
4578774
4687088
4795402
4903716
5012030
5120344
5228658
5336972
5445286
5553600
5661914
5770228
5878542
5986856
6095170
6203484
6311798
6420112
6528426
6636740
6745054
6853368
6961682
7069996
7178310
7286624
7394938
7503252
7611566
7719880
7828194
7936508
8044822
8153136
8261450
8369764
8478078
8586392
8694706
8803020
8911334
9019648
9127962
9236276
9344590
9452904
9561218
9669532
9777846
9886160
9994474
10102788
10211102
10319416
10427730
10536044
10644358
10752672
10860986
10969300
11077614
11185928
11294242
11402556
11510870
11619184
11727498
11835812
11944126
12052440
10160753
8269066
6377379
4485692
2594005
702318
-1189369
-3081056
-4972743
-6864430
-8756117
-10647804
-12539491
-12431177
-12322863
-12214549
-12106235
-11997921
-11889607
-11781293
-11672979
-11564665
-11456351
-11348037
-11239723
-11131409
-11023095
-10914781
-10806467
-10698153
-10589839
-10481525
-10373211
-10264897
-10156583
-10048269
-9939955
-9831641
-9723327
-9615013
-9506699
-9398385
-9290071
-9181757
-9073443
-8965129
-8856815
-8748501
-8640187
-8531873
-8423559
-8315245
-8206931
-8098617
-7990303
-7881989
-7773675
-7665361
-7557047
-7448733
-7340419
-7232105
-7123791
-7015477
-6907163
-6798849
-6690535
-6582221
-6473907
-6365593
-6257279
-6148965
-6040651
-5932337
-5824023
-5715709
-5607395
-5499081
-5390767
-5282453
-5174139
-5065825
-4957511
-4849197
-4740883
-4632569
-4524255
-4415941
-4307627
-4199313
-4090999
-3982685
-3874371
-3766057
-3657743
-3549429
-3441115
-3332801
-3224487
-3116173
-3007859
-2899545
-2791231
-2682917
-2574603
-2466289
-2357975
-2249661
-2141347
-2033033
-1924719
-1816405
-1708091
-1599777
-1491463
-1383149
-1274835
-1166521
-1058207
-949893
-841579
-733265
-624951
-516637
-408323
-300009
-191695
-83381
24933
133247
241561
349875
458189
566503
674817
783131
891445
999759
1108073
1216387
1324701
1433015
1541329
1649643
1757957
1866271
1974585
2082899
2191213
2299527
2407841
2516155
2624469
2732783
2841097
2949411
3057725
3166039
3274353
3382667
3490981
3599295
3707609
3815923
3924237
4032551
4140865
4249179
4357493
4465807
4574121
4682435
4790749
4899063
5007377
5115691
5224005
5332319
5440633
5548947
5657261
5765575
5873889
5982203
6090517
6198831
6307145
6415459
6523773
6632087
6740401
6848715
6957029
7065343
7173657
7281971
7390285
7498599
7606913
7715227
7823541
7931855
8040169
8148483
8256797
8365111
8473425
8581739
8690053
8798367
8906681
9014995
9123309
9231623
9339937
9448251
9556565
9664879
9773193
9881507
9989821
10098135
10206449
10314763
10423077
10531391
10639705
10748019
10856333
10964647
11072961
11181275
11289589
11397903
11506217
11614531
11722845
11831159
11939473
12047787
12156101
12264415
12372729
12481043
12589357
12697671
12805985
12914299
13022613
13130927
13239241
13347555
11455868
9564181
7672494
5780807
3889120
1997433
105746
-1785941
-3677628
-5569315
-7461002
-9352689
-11244376
-13136063
-13027749
-12919435
-12811121
-12702807
-12594493
-12486179
-12377865
-12269551
-12161237
-12052923
-11944609
-11836295
-11727981
-11619667
-11511353
-11403039
-11294725
-11186411
-11078097
-10969783
-10861469
-10753155
-10644841
-10536527
-10428213
-10319899
-10211585
-10103271
-9994957
-9886643
-9778329
-9670015
-9561701
-9453387
-9345073
-9236759
-9128445
-9020131
-8911817
-8803503
-8695189
-8586875
-8478561
-8370247
-8261933
-8153619
-8045305
-7936991
-7828677
-7720363
-7612049
-7503735
-7395421
-7287107
-7178793
-7070479
-6962165
-6853851
-6745537
-6637223
-6528909
-6420595
-6312281
-6203967
-6095653
-5987339
-5879025
-5770711
-5662397
-5554083
-5445769
-5337455
-5229141
-5120827
-5012513
-4904199
-4795885
-4687571
-4579257
-4470943
-4362629
-4254315
-4146001
-4037687
-3929373
-3821059
-3712745
-3604431
-3496117
-3387803
-3279489
-3171175
-3062861
-2954547
-2846233
-2737919
-2629605
-2521291
-2412977
-2304663
-2196349
-2088035
-1979721
-1871407
-1763093
-1654779
-1546465
-1438151
-1329837
-1221523
-1113209
-1004895
-896581
-788267
-679953
-571639
-463325
-355011
-246697
-138383
-30069
78245
186559
294873
403187
511501
619815
728129
836443
944757
1053071
1161385
1269699
1378013
1486327
1594641
1702955
1811269
1919583
2027897
2136211
2244525
2352839
2461153
2569467
2677781
2786095
2894409
3002723
3111037
3219351
3327665
3435979
3544293
3652607
3760921
3869235
3977549
4085863
4194177
4302491
4410805
4519119
4627433
4735747
4844061
4952375
5060689
5169003
5277317
5385631
5493945
5602259
5710573
5818887
5927201
6035515
6143829
6252143
6360457
6468771
6577085
6685399
6793713
6902027
7010341
7118655
7226969
7335283
7443597
7551911
7660225
7768539
7876853
7985167
8093481
8201795
8310109
8418423
8526737
8635051
8743365
8851679
8959993
9068307
9176621
9284935
9393249
9501563
9609877
9718191
9826505
9934819
10043133
10151447
10259761
10368075
10476389
10584703
10693017
10801331
10909645
11017959
11126273
11234587
11342901
11451215
11559529
11667843
11776157
11884471
11992785
12101099
12209413
12317727
12426041
12534355
12642669
12750983
10859296
8967609
7075922
5184235
3292548
1400861
-490826
-2382513
-4274200
-6165887
-8057574
-9949261
-11840948
-11732634
-11624320
-11516006
-11407692
-11299378
-11191064
-11082750
-10974436
-10866122
-10757808
-10649494
-10541180
-10432866
-10324552
-10216238
-10107924
-9999610
-9891296
-9782982
-9674668
-9566354
-9458040
-9349726
-9241412
-9133098
-9024784
-8916470
-8808156
-8699842
-8591528
-8483214
-8374900
-8266586
-8158272
-8049958
-7941644
-7833330
-7725016
-7616702
-7508388
-7400074
-7291760
-7183446
-7075132
-6966818
-6858504
-6750190
-6641876
-6533562
-6425248
-6316934
-6208620
-6100306
-5991992
-5883678
-5775364
-5667050
-5558736
-5450422
-5342108
-5233794
-5125480
-5017166
-4908852
-4800538
-4692224
-4583910
-4475596
-4367282
-4258968
-4150654
-4042340
-3934026
-3825712
-3717398
-3609084
-3500770
-3392456
-3284142
-3175828
-3067514
-2959200
-2850886
-2742572
-2634258
-2525944
-2417630
-2309316
-2201002
-2092688
-1984374
-1876060
-1767746
-1659432
-1551118
-1442804
-1334490
-1226176
-1117862
-1009548
-901234
-792920
-684606
-576292
-467978
-359664
-251350
-143036
-34722
73592
181906
290220
398534
506848
615162
723476
831790
940104
1048418
1156732
1265046
1373360
1481674
1589988
1698302
1806616
1914930
2023244
2131558
2239872
2348186
2456500
2564814
2673128
2781442
2889756
2998070
3106384
3214698
3323012
3431326
3539640
3647954
3756268
3864582
3972896
4081210
4189524
4297838
4406152
4514466
4622780
4731094
4839408
4947722
5056036
5164350
5272664
5380978
5489292
5597606
5705920
5814234
5922548
6030862
6139176
6247490
6355804
6464118
6572432
6680746
6789060
6897374
7005688
7114002
7222316
7330630
7438944
7547258
7655572
7763886
7872200
7980514
8088828
8197142
8305456
8413770
8522084
8630398
8738712
8847026
8955340
9063654
9171968
9280282
9388596
9496910
9605224
9713538
9821852
9930166
10038480
10146794
10255108
10363422
10471736
10580050
10688364
10796678
10904992
11013306
11121620
11229934
11338248
11446562
11554876
11663190
11771504
11879818
11988132
12096446
12204760
12313074
12421388
12529702
12638016
12746330
12854644
12962958
13071272
13179586
13287900
13396214
13504528
13612842
13721156
13829470
13937784
14046098
12154411
10262724
8371037
6479350
4587663
2695976
804289
-1087398
-2979085
-4870772
-6762459
-8654146
-10545833
-12437520
-12329206
-12220892
-12112578
-12004264
-11895950
-11787636
-11679322
-11571008
-11462694
-11354380
-11246066
-11137752
-11029438
-10921124
-10812810
-10704496
-10596182
-10487868
-10379554
-10271240
-10162926
-10054612
-9946298
-9837984
-9729670
-9621356
-9513042
-9404728
-9296414
-9188100
-9079786
-8971472
-8863158
-8754844
-8646530
-8538216
-8429902
-8321588
-8213274
-8104960
-7996646
-7888332
-7780018
-7671704
-7563390
-7455076
-7346762
-7238448
-7130134
-7021820
-6913506
-6805192
-6696878
-6588564
-6480250
-6371936
-6263622
-6155308
-6046994
-5938680
-5830366
-5722052
-5613738
-5505424
-5397110
-5288796
-5180482
-5072168
-4963854
-4855540
-4747226
-4638912
-4530598
-4422284
-4313970
-4205656
-4097342
-3989028
-3880714
-3772400
-3664086
-3555772
-3447458
-3339144
-3230830
-3122516
-3014202
-2905888
-2797574
-2689260
-2580946
-2472632
-2364318
-2256004
-2147690
-2039376
-1931062
-1822748
-1714434
-1606120
-1497806
-1389492
-1281178
-1172864
-1064550
-956236
-847922
-739608
-631294
-522980
-414666
-306352
-198038
-89724
18590
126904
235218
343532
451846
560160
668474
776788
885102
993416
1101730
1210044
1318358
1426672
1534986
1643300
1751614
1859928
1968242
2076556
2184870
2293184
2401498
2509812
2618126
2726440
2834754
2943068
3051382
3159696
3268010
3376324
3484638
3592952
3701266
3809580
3917894
4026208
4134522
4242836
4351150
4459464
4567778
4676092
4784406
4892720
5001034
5109348
5217662
5325976
5434290
5542604
5650918
5759232
5867546
5975860
6084174
6192488
6300802
6409116
6517430
6625744
6734058
6842372
6950686
7059000
7167314
7275628
7383942
7492256
7600570
7708884
7817198
7925512
8033826
8142140
8250454
8358768
8467082
8575396
8683710
8792024
8900338
9008652
9116966
9225280
9333594
9441908
9550222
9658536
9766850
9875164
9983478
10091792
10200106
10308420
10416734
10525048
10633362
10741676
10849990
10958304
11066618
11174932
11283246
11391560
11499874
11608188
11716502
11824816
11933130
12041444
12149758
12258072
12366386
12474700
12583014
12691328
12799642
12907956
13016270
13124584
13232898
13341212
13449526
11557839
9666152
7774465
5882778
3991091
2099404
207717
-1683970
-3575657
-5467344
-7359031
-9250718
-11142405
-13034092
-12925778
-12817464
-12709150
-12600836
-12492522
-12384208
-12275894
-12167580
-12059266
-11950952
-11842638
-11734324
-11626010
-11517696
-11409382
-11301068
-11192754
-11084440
-10976126
-10867812
-10759498
-10651184
-10542870
-10434556
-10326242
-10217928
-10109614
-10001300
-9892986
-9784672
-9676358
-9568044
-9459730
-9351416
-9243102
-9134788
-9026474
-8918160
-8809846
-8701532
-8593218
-8484904
-8376590
-8268276
-8159962
-8051648
-7943334
-7835020
-7726706
-7618392
-7510078
-7401764
-7293450
-7185136
-7076822
-6968508
-6860194
-6751880
-6643566
-6535252
-6426938
-6318624
-6210310
-6101996
-5993682
-5885368
-5777054
-5668740
-5560426
-5452112
-5343798
-5235484
-5127170
-5018856
-4910542
-4802228
-4693914
-4585600
-4477286
-4368972
-4260658
-4152344
-4044030
-3935716
-3827402
-3719088
-3610774
-3502460
-3394146
-3285832
-3177518
-3069204
-2960890
-2852576
-2744262
-2635948
-2527634
-2419320
-2311006
-2202692
-2094378
-1986064
-1877750
-1769436
-1661122
-1552808
-1444494
-1336180
-1227866
-1119552
-1011238
-902924
-794610
-686296
-577982
-469668
-361354
-253040
-144726
-36412
71902
180216
288530
396844
505158
613472
721786
830100
938414
1046728
1155042
1263356
1371670
1479984
1588298
1696612
1804926
1913240
2021554
2129868
2238182
2346496
2454810
2563124
2671438
2779752
2888066
2996380
3104694
3213008
3321322
3429636
3537950
3646264
3754578
3862892
3971206
4079520
4187834
4296148
4404462
4512776
4621090
4729404
4837718
4946032
5054346
5162660
5270974
5379288
5487602
5595916
5704230
5812544
5920858
6029172
6137486
6245800
6354114
6462428
6570742
6679056
6787370
6895684
7003998
7112312
7220626
7328940
7437254
7545568
7653882
7762196
7870510
7978824
8087138
8195452
8303766
8412080
8520394
8628708
8737022
8845336
8953650
9061964
9170278
9278592
9386906
9495220
9603534
9711848
9820162
9928476
10036790
10145104
10253418
10361732
10470046
10578360
10686674
10794988
10903302
11011616
11119930
11228244
11336558
11444872
11553186
11661500
11769814
11878128
11986442
12094756
12203070
12311384
12419698
12528012
12636326
12744640
10852953
8961266
7069579
5177892
3286205
1394518
-497169
-2388856
-4280543
-6172230
-8063917
-9955604
-11847291
-13738978
-13630664
-13522350
-13414036
-13305722
-13197408
-13089094
-12980780
-12872466
-12764152
-12655838
-12547524
-12439210
-12330896
-12222582
-12114268
-12005954
-11897640
-11789326
-11681012
-11572698
-11464384
-11356070
-11247756
-11139442
-11031128
-10922814
-10814500
-10706186
-10597872
-10489558
-10381244
-10272930
-10164616
-10056302
-9947988
-9839674
-9731360
-9623046
-9514732
-9406418
-9298104
-9189790
-9081476
-8973162
-8864848
-8756534
-8648220
-8539906
-8431592
-8323278
-8214964
-8106650
-7998336
-7890022
-7781708
-7673394
-7565080
-7456766
-7348452
-7240138
-7131824
-7023510
-6915196
-6806882
-6698568
-6590254
-6481940
-6373626
-6265312
-6156998
-6048684
-5940370
-5832056
-5723742
-5615428
-5507114
-5398800
-5290486
-5182172
-5073858
-4965544
-4857230
-4748916
-4640602
-4532288
-4423974
-4315660
-4207346
-4099032
-3990718
-3882404
-3774090
-3665776
-3557462
-3449148
-3340834
-3232520
-3124206
-3015892
-2907578
-2799264
-2690950
-2582636
-2474322
-2366008
-2257694
-2149380
-2041066
-1932752
-1824438
-1716124
-1607810
-1499496
-1391182
-1282868
-1174554
-1066240
-957926
-849612
-741298
-632984
-524670
-416356
-308042
-199728
-91414
16900
125214
233528
341842
450156
558470
666784
775098
883412
991726
1100040
1208354
1316668
1424982
1533296
1641610
1749924
1858238
1966552
2074866
2183180
2291494
2399808
2508122
2616436
2724750
2833064
2941378
3049692
3158006
3266320
3374634
3482948
3591262
3699576
3807890
3916204
4024518
4132832
4241146
4349460
4457774
4566088
4674402
4782716
4891030
4999344
5107658
5215972
5324286
5432600
5540914
5649228
5757542
5865856
5974170
6082484
6190798
6299112
6407426
6515740
6624054
6732368
6840682
6948996
7057310
7165624
7273938
7382252
7490566
7598880
7707194
7815508
7923822
8032136
8140450
8248764
8357078
8465392
8573706
8682020
8790334
8898648
9006962
9115276
9223590
9331904
9440218
9548532
9656846
9765160
9873474
9981788
10090102
10198416
10306730
10415044
10523358
10631672
10739986
10848300
10956614
11064928
11173242
11281556
11389870
11498184
11606498
11714812
11823126
11931440
12039754
12148068
10256381
8364694
6473007
4581320
2689633
797946
-1093741
-2985428
-4877115
-6768802
-8660489
-10552176
-12443863
-14335550
-14227236
-14118922
-14010608
-13902294
-13793980
-13685666
-13577352
-13469038
-13360724
-13252410
-13144096
-13035782
-12927468
-12819154
-12710840
-12602526
-12494212
-12385898
-12277584
-12169270
-12060956
-11952642
-11844328
-11736014
-11627700
-11519386
-11411072
-11302758
-11194444
-11086130
-10977816
-10869502
-10761188
-10652874
-10544560
-10436246
-10327932
-10219618
-10111304
-10002990
-9894676
-9786362
-9678048
-9569734
-9461420
-9353106
-9244792
-9136478
-9028164
-8919850
-8811536
-8703222
-8594908
-8486594
-8378280
-8269966
-8161652
-8053338
-7945024
-7836710
-7728396
-7620082
-7511768
-7403454
-7295140
-7186826
-7078512
-6970198
-6861884
-6753570
-6645256
-6536942
-6428628
-6320314
-6212000
-6103686
-5995372
-5887058
-5778744
-5670430
-5562116
-5453802
-5345488
-5237174
-5128860
-5020546
-4912232
-4803918
-4695604
-4587290
-4478976
-4370662
-4262348
-4154034
-4045720
-3937406
-3829092
-3720778
-3612464
-3504150
-3395836
-3287522
-3179208
-3070894
-2962580
-2854266
-2745952
-2637638
-2529324
-2421010
-2312696
-2204382
-2096068
-1987754
-1879440
-1771126
-1662812
-1554498
-1446184
-1337870
-1229556
-1121242
-1012928
-904614
-796300
-687986
-579672
-471358
-363044
-254730
-146416
-38102
70212
178526
286840
395154
503468
611782
720096
828410
936724
1045038
1153352
1261666
1369980
1478294
1586608
1694922
1803236
1911550
2019864
2128178
2236492
2344806
2453120
2561434
2669748
2778062
2886376
2994690
3103004
3211318
3319632
3427946
3536260
3644574
3752888
3861202
3969516
4077830
4186144
4294458
4402772
4511086
4619400
4727714
4836028
4944342
5052656
5160970
5269284
5377598
5485912
5594226
5702540
5810854
5919168
6027482
6135796
6244110
6352424
6460738
6569052
6677366
6785680
6893994
7002308
7110622
7218936
7327250
7435564
7543878
7652192
7760506
7868820
7977134
8085448
8193762
8302076
8410390
8518704
8627018
8735332
8843646
8951960
9060274
9168588
9276902
9385216
9493530
9601844
9710158
9818472
9926786
10035100
10143414
10251728
10360042
10468356
10576670
10684984
10793298
10901612
11009926
11118240
11226554
11334868
11443182
11551496
9659809
7768122
5876435
3984748
2093061
201374
-1690313
-3582000
-5473687
-7365374
-9257061
-11148748
-13040435
-12932121
-12823807
-12715493
-12607179
-12498865
-12390551
-12282237
-12173923
-12065609
-11957295
-11848981
-11740667
-11632353
-11524039
-11415725
-11307411
-11199097
-11090783
-10982469
-10874155
-10765841
-10657527
-10549213
-10440899
-10332585
-10224271
-10115957
-10007643
-9899329
-9791015
-9682701
-9574387
-9466073
-9357759
-9249445
-9141131
-9032817
-8924503
-8816189
-8707875
-8599561
-8491247
-8382933
-8274619
-8166305
-8057991
-7949677
-7841363
-7733049
-7624735
-7516421
-7408107
-7299793
-7191479
-7083165
-6974851
-6866537
-6758223
-6649909
-6541595
-6433281
-6324967
-6216653
-6108339
-6000025
-5891711
-5783397
-5675083
-5566769
-5458455
-5350141
-5241827
-5133513
-5025199
-4916885
-4808571
-4700257
-4591943
-4483629
-4375315
-4267001
-4158687
-4050373
-3942059
-3833745
-3725431
-3617117
-3508803
-3400489
-3292175
-3183861
-3075547
-2967233
-2858919
-2750605
-2642291
-2533977
-2425663
-2317349
-2209035
-2100721
-1992407
-1884093
-1775779
-1667465
-1559151
-1450837
-1342523
-1234209
-1125895
-1017581
-909267
-800953
-692639
-584325
-476011
-367697
-259383
-151069
-42755
65559
173873
282187
390501
498815
607129
715443
823757
932071
1040385
1148699
1257013
1365327
1473641
1581955
1690269
1798583
1906897
2015211
2123525
2231839
2340153
2448467
2556781
2665095
2773409
2881723
2990037
3098351
3206665
3314979
3423293
3531607
3639921
3748235
3856549
3964863
4073177
4181491
4289805
4398119
4506433
4614747
4723061
4831375
4939689
5048003
5156317
5264631
5372945
5481259
5589573
5697887
5806201
5914515
6022829
6131143
6239457
6347771
6456085
6564399
6672713
6781027
6889341
6997655
7105969
7214283
7322597
7430911
7539225
7647539
7755853
7864167
7972481
8080795
8189109
8297423
8405737
8514051
8622365
8730679
8838993
8947307
9055621
9163935
9272249
9380563
9488877
9597191
9705505
9813819
9922133
10030447
10138761
10247075
10355389
10463703
10572017
10680331
10788645
10896959
11005273
11113587
11221901
11330215
11438529
11546843
11655157
11763471
11871785
11980099
12088413
12196727
12305041
12413355
12521669
12629983
12738297
12846611
10954924
9063237
7171550
5279863
3388176
1496489
-395198
-2286885
-4178572
-6070259
-7961946
-9853633
-11745320
-13637007
-13528693
-13420379
-13312065
-13203751
-13095437
-12987123
-12878809
-12770495
-12662181
-12553867
-12445553
-12337239
-12228925
-12120611
-12012297
-11903983
-11795669
-11687355
-11579041
-11470727
-11362413
-11254099
-11145785
-11037471
-10929157
-10820843
-10712529
-10604215
-10495901
-10387587
-10279273
-10170959
-10062645
-9954331
-9846017
-9737703
-9629389
-9521075
-9412761
-9304447
-9196133
-9087819
-8979505
-8871191
-8762877
-8654563
-8546249
-8437935
-8329621
-8221307
-8112993
-8004679
-7896365
-7788051
-7679737
-7571423
-7463109
-7354795
-7246481
-7138167
-7029853
-6921539
-6813225
-6704911
-6596597
-6488283
-6379969
-6271655
-6163341
-6055027
-5946713
-5838399
-5730085
-5621771
-5513457
-5405143
-5296829
-5188515
-5080201
-4971887
-4863573
-4755259
-4646945
-4538631
-4430317
-4322003
-4213689
-4105375
-3997061
-3888747
-3780433
-3672119
-3563805
-3455491
-3347177
-3238863
-3130549
-3022235
-2913921
-2805607
-2697293
-2588979
-2480665
-2372351
-2264037
-2155723
-2047409
-1939095
-1830781
-1722467
-1614153
-1505839
-1397525
-1289211
-1180897
-1072583
-964269
-855955
-747641
-639327
-531013
-422699
-314385
-206071
-97757
10557
118871
227185
335499
443813
552127
660441
768755
877069
985383
1093697
1202011
1310325
1418639
1526953
1635267
1743581
1851895
1960209
2068523
2176837
2285151
2393465
2501779
2610093
2718407
2826721
2935035
3043349
3151663
3259977
3368291
3476605
3584919
3693233
3801547
3909861
4018175
4126489
4234803
4343117
4451431
4559745
4668059
4776373
4884687
4993001
5101315
5209629
5317943
5426257
5534571
5642885
5751199
5859513
5967827
6076141
6184455
6292769
6401083
6509397
6617711
6726025
6834339
6942653
7050967
7159281
7267595
7375909
7484223
7592537
7700851
7809165
7917479
8025793
8134107
8242421
8350735
8459049
8567363
8675677
8783991
8892305
9000619
9108933
9217247
9325561
9433875
9542189
9650503
9758817
9867131
9975445
10083759
10192073
10300387
10408701
10517015
10625329
10733643
10841957
10950271
11058585
11166899
11275213
11383527
11491841
11600155
11708469
11816783
11925097
12033411
12141725
12250039
10358352
8466665
6574978
4683291
2791604
899917
-991770
-2883457
-4775144
-6666831
-8558518
-10450205
-12341892
-12233578
-12125264
-12016950
-11908636
-11800322
-11692008
-11583694
-11475380
-11367066
-11258752
-11150438
-11042124
-10933810
-10825496
-10717182
-10608868
-10500554
-10392240
-10283926
-10175612
-10067298
-9958984
-9850670
-9742356
-9634042
-9525728
-9417414
-9309100
-9200786
-9092472
-8984158
-8875844
-8767530
-8659216
-8550902
-8442588
-8334274
-8225960
-8117646
-8009332
-7901018
-7792704
-7684390
-7576076
-7467762
-7359448
-7251134
-7142820
-7034506
-6926192
-6817878
-6709564
-6601250
-6492936
-6384622
-6276308
-6167994
-6059680
-5951366
-5843052
-5734738
-5626424
-5518110
-5409796
-5301482
-5193168
-5084854
-4976540
-4868226
-4759912
-4651598
-4543284
-4434970
-4326656
-4218342
-4110028
-4001714
-3893400
-3785086
-3676772
-3568458
-3460144
-3351830
-3243516
-3135202
-3026888
-2918574
-2810260
-2701946
-2593632
-2485318
-2377004
-2268690
-2160376
-2052062
-1943748
-1835434
-1727120
-1618806
-1510492
-1402178
-1293864
-1185550
-1077236
-968922
-860608
-752294
-643980
-535666
-427352
-319038
-210724
-102410
5904
114218
222532
330846
439160
547474
655788
764102
872416
980730
1089044
1197358
1305672
1413986
1522300
1630614
1738928
1847242
1955556
2063870
2172184
2280498
2388812
2497126
2605440
2713754
2822068
2930382
3038696
3147010
3255324
3363638
3471952
3580266
3688580
3796894
3905208
4013522
4121836
4230150
4338464
4446778
4555092
4663406
4771720
4880034
4988348
5096662
5204976
5313290
5421604
5529918
5638232
5746546
5854860
5963174
6071488
6179802
6288116
6396430
6504744
6613058
6721372
6829686
6938000
7046314
7154628
7262942
7371256
7479570
7587884
7696198
7804512
7912826
8021140
8129454
8237768
8346082
8454396
8562710
8671024
8779338
8887652
8995966
9104280
9212594
9320908
9429222
9537536
9645850
9754164
9862478
9970792
10079106
10187420
10295734
10404048
10512362
10620676
10728990
10837304
10945618
11053932
11162246
11270560
11378874
11487188
11595502
11703816
11812130
11920444
12028758
12137072
12245386
12353700
12462014
12570328
12678642
12786956
12895270
13003584
13111898
13220212
13328526
13436840
13545154
11653467
9761780
7870093
5978406
4086719
2195032
303345
-1588342
-3480029
-5371716
-7263403
-9155090
-11046777
-12938464
-12830150
-12721836
-12613522
-12505208
-12396894
-12288580
-12180266
-12071952
-11963638
-11855324
-11747010
-11638696
-11530382
-11422068
-11313754
-11205440
-11097126
-10988812
-10880498
-10772184
-10663870
-10555556
-10447242
-10338928
-10230614
-10122300
-10013986
-9905672
-9797358
-9689044
-9580730
-9472416
-9364102
-9255788
-9147474
-9039160
-8930846
-8822532
-8714218
-8605904
-8497590
-8389276
-8280962
-8172648
-8064334
-7956020
-7847706
-7739392
-7631078
-7522764
-7414450
-7306136
-7197822
-7089508
-6981194
-6872880
-6764566
-6656252
-6547938
-6439624
-6331310
-6222996
-6114682
-6006368
-5898054
-5789740
-5681426
-5573112
-5464798
-5356484
-5248170
-5139856
-5031542
-4923228
-4814914
-4706600
-4598286
-4489972
-4381658
-4273344
-4165030
-4056716
-3948402
-3840088
-3731774
-3623460
-3515146
-3406832
-3298518
-3190204
-3081890
-2973576
-2865262
-2756948
-2648634
-2540320
-2432006
-2323692
-2215378
-2107064
-1998750
-1890436
-1782122
-1673808
-1565494
-1457180
-1348866
-1240552
-1132238
-1023924
-915610
-807296
-698982
-590668
-482354
-374040
-265726
-157412
-49098
59216
167530
275844
384158
492472
600786
709100
817414
925728
1034042
1142356
1250670
1358984
1467298
1575612
1683926
1792240
1900554
2008868
2117182
2225496
2333810
2442124
2550438
2658752
2767066
2875380
2983694
3092008
3200322
3308636
3416950
3525264
3633578
3741892
3850206
3958520
4066834
4175148
4283462
4391776
4500090
4608404
4716718
4825032
4933346
5041660
5149974
5258288
5366602
5474916
5583230
5691544
5799858
5908172
6016486
6124800
6233114
6341428
6449742
6558056
6666370
6774684
6882998
6991312
7099626
7207940
7316254
7424568
7532882
7641196
7749510
7857824
7966138
8074452
8182766
8291080
8399394
8507708
8616022
8724336
8832650
8940964
9049278
9157592
9265906
9374220
9482534
9590848
9699162
9807476
9915790
10024104
10132418
10240732
10349046
10457360
10565674
10673988
10782302
10890616
10998930
11107244
11215558
11323872
11432186
11540500
11648814
11757128
11865442
11973756
12082070
12190384
12298698
12407012
12515326
12623640
12731954
12840268
12948582
11056895
9165208
7273521
5381834
3490147
1598460
-293227
-2184914
-4076601
-5968288
-7859975
-9751662
-11643349
-11535035
-11426721
-11318407
-11210093
-11101779
-10993465
-10885151
-10776837
-10668523
-10560209
-10451895
-10343581
-10235267
-10126953
-10018639
-9910325
-9802011
-9693697
-9585383
-9477069
-9368755
-9260441
-9152127
-9043813
-8935499
-8827185
-8718871
-8610557
-8502243
-8393929
-8285615
-8177301
-8068987
-7960673
-7852359
-7744045
-7635731
-7527417
-7419103
-7310789
-7202475
-7094161
-6985847
-6877533
-6769219
-6660905
-6552591
-6444277
-6335963
-6227649
-6119335
-6011021
-5902707
-5794393
-5686079
-5577765
-5469451
-5361137
-5252823
-5144509
-5036195
-4927881
-4819567
-4711253
-4602939
-4494625
-4386311
-4277997
-4169683
-4061369
-3953055
-3844741
-3736427
-3628113
-3519799
-3411485
-3303171
-3194857
-3086543
-2978229
-2869915
-2761601
-2653287
-2544973
-2436659
-2328345
-2220031
-2111717
-2003403
-1895089
-1786775
-1678461
-1570147
-1461833
-1353519
-1245205
-1136891
-1028577
-920263
-811949
-703635
-595321
-487007
-378693
-270379
-162065
-53751
54563
162877
271191
379505
487819
596133
704447
812761
921075
1029389
1137703
1246017
1354331
1462645
1570959
1679273
1787587
1895901
2004215
2112529
2220843
2329157
2437471
2545785
2654099
2762413
2870727
2979041
3087355
3195669
3303983
3412297
3520611
3628925
3737239
3845553
3953867
4062181
4170495
4278809
4387123
4495437
4603751
4712065
4820379
4928693
5037007
5145321
5253635
5361949
5470263
5578577
5686891
5795205
5903519
6011833
6120147
6228461
6336775
6445089
6553403
6661717
6770031
6878345
6986659
7094973
7203287
7311601
7419915
7528229
7636543
7744857
7853171
7961485
8069799
8178113
8286427
8394741
8503055
8611369
8719683
8827997
8936311
9044625
9152939
9261253
9369567
9477881
9586195
9694509
9802823
9911137
10019451
10127765
10236079
10344393
10452707
10561021
10669335
10777649
10885963
10994277
11102591
11210905
11319219
11427533
11535847
11644161
11752475
11860789
11969103
12077417
12185731
12294045
12402359
12510673
12618987
12727301
12835615
12943929
13052243
13160557
13268871
13377185
13485499
13593813
13702127
13810441
13918755
14027069
14135383
14243697
12352010
10460323
8568636
6676949
4785262
2893575
1001888
-889799
-2781486
-4673173
-6564860
-8456547
-10348234
-12239921
-12131607
-12023293
-11914979
-11806665
-11698351
-11590037
-11481723
-11373409
-11265095
-11156781
-11048467
-10940153
-10831839
-10723525
-10615211
-10506897
-10398583
-10290269
-10181955
-10073641
-9965327
-9857013
-9748699
-9640385
-9532071
-9423757
-9315443
-9207129
-9098815
-8990501
-8882187
-8773873
-8665559
-8557245
-8448931
-8340617
-8232303
-8123989
-8015675
-7907361
-7799047
-7690733
-7582419
-7474105
-7365791
-7257477
-7149163
-7040849
-6932535
-6824221
-6715907
-6607593
-6499279
-6390965
-6282651
-6174337
-6066023
-5957709
-5849395
-5741081
-5632767
-5524453
-5416139
-5307825
-5199511
-5091197
-4982883
-4874569
-4766255
-4657941
-4549627
-4441313
-4332999
-4224685
-4116371
-4008057
-3899743
-3791429
-3683115
-3574801
-3466487
-3358173
-3249859
-3141545
-3033231
-2924917
-2816603
-2708289
-2599975
-2491661
-2383347
-2275033
-2166719
-2058405
-1950091
-1841777
-1733463
-1625149
-1516835
-1408521
-1300207
-1191893
-1083579
-975265
-866951
-758637
-650323
-542009
-433695
-325381
-217067
-108753
-439
107875
216189
324503
432817
541131
649445
757759
866073
974387
1082701
1191015
1299329
1407643
1515957
1624271
1732585
1840899
1949213
2057527
2165841
2274155
2382469
2490783
2599097
2707411
2815725
2924039
3032353
3140667
3248981
3357295
3465609
3573923
3682237
3790551
3898865
4007179
4115493
4223807
4332121
4440435
4548749
4657063
4765377
4873691
4982005
5090319
5198633
5306947
5415261
5523575
5631889
5740203
5848517
5956831
6065145
6173459
6281773
6390087
6498401
6606715
6715029
6823343
6931657
7039971
7148285
7256599
7364913
7473227
7581541
7689855
7798169
7906483
8014797
8123111
8231425
8339739
8448053
8556367
8664681
8772995
8881309
8989623
9097937
9206251
9314565
9422879
9531193
9639507
9747821
9856135
9964449
10072763
10181077
10289391
10397705
10506019
10614333
10722647
10830961
10939275
11047589
11155903
11264217
11372531
11480845
11589159
11697473
11805787
11914101
12022415
12130729
12239043
12347357
12455671
12563985
12672299
12780613
12888927
12997241
13105555
13213869
13322183
13430497
13538811
13647125
11755438
9863751
7972064
6080377
4188690
2297003
405316
-1486371
-3378058
-5269745
-7161432
-9053119
-10944806
-12836493
-12728179
-12619865
-12511551
-12403237
-12294923
-12186609
-12078295
-11969981
-11861667
-11753353
-11645039
-11536725
-11428411
-11320097
-11211783
-11103469
-10995155
-10886841
-10778527
-10670213
-10561899
-10453585
-10345271
-10236957
-10128643
-10020329
-9912015
-9803701
-9695387
-9587073
-9478759
-9370445
-9262131
-9153817
-9045503
-8937189
-8828875
-8720561
-8612247
-8503933
-8395619
-8287305
-8178991
-8070677
-7962363
-7854049
-7745735
-7637421
-7529107
-7420793
-7312479
-7204165
-7095851
-6987537
-6879223
-6770909
-6662595
-6554281
-6445967
-6337653
-6229339
-6121025
-6012711
-5904397
-5796083
-5687769
-5579455
-5471141
-5362827
-5254513
-5146199
-5037885
-4929571
-4821257
-4712943
-4604629
-4496315
-4388001
-4279687
-4171373
-4063059
-3954745
-3846431
-3738117
-3629803
-3521489
-3413175
-3304861
-3196547
-3088233
-2979919
-2871605
-2763291
-2654977
-2546663
-2438349
-2330035
-2221721
-2113407
-2005093
-1896779
-1788465
-1680151
-1571837
-1463523
-1355209
-1246895
-1138581
-1030267
-921953
-813639
-705325
-597011
-488697
-380383
-272069
-163755
-55441
52873
161187
269501
377815
486129
594443
702757
811071
919385
1027699
1136013
1244327
1352641
1460955
1569269
1677583
1785897
1894211
2002525
2110839
2219153
2327467
2435781
2544095
2652409
2760723
2869037
2977351
3085665
3193979
3302293
3410607
3518921
3627235
3735549
3843863
3952177
4060491
4168805
4277119
4385433
4493747
4602061
4710375
4818689
4927003
5035317
5143631
5251945
5360259
5468573
5576887
5685201
5793515
5901829
6010143
6118457
6226771
6335085
6443399
6551713
6660027
6768341
6876655
6984969
7093283
7201597
7309911
7418225
7526539
7634853
7743167
7851481
7959795
8068109
8176423
8284737
8393051
8501365
8609679
8717993
8826307
8934621
9042935
9151249
9259563
9367877
9476191
9584505
9692819
9801133
9909447
10017761
10126075
10234389
10342703
10451017
10559331
10667645
10775959
10884273
10992587
11100901
11209215
11317529
11425843
11534157
11642471
11750785
11859099
11967413
12075727
12184041
12292355
12400669
12508983
12617297
12725611
12833925
12942239
11050552
9158865
7267178
5375491
3483804
1592117
-299570
-2191257
-4082944
-5974631
-7866318
-9758005
-11649692
-13541379
-13433065
-13324751
-13216437
-13108123
-12999809
-12891495
-12783181
-12674867
-12566553
-12458239
-12349925
-12241611
-12133297
-12024983
-11916669
-11808355
-11700041
-11591727
-11483413
-11375099
-11266785
-11158471
-11050157
-10941843
-10833529
-10725215
-10616901
-10508587
-10400273
-10291959
-10183645
-10075331
-9967017
-9858703
-9750389
-9642075
-9533761
-9425447
-9317133
-9208819
-9100505
-8992191
-8883877
-8775563
-8667249
-8558935
-8450621
-8342307
-8233993
-8125679
-8017365
-7909051
-7800737
-7692423
-7584109
-7475795
-7367481
-7259167
-7150853
-7042539
-6934225
-6825911
-6717597
-6609283
-6500969
-6392655
-6284341
-6176027
-6067713
-5959399
-5851085
-5742771
-5634457
-5526143
-5417829
-5309515
-5201201
-5092887
-4984573
-4876259
-4767945
-4659631
-4551317
-4443003
-4334689
-4226375
-4118061
-4009747
-3901433
-3793119
-3684805
-3576491
-3468177
-3359863
-3251549
-3143235
-3034921
-2926607
-2818293
-2709979
-2601665
-2493351
-2385037
-2276723
-2168409
-2060095
-1951781
-1843467
-1735153
-1626839
-1518525
-1410211
-1301897
-1193583
-1085269
-976955
-868641
-760327
-652013
-543699
-435385
-327071
-218757
-110443
-2129
106185
214499
322813
431127
539441
647755
756069
864383
972697
1081011
1189325
1297639
1405953
1514267
1622581
1730895
1839209
1947523
2055837
2164151
2272465
2380779
2489093
2597407
2705721
2814035
2922349
3030663
3138977
3247291
3355605
3463919
3572233
3680547
3788861
3897175
4005489
4113803
4222117
4330431
4438745
4547059
4655373
4763687
4872001
4980315
5088629
5196943
5305257
5413571
5521885
5630199
5738513
5846827
5955141
6063455
6171769
6280083
6388397
6496711
6605025
6713339
6821653
6929967
7038281
7146595
7254909
7363223
7471537
7579851
7688165
7796479
7904793
8013107
8121421
8229735
8338049
8446363
8554677
8662991
8771305
8879619
8987933
9096247
9204561
9312875
9421189
9529503
9637817
9746131
9854445
9962759
10071073
10179387
10287701
10396015
10504329
10612643
10720957
10829271
10937585
11045899
11154213
11262527
11370841
11479155
11587469
11695783
11804097
11912411
12020725
12129039
12237353
12345667
10453980
8562293
6670606
4778919
2887232
995545
-896142
-2787829
-4679516
-6571203
-8462890
-10354577
-12246264
-14137951
-14029637
-13921323
-13813009
-13704695
-13596381
-13488067
-13379753
-13271439
-13163125
-13054811
-12946497
-12838183
-12729869
-12621555
-12513241
-12404927
-12296613
-12188299
-12079985
-11971671
-11863357
-11755043
-11646729
-11538415
-11430101
-11321787
-11213473
-11105159
-10996845
-10888531
-10780217
-10671903
-10563589
-10455275
-10346961
-10238647
-10130333
-10022019
-9913705
-9805391
-9697077
-9588763
-9480449
-9372135
-9263821
-9155507
-9047193
-8938879
-8830565
-8722251
-8613937
-8505623
-8397309
-8288995
-8180681
-8072367
-7964053
-7855739
-7747425
-7639111
-7530797
-7422483
-7314169
-7205855
-7097541
-6989227
-6880913
-6772599
-6664285
-6555971
-6447657
-6339343
-6231029
-6122715
-6014401
-5906087
-5797773
-5689459
-5581145
-5472831
-5364517
-5256203
-5147889
-5039575
-4931261
-4822947
-4714633
-4606319
-4498005
-4389691
-4281377
-4173063
-4064749
-3956435
-3848121
-3739807
-3631493
-3523179
-3414865
-3306551
-3198237
-3089923
-2981609
-2873295
-2764981
-2656667
-2548353
-2440039
-2331725
-2223411
-2115097
-2006783
-1898469
-1790155
-1681841
-1573527
-1465213
-1356899
-1248585
-1140271
-1031957
-923643
-815329
-707015
-598701
-490387
-382073
-273759
-165445
-57131
51183
159497
267811
376125
484439
592753
701067
809381
917695
1026009
1134323
1242637
1350951
1459265
1567579
1675893
1784207
1892521
2000835
2109149
2217463
2325777
2434091
2542405
2650719
2759033
2867347
2975661
3083975
3192289
3300603
3408917
3517231
3625545
3733859
3842173
3950487
4058801
4167115
4275429
4383743
4492057
4600371
4708685
4816999
4925313
5033627
5141941
5250255
5358569
5466883
5575197
5683511
5791825
5900139
6008453
6116767
6225081
6333395
6441709
6550023
6658337
6766651
6874965
6983279
7091593
7199907
7308221
7416535
7524849
7633163
7741477
7849791
7958105
8066419
8174733
8283047
8391361
8499675
8607989
8716303
8824617
8932931
9041245
9149559
9257873
9366187
9474501
9582815
9691129
9799443
9907757
10016071
10124385
10232699
10341013
10449327
10557641
10665955
10774269
10882583
10990897
11099211
11207525
11315839
11424153
11532467
11640781
11749095
9857408
7965721
6074034
4182347
2290660
398973
-1492714
-3384401
-5276088
-7167775
-9059462
-10951149
-12842836
-12734522
-12626208
-12517894
-12409580
-12301266
-12192952
-12084638
-11976324
-11868010
-11759696
-11651382
-11543068
-11434754
-11326440
-11218126
-11109812
-11001498
-10893184
-10784870
-10676556
-10568242
-10459928
-10351614
-10243300
-10134986
-10026672
-9918358
-9810044
-9701730
-9593416
-9485102
-9376788
-9268474
-9160160
-9051846
-8943532
-8835218
-8726904
-8618590
-8510276
-8401962
-8293648
-8185334
-8077020
-7968706
-7860392
-7752078
-7643764
-7535450
-7427136
-7318822
-7210508
-7102194
-6993880
-6885566
-6777252
-6668938
-6560624
-6452310
-6343996
-6235682
-6127368
-6019054
-5910740
-5802426
-5694112
-5585798
-5477484
-5369170
-5260856
-5152542
-5044228
-4935914
-4827600
-4719286
-4610972
-4502658
-4394344
-4286030
-4177716
-4069402
-3961088
-3852774
-3744460
-3636146
-3527832
-3419518
-3311204
-3202890
-3094576
-2986262
-2877948
-2769634
-2661320
-2553006
-2444692
-2336378
-2228064
-2119750
-2011436
-1903122
-1794808
-1686494
-1578180
-1469866
-1361552
-1253238
-1144924
-1036610
-928296
-819982
-711668
-603354
-495040
-386726
-278412
-170098
-61784
46530
154844
263158
371472
479786
588100
696414
804728
913042
1021356
1129670
1237984
1346298
1454612
1562926
1671240
1779554
1887868
1996182
2104496
2212810
2321124
2429438
2537752
2646066
2754380
2862694
2971008
3079322
3187636
3295950
3404264
3512578
3620892
3729206
3837520
3945834
4054148
4162462
4270776
4379090
4487404
4595718
4704032
4812346
4920660
5028974
5137288
5245602
5353916
5462230
5570544
5678858
5787172
5895486
6003800
6112114
6220428
6328742
6437056
6545370
6653684
6761998
6870312
6978626
7086940
7195254
7303568
7411882
7520196
7628510
7736824
7845138
7953452
8061766
8170080
8278394
8386708
8495022
8603336
8711650
8819964
8928278
9036592
9144906
9253220
9361534
9469848
9578162
9686476
9794790
9903104
10011418
10119732
10228046
10336360
10444674
10552988
10661302
10769616
10877930
10986244
11094558
11202872
11311186
11419500
11527814
11636128
11744442
11852756
11961070
12069384
12177698
12286012
12394326
12502640
12610954
12719268
12827582
12935896
13044210
11152523
9260836
7369149
5477462
3585775
1694088
-197599
-2089286
-3980973
-5872660
-7764347
-9656034
-11547721
-13439408
-13331094
-13222780
-13114466
-13006152
-12897838
-12789524
-12681210
-12572896
-12464582
-12356268
-12247954
-12139640
-12031326
-11923012
-11814698
-11706384
-11598070
-11489756
-11381442
-11273128
-11164814
-11056500
-10948186
-10839872
-10731558
-10623244
-10514930
-10406616
-10298302
-10189988
-10081674
-9973360
-9865046
-9756732
-9648418
-9540104
-9431790
-9323476
-9215162
-9106848
-8998534
-8890220
-8781906
-8673592
-8565278
-8456964
-8348650
-8240336
-8132022
-8023708
-7915394
-7807080
-7698766
-7590452
-7482138
-7373824
-7265510
-7157196
-7048882
-6940568
-6832254
-6723940
-6615626
-6507312
-6398998
-6290684
-6182370
-6074056
-5965742
-5857428
-5749114
-5640800
-5532486
-5424172
-5315858
-5207544
-5099230
-4990916
-4882602
-4774288
-4665974
-4557660
-4449346
-4341032
-4232718
-4124404
-4016090
-3907776
-3799462
-3691148
-3582834
-3474520
-3366206
-3257892
-3149578
-3041264
-2932950
-2824636
-2716322
-2608008
-2499694
-2391380
-2283066
-2174752
-2066438
-1958124
-1849810
-1741496
-1633182
-1524868
-1416554
-1308240
-1199926
-1091612
-983298
-874984
-766670
-658356
-550042
-441728
-333414
-225100
-116786
-8472
99842
208156
316470
424784
533098
641412
749726
858040
966354
1074668
1182982
1291296
1399610
1507924
1616238
1724552
1832866
1941180
2049494
2157808
2266122
2374436
2482750
2591064
2699378
2807692
2916006
3024320
3132634
3240948
3349262
3457576
3565890
3674204
3782518
3890832
3999146
4107460
4215774
4324088
4432402
4540716
4649030
4757344
4865658
4973972
5082286
5190600
5298914
5407228
5515542
5623856
5732170
5840484
5948798
6057112
6165426
6273740
6382054
6490368
6598682
6706996
6815310
6923624
7031938
7140252
7248566
7356880
7465194
7573508
7681822
7790136
7898450
8006764
8115078
8223392
8331706
8440020
8548334
8656648
8764962
8873276
8981590
9089904
9198218
9306532
9414846
9523160
9631474
9739788
9848102
9956416
10064730
10173044
10281358
10389672
10497986
10606300
10714614
10822928
10931242
11039556
11147870
11256184
11364498
11472812
11581126
11689440
11797754
11906068
12014382
12122696
12231010
12339324
12447638
10555951
8664264
6772577
4880890
2989203
1097516
-794171
-2685858
-4577545
-6469232
-8360919
-10252606
-12144293
-12035979
-11927665
-11819351
-11711037
-11602723
-11494409
-11386095
-11277781
-11169467
-11061153
-10952839
-10844525
-10736211
-10627897
-10519583
-10411269
-10302955
-10194641
-10086327
-9978013
-9869699
-9761385
-9653071
-9544757
-9436443
-9328129
-9219815
-9111501
-9003187
-8894873
-8786559
-8678245
-8569931
-8461617
-8353303
-8244989
-8136675
-8028361
-7920047
-7811733
-7703419
-7595105
-7486791
-7378477
-7270163
-7161849
-7053535
-6945221
-6836907
-6728593
-6620279
-6511965
-6403651
-6295337
-6187023
-6078709
-5970395
-5862081
-5753767
-5645453
-5537139
-5428825
-5320511
-5212197
-5103883
-4995569
-4887255
-4778941
-4670627
-4562313
-4453999
-4345685
-4237371
-4129057
-4020743
-3912429
-3804115
-3695801
-3587487
-3479173
-3370859
-3262545
-3154231
-3045917
-2937603
-2829289
-2720975
-2612661
-2504347
-2396033
-2287719
-2179405
-2071091
-1962777
-1854463
-1746149
-1637835
-1529521
-1421207
-1312893
-1204579
-1096265
-987951
-879637
-771323
-663009
-554695
-446381
-338067
-229753
-121439
-13125
95189
203503
311817
420131
528445
636759
745073
853387
961701
1070015
1178329
1286643
1394957
1503271
1611585
1719899
1828213
1936527
2044841
2153155
2261469
2369783
2478097
2586411
2694725
2803039
2911353
3019667
3127981
3236295
3344609
3452923
3561237
3669551
3777865
3886179
3994493
4102807
4211121
4319435
4427749
4536063
4644377
4752691
4861005
4969319
5077633
5185947
5294261
5402575
5510889
5619203
5727517
5835831
5944145
6052459
6160773
6269087
6377401
6485715
6594029
6702343
6810657
6918971
7027285
7135599
7243913
7352227
7460541
7568855
7677169
7785483
7893797
8002111
8110425
8218739
8327053
8435367
8543681
8651995
8760309
8868623
8976937
9085251
9193565
9301879
9410193
9518507
9626821
9735135
9843449
9951763
10060077
10168391
10276705
10385019
10493333
10601647
10709961
10818275
10926589
11034903
11143217
11251531
11359845
11468159
11576473
11684787
11793101
11901415
12009729
12118043
12226357
12334671
12442985
12551299
12659613
12767927
12876241
12984555
13092869
13201183
13309497
13417811
13526125
13634439
13742753
11851066
9959379
8067692
6176005
4284318
2392631
500944
-1390743
-3282430
-5174117
-7065804
-8957491
-10849178
-12740865
-12632551
-12524237
-12415923
-12307609
-12199295
-12090981
-11982667
-11874353
-11766039
-11657725
-11549411
-11441097
-11332783
-11224469
-11116155
-11007841
-10899527
-10791213
-10682899
-10574585
-10466271
-10357957
-10249643
-10141329
-10033015
-9924701
-9816387
-9708073
-9599759
-9491445
-9383131
-9274817
-9166503
-9058189
-8949875
-8841561
-8733247
-8624933
-8516619
-8408305
-8299991
-8191677
-8083363
-7975049
-7866735
-7758421
-7650107
-7541793
-7433479
-7325165
-7216851
-7108537
-7000223
-6891909
-6783595
-6675281
-6566967
-6458653
-6350339
-6242025
-6133711
-6025397
-5917083
-5808769
-5700455
-5592141
-5483827
-5375513
-5267199
-5158885
-5050571
-4942257
-4833943
-4725629
-4617315
-4509001
-4400687
-4292373
-4184059
-4075745
-3967431
-3859117
-3750803
-3642489
-3534175
-3425861
-3317547
-3209233
-3100919
-2992605
-2884291
-2775977
-2667663
-2559349
-2451035
-2342721
-2234407
-2126093
-2017779
-1909465
-1801151
-1692837
-1584523
-1476209
-1367895
-1259581
-1151267
-1042953
-934639
-826325
-718011
-609697
-501383
-393069
-284755
-176441
-68127
40187
148501
256815
365129
473443
581757
690071
798385
906699
1015013
1123327
1231641
1339955
1448269
1556583
1664897
1773211
1881525
1989839
2098153
2206467
2314781
2423095
2531409
2639723
2748037
2856351
2964665
3072979
3181293
3289607
3397921
3506235
3614549
3722863
3831177
3939491
4047805
4156119
4264433
4372747
4481061
4589375
4697689
4806003
4914317
5022631
5130945
5239259
5347573
5455887
5564201
5672515
5780829
5889143
5997457
6105771
6214085
6322399
6430713
6539027
6647341
6755655
6863969
6972283
7080597
7188911
7297225
7405539
7513853
7622167
7730481
7838795
7947109
8055423
8163737
8272051
8380365
8488679
8596993
8705307
8813621
8921935
9030249
9138563
9246877
9355191
9463505
9571819
9680133
9788447
9896761
10005075
10113389
10221703
10330017
10438331
10546645
10654959
10763273
10871587
10979901
11088215
11196529
11304843
11413157
11521471
11629785
11738099
11846413
11954727
12063041
12171355
12279669
12387983
12496297
12604611
12712925
12821239
12929553
13037867
13146181
11254494
9362807
7471120
5579433
3687746
1796059
-95628
-1987315
-3879002
-5770689
-7662376
-9554063
-11445750
-11337436
-11229122
-11120808
-11012494
-10904180
-10795866
-10687552
-10579238
-10470924
-10362610
-10254296
-10145982
-10037668
-9929354
-9821040
-9712726
-9604412
-9496098
-9387784
-9279470
-9171156
-9062842
-8954528
-8846214
-8737900
-8629586
-8521272
-8412958
-8304644
-8196330
-8088016
-7979702
-7871388
-7763074
-7654760
-7546446
-7438132
-7329818
-7221504
-7113190
-7004876
-6896562
-6788248
-6679934
-6571620
-6463306
-6354992
-6246678
-6138364
-6030050
-5921736
-5813422
-5705108
-5596794
-5488480
-5380166
-5271852
-5163538
-5055224
-4946910
-4838596
-4730282
-4621968
-4513654
-4405340
-4297026
-4188712
-4080398
-3972084
-3863770
-3755456
-3647142
-3538828
-3430514
-3322200
-3213886
-3105572
-2997258
-2888944
-2780630
-2672316
-2564002
-2455688
-2347374
-2239060
-2130746
-2022432
-1914118
-1805804
-1697490
-1589176
-1480862
-1372548
-1264234
-1155920
-1047606
-939292
-830978
-722664
-614350
-506036
-397722
-289408
-181094
-72780
35534
143848
252162
360476
468790
577104
685418
793732
902046
1010360
1118674
1226988
1335302
1443616
1551930
1660244
1768558
1876872
1985186
2093500
2201814
2310128
2418442
2526756
2635070
2743384
2851698
2960012
3068326
3176640
3284954
3393268
3501582
3609896
3718210
3826524
3934838
4043152
4151466
4259780
4368094
4476408
4584722
4693036
4801350
4909664
5017978
5126292
5234606
5342920
5451234
5559548
5667862
5776176
5884490
5992804
6101118
6209432
6317746
6426060
6534374
6642688
6751002
6859316
6967630
7075944
7184258
7292572
7400886
7509200
7617514
7725828
7834142
7942456
8050770
8159084
8267398
8375712
8484026
8592340
8700654
8808968
8917282
9025596
9133910
9242224
9350538
9458852
9567166
9675480
9783794
9892108
10000422
10108736
10217050
10325364
10433678
10541992
10650306
10758620
10866934
10975248
11083562
11191876
11300190
11408504
11516818
11625132
11733446
11841760
11950074
12058388
12166702
12275016
12383330
12491644
12599958
12708272
12816586
12924900
13033214
13141528
13249842
13358156
13466470
13574784
13683098
13791412
13899726
14008040
14116354
14224668
14332982
14441296
12549609
10657922
8766235
6874548
4982861
3091174
1199487
-692200
-2583887
-4475574
-6367261
-8258948
-10150635
-12042322
-11934008
-11825694
-11717380
-11609066
-11500752
-11392438
-11284124
-11175810
-11067496
-10959182
-10850868
-10742554
-10634240
-10525926
-10417612
-10309298
-10200984
-10092670
-9984356
-9876042
-9767728
-9659414
-9551100
-9442786
-9334472
-9226158
-9117844
-9009530
-8901216
-8792902
-8684588
-8576274
-8467960
-8359646
-8251332
-8143018
-8034704
-7926390
-7818076
-7709762
-7601448
-7493134
-7384820
-7276506
-7168192
-7059878
-6951564
-6843250
-6734936
-6626622
-6518308
-6409994
-6301680
-6193366
-6085052
-5976738
-5868424
-5760110
-5651796
-5543482
-5435168
-5326854
-5218540
-5110226
-5001912
-4893598
-4785284
-4676970
-4568656
-4460342
-4352028
-4243714
-4135400
-4027086
-3918772
-3810458
-3702144
-3593830
-3485516
-3377202
-3268888
-3160574
-3052260
-2943946
-2835632
-2727318
-2619004
-2510690
-2402376
-2294062
-2185748
-2077434
-1969120
-1860806
-1752492
-1644178
-1535864
-1427550
-1319236
-1210922
-1102608
-994294
-885980
-777666
-669352
-561038
-452724
-344410
-236096
-127782
-19468
88846
197160
305474
413788
522102
630416
738730
847044
955358
1063672
1171986
1280300
1388614
1496928
1605242
1713556
1821870
1930184
2038498
2146812
2255126
2363440
2471754
2580068
2688382
2796696
2905010
3013324
3121638
3229952
3338266
3446580
3554894
3663208
3771522
3879836
3988150
4096464
4204778
4313092
4421406
4529720
4638034
4746348
4854662
4962976
5071290
5179604
5287918
5396232
5504546
5612860
5721174
5829488
5937802
6046116
6154430
6262744
6371058
6479372
6587686
6696000
6804314
6912628
7020942
7129256
7237570
7345884
7454198
7562512
7670826
7779140
7887454
7995768
8104082
8212396
8320710
8429024
8537338
8645652
8753966
8862280
8970594
9078908
9187222
9295536
9403850
9512164
9620478
9728792
9837106
9945420
10053734
10162048
10270362
10378676
10486990
10595304
10703618
10811932
10920246
11028560
11136874
11245188
11353502
11461816
11570130
11678444
11786758
11895072
12003386
12111700
12220014
12328328
12436642
12544956
12653270
12761584
12869898
12978212
13086526
13194840
13303154
13411468
13519782
13628096
13736410
13844724
11953037
10061350
8169663
6277976
4386289
2494602
602915
-1288772
-3180459
-5072146
-6963833
-8855520
-10747207
-12638894
-12530580
-12422266
-12313952
-12205638
-12097324
-11989010
-11880696
-11772382
-11664068
-11555754
-11447440
-11339126
-11230812
-11122498
-11014184
-10905870
-10797556
-10689242
-10580928
-10472614
-10364300
-10255986
-10147672
-10039358
-9931044
-9822730
-9714416
-9606102
-9497788
-9389474
-9281160
-9172846
-9064532
-8956218
-8847904
-8739590
-8631276
-8522962
-8414648
-8306334
-8198020
-8089706
-7981392
-7873078
-7764764
-7656450
-7548136
-7439822
-7331508
-7223194
-7114880
-7006566
-6898252
-6789938
-6681624
-6573310
-6464996
-6356682
-6248368
-6140054
-6031740
-5923426
-5815112
-5706798
-5598484
-5490170
-5381856
-5273542
-5165228
-5056914
-4948600
-4840286
-4731972
-4623658
-4515344
-4407030
-4298716
-4190402
-4082088
-3973774
-3865460
-3757146
-3648832
-3540518
-3432204
-3323890
-3215576
-3107262
-2998948
-2890634
-2782320
-2674006
-2565692
-2457378
-2349064
-2240750
-2132436
-2024122
-1915808
-1807494
-1699180
-1590866
-1482552
-1374238
-1265924
-1157610
-1049296
-940982
-832668
-724354
-616040
-507726
-399412
-291098
-182784
-74470
33844
142158
250472
358786
467100
575414
683728
792042
900356
1008670
1116984
1225298
1333612
1441926
1550240
1658554
1766868
1875182
1983496
2091810
2200124
2308438
2416752
2525066
2633380
2741694
2850008
2958322
3066636
3174950
3283264
3391578
3499892
3608206
3716520
3824834
3933148
4041462
4149776
4258090
4366404
4474718
4583032
4691346
4799660
4907974
5016288
5124602
5232916
5341230
5449544
5557858
5666172
5774486
5882800
5991114
6099428
6207742
6316056
6424370
6532684
6640998
6749312
6857626
6965940
7074254
7182568
7290882
7399196
7507510
7615824
7724138
7832452
7940766
8049080
8157394
8265708
8374022
8482336
8590650
8698964
8807278
8915592
9023906
9132220
9240534
9348848
9457162
9565476
9673790
9782104
9890418
9998732
10107046
10215360
10323674
10431988
10540302
10648616
10756930
10865244
10973558
11081872
11190186
11298500
11406814
11515128
11623442
11731756
11840070
11948384
12056698
12165012
12273326
12381640
12489954
12598268
12706582
12814896
12923210
13031524
13139838
11248151
9356464
7464777
5573090
3681403
1789716
-101971
-1993658
-3885345
-5777032
-7668719
-9560406
-11452093
-13343780
-13235466
-13127152
-13018838
-12910524
-12802210
-12693896
-12585582
-12477268
-12368954
-12260640
-12152326
-12044012
-11935698
-11827384
-11719070
-11610756
-11502442
-11394128
-11285814
-11177500
-11069186
-10960872
-10852558
-10744244
-10635930
-10527616
-10419302
-10310988
-10202674
-10094360
-9986046
-9877732
-9769418
-9661104
-9552790
-9444476
-9336162
-9227848
-9119534
-9011220
-8902906
-8794592
-8686278
-8577964
-8469650
-8361336
-8253022
-8144708
-8036394
-7928080
-7819766
-7711452
-7603138
-7494824
-7386510
-7278196
-7169882
-7061568
-6953254
-6844940
-6736626
-6628312
-6519998
-6411684
-6303370
-6195056
-6086742
-5978428
-5870114
-5761800
-5653486
-5545172
-5436858
-5328544
-5220230
-5111916
-5003602
-4895288
-4786974
-4678660
-4570346
-4462032
-4353718
-4245404
-4137090
-4028776
-3920462
-3812148
-3703834
-3595520
-3487206
-3378892
-3270578
-3162264
-3053950
-2945636
-2837322
-2729008
-2620694
-2512380
-2404066
-2295752
-2187438
-2079124
-1970810
-1862496
-1754182
-1645868
-1537554
-1429240
-1320926
-1212612
-1104298
-995984
-887670
-779356
-671042
-562728
-454414
-346100
-237786
-129472
-21158
87156
195470
303784
412098
520412
628726
737040
845354
953668
1061982
1170296
1278610
1386924
1495238
1603552
1711866
1820180
1928494
2036808
2145122
2253436
2361750
2470064
2578378
2686692
2795006
2903320
3011634
3119948
3228262
3336576
3444890
3553204
3661518
3769832
3878146
3986460
4094774
4203088
4311402
4419716
4528030
4636344
4744658
4852972
4961286
5069600
5177914
5286228
5394542
5502856
5611170
5719484
5827798
5936112
6044426
6152740
6261054
6369368
6477682
6585996
6694310
6802624
6910938
7019252
7127566
7235880
7344194
7452508
7560822
7669136
7777450
7885764
7994078
8102392
8210706
8319020
8427334
8535648
8643962
8752276
8860590
8968904
9077218
9185532
9293846
9402160
9510474
9618788
9727102
9835416
9943730
10052044
10160358
10268672
10376986
10485300
10593614
10701928
10810242
10918556
11026870
11135184
11243498
11351812
11460126
11568440
11676754
11785068
11893382
12001696
12110010
12218324
12326638
12434952
12543266
10651579
8759892
6868205
4976518
3084831
1193144
-698543
-2590230
-4481917
-6373604
-8265291
-10156978
-12048665
-13940352
-13832038
-13723724
-13615410
-13507096
-13398782
-13290468
-13182154
-13073840
-12965526
-12857212
-12748898
-12640584
-12532270
-12423956
-12315642
-12207328
-12099014
-11990700
-11882386
-11774072
-11665758
-11557444
-11449130
-11340816
-11232502
-11124188
-11015874
-10907560
-10799246
-10690932
-10582618
-10474304
-10365990
-10257676
-10149362
-10041048
-9932734
-9824420
-9716106
-9607792
-9499478
-9391164
-9282850
-9174536
-9066222
-8957908
-8849594
-8741280
-8632966
-8524652
-8416338
-8308024
-8199710
-8091396
-7983082
-7874768
-7766454
-7658140
-7549826
-7441512
-7333198
-7224884
-7116570
-7008256
-6899942
-6791628
-6683314
-6575000
-6466686
-6358372
-6250058
-6141744
-6033430
-5925116
-5816802
-5708488
-5600174
-5491860
-5383546
-5275232
-5166918
-5058604
-4950290
-4841976
-4733662
-4625348
-4517034
-4408720
-4300406
-4192092
-4083778
-3975464
-3867150
-3758836
-3650522
-3542208
-3433894
-3325580
-3217266
-3108952
-3000638
-2892324
-2784010
-2675696
-2567382
-2459068
-2350754
-2242440
-2134126
-2025812
-1917498
-1809184
-1700870
-1592556
-1484242
-1375928
-1267614
-1159300
-1050986
-942672
-834358
-726044
-617730
-509416
-401102
-292788
-184474
-76160
32154
140468
248782
357096
465410
573724
682038
790352
898666
1006980
1115294
1223608
1331922
1440236
1548550
1656864
1765178
1873492
1981806
2090120
2198434
2306748
2415062
2523376
2631690
2740004
2848318
2956632
3064946
3173260
3281574
3389888
3498202
3606516
3714830
3823144
3931458
4039772
4148086
4256400
4364714
4473028
4581342
4689656
4797970
4906284
5014598
5122912
5231226
5339540
5447854
5556168
5664482
5772796
5881110
5989424
6097738
6206052
6314366
6422680
6530994
6639308
6747622
6855936
6964250
7072564
7180878
7289192
7397506
7505820
7614134
7722448
7830762
7939076
8047390
8155704
8264018
8372332
8480646
8588960
8697274
8805588
8913902
9022216
9130530
9238844
9347158
9455472
9563786
9672100
9780414
9888728
9997042
10105356
10213670
10321984
10430298
10538612
10646926
10755240
10863554
10971868
11080182
11188496
11296810
11405124
11513438
11621752
11730066
11838380
11946694
10055007
8163320
6271633
4379946
2488259
596572
-1295115
-3186802
-5078489
-6970176
-8861863
-10753550
-12645237
-12536923
-12428609
-12320295
-12211981
-12103667
-11995353
-11887039
-11778725
-11670411
-11562097
-11453783
-11345469
-11237155
-11128841
-11020527
-10912213
-10803899
-10695585
-10587271
-10478957
-10370643
-10262329
-10154015
-10045701
-9937387
-9829073
-9720759
-9612445
-9504131
-9395817
-9287503
-9179189
-9070875
-8962561
-8854247
-8745933
-8637619
-8529305
-8420991
-8312677
-8204363
-8096049
-7987735
-7879421
-7771107
-7662793
-7554479
-7446165
-7337851
-7229537
-7121223
-7012909
-6904595
-6796281
-6687967
-6579653
-6471339
-6363025
-6254711
-6146397
-6038083
-5929769
-5821455
-5713141
-5604827
-5496513
-5388199
-5279885
-5171571
-5063257
-4954943
-4846629
-4738315
-4630001
-4521687
-4413373
-4305059
-4196745
-4088431
-3980117
-3871803
-3763489
-3655175
-3546861
-3438547
-3330233
-3221919
-3113605
-3005291
-2896977
-2788663
-2680349
-2572035
-2463721
-2355407
-2247093
-2138779
-2030465
-1922151
-1813837
-1705523
-1597209
-1488895
-1380581
-1272267
-1163953
-1055639
-947325
-839011
-730697
-622383
-514069
-405755
-297441
-189127
-80813
27501
135815
244129
352443
460757
569071
677385
785699
894013
1002327
1110641
1218955
1327269
1435583
1543897
1652211
1760525
1868839
1977153
2085467
2193781
2302095
2410409
2518723
2627037
2735351
2843665
2951979
3060293
3168607
3276921
3385235
3493549
3601863
3710177
3818491
3926805
4035119
4143433
4251747
4360061
4468375
4576689
4685003
4793317
4901631
5009945
5118259
5226573
5334887
5443201
5551515
5659829
5768143
5876457
5984771
6093085
6201399
6309713
6418027
6526341
6634655
6742969
6851283
6959597
7067911
7176225
7284539
7392853
7501167
7609481
7717795
7826109
7934423
8042737
8151051
8259365
8367679
8475993
8584307
8692621
8800935
8909249
9017563
9125877
9234191
9342505
9450819
9559133
9667447
9775761
9884075
9992389
10100703
10209017
10317331
10425645
10533959
10642273
10750587
10858901
10967215
11075529
11183843
11292157
11400471
11508785
11617099
11725413
11833727
11942041
12050355
12158669
12266983
12375297
12483611
12591925
12700239
12808553
12916867
13025181
13133495
13241809
11350122
9458435
7566748
5675061
3783374
1891687
-4798021
-7523277
-10224776
-12902518
-15556503
-18186731
-20793202
-23375916
-23934872
-24470071
-24981513
-25469198
-25933126
-26373297
-26789711
-27182368
-27551268
-27896411
-28217797
-28515426
-28789298
-29039413
-29265771
-29468372
-29647216
-29802303
-29933633
-30041206
-30125022
-30185081
-30221383
-30233928
-30222716
-30187747
-30129021
-30046538
-29940298
-29810301
-29656547
-29479036
-29277768
-29052743
-28803961
-28531422
-28235126
-27915073
-27571263
-27203696
-26812372
-26397291
-25958453
-25495858
-25009506
-24499397
-23965531
-23407908
-22826528
-22221391
-21592497
-20939846
-20263438
-19563273
-18839351
-18091672
-17320236
-16525043
-15706093
-14863386
-13996922
-13106701
-12192723
-11254988
-10293496
-9308247
-8299241
-7266478
-6209958
-5129681
-4025647
-2897856
-1746308
-571003
628059
1850878
3097454
4367787
5661877
6979724
8321328
9686689
11075807
12488682
13925314
15385703
16869849
18377752
19909412
21464829
23044003
24646934
26273622
27924067
29598269
31296228
33017944
34763417
36532647
38325634
40142378
41982879
43847137
45735152
47646924
49582453
51541739
53524782
55531582
57562139
59616453
61694524
61796351
59921934
58071274
56244371
54441225
52661836
50906204
49174329
47466211
45781850
44121246
42484399
40871309
39281976
37716400
36174581
34656519
33162214
31691666
30244875
28821841
27422564
26047044
24695281
23367275
22063026
20782534
19525799
18292821
17083600
15898136
14736429
13598479
12484286
11393850
10327171
9284249
8265084
7269676
6298025
5350131
4425994
3525614
2648991
1796125
967016
161664
-619931
-1377769
-2111850
-2822174
-3508741
-4171551
-4810604
-5425900
-6017439
-6585221
-7129246
-7649514
-8146025
-8618779
-9067776
-9493016
-9894499
-10272225
-10626194
-10956406
-11262861
-11545559
-11804500
-12039684
-12251111
-12438781
-12602694
-12742850
-12859249
-12951891
-13020776
-13065904
-13087275
-13084889
-13058746
-13008846
-12935189
-12837775
-12716604
-12571676
-12402991
-12210549
-11994350
-11754394
-11490681
-11203211
-10891984
-10557000
-10198259
-9815761
-9409506
-8979494
-8525725
-8048199
-7546916
-7021876
-6473079
-5900525
-5304214
-4684146
-4040321
-3372739
-2681400
-1966304
-1227451
-464841
321526
1131650
1965531
2823169
3704564
4609716
5538625
6491291
7467714
8467894
9491831
10539525
11610976
12706184
9825147
6967867
4134344
1324578
-1461431
-4223683
-6962178
-9676916
-12367897
-15035121
-17678588
-20298298
-22894251
-23466446
-24014884
-24539565
-25040489
-25517656
-25971066
-26400719
-26806615
-27188754
-27547136
-27881761
-28192629
-28479740
-28743094
-28982691
-29198531
-29390614
-29558940
-29703509
-29824321
-29921376
-29994674
-30044215
-30069999
-30072026
-30050296
-30004809
-29935565
-29842564
-29725806
-29585291
-29421019
-29232990
-29021204
-28785661
-28526361
-28243304
-27936490
-27605919
-27251591
-26873506
-26471664
-26046065
-25596709
-25123596
-24626726
-24106099
-23561715
-22993574
-22401676
-21786021
-21146609
-20483440
-19796514
-19085831
-18351391
-17593194
-16811240
-16005529
-15176061
-14322836
-13445854
-12545115
-11620619
-10672366
-9700356
-8704589
-7685065
-6641784
-5574746
-4483951
-3369399
-2231090
-1069024
116799
1326379
2559716
3816810
5097661
6402269
7730634
9082756
10458635
11858271
13281664
14728814
16199721
17694385
19212806
20754984
22320919
23910611
25524060
27161266
28822229
30506949
32215426
33947660
35703651
37483399
39286904
41114166
42965185
44839961
46738494
48660784
50606831
52576635
54570196
56587514
58628589
60693421
62782010
60894354
59030455
57190313
55373928
53581300
51812429
50067315
48345958
46648358
44974515
43324429
41698100
40095528
38516713
36961655
35430354
33922810
32439023
30978993
29542720
28130204
26741445
25376443
24035198
22717710
21423979
20154005
18907788
17685328
16486625
15311679
14160490
13033058
11929383
10849465
9793304
8760900
7752253
6767363
5806230
4868854
3955235
3065373
2199268
1356920
538329
-256505
-1027582
-1774902
-2498465
-3198271
-3874320
-4526612
-5155147
-5759925
-6340946
-6898210
-7431717
-7941467
-8427460
-8889696
-9328175
-9742897
-10133862
-10501070
-10844521
-11164215
-11460152
-11732332
-11980755
-12205421
-12406330
-12583482
-12736877
-12866515
-12972396
-13054520
-13112887
-13147497
-13158350
-13145446
-13108785
-13048367
-12964192
-12856260
-12724571
-12569125
-12389922
-12186962
-11960245
-11709771
-11435540
-11137552
-10815807
-10470305
-10101046
-9708030
-9291257
-8850727
-8386440
-7898396
-7386595
-6851037
-6291722
-5708650
-5101821
-4471235
-3816892
-3138792
-2436935
-1711321
-961950
-188822
608063
1428705
2273104
3141260
4033173
4948843
5888270
6851454
7838395
8849093
9883548
10941760
12023729
11129454
8258935
5412173
2589168
-210080
-2985571
-5737305
-8465282
-11169502
-13849965
-16506671
-19139620
-21748812
-24334247
-24895924
-25433844
-25948007
-26438413
-26905062
-27347954
-27767089
-28162467
-28534088
-28881952
-29206059
-29506409
-29783002
-30035838
-30264917
-30470239
-30651804
-30809612
-30943663
-31053957
-31140494
-31203274
-31242297
-31257563
-31249072
-31216824
-31160819
-31081057
-30977538
-30850262
-30699229
-30524439
-30325892
-30103588
-29857527
-29587709
-29294134
-28976802
-28635713
-28270867
-27882264
-27469904
-27033787
-26573913
-26090282
-25582894
-25051749
-24496847
-23918188
-23315772
-22689599
-22039669
-21365982
-20668538
-19947337
-19202379
-18433664
-17641192
-16824963
-15984977
-15121234
-14233734
-13322477
-12387463
-11428692
-10446164
-9439879
-8409837
-7356038
-6278482
-5177169
-4052099
-2903272
-1730688
-534347
685751
1929606
3197218
4488587
5803713
7142596
8505236
9891633
11301787
12735698
14193366
15674791
17179973
18708912
20261608
21838061
23438271
25062238
26709962
28381443
30076681
31795676
33538428
35304937
37095203
38909226
40747006
42608543
44493837
46402888
48335696
50292261
52272583
54276662
56304498
58356091
60431441
62530548
60653410
58800029
56970405
55164538
53382428
51624075
49889479
48178640
46491558
44828233
43188665
41572854
39980800
38412503
36867963
35347180
33850154
32376885
30927373
29501618
28099620
26721379
25366895
24036168
22729198
21445985
20186529
18950830
17738888
16550703
15386275
14245604
13128690
12035533
10966133
9920490
8898604
7900475
6926103
5975488
5048630
4145529
3266185
2410598
1578768
770695
-13621
-774180
-1510982
-2224027
-2913315
-3578846
-4220620
-4838637
-5432897
-6003400
-6550146
-7073135
-7572367
-8047842
-8499560
-8927521
-9331725
-9712172
-10068862
-10401795
-10710971
-10996390
-11258052
-11495957
-11710105
-11900496
-12067130
-12210007
-12329127
-12424490
-12496096
-12543945
-12568037
-12568372
-12544950
-12497771
-12426835
-12332142
-12213692
-12071485
-11905521
-11715800
-11502322
-11265087
-11004095
-10719346
-10410840
-10078577
-9722557
-9342780
-8939246
-8511955
-8060907
-7586102
-7087540
-6565221
-6019145
-5449312
-4855722
-4238375
-3597271
-2932410
-2243792
-1531417
-795285
-35396
748250
1555653
2386813
3241730
4120404
5022835
5949023
6898968
7872670
8870129
9891345
10936318
12005048
13097535
10213777
7353776
4517532
1705045
-1083685
-3848658
-6589874
-9307333
-12001035
-14670980
-17317168
-19939599
-22538273
-25113190
-25664349
-26191751
-26695396
-27175284
-27631415
-28063789
-28472406
-28857266
-29218369
-29555715
-29869304
-30159136
-30425211
-30667529
-30886090
-31080894
-31251941
-31399231
-31522764
-31622540
-31698559
-31750821
-31779326
-31784074
-31765065
-31722299
-31655776
-31565496
-31451459
-31313665
-31152114
-30966806
-30757741
-30524919
-30268340
-29988004
-29683911
-29356061
-29004454
-28629090
-28229969
-27807091
-27360456
-26890064
-26395915
-25878009
-25336346
-24770926
-24181749
-23568815
-22932124
-22271676
-21587471
-20879509
-20147790
-19392314
-18613081
-17810091
-16983344
-16132840
-15258579
-14360561
-13438786
-12493254
-11523965
-10530919
-9514116
-8473556
-7409239
-6321165
-5209334
-4073746
-2914401
-1731299
-524440
706176
1960549
3238679
4540566
5866210
7215611
8588769
9985684
11406356
12850785
14318971
15810914
17326614
18866071
20429285
22016256
23626984
25261469
26919711
28601710
30307466
32036979
33790249
35567276
37368060
39192601
41040899
42912954
44808766
46728335
48671661
50638744
52629584
54644181
56682535
58744646
60830514
60940138
59073518
57230655
55411549
53616200
51844608
50096773
48372695
46672374
44995810
43343003
41713953
40108660
38527124
36969345
35435323
33925058
32438550
30975799
29536805
28121568
26730088
25362365
24018399
22698190
21401738
20129043
18880105
17654924
16453500
15275833
14121923
12991770
11885374
10802735
9743853
8708728
7697360
6709749
5745895
4805798
3889458
2996875
2128049
1282980
461668
-335887
-1109685
-1859726
-2586010
-3288537
-3967307
-4622320
-5253576
-5861075
-6444817
-7004802
-7541030
-8053501
-8542215
-9007172
-9448372
-9865815
-10259501
-10629430
-10975602
-11298017
-11596675
-11871576
-12122720
-12350107
-12553737
-12733610
-12889726
-13022085
-13130687
-13215532
-13276620
-13313951
-13327525
-13317342
-13283402
-13225705
-13144251
-13039040
-12910072
-12757347
-12580865
-12380626
-12156630
-11908877
-11637367
-11342100
-11023076
-10680295
-10313757
-9923462
-9509410
-9071601
-8610035
-8124712
-7615632
-7082795
-6526201
-5945850
-5341742
-4713877
-4062255
-3386876
-2687740
-1964847
-1218197
-447790
346374
1164295
2005973
2871408
3760600
4673549
5610255
6570718
7554938
8562915
9594649
10650140
11729388
10832392
7959152
5109669
2283943
-518026
-3296238
-6050693
-8781391
-11488332
-14171516
-16830943
-19466613
-22078526
-24666682
-25231080
-25771721
-26288605
-26781732
-27251102
-27696715
-28118571
-28516670
-28891012
-29241597
-29568425
-29871496
-30150810
-30406367
-30638167
-30846210
-31030496
-31191025
-31327797
-31440812
-31530070
-31595571
-31637315
-31655302
-31649532
-31620005
-31566721
-31489680
-31388882
-31264327
-31116015
-30943946
-30748120
-30528537
-30285197
-30018100
-29727246
-29412635
-29074267
-28712142
-28326260
-27916621
-27483225
-27026072
-26545162
-26040495
-25512071
-24959890
-24383952
-23784257
-23160805
-22513596
-21842630
-21147907
-20429427
-19687190
-18921196
-18131445
-17317937
-16480672
-15619650
-14734871
-13826335
-12894042
-11937992
-10958185
-9954621
-8927300
-7876222
-6801387
-5702795
-4580446
-3434340
-2264477
-1070857
146520
1387654
2652545
3941193
5253598
6589760
7949679
9333355
10740788
12171978
13626925
15105629
16608090
18134308
19684283
21258015
22855504
24476750
26121753
27790513
29483030
31199304
32939335
34703123
36490668
38301970
40137029
41995845
43878418
45784748
47714835
49668679
51646280
53647638
55672753
57721625
59794254
61890640
60010781
58154679
56322334
54513746
52728915
50967841
49230524
47516964
45827161
44161115
42518826
40900294
39305519
37734501
36187240
34663736
33163989
31687999
30235766
28807290
27402571
26021609
24664404
23330956
22021265
20735331
19473154
18234734
17020071
15829165
14662016
13518624
12398989
11303111
10230990
9182626
8158019
7157169
6180076
5226740
4297161
3391339
2509274
1650966
816415
5621
-781416
-1544696
-2284219
-2999985
-3691994
-4360246
-5004741
-5625479
-6222460
-6795684
-7345151
-7870861
-8372814
-8851010
-9305449
-9736131
-10143056
-10526224
-10885635
-11221289
-11533186
-11821326
-12085709
-12326335
-12543204
-12736316
-12905671
-13051269
-13173110
-13271194
-13345521
-13396091
-13422904
-13425960
-13405259
-13360801
-13292586
-13200614
-13084885
-12945399
-12782156
-12595156
-12384399
-12149885
-11891614
-11609586
-11303801
-10974259
-10620960
-10243904
-9843091
-9418521
-8970194
-8498110
-8002269
-7482671
-6939316
-6372204
-5781335
-5166709
-4528326
-3866186
-3180289
-2470635
-1737224
-980056
-199131
605551
1433990
2286186
3162139
4061849
4985316
5932540
6903521
7898259
8916754
9959006
11025015
12114781
9228302
6365580
3526615
711407
-2080044
-4847738
-7591675
-10311855
-13008278
-15680944
-18329853
-20955005
-23556400
-26134038
-26687918
-27218041
-27724407
-28207016
-28665868
-29100963
-29512301
-29899882
-30263706
-30603773
-30920083
-31212636
-31481432
-31726471
-31947753
-32145278
-32319046
-32469057
-32595311
-32697808
-32776548
-32831531
-32862757
-32870226
-32853938
-32813893
-32750091
-32662532
-32551216
-32416143
-32257313
-32074726
-31868382
-31638281
-31384423
-31106808
-30805436
-30480307
-30131421
-29758778
-29362378
-28942221
-28498307
-28030636
-27539208
-27024023
-26485081
-25922382
-25335926
-24725713
-24091743
-23434016
-22752532
-22047291
-21318293
-20565538
-19789026
-18988757
-18164731
-17316948
-16445408
-15550111
-14631057
-13688246
-12721678
-11731353
-10717271
-9679432
-8617836
-7532483
-6423373
-5290506
-4133882
-2953501
-1749363
-521468
730184
2005593
3304759
4627682
5974362
7344799
8738993
10156944
11598652
13064117
14553339
16066318
17603054
19163547
20747797
22355804
23987568
25643089
27322367
29025402
30752194
32502743
34277049
36075112
37896932
39742509
41611843
43504934
45421782
47362387
49326749
51314868
53326744
55362377
57421767
59504914
59611817
57742476
55896892
54075065
52276995
50502682
48752126
47025327
45322285
43643000
41987472
40355701
38747687
37163430
35602930
34066187
32553201
31063972
29598500
28156785
26738827
25344626
23974182
22627495
21304565
20005392
18729976
17478317
16250415
15046270
13865882
12709251
11576377
10467260
9381900
8320297
7282451
6268362
5278030
4311455
3368637
2449576
1554272
682725
-165065
-989098
-1789374
-2565893
-3318655
-4047660
-4752908
-5434399
-6092133
-6726110
-7336330
-7922793
-8485499
-9024448
-9539640
-10031075
-10498753
-10942674
-11362838
-11759245
-12131895
-12480788
-12805924
-13107303
-13384925
-13638790
-13868898
-14075249
-14257843
-14416680
-14551760
-14663083
-14750649
-14814458
-14854510
-14870805
-14863343
-14832124
-14777148
-14698415
-14595925
-14469678
-14319674
-14145913
-13948395
-13727120
-13482088
-13213299
-12920753
-12604450
-12264390
-11900573
-11512999
-11101668
-10666580
-10207735
-9725133
-9218774
-8688658
-8134785
-7557155
-6955768
-6330624
-5681723
-5009065
-4312650
-3592478
-2848549
-2080863
-1289420
-474220
364737
1227451
2113922
3024150
3958135
4915877
5897376
6902632
7931645
8984415
10060942
11161226
8285265
5433061
2604614
-200076
-2981009
-5738185
-8471604
-11181266
-13867171
-16529319
-19167710
-21782344
-24373221
-24940340
-25483702
-26003307
-26499155
-26971246
-27419580
-27844157
-28244977
-28622040
-28975346
-29304895
-29610687
-29892722
-30151000
-30385521
-30596285
-30783292
-30946542
-31086035
-31201771
-31293750
-31361972
-31406437
-31427145
-31424096
-31397290
-31346727
-31272407
-31174330
-31052496
-30906905
-30737557
-30544452
-30327590
-30086971
-29822595
-29534462
-29222572
-28886925
-28527521
-28144360
-27737442
-27306767
-26852335
-26374146
-25872200
-25346497
-24797037
-24223820
-23626846
-23006115
-22361627
-21693382
-21001380
-20285621
-19546105
-18782832
-17995802
-17185015
-16350471
-15492170
-14610112
-13704297
-12774725
-11821396
-10844310
-9843467
-8818867
-7770510
-6698396
-5602525
-4482897
-3339512
-2172370
-981471
233185
1471598
2733768
4019695
5329379
6662820
8020018
9400973
10805685
12234154
13686380
15162363
16662103
18185600
19732854
21303865
22898633
24517158
26159440
27825479
29515275
31228828
32966138
34727205
36512029
38320610
40152948
42009043
43888895
45792504
47719870
49670993
51645873
53644510
55666904
57713055
59782963
61876628
59994048
58135225
56300159
54488850
52701298
50937503
49197465
47481184
45788660
44119893
42474883
40853630
39256134
37682395
36132413
34606188
33103720
31625009
30170055
28738858
27331418
25947735
24587809
23251640
21939228
20650573
19385675
18144534
16927150
15733523
14563653
13417540
12295184
11196585
10121743
9070658
8043330
7039759
6059945
5103888
4171588
3263045
2378259
1517230
679958
-133557
-923315
-1689316
-2431560
-3150047
-3844777
-4515750
-5162966
-5786425
-6386127
-6962072
-7514260
-8042691
-8547365
-9028282
-9485442
-9918845
-10328491
-10714380
-11076512
-11414887
-11729505
-12020366
-12287470
-12530817
-12750407
-12946240
-13118316
-13266635
-13391197
-13492002
-13569050
-13622341
-13651875
-13657652
-13639672
-13597935
-13532441
-13443190
-13330182
-13193417
-13032895
-12848616
-12640580
-12408787
-12153237
-11873930
-11570866
-11244045
-10893467
-10519132
-10121040
-9699191
-9253585
-8784222
-8291102
-7774225
-7233591
-6669200
-6081052
-5469147
-4833485
-4174066
-3490890
-2783957
-2053267
-1298820
-520616
281345
1107063
1956538
2829770
3726759
4647505
5592008
6560268
7552285
8568059
9607590
10670878
11757923
10868724
8003281
5161595
2343666
-450506
-3220921
-5967579
-8690480
-11389624
-14065011
-16716641
-19344514
-21948630
-24528989
-25085590
-25618434
-26127521
-26612851
-27074424
-27512240
-27926299
-28316601
-28683146
-29025934
-29344965
-29640239
-29911756
-30159516
-30383519
-30583765
-30760254
-30912986
-31041961
-31147179
-31228640
-31286344
-31320291
-31330481
-31316914
-31279590
-31218509
-31133671
-31025076
-30892724
-30736615
-30556749
-30353126
-30125746
-29874609
-29599715
-29301064
-28978656
-28632491
-28262569
-27868890
-27451454
-27010261
-26545311
-26056604
-25544140
-25007919
-24447941
-23864206
-23256714
-22625465
-21970459
-21291696
-20589176
-19862899
-19112865
-18339074
-17541526
-16720221
-15875159
-15006340
-14113764
-13197431
-12257341
-11293494
-10305890
-9294529
-8259411
-7200536
-6117904
-5011515
-3881369
-2727466
-1549806
-348389
876785
2125716
3398404
4694849
6015051
7359010
8726726
10118199
11533429
12972416
14435160
15921661
17431919
18965934
20523706
22105235
23710521
25339564
26992364
28668921
30369235
32093306
33841134
35612719
37408061
39227160
41070016
42936629
44826999
46741126
48679010
50640651
52626049
54635204
56668116
58724785
60805211
60909393
59037331
57189026
55364478
53563687
51786653
50033376
48303856
46598093
44916087
43257838
41623346
40012611
38425633
36862412
35322948
33807241
32315291
30847098
29402662
27981983
26585061
25211896
23862488
22536837
21234943
19956806
18702426
17471803
16264937
15081828
13922476
12786881
11675043
10586962
9522638
8482071
7465261
6472208
5502912
4557373
3635591
2737566
1863298
1012787
186033
-616964
-1396204
-2151687
-2883413
-3591382
-4275594
-4936049
-5572747
-6185688
-6774872
-7340299
-7881969
-8399882
-8894038
-9364437
-9811079
-10233964
-10633092
-11008463
-11360077
-11687934
-11992034
-12272377
-12528963
-12761792
-12970864
-13156179
-13317737
-13455538
-13569582
-13659869
-13726399
-13769172
-13788188
-13783447
-13754949
-13702694
-13626682
-13526913
-13403387
-13256104
-13085064
-12890267
-12671713
-12429402
-12163334
-11873509
-11559927
-11222588
-10861492
-10476639
-10068029
-9635662
-9179538
-8699657
-8196019
-7668624
-7117472
-6542563
-5943897
-5321474
-4675294
-4005357
-3311663
-2594212
-1853004
-1088039
-299317
513162
1349398
2209391
3093141
4000648
4931912
5886933
6865711
7868246
8894538
9944587
11018393
12115956
9237274
6382349
3551181
743770
-2039884
-4799781
-7535921
-10248304
-12936930
-15601799
-18242911
-20860266
-23453864
-24023704
-24569787
-25092113
-25590682
-26065494
-26516549
-26943847
-27347388
-27727172
-28083199
-28415469
-28723982
-29008738
-29269737
-29506979
-29720464
-29910192
-30076163
-30218377
-30336834
-30431534
-30502477
-30549663
-30573092
-30572764
-30548679
-30500837
-30429238
-30333882
-30214769
-30071899
-29905272
-29714888
-29500747
-29262849
-29001194
-28715782
-28406613
-28073687
-27717004
-27336564
-26932367
-26504413
-26052702
-25577234
-25078009
-24555027
-24008288
-23437792
-22843539
-22225529
-21583762
-20918238
-20228957
-19515919
-18779124
-18018572
-17234263
-16426197
-15594374
-14738794
-13859457
-12956363
-12029512
-11078904
-10104539
-9106417
-8084538
-7038902
-5969509
-4876359
-3759452
-2618788
-1454367
-266189
945746
2181438
3440887
4724093
6031056
7361776
8716253
10094487
11496478
12922226
14371731
15844993
17342012
18862788
20407321
21975611
23567658
25183462
26823023
28486341
30173416
31884248
33618837
35377183
37159286
38965146
40794763
42648137
44525268
46426156
48350801
50299203
52271362
54267278
56286951
58330381
60397568
62488512
60603211
58741667
56903880
55089850
53299577
51533061
49790302
48071300
46376055
44704567
43056836
41432862
39832645
38256185
36703482
35174536
33669347
32187915
30730240
29296322
27886161
26499757
25137110
23798220
22483087
21191711
19924092
18680230
17460125
16263777
15091186
13942352
12817275
11715955
10638392
9584586
8554537
7548245
6565710
5606932
4671911
3760647
2873140
2009390
1169397
353161
-439318
-1208040
-1953005
-2674213
-3371664
-4045358
-4695295
-5321475
-5923898
-6502564
-7057473
-7588625
-8096020
-8579658
-9039539
-9475663
-9888030
-10276640
-10641493
-10982589
-11299928
-11593510
-11863335
-12109403
-12331714
-12530268
-12705065
-12856105
-12983388
-13086914
-13166683
-13222695
-13254950
-13263448
-13248189
-13209173
-13146400
-13059870
-12949583
-12815539
-12657738
-12476180
-12270865
-12041793
-11788964
-11512378
-11212035
-10887935
-10540078
-10168464
-9773093
-9353965
-8911080
-8444438
-7954039
-7439883
-6901970
-6340300
-5754873
-5145689
-4512748
-3856050
-3175595
-2471383
-1743414
-991688
-216205
583035
1406032
2252786
3123297
4017565
4935590
5877372
6842911
7832207
8845260
9882070
10942637
12026961
11135041
8266877
5422470
2601820
-195073
-2968209
-5717588
-8443210
-11145075
-13823183
-16477534
-19108128
-21714965
-24298045
-24857367
-25392932
-25904740
-26392791
-26857085
-27297622
-27714402
-28107425
-28476691
-28822200
-29143952
-29441947
-29716185
-29966666
-30193390
-30396357
-30575567
-30731020
-30862716
-30970655
-31054837
-31115262
-31151930
-31164841
-31153995
-31119392
-31061032
-30978915
-30873041
-30743410
-30590022
-30412877
-30211975
-29987316
-29738900
-29466727
-29170797
-28851110
-28507666
-28140465
-27749507
-27334792
-26896320
-26434091
-25948105
-25438362
-24904862
-24347605
-23766591
-23161820
-22533292
-21881007
-21204965
-20505166
-19781610
-19034297
-18263227
-17468400
-16649816
-15807475
-14941377
-14051522
-13137910
-12200541
-11239415
-10254532
-9245892
-8213495
-7157341
-6077430
-4973762
-3846337
-2695155
-1520216
-321520
900933
2147143
3417110
4710834
6028315
7369553
8734548
10123300
11535809
12972075
14432098
15915878
17423415
18954709
20509760
22088568
23691133
25317455
26967534
28641370
30338963
32060313
33805420
35574284
37366905
39183283
41023418
42887310
44774959
46686365
48621528
50580448
52563125
54569559
56599750
58653698
60731403
60832864
58958081
57107055
55279786
53476274
51696519
49940521
48208280
46499796
44815069
43154099
41516886
39903430
38313731
36747789
35205604
33687176
32192505
30721591
29274434
27851034
26451391
25075505
23723376
22395004
21090389
19809531
18552430
17319086
16109499
14923669
13761596
12623280
11508721
10417919
9350874
8307586
7288055
6292281
5320264
4372004
3447501
2546755
1669766
816534
-12941
-818659
-1600620
-2358824
-3093271
-3803961
-4490894
-5154070
-5793489
-6409151
-7001056
-7569204
-8113595
-8634229
-9131106
-9604226
-10053589
-10479195
-10881044
-11259136
-11613471
-11944049
-12250870
-12533934
-12793241
-13028791
-13240584
-13428620
-13592899
-13733421
-13850186
-13943194
-14012445
-14057939
-14079676
-14077656
-14051879
-14002345
-13929054
-13832006
-13711201
-13566639
-13398320
-13206244
-12990411
-12750821
-12487474
-12200370
-11889509
-11554891
-11196516
-10814384
-10408495
-9978849
-9525446
-9048286
-8547369
-8022695
-7474264
-6902076
-6306131
-5686429
-5042970
-4375754
-3684781
-2970051
-2231564
-1469320
-683319
126439
959954
1817226
2698255
3603041
4531584
5483884
6459941
7459755
8483326
9530654
10601739
11696581
8815178
5957532
3123643
313511
-2472864
-5235482
-7974343
-10689447
-13380794
-16048384
-18692217
-21312293
-23908612
-24481173
-25029977
-25555024
-26056314
-26533847
-26987623
-27417642
-27823904
-28206409
-28565157
-28900148
-29211382
-29498859
-29762579
-30002542
-30218748
-30411197
-30579889
-30724824
-30846002
-30943423
-31017087
-31066994
-31093144
-31095537
-31074173
-31029052
-30960174
-30867539
-30751147
-30610998
-30447092
-30259429
-30048009
-29812832
-29553898
-29271207
-28964759
-28634554
-28280592
-27902873
-27501397
-27076164
-26627174
-26154427
-25657923
-25137662
-24593644
-24025869
-23434337
-22819048
-22180002
-21517199
-20830639
-20120322
-19386248
-18628417
-17846829
-17041484
-16212382
-15359523
-14482907
-13582534
-12658404
-11710517
-10738873
-9743472
-8724314
-7681399
-6614727
-5524298
-4410112
-3272169
-2110469
-925012
284202
1517173
2773901
4054386
5358628
6686627
8038383
9413896
10813166
12236193
13682977
15153518
16647816
18165871
19707683
21273252
22862578
24475661
26112501
27773098
29457452
31165563
32897431
34653056
36432438
38235577
40062473
41913126
43787536
45685703
47607627
49553308
51522746
53515941
55532893
57573602
59638068
61726291
61838270
59974005
58133497
56316746
54523752
52754515
51009035
49287312
47589346
45915137
44264685
42637990
41035052
39455871
37900447
36368780
34860870
33376717
31916321
30479682
29066800
27677675
26312307
24970696
23652842
22358745
21088405
19841822
18618996
17419927
16244615
15093060
13965262
12861221
11780937
10724410
9691640
8682627
7697371
6735872
5798130
4884145
3993917
3127446
2284732
1465775
670575
-100868
-848554
-1572483
-2272655
-2949070
-3601728
-4230629
-4835773
-5417160
-5974790
-6508663
-7018779
-7505138
-7967740
-8406585
-8821673
-9213004
-9580578
-9924395
-10244455
-10540758
-10813304
-11062093
-11287125
-11488400
-11665918
-11819679
-11949683
-12055930
-12138420
-12197153
-12232129
-12243348
-12230810
-12194515
-12134463
-12050654
-11943088
-11811765
-11656685
-11477848
-11275254
-11048903
-10798795
-10524930
-10227308
-9905929
-9560793
-9191900
-8799250
-8382843
-7942679
-7478758
-6991080
-6479645
-5944453
-5385504
-4802798
-4196335
-3566115
-2912138
-2234404
-1532913
-807665
-58660
714102
1510621
2330897
3174930
4042720
4934267
5849571
6788632
7751450
8738025
9748357
10782446
11840292
12921895
12027254
9156369
6309241
3485870
686256
-2089601
-4841701
-7570044
-10274630
-12955459
-15612531
-18245846
-20855404
-23441205
-24003248
-24541534
-25056063
-25546835
-26013850
-26457108
-26876609
-27272353
-27644340
-27992570
-28317043
-28617759
-28894718
-29147920
-29377365
-29583053
-29764984
-29923158
-30057575
-30168235
-30255138
-30318284
-30357673
-30373305
-30365180
-30333298
-30277659
-30198263
-30095110
-29968200
-29817533
-29643109
-29444928
-29222990
-28977295
-28707843
-28414634
-28097668
-27756945
-27392465
-27004228
-26592234
-26156483
-25696975
-25213710
-24706688
-24175909
-23621373
-23043080
-22441030
-21815223
-21165659
-20492338
-19795260
-19074425
-18329833
-17561484
-16769378
-15953515
-15113895
-14250518
-13363384
-12452493
-11517845
-10559440
-9577278
-8571359
-7541683
-6488250
-5411060
-4310113
-3185409
-2036948
-864730
331245
1550977
2794466
4061712
5352715
6667475
8005992
9368266
10754297
12164085
13597630
15054932
16535991
18040807
19569380
21121710
22697797
24297641
25921242
27568600
29239715
30934587
32653216
34395602
36161745
37951645
39765302
41602716
43463887
45348815
47257500
49189942
51146141
53126097
55129810
57157280
59208507
61283491
63382232
61504728
59650981
57820991
56014758
54232282
52473563
50738601
49027396
47339948
45676257
44036323
42420146
40827726
39259063
37714157
36193008
34695616
33221981
31772103
30345982
28943618
27565011
26210161
24879068
23571732
22288153
21028331
19792266
18579958
17391407
16226613
15085576
13968296
12874773
11805007
10758998
9736746
8738251
7763513
6812532
5885308
4981841
4102131
3246178
2413982
1605543
820861
59936
-677232
-1390643
-2080297
-2746194
-3388334
-4006717
-4601343
-5172212
-5719324
-6242679
-6742277
-7218118
-7670202
-8098529
-8503099
-8883912
-9240968
-9574267
-9883809
-10169594
-10431622
-10669893
-10884407
-11075164
-11242164
-11385407
-11504893
-11600622
-11672594
-11720809
-11745267
-11745968
-11722912
-11676099
-11605529
-11511202
-11393118
-11251277
-11085679
-10896324
-10683212
-10446343
-10185717
-9901334
-9593194
-9261297
-8905643
-8526232
-8123064
-7696139
-7245457
-6771018
-6272822
-5750869
-5205159
-4635692
-4042468
-3425487
-2784749
-2120254
-1432002
-719993
15773
775296
1558576
2365613
3196407
4050958
4929266
5831331
6757153
7706732
8680068
9677161
10698011
11742618
12810982
13903103
11018979
8158612
5322002
2509149
-279947
-3045286
-5786868
-8504693
-11198761
-13869072
-16515626
-19138423
-21737463
-24312746
-24864271
-25392039
-25896050
-26376304
-26832801
-27265541
-27674524
-28059750
-28421219
-28758931
-29072886
-29363084
-29629525
-29872209
-30091136
-30286306
-30457719
-30605375
-30729274
-30829416
-30905801
-30958429
-30987300
-30992414
-30973771
-30931371
-30865214
-30775300
-30661629
-30524201
-30363016
-30178074
-29969375
-29736919
-29480706
-29200736
-28897009
-28569525
-28218284
-27843286
-27444531
-27022019
-26575750
-26105724
-25611941
-25094401
-24553104
-23988050
-23399239
-22786671
-22150346
-21490264
-20806425
-20098829
-19367476
-18612366
-17833499
-17030875
-16204494
-15354356
-14480461
-13582809
-12661400
-11716234
-10747311
-9754631
-8738194
-7698000
-6634049
-5546341
-4434876
-3299654
-2140675
-957939
248554
1478804
2732811
4010575
5312096
6637374
7986409
9359201
10755750
12176056
13620119
15087939
16579516
18094850
19633941
21196789
22783394
24393756
26027875
27685751
29367384
31072774
32801921
34554825
36331486
38131904
39956079
41804011
43675700
45571146
47490349
49433309
51400026
53390500
55404731
57442719
59504464
61589966
61699224
59832238
57989009
56169537
54373822
52601864
50853663
49129219
47428532
45751602
44098429
42469013
40863354
39281452
37723307
36188919
34678288
33191414
31728297
30288937
28873334
27481488
26113399
24769067
23448492
22151674
20878613
19629309
18403762
17201972
16023939
14869663
13739144
12632382
11549377
10490129
9454638
8442904
7454927
6490707
5550244
4633538
3740589
2871397
2025962
1204284
406363
-367801
-1118208
-1844858
-2547751
-3226887
-3882266
-4513888
-5121753
-5705861
-6266212
-6802806
-7315643
-7804723
-8270046
-8711612
-9129421
-9523473
-9893768
-10240306
-10563087
-10862111
-11137378
-11388888
-11616641
-11820637
-12000876
-12157358
-12290083
-12399051
-12484262
-12545716
-12583413
-12597353
-12587536
-12553962
-12496631
-12415543
-12310698
-12182096
-12029737
-11853621
-11653748
-11430118
-11182731
-10911587
-10616686
-10298028
-9955613
-9589441
-9199512
-8785826
-8348383
-7887183
-7402226
-6893512
-6361041
-5804813
-5224828
-4621086
-3993587
-3342331
-2667318
-1968548
-1246021
-499737
270304
1064102
1881657
2722969
3588038
4476864
5389447
6325787
7285884
8269738
9277349
10308717
11363842
12442724
11545362
8671756
5821907
2995815
193480
-2585098
-5339919
-8070983
-10778290
-13461840
-16121633
-18757669
-21369948
-23958470
-24523234
-25064241
-25581491
-26074984
-26544720
-26990699
-27412921
-27811386
-28186094
-28537045
-28864239
-29167676
-29447356
-29703279
-29935445
-30143854
-30328506
-30489401
-30626539
-30739920
-30829544
-30895411
-30937521
-30955874
-30950470
-30921309
-30868391
-30791716
-30691284
-30567095
-30419149
-30247446
-30051986
-29832769
-29589795
-29323064
-29032576
-28718331
-28380329
-28018570
-27633054
-27223781
-26790751
-26333964
-25853420
-25349119
-24821061
-24269246
-23693674
-23094345
-22471259
-21824416
-21153816
-20459459
-19741345
-18999474
-18233846
-17444461
-16631319
-15794420
-14933764
-14049351
-13141181
-12209254
-11253570
-10274129
-9270931
-8243976
-7193264
-6118795
-5020569
-3898586
-2752846
-1583349
-390095
826916
2067684
3332209
4620491
5932530
7268326
8627879
10011189
11418256
12849080
14303661
15781999
17284094
18809946
20359555
21932921
23530044
25150924
26795561
28463955
30156106
31872014
33611679
35375101
37162280
38973216
40807909
42666359
44548566
46454530
48384251
50337729
52314964
54315956
56340705
58389211
60461474
62557494
60677269
58820801
56988090
55179136
53393939
51632499
49894816
48180890
46490721
44824309
43181654
41562756
39967615
38396231
36848604
35324734
33824621
32348265
30895666
29466824
28061739
26680411
25322840
23989026
22678969
21392669
20130126
18891340
17676311
16485039
15317524
14173766
13053765
11957521
10885034
9836304
8811331
7810115
6832656
5878954
4949009
4042821
3160390
2301716
1466799
655639
-131764
-895410
-1635299
-2351431
-3043806
-3712424
-4357285
-4978389
-5575736
-6149326
-6699159
-7225235
-7727554
-8206116
-8660921
-9091969
-9499260
-9882794
-10242571
-10578591
-10890854
-11179360
-11444109
-11685101
-11902336
-12095814
-12265535
-12411499
-12533706
-12632156
-12706849
-12757785
-12784964
-12788386
-12768051
-12723959
-12656110
-12564504
-12449141
-12310021
-12147144
-11960510
-11750119
-11515971
-11258066
-10976404
-10670985
-10341809
-9988876
-9612186
-9211739
-8787535
-8339574
-7867856
-7372381
-6853149
-6310160
-5743414
-5152911
-4538651
-3900634
-3238860
-2553329
-1844041
-1110996
-354194
426365
1230681
2058754
2910584
3786171
4685515
5608616
6555474
7526089
8520461
9538590
10580476
11646119
12735519
9848674
6985586
4146255
1330681
-1461136
-4229196
-6973499
-9694045
-12390834
-15063866
-17713141
-20338659
-22940420
-25518424
-26072670
-26603159
-27109891
-27592866
-28052084
-28487545
-28899249
-29287196
-29651386
-29991819
-30308495
-30601414
-30870576
-31115981
-31337629
-31535520
-31709654
-31860031
-31986651
-32089514
-32168620
-32223969
-32255561
-32263396
-32247474
-32207795
-32144359
-32057166
-31946216
-31811509
-31653045
-31470824
-31264846
-31035111
-30781619
-30504370
-30203364
-29878601
-29530081
-29157804
-28761770
-28341979
-27898431
-27431126
-26940064
-26425245
-25886669
-25324336
-24738246
-24128399
-23494795
-22837434
-22156316
-21451441
-20722809
-19970420
-19194274
-18394371
-17570711
-16723294
-15852120
-14957189
-14038501
-13096056
-12129854
-11139895
-10126179
-9088706
-8027476
-6942489
-5833745
-4701244
-3544986
-2364971
-1161199
66330
1317616
2592659
3891459
5214016
6560330
7930401
9324229
10741814
12183156
13648255
15137111
16649724
18186094
19746221
21330105
22937746
24569144
26224299
27903211
29605880
31332306
33082489
34856429
36654126
38475580
40320791
42189759
44082484
45998966
47939205
49903201
51890954
53902464
55937731
57996755
60079536
60186073
58316366
56470416
54648223
52849787
51075108
49324186
47597021
45893613
44213962
42558068
40925931
39317551
37732928
36172062
34634953
33121601
31632006
30166168
28724087
27305763
25911196
24540386
23193333
21870037
20570498
19294716
18042691
16814423
15609912
14429158
13272161
12138921
11029438
9943712
8881743
7843531
6829076
5838378
4871437
3928253
3008826
2113156
1241243
393087
-431312
-1231954
-2008839
-2761967
-3491338
-4196952
-4878809
-5536909
-6171252
-6781838
-7368667
-7931739
-8471054
-8986612
-9478413
-9946457
-10390744
-10811274
-11208047
-11581063
-11930322
-12255824
-12557569
-12835557
-13089788
-13320262
-13526979
-13709939
-13869142
-14004588
-14116277
-14204209
-14268384
-14308802
-14325463
-14318367
-14287514
-14232904
-14154537
-14052413
-13926532
-13776894
-13603499
-13406347
-13185438
-12940772
-12672349
-12380169
-12064232
-11724538
-11361087
-10973879
-10562914
-10128192
-9669713
-9187477
-8681484
-8151734
-7598227
-7020963
-6419942
-5795164
-5146629
-4474337
-3778288
-3058482
-2314919
-1547599
-756522
58312
896903
1759251
2645356
3555218
4488837
5446213
6427346
7432236
8460883
9513287
10589448
11689366
8813039
5960469
3131656
326600
-2454699
-5212241
-7946026
-10656054
-13342325
-16004839
-18643596
-21258596
-23849839
-24417324
-24961052
-25481023
-25977237
-26449694
-26898394
-27323337
-27724523
-28101952
-28455624
-28785539
-29091697
-29374098
-29632742
-29867629
-30078759
-30266132
-30429748
-30569607
-30685709
-30778054
-30846642
-30891473
-30912547
-30909864
-30883424
-30833227
-30759273
-30661562
-30540094
-30394869
-30225887
-30033148
-29816652
-29576399
-29312389
-29024622
-28713098
-28377817
-28018779
-27635984
-27229432
-26799123
-26345057
-25867234
-25365654
-24840317
-24291223
-23718372
-23121764
-22501399
-21857277
-21189398
-20497762
-19782369
-19043219
-18280312
-17493648
-16683227
-15849049
-14991114
-14109422
-13203973
-12274767
-11321804
-10345084
-9344607
-8320373
-7272382
-6200634
-5105129
-3985867
-2842848
-1676072
-485539
728751
1966798
3228602
4514163
5823481
7156556
8513388
9893977
11298323
12726426
14178286
15653903
17153277
18676408
20223296
21793941
23388343
25006502
26648418
28314091
30003521
31716708
33453652
35214353
36998811
38807026
40638998
42494727
44374213
46277456
48204456
50155213
52129727
54127998
56150026
58195811
60265353
62358652
60475706
58616517
56781085
54969410
53181492
51417331
49676927
47960280
46267390
44598257
42952881
41331262
39733400
38159295
36608947
35082356
33579522
32100445
30645125
29213562
27805756
26421707
25061415
23724880
22412102
21123081
19857817
18616310
17398560
16204567
15034331
13887852
12765130
11666165
10590957
9539506
8511812
7507875
6527695
5571272
4638606
3729697
2844545
1983150
1145512
331631
-458493
-1224860
-1967470
-2686323
-3381419
-4052758
-4700340
-5324165
-5924233
-6500544
-7053098
-7581895
-8086935
-8568218
-9025744
-9459513
-9869525
-10255780
-10618278
-10957019
-11272003
-11563230
-11830700
-12074413
-12294369
-12490568
-12663010
-12811695
-12936623
-13037794
-13115208
-13168865
-13198765
-13204908
-13187294
-13145923
-13080795
-12991910
-12879268
-12742869
-12582713
-12398800
-12191130
-11959703
-11704519
-11425578
-11122880
-10796425
-10446213
-10072244
-9674518
-9253035
-8807795
-8338798
-7846044
-7329533
-6789265
-6225240
-5637458
-5025919
-4390623
-3731570
-3048760
-2342193
-1611869
-857788
-79950
721645
1546997
2396106
3268972
4165595
5085975
6030112
6998006
7989657
9005065
10044230
11107152
12193831
11304266
8438457
5596405
2778110
-16428
-2787209
-5534233
-8257500
-10957010
-13632763
-16284759
-18912998
-21517480
-24098205
-24655172
-25188382
-25697835
-26183531
-26645470
-27083652
-27498077
-27888745
-28255656
-28598810
-28918207
-29213847
-29485730
-29733856
-29958225
-30158837
-30335692
-30488790
-30618131
-30723715
-30805542
-30863612
-30897925
-30908481
-30895280
-30858322
-30797607
-30713135
-30604906
-30472920
-30317177
-30137677
-29934420
-29707406
-29456635
-29182107
-28883822
-28561780
-28215981
-27846425
-27453112
-27036042
-26595215
-26130631
-25642290
-25130192
-24594337
-24034725
-23451356
-22844230
-22213347
-21558707
-20880310
-20178156
-19452245
-18702577
-17929152
-17131970
-16311031
-15466335
-14597882
-13705672
-12789705
-11849981
-10886500
-9899262
-8888267
-7853515
-6795006
-5712740
-4606717
-3476937
-2323400
-1146106
54945
1279753
2528318
3800640
5096719
6416555
7760148
9127498
10518605
11933469
13372090
14834468
16320603
17830495
19364144
20921550
22502713
24107633
25736310
27388744
29064935
30764883
32488588
34236050
36007269
37802245
39620978
41463468
43329715
45219719
47133480
49070998
51032273
53017305
55026094
57058640
59114943
61195003
61298819
59426391
57577720
55752806
53951649
52174249
50420606
48690720
46984591
45302219
43643604
42008746
40397645
38810301
37246714
35706884
34190811
32698495
31229936
29785134
28364089
26966801
25593270
24243496
22917479
21615219
20336716
19081970
17850981
16643749
15460274
14300556
13164595
12052391
10963944
9899254
8858321
7841145
6847726
5878064
4932159
4010011
3111620
2236986
1386109
558989
-244374
-1023980
-1779829
-2511921
-3220256
-3904834
-4565655
-5202719
-5816026
-6405576
-6971369
-7513405
-8031684
-8526206
-8996971
-9443979
-9867230
-10266724
-10642461
-10994441
-11322664
-11627130
-11907839
-12164791
-12397986
-12607424
-12793105
-12955029
-13093196
-13207606
-13298259
-13365155
-13408294
-13427676
-13423301
-13395169
-13343280
-13267634
-13168231
-13045071
-12898154
-12727480
-12533049
-12314861
-12072916
-11807214
-11517755
-11204539
-10867566
-10506836
-10122349
-9714105
-9282104
-8826346
-8346831
-7843559
-7316530
-6765744
-6191201
-5592901
-4970844
-4325030
-3655459
-2962131
-2245046
-1504204
-739605
48751
860864
1696734
2556361
3439745
4346886
5277784
6232439
7210851
8213020
9238946
10288629
11362069
12459266
9580218
6724927
3893393
1085616
-1698404
-4458667
-7195173
-9907922
-12596914
-15262149
-17903627
-20521348
-23115312
-23685518
-24231967
-24754659
-25253594
-25728772
-26180193
-26607857
-27011764
-27391914
-27748307
-28080943
-28389822
-28674944
-28936309
-29173917
-29387768
-29577862
-29744199
-29886779
-30005602
-30100668
-30171977
-30219529
-30243324
-30243362
-30219643
-30172167
-30100934
-30005944
-29887197
-29744693
-29578432
-29388414
-29174639
-28937107
-28675818
-28390772
-28081969
-27749409
-27393092
-27013018
-26609187
-26181599
-25730254
-25255152
-24756293
-24233677
-23687304
-23117174
-22523287
-21905643
-21264242
-20599084
-19910169
-19197497
-18461068
-17700882
-16916939
-16109239
-15277782
-14422568
-13543597
-12640869
-11714384
-10764142
-9790143
-8792387
-7770874
-6725604
-5656577
-4563793
-3447252
-2306954
-1142899
44913
1256482
2491808
3750891
5033731
6340328
7670682
9024793
10402661
11804286
13229668
14678807
16151703
17648356
19168766
20712933
22280857
23872538
25487976
27127171
28790123
30476832
32187298
33921521
35679501
37461238
39266732
41095983
42948991
44825756
46726278
48650557
50598593
52570386
54565936
56585243
58628307
60695128
62785706
60900039
59038129
57199976
55385580
53594941
51828059
50084934
48365566
46669955
44998101
43350004
41725664
40125081
38548255
36995186
35465874
33960319
32478521
31020480
29586196
28175669
26788899
25425886
24086630
22771131
21479389
20211404
18967176
17746705
16549991
15377034
14227834
13102391
12000705
10922776
9868604
8838189
7831531
6848630
5889486
4954099
4042469
3154596
2290480
1450121
633519
-159326
-928414
-1673745
-2395319
-3093136
-3767196
-4417499
-5044045
-5646834
-6225866
-6781141
-7312659
-7820420
-8304424
-8764671
-9201161
-9613894
-10002870
-10368089
-10709551
-11027256
-11321204
-11591395
-11837829
-12060506
-12259426
-12434589
-12585995
-12713644
-12817536
-12897671
-12954049
-12986670
-12995534
-12980641
-12941991
-12879584
-12793420
-12683499
-12549821
-12392386
-12211194
-12006245
-11777539
-11525076
-11248856
-10948879
-10625145
-10277654
-9906406
-9511401
-9092639
-8650120
-8183844
-7693811
-7180021
-6642474
-6081170
-5496109
-4887291
-4254716
-3598384
-2918295
-2214449
-1486846
-735486
39631
838505
1661136
2507524
3377669
4271571
5189230
6130646
7095819
8084749
9097436
10133880
11194081
12278039
11385753
8517223
5672450
2851434
54175
-2719327
-5469072
-8195060
-10897291
-13575765
-16230482
-18861442
-21468645
-24052091
-24611779
-25147710
-25659884
-26148301
-26612961
-27053864
-27471010
-27864399
-28234031
-28579906
-28902024
-29200385
-29474989
-29725836
-29952926
-30156259
-30335835
-30491654
-30623716
-30732021
-30816569
-30877360
-30914394
-30927671
-30917191
-30882954
-30824960
-30743209
-30637701
-30508436
-30355414
-30178635
-29978099
-29753806
-29505756
-29233949
-28938385
-28619064
-28275986
-27909151
-27518559
-27104210
-26666104
-26204241
-25718621
-25209244
-24676110
-24119219
-23538571
-22934166
-22306004
-21654085
-20978409
-20278976
-19555786
-18808839
-18038135
-17243674
-16425456
-15583481
-14717749
-13828260
-12915014
-11978011
-11017251
-10032734
-9024460
-7992429
-6936641
-5857096
-4753794
-3626735
-2475919
-1301346
-103016
1119071
2364915
3634516
4927874
6244989
7585861
8950490
10338876
11751019
13186919
14646576
16129990
17637161
19168089
20722774
22301216
23903415
25529371
27179084
28852554
30549781
32270765
34015506
35784004
37576259
39392271
41232040
43095566
44982849
46893889
48828686
50787240
52769551
54775619
56805444
58859026
60936365
61037460
59162311
57310919
55483284
53679406
51899285
50142921
48410314
46701464
45016371
43355035
41717456
40103634
38513569
36947261
35404710
33885916
32390879
30919599
29472076
28048310
26648301
25272049
23919554
22590816
21285835
20004611
18747144
17513434
16303481
15117285
13954846
12816164
11701239
10610071
9542660
8499006
7479109
6482969
5510586
4561960
3637091
2735979
1858624
1005026
175185
-630899
-1413226
-2171796
-2906609
-3617665
-4304964
-4968506
-5608291
-6224319
-6816590
-7385104
-7929861
-8450861
-8948104
-9421590
-9871319
-10297291
-10699506
-11077964
-11432665
-11763609
-12070796
-12354226
-12613899
-12849815
-13061974
-13250376
-13415021
-13555909
-13673040
-13766414
-13836031
-13881891
-13903994
-13902340
-13876929
-13827761
-13754836
-13658154
-13537715
-13393519
-13225566
-13033856
-12818389
-12579165
-12316184
-12029446
-11718951
-11384699
-11026690
-10644924
-10239401
-9810121
-9357084
-8880290
-8379739
-7855431
-7307366
-6735544
-6139965
-5520629
-4877536
-4210686
-3520079
-2805715
-2067594
-1305716
-520081
289311
1122460
1979366
2860029
3764449
4692626
5644560
6620251
7619699
8642904
9689866
10760585
11855061
8973292
6115280
3281025
470527
-2316214
-5079198
-7818425
-10533895
-13225608
-15893564
-18537763
-21158205
-23754890
-24327817
-24876987
-25402400
-25904056
-26381955
-26836097
-27266482
-27673110
-28055981
-28415095
-28750452
-29062052
-29349895
-29613981
-29854310
-30070882
-30263697
-30432755
-30578056
-30699600
-30797387
-30871417
-30921690
-30948206
-30950965
-30929967
-30885212
-30816700
-30724431
-30608405
-30468622
-30305082
-30117785
-29906731
-29671920
-29413352
-29131027
-28824945
-28495106
-28141510
-27764157
-27363047
-26938180
-26489556
-26017175
-25521037
-25001142
-24457490
-23890081
-23298915
-22683992
-22045312
-21382875
-20696681
-19986730
-19253022
-18495557
-17714335
-16909356
-16080620
-15228127
-14351877
-13451870
-12528106
-11580585
-10609307
-9614272
-8595480
-7552931
-6486625
-5396562
-4282742
-3145165
-1983831
-798740
410108
1642713
2899075
4179194
5483070
6810703
8162093
9537240
10936144
12358805
13805223
15275398
16769330
18287019
19828465
21393668
22982628
24595345
26231819
27892050
29576038
31283783
33015285
34770544
36549560
38352333
40178863
42029150
43903194
45800995
47722553
49667868
51636940
53629769
55646355
57686698
59750798
61838655
61950268
60085637
58244763
56427646
54634286
52864683
51118837
49396748
47698416
46023841
44373023
42745962
41142658
39563111
38007321
36475288
34967012
33482493
32021731
30584726
29171478
27781987
26416253
25074276
23756056
22461593
21190887
19943938
18720746
17521311
16345633
15193712
14065548
12961141
11880491
10823598
9790462
8781083
7795461
6833596
5895488
4981137
4090543
3223706
2380626
1561303
765737
-6072
-754124
-1478419
-2178957
-2855738
-3508762
-4138029
-4743539
-5325292
-5883288
-6417527
-6928009
-7414734
-7877702
-8316913
-8732367
-9124064
-9492004
-9836187
-10156613
-10453282
-10726194
-10975349
-11200747
-11402388
-11580272
-11734399
-11864769
-11971382
-12054238
-12113337
-12148679
-12160264
-12148092
-12112163
-12052477
-11969034
-11861834
-11730877
-11576163
-11397692
-11195464
-10969479
-10719737
-10446238
-10148982
-9827969
-9483199
-9114672
-8722388
-8306347
-7866549
-7402994
-6915682
-6404613
-5869787
-5311204
-4728864
-4122767
-3492913
-2839302
-2161934
-1460809
-735927
12712
785108
1581261
2401171
3244838
4112262
5003443
5918381
6857076
7819528
8805737
9815703
10849426
11906906
12988143
12093136
9221885
6374391
3550654
750674
-2025549
-4778015
-7506724
-10211676
-12892871
-15550309
-18183990
-20793914
-23380081
-23942490
-24481142
-24996037
-25487175
-25954556
-26398180
-26818047
-27214157
-27586510
-27935106
-28259945
-28561027
-28838352
-29091920
-29321731
-29527785
-29710082
-29868622
-30003405
-30114431
-30201700
-30265212
-30304967
-30320965
-30313206
-30281690
-30226417
-30147387
-30044600
-29918056
-29767755
-29593697
-29395882
-29174310
-28928981
-28659895
-28367052
-28050452
-27710095
-27345981
-26958110
-26546482
-26111097
-25651955
-25169056
-24662400
-24131987
-23577817
-22999890
-22398206
-21772765
-21123567
-20450612
-19753900
-19033431
-18289205
-17521222
-16729482
-15913985
-15074731
-14211720
-13324952
-12414427
-11480145
-10522106
-9540310
-8534757
-7505447
-6452380
-5375556
-4274975
-3150637
-2002542
-830690
364919
1584285
2827408
4094288
5384925
6699319
8037470
9399378
10785043
12194465
13627644
15084580
16565273
18069723
19597930
21149894
22725615
24325093
25948328
27595320
29266069
30960575
32678838
34420858
36186635
37976169
39789460
41626508
43487313
45371875
47280194
49212270
51168103
53147693
55151040
57178144
59229005
61303623
63401998
61524128
59670015
57839659
56033060
54250218
52491133
50755805
49044234
47356420
45692363
44052063
42435520
40842734
39273705
37728433
36206918
34709160
33235159
31784915
30358428
28955698
27576725
26221509
24890050
23582348
22298403
21038215
19801784
18589110
17400193
16235033
15093630
13975984
12882095
11811963
10765588
9742970
8744109
7769005
6817658
5890068
4986235
4106159
3249840
2417278
1608473
823425
62134
-675400
-1389177
-2079197
-2745460
-3387966
-4006715
-4601707
-5172942
-5720420
-6244141
-6744105
-7220312
-7672762
-8101455
-8506391
-8887570
-9244992
-9578657
-9888565
-10174716
-10437110
-10675747
-10890627
-11081750
-11249116
-11392725
-11512577
-11608672
-11681010
-11729591
-11754415
-11755482
-11732792
-11686345
-11616141
-11522180
-11404462
-11262987
-11097755
-10908766
-10696020
-10459517
-10199257
-9915240
-9607466
-9275935
-8920647
-8541602
-8138800
-7712241
-7261925
-6787852
-6290022
-5768435
-5223091
-4653990
-4061132
-3444517
-2804145
-2140016
-1452130
-740487
-5087
754070
1536984
2343655
3174083
4028268
4906210
5807909
6733365
7682578
8655548
9652275
10672759
11717000
12784998
13876753
10992263
8131530
5294554
2481335
-308127
-3073832
-5815780
-8533971
-11228405
-13899082
-16546002
-19169165
-21768571
-24344220
-24896111
-25424245
-25928622
-26409242
-26866105
-27299211
-27708560
-28094152
-28455987
-28794065
-29108386
-29398950
-29665757
-29908807
-30128100
-30323636
-30495415
-30643437
-30767702
-30868210
-30944961
-30997955
-31027192
-31032672
-31014395
-30972361
-30906570
-30817022
-30703717
-30566655
-30405836
-30221260
-30012927
-29780837
-29524990
-29245386
-28942025
-28614907
-28264032
-27889400
-27491011
-27068865
-26622962
-26153302
-25659885
-25142711
-24601780
-24037092
-23448647
-22836445
-22200486
-21540770
-20857297
-20150067
-19419080
-18664336
-17885835
-17083577
-16257562
-15407790
-14534261
-13636975
-12715932
-11771132
-10802575
-9810261
-8794190
-7754362
-6690777
-5603435
-4492336
-3357480
-2198867
-1016497
189630
1419514
2673155
3950553
5251708
6576620
7925289
9297715
10693898
12113838
13557535
15024989
16516200
18031168
19569893
21132375
22718614
24328610
25962363
27619873
29301140
31006164
32734945
34487483
36263778
38063830
39887639
41735205
43606528
45501608
47420445
49363039
51329390
53319498
55333363
57370985
59432364
61517500
61626392
59759040
57915445
56095607
54299526
52527202
50778635
49053825
47352772
45675476
44021937
42392155
40786130
39203862
37645351
36110597
34599600
33112360
31648877
30209151
28793182
27400970
26032515
24687817
23366876
22069692
20796265
19546595
18320682
17118526
15940127
14785485
13654600
12547472
11464101
10404487
9368630
8356530
7368187
6403601
5462772
4545700
3652385
2782827
1937026
1114982
316695
-457835
-1208608
-1935624
-2638883
-3318385
-3974130
-4606118
-5214349
-5798823
-6359540
-6896500
-7409703
-7899149
-8364838
-8806770
-9224945
-9619363
-9990024
-10336928
-10660075
-10959465
-11235098
-11486974
-11715093
-11919455
-12100060
-12256908
-12389999
-12499333
-12584910
-12646730
-12684793
-12699099
-12689648
-12656440
-12599475
-12518753
-12414274
-12286038
-12134045
-11958295
-11758788
-11535524
-11288503
-11017725
-10723190
-10404898
-10062849
-9697043
-9307480
-8894160
-8457083
-7996249
-7511658
-7003310
-6471205
-5915343
-5335724
-4732348
-4105215
-3454325
-2779678
-2081274
-1359113
-613195
156480
949912
1767101
2608047
3472750
4361210
5273427
6209401
7169132
8152620
9159865
10190867
11245626
12324142
11426414
8552442
5702227
2875769
73068
-2705876
-5461063
-8192493
-10900166
-13584082
-16244241
-18880643
-21493288
-24082176
-24647306
-25188679
-25706295
-26200154
-26670256
-27116601
-27539189
-27938020
-28313094
-28664411
-28991971
-29295774
-29575820
-29832109
-30064641
-30273416
-30458434
-30619695
-30757199
-30870946
-30960936
-31027169
-31069645
-31088364
-31083326
-31054531
-31001979
-30925670
-30825604
-30701781
-30554201
-30382864
-30187770
-29968919
-29726311
-29459946
-29169824
-28855945
-28518309
-28156916
-27771766
-27362859
-26930195
-26473774
-25993596
-25489661
-24961969
-24410520
-23835314
-23236351
-22613631
-21967154
-21296920
-20602929
-19885181
-19143676
-18378414
-17589395
-16776619
-15940086
-15079796
-14195749
-13287945
-12356384
-11401066
-10421991
-9419159
-8392570
-7342224
-6268121
-5170261
-4048644
-2903270
-1734139
-541251
675394
1915796
3179955
4467871
5779544
7114974
8474161
9857105
11263806
12694264
14148479
15626451
17128180
18653666
20202909
21775909
23372666
24993180
26637451
28305479
29997264
31712806
33452105
35215161
37001974
38812544
40646871
42504955
44386796
46292394
48221749
50174861
52151730
54152356
56176739
58224879
60296776
62392430
60511839
58655005
56821928
55012608
53227045
51465239
49727190
48012898
46322363
44655585
43012564
41393300
39797793
38226043
36678050
35153814
33653335
32176613
30723648
29294440
27888989
26507295
25149358
23815178
22504755
21218089
19955180
18716028
17500633
16308995
15141114
13996990
12876623
11780013
10707160
9658064
8632725
7631143
6653318
5699250
4768939
3862385
2979588
2120548
1285265
473739
-314030
-1078042
-1818297
-2534795
-3227536
-3896520
-4541747
-5163217
-5760930
-6334886
-6885085
-7411527
-7914212
-8393140
-8848311
-9279725
-9687382
-10071282
-10431425
-10767811
-11080440
-11369312
-11634427
-11875785
-12093386
-12287230
-12457317
-12603647
-12726220
-12825036
-12900095
-12951397
-12978942
-12982730
-12962761
-12919035
-12851552
-12760312
-12645315
-12506561
-12344050
-12157782
-11947757
-11713975
-11456436
-11175140
-10870087
-10541277
-10188710
-9812386
-9412305
-8988467
-8540872
-8069520
-7574411
-7055545
-6512922
-5946542
-5356405
-4742511
-4104860
-3443452
-2758287
-2049365
-1316686
-560250
219943
1023893
1851600
2703064
3578285
4477263
5399998
6346490
7316739
8310745
9328508
10370028
11435305
12524339
9637128
6773674
3933977
1118037
-1674146
-4442572
-7187241
-9908153
-12605308
-15278706
-17928347
-20554231
-23156358
-25734728
-26289340
-26820195
-27327293
-27810634
-28270218
-28706045
-29118115
-29506428
-29870984
-30211783
-30528825
-30822110
-31091638
-31337409
-31559423
-31757680
-31932180
-32082923
-32209909
-32313138
-32392610
-32448325
-32480283
-32488484
-32472928
-32433615
-32370545
-32283718
-32173134
-32038793
-31880695
-31698840
-31493228
-31263859
-31010733
-30733850
-30433210
-30108813
-29760659
-29388748
-28993080
-28573655
-28130473
-27663534
-27172838
-26658385
-26120175
-25558208
-24972484
-24363003
-23729765
-23072770
-22392018
-21687509
-20959243
-20207220
-19431440
-18631903
-17808609
-16961558
-16090750
-15196185
-14277863
-13335784
-12369948
-11380355
-10367005
-9329898
-8269034
-7184413
-6076035
-4943900
-3788008
-2608359
-1404953
-177790
1073130
2347807
3646241
4968432
6314380
7684085
9077547
10494766
11935742
13400475
14888965
16401212
17937216
19496977
21080495
22687770
24318802
25973591
27652137
29354440
31080500
32830317
34603891
36401222
38222310
40067155
41935757
43828116
45744232
47684105
49647735
51635122
53646266
55681167
57739825
59822240
59928411
58058338
56212022
54389463
52590661
50815616
49064328
47336797
45633023
43953006
42296746
40664243
39055497
37470508
35909276
34371801
32858083
31368122
29901918
28459471
27040781
25645848
24274672
22927253
21603591
20303686
19027538
17775147
16546513
15341636
14160516
13003153
11869547
10759698
9673606
8611271
7572693
6557872
5566808
4599501
3655951
2736158
1840122
967843
119321
-705444
-1506452
-2283703
-3037197
-3766934
-4472914
-5155137
-5813603
-6448312
-7059264
-7646459
-8209897
-8749578
-9265502
-9757669
-10226079
-10670732
-11091628
-11488767
-11862149
-12211774
-12537642
-12839753
-13118107
-13372704
-13603544
-13810627
-13993953
-14153522
-14289334
-14401389
-14489687
-14554228
-14595012
-14612039
-14605309
-14574822
-14520578
-14442577
-14340819
-14215304
-14066032
-13893003
-13696217
-13475674
-13231374
-12963317
-12671503
-12355932
-12016604
-11653519
-11266677
-10856078
-10421722
-9963609
-9481739
-8976112
-8446728
-7893587
-7316689
-6716034
-6091622
-5443453
-4771527
-4075844
-3356404
-2613207
-1846253
-1055542
-241074
597151
1459133
2344872
3254368
4187621
5144631
6125398
7129922
8158203
9210241
10286036
11385588
8508895
5655959
2826780
21358
-2760307
-5518215
-8252366
-10962760
-13649397
-16312277
-18951400
-21566766
-24158375
-24726226
-25270320
-25790657
-26287237
-26760060
-27209126
-27634435
-28035987
-28413782
-28767820
-29098101
-29404625
-29687392
-29946402
-30181655
-30393151
-30580890
-30744872
-30885097
-31001565
-31094276
-31163230
-31208427
-31229867
-31227550
-31201476
-31151645
-31078057
-30980712
-30859610
-30714751
-30546135
-30353762
-30137632
-29897745
-29634101
-29346700
-29035542
-28700627
-28341955
-27959526
-27553340
-27123397
-26669697
-26192240
-25691026
-25166055
-24617327
-24044842
-23448600
-22828601
-22184845
-21517332
-20826062
-20111035
-19372251
-18609710
-17823412
-17013357
-16179545
-15321976
-14440650
-13535567
-12606727
-11654130
-10677776
-9677665
-8653797
-7606172
-6534790
-5439651
-4320755
-3178102
-2011692
-821525
392399
1630080
2891518
4176713
5485665
6818374
8174840
9555063
10959043
12386780
13838274
15313525
16812533
18335298
19881820
21452099
23046135
24663928
26305478
27970785
29659849
31372670
33109248
34869583
36653675
38461524
40293130
42148493
44027613
45930490
47857124
49807515
51781663
53779568
55801230
57846649
59915825
62008758
60125446
58265891
56430093
54618052
52829768
51065241
49324471
47607458
45914202
44244703
42598961
40976976
39378748
37804277
36253563
34726606
33223406
31743963
30288277
28856348
27448176
26063761
24703103
23366202
22053058
20763671
19498041
18256168
17038052
15843693
14673091
13526246
12403158
11303827
10228253
9176436
8148376
7144073
6163527
5206738
4273706
3364431
2478913
1617152
779148
-35099
-825589
-1592322
-2335298
-3054517
-3749979
-4421684
-5069632
-5693823
-6294257
-6870934
-7423854
-7953017
-8458423
-8940072
-9397964
-9832099
-10242477
-10629098
-10991962
-11331069
-11646419
-11938012
-12205848
-12449927
-12670249
-12866814
-13039622
-13188673
-13313967
-13415504
-13493284
-13547307
-13577573
-13584082
-13566834
-13525829
-13461067
-13372548
-13260272
-13124239
-12964449
-12780902
-12573598
-12342537
-12087719
-11809144
-11506812
-11180723
-10830877
-10457274
-10059914
-9638797
-9193923
-8725292
-8232904
-7716759
-7176857
-6613198
-6025782
-5414609
-4779679
-4120992
-3438548
-2732347
-2002389
-1248674
-471202
330027
1155013
2003756
2876256
3772513
4692527
5636298
6603826
7595111
8610153
9648952
10711508
11797821
10907890
8041715
5199297
2380636
-414268
-3185415
-5932805
-8656438
-11356314
-14032433
-16684795
-19313400
-21918248
-24499339
-25056672
-25590248
-26100067
-26586129
-27048434
-27486982
-27901773
-28292807
-28660084
-29003604
-29323367
-29619373
-29891622
-30140114
-30364849
-30565827
-30743048
-30896512
-31026219
-31132169
-31214362
-31272798
-31307477
-31318399
-31305564
-31268972
-31208623
-31124517
-31016654
-30885034
-30729657
-30550523
-30347632
-30120984
-29870579
-29596417
-29298498
-28976822
-28631389
-28262199
-27869252
-27452548
-27012087
-26547869
-26059894
-25548162
-25012673
-24453427
-23870424
-23263664
-22633147
-21978873
-21300842
-20599054
-19873509
-19124207
-18351148
-17554332
-16733759
-15889429
-15021342
-14129498
-13213897
-12274539
-11311424
-10324552
-9313923
-8279537
-7221394
-6139494
-5033837
-3904423
-2751252
-1574324
-373639
850803
2099002
3370958
4666671
5986141
7329368
8696352
10087093
11501591
12939846
14401858
15887627
17397153
18930436
20487476
22068273
23672827
25301138
26953206
28629031
30328613
32051952
33799048
35569901
37364511
39182878
41025002
42890883
44780521
46693916
48631068
50591977
52576643
54585066
56617246
58673183
60752877
60856327
58983533
57134496
55309216
53507693
51729927
49975918
48245666
46539171
44856433
43197452
41562228
39950761
38363051
36799098
35258902
33742463
32249781
30780856
29335688
27914277
26516623
25142726
23792586
22466203
21163577
19884708
18629596
17398241
16190643
15006802
13846718
12710391
11597821
10509008
9443952
8402653
7385111
6391326
5421298
4475027
3552513
2653756
1778756
927513
100027
-703702
-1483674
-2239889
-2972347
-3681048
-4365992
-5027179
-5664609
-6278282
-6868198
-7434357
-7976759
-8495404
-8990292
-9461423
-9908797
-10332414
-10732274
-11108377
-11460723
-11789312
-12094144
-12375219
-12632537
-12866098
-13075902
-13261949
-13424239
-13562772
-13677548
-13768567
-13835829
-13879334
-13899082
-13895073
-13867307
-13815784
-13740504
-13641467
-13518673
-13372122
-13201814
-13007749
-12789927
-12548348
-12283012
-11993919
-11681069
-11344462
-10984098
-10599977
-10192099
-9760464
-9305072
-8825923
-8323017
-7796354
-7245934
-6671757
-6073823
-5452132
-4806684
-4137479
-3444517
-2727798
-1987322
-1223089
-435099
376648
1212152
2071413
2954431
3861206
4791738
5746027
6724073
7725876
8751436
9800753
10873827
11970658
9091244
6235587
3403687
595544
-2188842
-4949471
-7686343
-10399458
-13088816
-15754417
-18396261
-21014348
-23608678
-24179250
-24726065
-25249123
-25748424
-26223968
-26675755
-27103785
-27508058
-27888574
-28245333
-28578335
-28887580
-29173068
-29434799
-29672773
-29886990
-30077450
-30244153
-30387099
-30506288
-30601720
-30673395
-30721313
-30745474
-30745878
-30722525
-30675415
-30604548
-30509924
-30391543
-30249405
-30083510
-29893858
-29680449
-29443283
-29182360
-28897680
-28589243
-28257049
-27901098
-27521390
-27117925
-26690703
-26239724
-25764988
-25266495
-24744245
-24198238
-23628474
-23034953
-22417675
-21776640
-21111848
-20423299
-19710993
-18974930
-18215110
-17431533
-16624199
-15793108
-14938260
-14059655
-13157293
-12231174
-11281298
-10307665
-9310275
-8289128
-7244224
-6175563
-5083145
-3966970
-2827038
-1663349
-475903
735300
1970260
3228977
4511451
5817682
7147670
8501415
9878917
11280176
12705192
14153965
15626495
17122782
18642826
20186627
21754185
23345500
24960572
26599401
28261987
29948330
31658430
33392287
35149901
36931272
38736400
40565285
42417927
44294326
46194482
48118395
50066065
52037492
54032676
56051617
58094315
60160770
62250982
60364949
58502673
56664154
54849392
53058387
51291139
49547648
47827914
46131937
44459717
42811254
41186548
39585599
38008407
36454972
34925294
33419373
31937209
30478802
29044152
27633259
26246123
24882744
23543122
22227257
20935149
19666798
18422204
17201367
16004287
14830964
13681398
12555589
11453537
10375242
9320704
8289923
7282899
6299632
5340122
4404369
3492373
2604134
1739652
898927
81959
-711252
-1480706
-2226403
-2948343
-3646526
-4320952
-4971621
-5598533
-6201688
-6781086
-7336727
-7868611
-8376738
-8861108
-9321721
-9758577
-10171676
-10561018
-10926603
-11268431
-11586502
-11880816
-12151373
-12398173
-12621216
-12820502
-12996031
-13147803
-13275818
-13380076
-13460577
-13517321
-13550308
-13559538
-13545011
-13506727
-13444686
-13358888
-13249333
-13116021
-12958952
-12778126
-12573543
-12345203
-12093106
-11817252
-11517641
-11194273
-10847148
-10476266
-10081627
-9663231
-9221078
-8755168
-8265501
-7752077
-7214896
-6653958
-6069263
-5460811
-4828602
-4172636
-3492913
-2789433
-2062196
-1311202
-536451
262057
1084322
1930344
2800123
3693659
4610952
5552002
6516809
7505373
8517694
9553772
10613607
11697199
10804547
7935651
5090512
2269130
-528495
-3302363
-6052474
-8778828
-11481425
-14160265
-16815348
-19446674
-22054243
-24638055
-25198109
-25734406
-26246946
-26735729
-27200755
-27642024
-28059536
-28453291
-28823289
-29169530
-29492014
-29790741
-30065711
-30316924
-30544380
-30748079
-30928021
-31084206
-31216634
-31325305
-31410219
-31471376
-31508776
-31522419
-31512305
-31478434
-31420806
-31339421
-31234279
-31105380
-30952724
-30776311
-30576141
-30352214
-30104530
-29833089
-29537891
-29218936
-28876224
-28509755
-28119529
-27705546
-27267806
-26806309
-26321055
-25812044
-25279276
-24722751
-24142469
-23538430
-22910634
-22259081
-21583771
-20884704
-20161880
-19415299
-18644961
-17850866
-17033014
-16191405
-15326039
-14436916
-13524036
-12587399
-11627005
-10642854
-9634946
-8603281
-7547859
-6468680
-5365744
-4239051
-3088601
-1914394
-716430
505291
1750769
3020004
4312996
5629745
6970251
8334514
9722534
11134311
12569845
14029136
15512184
17018989
18549551
20103870
21681946
23283779
24909369
26558716
28231820
29928681
31649299
33393674
35161806
36953695
38769341
40608744
42471904
44358821
46269495
48203926
50162114
52144059
54149761
56179220
58232436
60309409
60410138
58534623
56682865
54854864
53050620
51270133
49513403
47780430
46071214
44385755
42724053
41086108
39471920
37881489
36314815
34771898
33252738
31757335
30285689
28837800
27413668
26013293
24636675
23283814
21954710
20649363
19367773
18109940
16875864
15665545
14478983
13316178
12177130
11061839
9970305
8902528
7858508
6838245
5841739
4868990
3919998
2994763
2093285
1215564
361600
-468607
-1275057
-2057750
-2816686
-3551865
-4263287
-4950952
-5614860
-6255011
-6871405
-7464042
-8032922
-8578045
-9099411
-9597020
-10070872
-10520967
-10947305
-11349886
-11728710
-12083777
-12415087
-12722640
-13006436
-13266475
-13502757
-13715282
-13904050
-14069061
-14210315
-14327812
-14421552
-14491535
-14537761
-14560230
-14558942
-14533897
-14485095
-14412536
-14316220
-14196147
-14052317
-13884730
-13693386
-13478285
-13239427
-12976812
-12690440
-12380311
-12046425
-11688782
-11307382
-10902225
-10473311
-10020640
-9544212
-9044027
-8520085
-7972386
-7400930
-6805717
-6186747
-5544020
-4877536
-4187295
-3473297
-2735542
-1974030
-1188761
-379735
453048
1309588
2189885
3093939
4021750
4973318
5948643
6947725
7970564
9017160
10087513
11181623
8299488
5441110
2606489
-204375
-2991482
-5754832
-8494425
-11210261
-13902340
-16570662
-19215227
-21836035
-24433086
-25006379
-25555915
-26081694
-26583716
-27061981
-27516489
-27947240
-28354234
-28737471
-29096951
-29432674
-29744640
-30032849
-30297301
-30537996
-30754934
-30948115
-31117539
-31263206
-31385116
-31483269
-31557665
-31608304
-31635186
-31638311
-31617679
-31573290
-31505144
-31413241
-31297581
-31158164
-30994990
-30808059
-30597371
-30362926
-30104724
-29822765
-29517049
-29187576
-28834346
-28457359
-28056615
-27632114
-27183856
-26711841
-26216069
-25696540
-25153254
-24586211
-23995411
-23380854
-22742540
-22080469
-21394641
-20685056
-19951714
-19194615
-18413759
-17609146
-16780776
-15928649
-15052765
-14153124
-13229726
-12282571
-11311659
-10316990
-9298564
-8256381
-7190441
-6100744
-4987290
-3850079
-2689111
-1504386
-295904
936335
2192331
3472084
4775594
6102861
7453885
8828666
10227204
11649499
13095551
14565360
16058926
17576249
19117329
20682166
22270760
23883111
25519219
27179084
28862706
30570085
32301221
34056114
35834764
37637171
39463335
41313256
43186934
45084369
47005561
48950510
50919216
52911679
54927899
56967876
59031610
61119101
61230348
59365351
57524111
55706628
53912902
52142933
50396721
48674266
46975568
45300627
43649443
42022016
40418346
38838433
37282277
35749878
34241236
32756351
31295223
29857852
28444238
27054381
25688281
24345938
23027352
21732523
20461451
19214136
17990578
16790777
15614733
14462446
13333916
12229143
11148127
10090868
9057366
8047621
7061633
6099402
5160928
4246211
3355251
2488048
1644602
824913
28981
-743194
-1491612
-2216273
-2917177
-3594324
-4247714
-4877347
-5483223
-6065342
-6623704
-7158309
-7669157
-8156248
-8619582
-9059159
-9474979
-9867042
-10235348
-10579897
-10900689
-11197724
-11471002
-11720523
-11946287
-12148294
-12326544
-12481037
-12611773
-12718752
-12801974
-12861439
-12897147
-12909098
-12897292
-12861729
-12802409
-12719332
-12612498
-12481907
-12327559
-12149454
-11947592
-11721973
-11472597
-11199464
-10902574
-10581927
-10237523
-9869362
-9477444
-9061769
-8622337
-8159148
-7672202
-7161499
-6627039
-6068822
-5486848
-4881117
-4251629
-3598384
-2921382
-2220623
-1496107
-747834
24196
819983
1639527
2482828
3349886
4240701
5155273
6093602
7055688
8041531
9051131
10084488
11141602
12222473
11327100
8455483
5607623
2783520
-16826
-2793415
-5546247
-8275322
-10980640
-13662201
-16320005
-18954052
-21564342
-24150875
-24713650
-25252668
-25767929
-26259433
-26727180
-27171170
-27591403
-27987879
-28360598
-28709560
-29034765
-29336213
-29613904
-29867838
-30098015
-30304435
-30487098
-30646004
-30781153
-30892545
-30980180
-31044058
-31084179
-31100543
-31093150
-31062000
-31007093
-30928429
-30826008
-30699830
-30549895
-30376203
-30178754
-29957548
-29712585
-29443865
-29151388
-28835154
-28495163
-28131415
-27743910
-27332648
-26897629
-26438853
-25956320
-25450030
-24919983
-24366179
-23788618
-23187300
-22562225
-21913393
-21240804
-20544458
-19824355
-19080495
-18312878
-17521504
-16706373
-15867485
-15004840
-14118438
-13208279
-12274363
-11316690
-10335260
-9330073
-8301129
-7248428
-6171970
-5071755
-3947783
-2800054
-1628568
-433325
785675
2028432
3294946
4585217
5899245
7237030
8598572
9983871
11392927
12825740
14282310
15762637
17266721
18794562
20346160
21921515
23520627
25143496
26790122
28460505
30154645
31872542
33614196
35379607
37168775
38981700
40818382
42678821
44563017
46470970
48402680
50358147
52337371
54340352
56367090
58417585
60491837
62589846
60711610
58857131
57026409
55219444
53436236
51676785
49941091
48229154
46540974
44876551
43235885
41618976
40025824
38456429
36910791
35388910
33890786
32416419
30965809
29538956
28135860
26756521
25400939
24069114
22761046
21476735
20216181
18979384
17766344
16577061
15411535
14269766
13151754
12057499
10987001
9940260
8917276
7918049
6942579
5990866
5062910
4158711
3278269
2421584
1588656
779485
-5929
-767586
-1505486
-2219629
-2910015
-3576644
-4219516
-4838631
-5433989
-6005590
-6553434
-7077521
-7577851
-8054424
-8507240
-8936299
-9341601
-9723146
-10080934
-10414965
-10725239
-11011756
-11274516
-11513519
-11728765
-11920254
-12087986
-12231961
-12352179
-12448640
-12521344
-12570291
-12595481
-12596914
-12574590
-12528509
-12458671
-12365076
-12247724
-12106615
-11941749
-11753126
-11540746
-11304609
-11044715
-10761064
-10453656
-10122491
-9767569
-9388890
-8986454
-8560261
-8110311
-7636604
-7139140
-6617919
-6072941
-5504206
-4911714
-4295465
-3655459
-2991696
-2304176
-1592899
-857865
-99074
683474
1489779
2319841
3173660
4051236
4952569
5877659
6826506
7799110
8795471
9815589
10859464
11927096
13018485
10133629
7272530
4435188
1621603
-1168225
-3934296
-6676610
-9395167
-12089967
-14761010
-17408296
-20031825
-22631597
-25207612
-25759869
-26288369
-26793112
-27274098
-27731327
-28164799
-28574514
-28960472
-29322673
-29661117
-29975804
-30266734
-30533907
-30777323
-30996982
-31192884
-31365029
-31513417
-31638048
-31738922
-31816039
-31869399
-31899002
-31904848
-31886937
-31845269
-31779844
-31690662
-31577723
-31441027
-31280574
-31096364
-30888397
-30656673
-30401192
-30121954
-29818959
-29492207
-29141698
-28767432
-28369409
-27947629
-27502092
-27032798
-26539747
-26022939
-25482374
-24918052
-24329973
-23718137
-23082544
-22423194
-21740087
-21033223
-20302602
-19548224
-18770089
-17968197
-17142548
-16293142
-15419979
-14523059
-13602382
-12657948
-11689757
-10697809
-9682104
-8642642
-7579423
-6492447
-5381714
-4247224
-3088977
-1906973
-701212
528306
1781581
3058613
4359402
5683948
7032251
8404311
9800128
11219702
12663033
14130121
15620966
17135568
18673927
20236043
21821916
23431546
25064933
26722077
28402978
30107636
31836051
33588223
35364152
37163838
38987281
40834481
42705438
44600152
46518623
48460851
50426836
52416578
54430077
56467333
58528346
60613116
60721642
58853924
57009963
55189759
53393312
51620622
49871689
48146513
46445094
44767432
43113527
41483379
39876988
38294354
36735477
35200357
33688994
32201388
30737539
29297447
27881112
26488534
25119713
23774649
22453342
21155792
19881999
18631963
17405684
16203162
15024397
13869389
12738138
11630644
10546907
9486927
8450704
7438238
6449529
5484577
4543382
3625944
2732263
1862339
1016172
193762
-604891
-1379787
-2130926
-2858308
-3561933
-4241801
-4897912
-5530266
-6138863
-6723703
-7284786
-7822112
-8335681
-8825493
-9291548
-9733846
-10152387
-10547171
-10918198
-11265468
-11588981
-11888737
-12164736
-12416978
-12645463
-12850191
-13031162
-13188376
-13321833
-13431533
-13517476
-13579662
-13618091
-13632763
-13623678
-13590836
-13534237
-13453881
-13349768
-13221898
-13070271
-12894887
-12695746
-12472848
-12226193
-11955781
-11661612
-11343686
-11002003
-10636563
-10247366
-9834412
-9397701
-8937233
-8453008
-7945026
-7413287
-6857791
-6278538
-5675528
-5048761
-4398237
-3723956
-3025918
-2304123
-1558571
-789262
3804
820627
1661207
2525544
3413638
4325489
5261097
6220462
7203584
8210463
9241099
10295492
11373642
10475548
7601210
4750629
1923805
-879262
-3658572
-6414125
-9145921
-11853960
-14538242
-17198767
-19835535
-22448546
-25037800
-25603296
-26145035
-26663017
-27157242
-27627710
-28074421
-28497375
-28896572
-29272012
-29623695
-29951621
-30255790
-30536202
-30792857
-31025755
-31234896
-31420280
-31581907
-31719777
-31833890
-31924246
-31990845
-32033687
-32052772
-32048100
-32019671
-31967485
-31891542
-31791842
-31668385
-31521171
-31350200
-31155472
-30936987
-30694745
-30428746
-30138990
-29825477
-29488207
-29127180
-28742396
-28333855
-27901557
-27445502
-26965690
-26462121
-25934795
-25383712
-24808872
-24210275
-23587921
-22941810
-22271942
-21578317
-20860935
-20119796
-19354900
-18566247
-17753837
-16917670
-16057746
-15174065
-14266627
-13335432
-12380480
-11401771
-10399305
-9373082
-8323102
-7249365
-6151871
-5030620
-3885612
-2716847
-1524325
-308046
931990
2195783
3483333
4794640
6129704
7488525
8871103
10277438
11707530
13161379
14638985
16140348
17665468
19214345
20786979
22383370
24003518
25647423
27315085
29006504
30721680
32460613
34223303
36009750
37819954
39653915
41511633
43393108
45298340
47227329
49180075
51156578
53156838
55180855
57228629
59300160
61395448
59514491
57657291
55823848
54014162
52228233
50466061
48727646
47012988
45322087
43654943
42011556
40391926
38796053
37223937
35675578
34150976
32650131
31173043
29719712
28290138
26884321
25502261
24143958
22809412
21498623
20211591
18948316
17708798
16493037
15301033
14132786
12988296
11867563
10770587
9697368
8647906
7622201
6620253
5642062
4687628
3756951
2850031
1966868
1107462
271813
-540079
-1328214
-2092592
-2833213
-3550077
-4243184
-4912534
-5558127
-6179963
-6778042
-7352364
-7902929
-8429737
-8932788
-9412082
-9867619
-10299399
-10707422
-11091688
-11452197
-11788949
-12101944
-12391182
-12656663
-12898387
-13116354
-13310564
-13481017
-13627713
-13750652
-13849834
-13925259
-13976927
-14004838
-14008992
-13989389
-13946029
-13878912
-13788038
-13673407
-13535019
-13372874
-13186972
-12977313
-12743897
-12486724
-12205794
-11901107
-11572663
-11220462
-10844504
-10444789
-10021317
-9574088
-9103102
-8608359
-8089859
-7547602
-6981588
-6391817
-5778289
-5141004
-4479962
-3795163
-3086607
-2354294
-1598224
-818397
-14813
812528
1663626
2538481
3437093
4359462
5305588
6275471
7269111
8286508
9327662
10392573
11481241
8593664
5729844
2889781
73475
-2719074
-5487866
-8232901
-10954179
-13651700
-16325464
-18975471
-21601721
-24204214
-26782950
-27337928
-27869149
-28376613
-28860320
-29320270
-29756463
-30168899
-30557578
-30922500
-31263665
-31581073
-31874724
-32144618
-32390755
-32613135
-32811758
-32986624
-33137733
-33265085
-33368680
-33448518
-33504599
-33536923
-33545490
-33530300
-33491353
-33428649
-33342188
-33231970
-33097995
-32940263
-32758774
-32553528
-32324525
-32071765
-31795248
-31494974
-31170943
-30823155
-30451610
-30056308
-29637249
-29194433
-28727860
-28237530
-27723443
-27185599
-26623998
-26038640
-25429525
-24796653
-24140024
-23459638
-22755495
-22027595
-21275938
-20500524
-19701353
-18878425
-18031740
-17161298
-16267099
-15349143
-14407430
-13441960
-12452733
-11439749
-10403008
-9342510
-8258255
-7150243
-6018474
-4862948
-3683665
-2480625
-1253828
-3274
1271037
2569105
3890930
5236512
6605851
7998947
9415800
10856410
12320777
13808901
15320782
16856420
18415815
19998967
21605876
23236542
24890965
26569145
28271082
29996776
31746227
33519435
35316400
37137122
38981601
40849837
42741830
44657580
46597087
48560351
50547372
52558150
54592685
56650977
58733026
58838831
56968392
55121710
53298785
51499617
49724206
47972552
46244655
44540515
42860132
41203506
39570637
37961525
36376170
34814572
33276731
31762647
30272320
28805750
27362937
25943881
24548582
23177040
21829255
20505227
19204956
17928442
16675685
15446685
14241442
13059956
11902227
10768255
9658040
8571582
7508881
6469937
5454750
4463320
3495647
2551731
1631572
735170
-137475
-986363
-1811494
-2612868
-3390485
-4144345
-4874448
-5580794
-6263383
-6922215
-7557290
-8168608
-8756169
-9319973
-9860020
-10376310
-10868843
-11337619
-11782638
-12203900
-12601405
-12975153
-13325144
-13651378
-13953855
-14232575
-14487538
-14718744
-14926193
-15109885
-15269820
-15405998
-15518419
-15607083
-15671990
-15713140
-15730533
-15724169
-15694048
-15640170
-15562535
-15461143
-15335994
-15187088
-15014425
-14818005
-14597828
-14353894
-14086203
-13794755
-13479550
-13140588
-12777869
-12391393
-11981160
-11547170
-11089423
-10607919
-10102658
-9573640
-9020865
-8444333
-7844044
-7219998
-6572195
-5900635
-5205318
-4486244
-3743413
-2976825
-2186480
-1372378
-534519
327097
1212470
2121600
3054487
4011131
4991532
5995690
7023605
8075277
9150706
10249892
7372833
4519531
1689986
-1115802
-3897833
-6656107
-9390624
-12101384
-14788387
-17451633
-20091122
-22706854
-25298829
-25867046
-26411506
-26932209
-27429155
-27902344
-28351776
-28777451
-29179369
-29557530
-29911934
-30242581
-30549471
-30832604
-31091980
-31327599
-31539461
-31727566
-31891914
-32032505
-32149339
-32242416
-32311736
-32357299
-32379105
-32377154
-32351446
-32301981
-32228759
-32131780
-32011044
-31866551
-31698301
-31506294
-31290530
-31051009
-30787731
-30500696
-30189904
-29855355
-29497049
-29114986
-28709166
-28279589
-27826255
-27349164
-26848316
-26323711
-25775349
-25203230
-24607354
-23987721
-23344331
-22677184
-21986280
-21271619
-20533201
-19771026
-18985094
-18175405
-17341959
-16484756
-15603796
-14699079
-13770605
-12818374
-11842386
-10842641
-9819139
-8771880
-7700864
-6606091
-5487561
-4345274
-3179230
-1989429
-775871
461444
1722516
3007345
4315931
5648274
7004374
8384231
9787845
11215216
12666344
14141229
15639871
17162270
18708426
20278339
21872009
23489436
25130620
26795561
28484259
30196714
31932926
33692895
35476621
37284104
39115344
40970341
42849095
44751606
46677874
48627899
50601681
52599220
54620516
56665569
58734379
60826946
58943268
57083347
55247183
53434776
51646126
49881233
48140097
46422718
44729096
43059231
41413123
39790772
38192178
36617341
35066261
33538938
32035372
30555563
29099511
27667216
26258678
24873897
23512873
22175606
20862096
19572343
18306347
17064108
15845626
14650901
13479933
12332722
11209268
10109571
9033631
7981448
6953022
5948353
4967441
4010286
3076888
2167247
1281363
419236
-419134
-1233747
-2024603
-2791702
-3535044
-4254629
-4950457
-5622528
-6270842
-6895399
-7496199
-8073242
-8626528
-9156057
-9661829
-10143844
-10602102
-11036603
-11447347
-11834334
-12197564
-12537037
-12852753
-13144712
-13412914
-13657359
-13878047
-14074978
-14248152
-14397569
-14523229
-14625132
-14703278
-14757667
-14788299
-14795174
-14778292
-14737653
-14673257
-14585104
-14473194
-14337527
-14178103
-13994922
-13787984
-13557289
-13302837
-13024628
-12722662
-12396939
-12047459
-11674222
-11277228
-10856477
-10411969
-9943704
-9451682
-8935903
-8396367
-7833074
-7246024
-6635217
-6000653
-5342332
-4660254
-3954419
-3224827
-2471478
-1694372
-893509
-68889
779488
1651622
2547513
3467161
4410566
5377728
6368647
7383323
8421756
9483946
10569893
9679596
6813055
3970271
1151244
-1644026
-4415539
-7163295
-9887294
-12587536
-15264021
-17916749
-20545720
-23150934
-25732391
-26290090
-26824032
-27334217
-27820645
-28283316
-28722230
-29137387
-29528787
-29896430
-30240316
-30560445
-30856817
-31129432
-31378290
-31603391
-31804735
-31982322
-32136152
-32266225
-32372541
-32455100
-32513902
-32548947
-32560235
-32547766
-32511540
-32451557
-32367817
-32260320
-32129066
-31974055
-31795287
-31592762
-31366480
-31116441
-30842645
-30545092
-30223782
-29878715
-29509891
-29117310
-28700972
-28260877
-27797025
-27309416
-26798050
-26262927
-25704047
-25121410
-24515016
-23884865
-23230957
-22553292
-21851870
-21126691
-20377755
-19605062
-18808612
-17988405
-17144441
-16276720
-15385242
-14470007
-13531015
-12568266
-11581760
-10571497
-9537477
-8479700
-7398166
-6292875
-5163827
-4011022
-2834460
-1634141
-410065
837768
2109358
3404705
4723809
6066670
7433288
8823663
10237795
11675684
13137330
14622733
16131893
17664810
19221484
20801915
22406103
24034048
25685750
27361209
29060425
30783398
32530128
34300615
36094859
37912860
39754618
41620133
43509405
45422434
47359220
49319763
51304063
53312120
55343934
57399505
59478833
59581917
57708757
55859354
54033708
52231819
50453687
48699312
46968694
45261833
43578729
41919382
40283792
38671959
37083883
35519564
33979002
32462197
30969149
29499858
28054324
26632547
25234527
23860264
22509758
21183009
19880017
18600782
17345304
16113583
14905619
13721412
12560962
11424269
10311333
9222154
8156732
7115067
6097159
5103008
4132614
3185977
2263097
1363974
488608
-363001
-1190853
-1994948
-2775286
-3531867
-4264691
-4973758
-5659068
-6320621
-6958417
-7572456
-8162738
-8729263
-9272031
-9791042
-10286296
-10757793
-11205533
-11629516
-12029742
-12406211
-12758923
-13087878
-13393076
-13674517
-13932201
-14166128
-14376298
-14562711
-14725367
-14864266
-14979408
-15070793
-15138421
-15182292
-15202406
-15198763
-15171363
-15120206
-15045292
-14946621
-14824193
-14678008
-14508066
-14314367
-14096911
-13855698
-13590728
-13302001
-12989517
-12653276
-12293278
-11909523
-11502011
-11070742
-10615716
-10136933
-9634393
-9108096
-8558042
-7984231
-7386663
-6765338
-6120256
-5451417
-4758821
-4042468
-3302358
-2538491
-1750867
-939486
-104348
754547
1637199
2543608
3473774
4427697
5405377
6406814
7432008
8480959
9553667
10650132
7770352
4914329
2082063
-726446
-3511198
-6272193
-9009431
-11722912
-14412636
-17078603
-19720813
-22339266
-24933962
-25504900
-26052081
-26575505
-27075172
-27551082
-28003235
-28431631
-28836270
-29217152
-29574277
-29907645
-30217256
-30503110
-30765207
-31003547
-31218130
-31408956
-31576025
-31719337
-31838892
-31934690
-32006731
-32055015
-32079542
-32080312
-32057325
-32010581
-31940080
-31845822
-31727807
-31586035
-31420506
-31231220
-31018177
-30781377
-30520820
-30236506
-29928435
-29596607
-29241022
-28861680
-28458581
-28031725
-27581112
-27106742
-26608615
-26086731
-25541090
-24971692
-24378537
-23761625
-23120956
-22456530
-21768347
-21056407
-20320710
-19561256
-18778045
-17971077
-17140352
-16285870
-15407631
-14505635
-13579882
-12630372
-11657105
-10660081
-9639300
-8594762
-7526467
-6434415
-5318606
-4179040
-3015717
-1828637
-617800
616794
1875145
3157253
4463118
5792740
7146119
8523255
9924148
11348798
12797205
14269369
15765290
17284968
18828403
20395595
21986544
23601250
25239713
26901933
28587910
30297644
32031135
33788383
35569388
37374150
39202669
41054945
42930978
44830768
46754315
48701619
50672680
52667498
54686073
56728405
58794494
60884340
58997941
57135299
55296414
53481286
51689915
49922301
48178444
46458344
44762001
43089415
41440586
39815514
38214199
36636641
35082840
33552796
32046509
30563979
29105206
27670190
26258931
24871429
23507684
22167696
20851465
19558991
18290274
17045314
15824111
14626665
13452976
12303044
11176869
10074451
8995790
7940886
6909739
5902349
4918716
3958840
3022721
2110359
1221754
356906
-484185
-1301519
-2095096
-2864916
-3610979
-4333285
-5031834
-5706626
-6357661
-6984939
-7588460
-8168224
-8724231
-9256481
-9764974
-10249710
-10710689
-11147911
-11561376
-11951084
-12317035
-12659229
-12977666
-13272346
-13543269
-13790435
-14013844
-14213496
-14389391
-14541529
-14669910
-14774534
-14855401
-14912511
-14945864
-14955460
-14941299
-14903381
-14841706
-14756274
-14647085
-14514139
-14357436
-14176976
-13972759
-13744785
-13493054
-13217566
-12918321
-12595319
-12248560
-11878044
-11483771
-11065741
-10623954
-10158410
-9669109
-9156051
-8619236
-8058664
-7474335
-6866249
-6234406
-5578806
-4899449
-4196335
-3469464
-2718836
-1944451
-1146309
-324410
521246
1390659
2283829
3200756
4141440
5105881
6094079
7106034
8141746
9201215
10284441
9391423
6522161
3676656
854908
-1943083
-4717317
-7467794
-10194514
-12897477
-15576683
-18232132
-20863824
-23471759
-26055937
-26616357
-27153020
-27665926
-28155075
-28620467
-29062102
-29479980
-29874101
-30244465
-30591072
-30913922
-31213015
-31488351
-31739930
-31967752
-32171817
-32352125
-32508676
-32641470
-32750507
-32835787
-32897310
-32935076
-32949085
-32939337
-32905832
-32848570
-32767551
-32662775
-32534242
-32381952
-32205905
-32006101
-31782540
-31535222
-31264147
-30969315
-30650726
-30308380
-29942277
-29552417
-29138800
-28701426
-28240295
-27755407
-27246762
-26714360
-26158201
-25578285
-24974612
-24347182
-23695995
-23021051
-22322350
-21599892
-20853677
-20083705
-19289976
-18472490
-17631247
-16766247
-15877490
-14964976
-14028705
-13068677
-12084892
-11077350
-10046051
-8990995
-7912182
-6809612
-5683285
-4533201
-3359360
-2161762
-940407
304705
1573574
2866200
4182583
5522723
6886620
8274274
9685685
11120853
12579778
14062460
15568899
17099095
18653048
20230758
21832225
23457449
25106430
26779168
28475663
30195915
31939924
33707690
35499213
37314493
39153530
41016324
42902875
44813183
46747248
48705070
50686649
52691985
54721078
56773928
58850535
60950899
59075018
57222894
55394527
53589917
51809064
50051968
48318629
46609047
44923222
43261154
41622843
40008289
38417492
36850452
35307169
33787643
32291874
30819862
29371607
27947109
26546368
25169384
23816157
22486687
21180974
19899018
18640819
17406377
16195692
15008764
13845593
12706179
11590522
10498622
9430479
8386093
7365464
6368592
5395477
4446119
3520518
2618674
1740587
886257
55684
-751132
-1534191
-2293493
-3029038
-3740826
-4428857
-5093131
-5733648
-6350408
-6943411
-7512657
-8058146
-8579878
-9077853
-9552071
-10002532
-10429236
-10832183
-11211373
-11566806
-11898482
-12206401
-12490563
-12750968
-12987616
-13200507
-13389641
-13555018
-13696638
-13814501
-13908607
-13978956
-14025548
-14048383
-14047461
-14022782
-13974346
-13902153
-13806203
-13686496
-13543032
-13375811
-13184833
-12970098
-12731606
-12469357
-12183351
-11873588
-11540068
-11182791
-10801757
-10396966
-9968418
-9516113
-9040051
-8540232
-8016656
-7469323
-6898233
-6303386
-5684782
-5042421
-4376303
-3686428
-2972796
-2235407
-1474261
-689358
119302
951719
1807893
2687824
3591512
4518957
5470159
6445118
7443834
8466307
9512537
10582524
11676268
8793767
5935023
3100036
288806
-2498667
-5262383
-8002342
-10718544
-13410989
-16079677
-18724608
-21345782
-23943199
-24516858
-25066760
-25592905
-26095293
-26573924
-27028798
-27459915
-27867275
-28250878
-28610724
-28946813
-29259145
-29547720
-29812538
-30053599
-30270903
-30464450
-30634240
-30780273
-30902549
-31001068
-31075830
-31126835
-31154083
-31157574
-31137308
-31093285
-31025505
-30933968
-30818674
-30679623
-30516815
-30330250
-30119928
-29885849
-29628013
-29346420
-29041070
-28711963
-28359099
-27982478
-27582100
-27157965
-26710073
-26238424
-25743018
-25223855
-24680935
-24114258
-23523824
-22909633
-22271685
-21609980
-20924518
-20215299
-19482323
-18725590
-17945100
-17140853
-16312849
-15461088
-14585570
-13686295
-12763263
-11816474
-10845928
-9851625
-8833565
-7791748
-6726174
-5636843
-4523755
-3386910
-2226308
-1041949
166167
1398040
2653670
3933057
5236201
6563102
7913760
9288175
10686347
12108276
13553962
15023405
16516605
18033562
19574276
21138747
22726975
24338960
25974702
27634201
29317457
31024470
32755240
34509767
36288051
38090092
39915890
41765445
43638757
45535826
47456652
49401235
51369575
53361672
55377526
57417137
59480505
61567630
61678511
59813148
57971542
56153693
54359601
52589266
50842688
49119867
47420803
45745496
44093946
42466153
40862117
39281838
37725316
36192551
34683543
33198292
31736798
30299061
28885081
27494858
26128392
24785683
23466731
22171536
20900098
19652417
18428493
17228326
16051916
14899263
13770367
12665228
11583846
10526221
9492353
8482242
7495888
6533291
5594451
4679368
3788042
2920473
2076661
1256606
460308
-312233
-1061017
-1786044
-2487314
-3164827
-3818583
-4448582
-5054824
-5637309
-6196037
-6731008
-7242222
-7729679
-8193379
-8633322
-9049508
-9441937
-9810609
-10155524
-10476682
-10774083
-11047727
-11297614
-11523744
-11726117
-11904733
-12059592
-12190694
-12298039
-12381627
-12441458
-12477532
-12489849
-12478409
-12443212
-12384258
-12301547
-12195079
-12064854
-11910872
-11733133
-11531637
-11306384
-11057374
-10784607
-10488083
-10167802
-9823764
-9455969
-9064417
-8649108
-8210042
-7747219
-7260639
-6750302
-6216208
-5658357
-5076749
-4471384
-3842262
-3189383
-2512747
-1812354
-1088204
-340297
431367
1226788
2045966
2888901
3755593
4646042
5560248
6498211
7459931
8445408
9454642
10487633
11544381
12624886
11729147
8857164
6008938
3184469
383757
-2393198
-5146396
-7875837
-10581521
-13263448
-15921618
-18556031
-21166687
-23753586
-24316727
-24856111
-25371738
-25863608
-26331721
-26776077
-27196676
-27593518
-27966603
-28315931
-28641502
-28943316
-29221373
-29475673
-29706216
-29913002
-30096031
-30255303
-30390818
-30502576
-30590577
-30654821
-30695308
-30712038
-30705011
-30674227
-30619686
-30541388
-30439333
-30313521
-30163952
-29990626
-29793543
-29572703
-29328106
-29059752
-28767641
-28451773
-28112148
-27748766
-27361627
-26950731
-26516078
-26057668
-25575501
-25069577
-24539896
-23986458
-23409263
-22808311
-22183602
-21535136
-20862913
-20166933
-19447196
-18703702
-17936451
-17145443
-16330678
-15492156
-14629877
-13743841
-12834048
-11900498
-10943191
-9962127
-8957306
-7928728
-6876393
-5800301
-4700452
-3576846
-2429483
-1258363
-63486
1155148
2397539
3663687
4953592
6267254
7604673
8965849
10350782
11759472
13191919
14648123
16128084
17631802
19159277
20710509
22285498
23884244
25506747
27153007
28823024
30516798
32234329
33975617
35740662
37529464
39342023
41178339
43038412
44922242
46829829
48761173
50716274
52695132
54697747
56724119
58774248
60848134
62945777
61067175
59212330
57381242
55573911
53790337
52030520
50294460
48582157
46893611
45228822
43587790
41970515
40376997
38807236
37261232
35738985
34240495
32765762
31314786
29887567
28484105
27104400
25748452
24416261
23107827
21823150
20562230
19325067
18111661
16922012
15756120
14613985
13495607
12400986
11330122
10283015
9259665
8260072
7284236
6332157
5403835
4499270
3618462
2761411
1928117
1118580
332800
-429223
-1167489
-1881998
-2572750
-3239745
-3882983
-4502464
-5098188
-5670155
-6218365
-6742818
-7243514
-7720453
-8173635
-8603060
-9008728
-9390639
-9748793
-10083190
-10393830
-10680713
-10943839
-11183208
-11398820
-11590675
-11758773
-11903114
-12023698
-12120525
-12193595
-12242908
-12268464
-12270263
-12248305
-12202590
-12133118
-12039889
-11922903
-11782160
-11617660
-11429403
-11217389
-10981618
-10722090
-10438805
-10131763
-9800964
-9446408
-9068095
-8666025
-8240198
-7790614
-7317273
-6820175
-6299320
-5754708
-5186339
-4594213
-3978330
-3338690
-2675293
-1988139
-1277228
-542560
215865
998047
1803986
2633682
3487135
4364345
5265312
6190036
7138517
8110755
9106750
10126502
11170011
12237277
13328300
10443078
7581613
4743905
1929954
-860240
-3626677
-6369357
-9088280
-11783446
-14454855
-17102507
-19726402
-22326540
-24902921
-25455544
-25984410
-26489519
-26970871
-27428466
-27862304
-28272385
-28658709
-29021276
-29360086
-29675139
-29966435
-30233974
-30477756
-30697781
-30894049
-31066560
-31215314
-31340311
-31441551
-31519034
-31572760
-31602729
-31608941
-31591396
-31550094
-31485035
-31396219
-31283646
-31147316
-30987229
-30803385
-30595784
-30364426
-30109311
-29830439
-29527810
-29201424
-28851281
-28477381
-28079724
-27658310
-27213139
-26744211
-26251526
-25735084
-25194885
-24630929
-24043216
-23431746
-22796519
-22137535
-21454794
-20748296
-20018041
-19264029
-18486260
-17684734
-16859451
-16010411
-15137614
-14241060
-13320749
-12376681
-11408856
-10417274
-9401935
-8362839
-7299986
-6213376
-5103009
-3968885
-2811004
-1629366
-423971
805181
2058090
3334756
4635179
5959359
7307296
8678990
10074441
11493649
12936614
14403336
15893815
17408051
18946044
20507794
22093301
23702565
25335586
26992364
28672899
30377191
32105240
33857046
35632609
37431929
39255006
41101840
42972431
44866779
46784884
48726746
50692365
52681741
54694874
56731764
58792411
60876815
60984975
59116891
57272564
55451994
53655181
51882125
50132826
48407284
46705499
45027471
43373200
41742686
40135929
38552929
36993686
35458200
33946471
32458499
30994284
29553826
28137125
26744181
25374994
24029564
22707891
21409975
20135816
18885414
17658769
16455881
15276750
14121376
12989759
11881899
10797796
9737450
8700861
7688029
6698954
5733636
4792075
3874271
2980224
2109934
1263401
440625
-358394
-1133656
-1885161
-2612909
-3316900
-3997134
-4653611
-5286331
-5895294
-6480500
-7041949
-7579641
-8093576
-8583754
-9050175
-9492839
-9911746
-10306896
-10678289
-11025925
-11349804
-11649926
-11926291
-12178899
-12407750
-12612844
-12794181
-12951761
-13085584
-13195650
-13281959
-13344511
-13383306
-13398344
-13389625
-13357149
-13300916
-13220926
-13117179
-12989675
-12838414
-12663396
-12464621
-12242089
-11995800
-11725754
-11431951
-11114391
-10773074
-10408000
-10019169
-9606581
-9170236
-8710134
-8226275
-7718659
-7187286
-6632156
-6053269
-5450625
-4824224
-4174066
-3500151
-2802479
-2081050
-1335864
-566921
225779
1042236
1882450
2746421
3634149
4545634
5480876
6439875
7422631
8429144
9459414
10513441
11591225
10692765
7818061
4967114
2139924
-663509
-3443185
-6199104
-8931266
-11639671
-14324319
-16985210
-19622344
-22235721
-24825341
-25391203
-25933308
-26451656
-26946247
-27417081
-27864158
-28287478
-28687041
-29062847
-29414896
-29743188
-30047723
-30328501
-30585522
-30818786
-31028293
-31214043
-31376036
-31514272
-31628751
-31719473
-31786438
-31829646
-31849097
-31844791
-31816728
-31764908
-31689331
-31589997
-31466906
-31320058
-31149453
-30955091
-30736972
-30495096
-30229463
-29940073
-29626926
-29290022
-28929361
-28544943
-28136768
-27704836
-27249147
-26769701
-26266498
-25739538
-25188821
-24614347
-24016116
-23394128
-22748383
-22078881
-21385622
-20668606
-19927833
-19163303
-18375016
-17562972
-16727171
-15867613
-14984298
-14077226
-13146397
-12191811
-11213468
-10211368
-9185511
-8135897
-7062526
-5965398
-4844513
-3699871
-2531472
-1339316
-123403
1116267
2379694
3666878
4977819
6312517
7670972
9053184
10459153
11888879
13342362
14819602
16320599
17845353
19393864
20966132
22562157
24181939
25825478
27492774
29183827
30898637
32637204
34399528
36185609
37995447
39829042
41686394
43567503
45472369
47400992
49353372
51329509
53329403
55353054
57400462
59471627
61566549
59685226
57827660
55993851
54183799
52397504
50634966
48896185
47181161
45489894
43822384
42178631
40558635
38962396
37389914
35841189
34316221
32815010
31337556
29883859
28453919
27047736
25665310
24306641
22971729
21660574
20373176
19109535
17869651
16653524
15461154
14292541
13147685
12026586
10929244
9855659
8805831
7779760
6777446
5798889
4844089
3913046
3005760
2122231
1262459
426444
-385814
-1174315
-1939059
-2680046
-3397276
-4090749
-4760465
-5406424
-6028626
-6627071
-7201759
-7752690
-8279864
-8783281
-9262941
-9718844
-10150990
-10559379
-10944011
-11304886
-11642004
-11955365
-12244969
-12510816
-12752906
-12971239
-13165815
-13336634
-13483696
-13607001
-13706549
-13782340
-13834374
-13862651
-13867171
-13847934
-13804940
-13738189
-13647681
-13533416
-13395394
-13233615
-13048079
-12838786
-12605736
-12348929
-12068365
-11764044
-11435966
-11084131
-10708539
-10309190
-9886084
-9439221
-8968601
-8474224
-7956090
-7414199
-6848551
-6259146
-5645984
-5009065
-4348389
-3663956
-2955766
-2223819
-1468115
-688654
114564
941539
1792271
2666760
3565006
4487009
5432769
6402286
7395560
8412591
9453379
10517924
11606226
10718284
7854098
5013669
2196997
-595918
-3365076
-6110477
-8832121
-11530008
-14204138
-16854511
-19481127
-22083986
-24663088
-25218432
-25750019
-26257849
-26741922
-27202238
-27638797
-28051599
-28440644
-28805932
-29147463
-29465237
-29759254
-30029514
-30276017
-30498763
-30697752
-30872984
-31024459
-31152177
-31256138
-31336342
-31392789
-31425479
-31434412
-31419588
-31381007
-31318669
-31232574
-31122722
-30989113
-30831747
-30650624
-30445744
-30217107
-29964713
-29688562
-29388654
-29064989
-28717567
-28346388
-27951452
-27532759
-27090309
-26624102
-26134138
-25620417
-25082939
-24521704
-23936712
-23327963
-22695457
-22039194
-21359174
-20655397
-19927863
-19176572
-18401524
-17602719
-16780157
-15933838
-15063762
-14169929
-13252339
-12310992
-11345888
-10357027
-9344409
-8308034
-7247902
-6164013
-5056367
-3924964
-2769804
-1590887
-388213
838218
2088406
3362351
4660053
5981512
7326728
8695701
10088431
11504918
12945162
14409163
15896921
17408436
18943708
20502737
22085523
23692066
25322366
26976423
28654237
30355808
32081136
33830221
35603063
37399662
39220018
41064131
42932001
44823628
46739012
48678153
50641051
52627706
54638118
56672287
58730213
60811896
60917335
59046530
57199482
55376191
53576657
51800880
50048860
48320597
46616091
44935342
43278350
41645115
40035637
38449916
36887952
35349745
33835295
32344602
30877666
29434487
28015065
26619400
25247492
23899341
22574947
21274310
19997430
18744307
17514941
16309332
15127480
13969385
12835047
11724466
10637642
9574575
8535265
7519712
6527916
5559877
4615595
3695070
2798302
1925291
1076037
250540
-551200
-1329183
-2083409
-2813878
-3520590
-4203545
-4862743
-5498184
-6109868
-6697795
-7261965
-7802378
-8319034
-8811933
-9281075
-9726460
-10148088
-10545959
-10920073
-11270430
-11597030
-11899873
-12178959
-12434288
-12665860
-12873675
-13057733
-13218034
-13354578
-13467365
-13556395
-13621668
-13663184
-13680943
-13674945
-13645190
-13591678
-13514409
-13413383
-13288600
-13140060
-12967763
-12771709
-12551898
-12308330
-12041005
-11749923
-11435084
-11096488
-10734135
-10348025
-9938158
-9504534
-9047153
-8566015
-8061120
-7532468
-6980059
-6403893
-5803970
-5180290
-4532853
-3861659
-3166708
-2448000
-1705535
-939313
-149334
664402
1501895
2363145
3248152
4156916
5089437
6045715
7025750
8029542
9057091
10108397
11183460
12282280
9404855
6551187
3721276
915122
-1867275
-4625915
-7360798
-10071924
-12759293
-15422905
-18062760
-20678858
-23271199
-23839782
-24384608
-24905677
-25402989
-25876544
-26326342
-26752383
-27154667
-27533194
-27887964
-28218977
-28526233
-28809732
-29069474
-29305459
-29517687
-29706158
-29870872
-30011829
-30129029
-30222472
-30292158
-30338087
-30360259
-30358674
-30333332
-30284233
-30211377
-30114764
-29994394
-29850267
-29682383
-29490742
-29275344
-29036189
-28773277
-28486608
-28176182
-27841999
-27484059
-27102362
-26696908
-26267697
-25814729
-25338004
-24837522
-24313283
-23765287
-23193534
-22598024
-21978757
-21335733
-20668952
-19978414
-19264119
-18526067
-17764258
-16978692
-16169369
-15336289
-14479452
-13598858
-12694507
-11766399
-10814534
-9838912
-8839533
-7816397
-6769504
-5698854
-4604447
-3486283
-2344362
-1178684
10751
1223943
2460892
3721598
5006061
6314281
7646258
9001992
10381483
11784731
13211736
14662498
16137017
17635293
19157326
20703116
22272663
23865967
25483028
27123846
28788421
30476753
32188842
33924688
35684291
37467651
39274768
41105642
42960273
44838661
46740806
48666708
50616367
52589783
54586956
56607886
58652573
60721017
62813218
60929174
59068887
57232357
55419584
53630568
51865309
50123807
48406062
46712074
45041843
43395369
41772652
40173692
38598489
37047043
35519354
34015422
32535247
31078829
29646168
28237264
26852117
25490727
24153094
22839218
21549099
20282737
19040132
17821284
16626193
15454859
14307282
13183462
12083399
11007093
9954544
8925752
7920717
6939439
5981918
5048154
4138147
3251897
2389404
1550668
735689
-55533
-822998
-1566706
-2286657
-2982851
-3655288
-4303968
-4928891
-5530057
-6107466
-6661118
-7191013
-7697151
-8179532
-8638156
-9073023
-9484133
-9871486
-10235082
-10574921
-10891003
-11183328
-11451896
-11696707
-11917761
-12115058
-12288598
-12438381
-12564407
-12666676
-12745188
-12799943
-12830941
-12838182
-12821666
-12781393
-12717363
-12629576
-12518032
-12382731
-12223673
-12040858
-11834286
-11603957
-11349871
-11072028
-10770428
-10445071
-10095957
-9723086
-9326458
-8906073
-8461931
-7994032
-7502376
-6986963
-6447793
-5884866
-5298182
-4687741
-4053543
-3395588
-2713876
-2008407
-1279181
-526198
250542
1051039
1875293
2723304
3595072
4490597
5409879
6352918
7319714
8310267
9324577
10362644
11424468
12510049
11619386
8752479
5909329
3089936
294300
-2477579
-5225701
-7950066
-10650674
-13327525
-15980619
-18609956
-21215536
-23797359
-24355424
-24889732
-25400283
-25887077
-26350114
-26789394
-27204917
-27596683
-27964692
-28308944
-28629439
-28926177
-29199158
-29448382
-29673849
-29875559
-30053512
-30207708
-30338147
-30444829
-30527754
-30586922
-30622333
-30633987
-30621884
-30586024
-30526407
-30443033
-30335902
-30205014
-30050369
-29871967
-29669808
-29443892
-29194219
-28920789
-28623602
-28302658
-27957957
-27589499
-27197284
-26781312
-26341583
-25878097
-25390854
-24879854
-24345097
-23786583
-23204312
-22598284
-21968499
-21314957
-20637658
-19936602
-19211789
-18463219
-17690892
-16894808
-16074967
-15231369
-14364014
-13472902
-12558033
-11619407
-10657024
-9670884
-8660987
-7627333
-6569922
-5488754
-4383829
-3255147
-2102708
-926512
273441
1497151
2744618
4015842
5310823
6629561
7972056
9338308
10728317
12142083
13579606
15040886
16525923
18034717
19567268
21123576
22703641
24307463
25935042
27586378
29261471
30960321
32682928
34429292
36199413
37993291
39810926
41652318
43517467
45406373
47319036
49255456
51215633
53199567
55207258
57238706
59293911
61372873
61475591
59602065
57752296
55926284
54124029
52345531
50590790
48859806
47152579
45469109
43809396
42173440
40561241
38972799
37408114
35867186
34350015
32856601
31386944
29941044
28518901
27120515
25745886
24395014
23067899
21764541
20484940
19229096
17997009
16788679
15604106
14443290
13306231
12192929
11103384
10037596
8995565
7977291
6982774
6012014
5065011
4141765
3242276
2366544
1514569
686351
-118110
-898814
-1655761
-2388951
-3098384
-3784060
-4445979
-5084141
-5698546
-6289194
-6856085
-7399219
-7918596
-8414216
-8886079
-9334185
-9758534
-10159126
-10535961
-10889039
-11218360
-11523924
-11805731
-12063781
-12298074
-12508610
-12695389
-12858411
-12997676
-13113184
-13204935
-13272929
-13317166
-13337646
-13334369
-13307335
-13256544
-13181996
-13083691
-12961629
-12815810
-12646234
-12452901
-12235811
-11994964
-11730360
-11441999
-11129881
-10794006
-10434374
-10050985
-9643839
-9212936
-8758276
-8279859
-7777685
-7251754
-6702066
-6128621
-5531419
-4910460
-4265744
-3597271
-2905041
-2189054
-1449310
-685809
101449
912464
1747236
2605765
3488051
4394094
5323894
6277451
7254765
8255836
9280664
10329249
11401591
12497690
9617544
6761155
3928523
1119648
-1665470
-4426831
-7164435
-9878282
-12568372
-15234705
-17877281
-20496100
-23091162
-23662466
-24210013
-24733803
-25233836
-25710112
-26162631
-26591393
-26996398
-27377646
-27735137
-28068871
-28378848
-28665068
-28927531
-29166237
-29381186
-29572378
-29739813
-29883491
-30003412
-30099576
-30171983
-30220633
-30245526
-30246662
-30224041
-30177663
-30107528
-30013636
-29895987
-29754581
-29589418
-29400498
-29187821
-28951387
-28691196
-28407248
-28099543
-27768081
-27412862
-27033886
-26631153
-26204663
-25754416
-25280412
-24782651
-24261133
-23715858
-23146826
-22554037
-21937491
-21297188
-20633128
-19945311
-19233737
-18498406
-17739318
-16956473
-16149871
-15319512
-14465396
-13587523
-12685893
-11760506
-10811362
-9838461
-8841803
-7821388
-6777216
-5709287
-4617601
-3502158
-2362958
-1200001
-13287
1197184
2431412
3689397
4971139
6276638
7605894
8958907
10335677
11736204
13160488
14608529
16080327
17575882
19095194
20638263
22205089
23795672
25410012
27048109
28709963
30395574
32104942
33838067
35594949
37375588
39179984
41008137
42860047
44735714
46635138
48558319
50505257
52475952
54470404
56488613
58530579
60596302
62685782
60799017
58936009
57096758
55281264
53489527
51721547
49977324
48256858
46560149
44887197
43238002
41612564
40010883
38432959
36878792
35348382
33841729
32358833
30899694
29464312
28052687
26664819
25300708
23960354
22643757
21350917
20081834
18836508
17614939
16417127
15243072
14092774
12966233
11863449
10784422
9729152
8697639
7689883
6705884
5745642
4809157
3896429
3007458
2142244
1300787
483087
-310856
-1081042
-1827471
-2550143
-3249058
-3924216
-4575617
-5203261
-5807148
-6387278
-6943651
-7476267
-7985126
-8470228
-8931573
-9369161
-9782992
-10173066
-10539383
-10881943
-11200746
-11495792
-11767081
-12014613
-12238388
-12438406
-12614667
-12767171
-12895918
-13000908
-13082141
-13139617
-13173336
-13183298
-13169503
-13131951
-13070642
-12985576
-12876753
-12744173
-12587836
-12407742
-12203891
-11976283
-11724918
-11449796
-11150917
-10828281
-10481888
-10111738
-9717831
-9300167
-8858746
-8393568
-7904633
-7391941
-6855492
-6295286
-5711323
-5103603
-4472126
-3816892
-3137901
-2435153
-1708648
-958386
-184367
613409
1434942
2280232
3149279
4042083
4958644
5898962
6863037
7850869
8862458
9897804
10956907
12039767
11146383
8276755
5430884
2608770
-189587
-2964187
-5715030
-8442116
-11145445
-13825017
-16480832
-19112890
-21721191
-24305735
-24866521
-25403550
-25916822
-26406337
-26872095
-27314096
-27732340
-28126827
-28497557
-28844530
-29167746
-29467205
-29742907
-29994852
-30223040
-30427471
-30608145
-30765062
-30898222
-31007625
-31093271
-31155160
-31193292
-31207667
-31198285
-31165146
-31108250
-31027597
-30923187
-30795020
-30643096
-30467415
-30267977
-30044782
-29797830
-29527121
-29232655
-28914432
-28572452
-28206715
-27817221
-27403970
-26966962
-26506197
-26021675
-25513396
-24981360
-24425567
-23846017
-23242710
-22615646
-21964825
-21290247
-20591912
-19869820
-19123971
-18354365
-17561002
-16743882
-15903005
-15038371
-14149980
-13237832
-12301927
-11342265
-10358846
-9351670
-8320737
-7266047
-6187600
-5085396
-3959435
-2809717
-1636242
-439010
781979
2026725
3295228
4587488
5903505
7243279
8606810
9994098
11405143
12839945
14298504
15780820
17286893
18816723
20370310
21947654
23548755
25173613
26822228
28494600
30190729
31910615
33654258
35421658
37212815
39027729
40866400
42728828
44615013
46524955
48458654
50416110
52397323
54402293
56431020
58483504
60559745
62659743
60783496
58931006
57102273
55297297
53516078
51758616
50024911
48314963
46628772
44966338
43327661
41712741
40121578
38554172
37010523
35490631
33994496
32522118
31073497
29648633
28247526
26870176
25516583
24186747
22880668
21598346
20339781
19104973
17893922
16706628
15543091
14403311
13287288
12195022
11126513
10081761
9060766
8063528
7090047
6140323
5214356
4312146
3433693
2578997
1748058
940876
157451
-602217
-1338128
-2050282
-2738679
-3403319
-4044202
-4661328
-5254697
-5824309
-6370164
-6892262
-7390603
-7865187
-8316014
-8743084
-9146397
-9525953
-9881752
-10213794
-10522079
-10806607
-11067378
-11304392
-11517649
-11707149
-11872892
-12014878
-12133107
-12227579
-12298294
-12345252
-12368453
-12367897
-12343584
-12295514
-12223687
-12128103
-12008762
-11865664
-11698809
-11508197
-11293828
-11055702
-10793819
-10508179
-10198782
-9865628
-9508717
-9128049
-8723624
-8295442
-7843503
-7367807
-6868354
-6345144
-5798177
-5227453
-4632972
-4014734
-3372739
-2706987
-2017478
-1304212
-567189
193591
978128
1786422
2618473
3474281
4353846
5257168
6184247
7135083
8109676
9108026
10130133
11175997
12245618
13338996
10456129
7597019
4761666
1950070
-837769
-3601851
-6342176
-9058744
-11751555
-14420609
-17065906
-19687446
-22285229
-22859254
-23409522
-23936033
-24438787
-24917784
-25373024
-25804507
-26212233
-26596202
-26956414
-27292869
-27605567
-27894508
-28159692
-28401119
-28618789
-28812702
-28982858
-29129257
-29251899
-29350784
-29425912
-29477283
-29504897
-29508754
-29488854
-29445197
-29377783
-29286612
-29171684
-29032999
-28870557
-28684358
-28474402
-28240689
-27983219
-27701992
-27397008
-27068267
-26715769
-26339514
-25939502
-25515733
-25068207
-24596924
-24101884
-23583087
-23040533
-22474222
-21884154
-21270329
-20632747
-19971408
-19286312
-18577459
-17844849
-17088482
-16308358
-15504477
-14676839
-13825444
-12950292
-12051383
-11128717
-10182294
-9212114
-8218177
-7200483
-6159032
-5093824
-4004859
-2892137
-1755658
-595422
588571
1796321
3027828
4283092
5562113
6864891
8191426
9541718
10915767
12313573
13735136
15180456
16649533
18142367
19658958
21199306
22763411
24351273
25962892
27598268
29257401
30940291
32646938
34377342
36131503
37909421
39711096
41536528
43385717
45258663
47155366
49075826
51020043
52988017
54979748
56995236
59034481
61097483
63184242
63294757
61429028
59587056
57768841
55974383
54203682
52456738
50733551
49034121
47358448
45706532
44078373
42473971
40893326
39336438
37803307
36293933
34808316
33346456
31908353
30494007
29103418
27736586
26393511
25074193
23778632
22506828
21258781
20034491
18833958
17657182
16504163
15374901
14269396
13187648
12129657
11095423
10084946
9098226
8135263
7196057
6280608
5388916
4520981
3676803
2856382
2059718
1286811
537661
-187732
-889368
-1567247
-2221369
-2851734
-3458342
-4041193
-4600287
-5135624
-5647204
-6135027
-6599093
-7039402
-7455954
-7848749
-8217787
-8563068
-8884592
-9182359
-9456369
-9706622
-9933118
-10135857
-10314839
-10470064
-10601532
-10709243
-10793197
-10853394
-10889834
-10902517
-10891443
-10856612
-10798024
-10715679
-10609577
-10479718
-10326102
-10148729
-9947599
-9722712
-9474068
-9201667
-8905509
-8585594
-8241922
-7874493
-7483307
-7068364
-6629664
-6167207
-5680993
-5171022
-4637294
-4079809
-3498567
-2893568
-2264812
-1612299
-936029
-236002
487782
1235323
2006621
2801676
3620488
4463057
5329383
6219466
7133306
8070903
9032257
10017368
11026236
12058861
13115243
14195382
13299277
10426928
7578336
4753501
1952423
-824898
-3578462
-6308269
-9014319
-11696612
-14355148
-16989927
-19600949
-22188214
-22751721
-23291471
-23807464
-24299700
-24768179
-25212901
-25633866
-26031074
-26404525
-26754219
-27080156
-27382336
-27660759
-27915425
-28146334
-28353486
-28536881
-28696519
-28832400
-28944524
-29032891
-29097501
-29138354
-29155450
-29148789
-29118371
-29064196
-28986264
-28884575
-28759129
-28609926
-28436966
-28240249
-28019775
-27775544
-27507556
-27215811
-26900309
-26561050
-26198034
-25811261
-25400731
-24966444
-24508400
-24026599
-23521041
-22991726
-22438654
-21861825
-21261239
-20636896
-19988796
-19316939
-18621325
-17901954
-17158826
-16391941
-15601299
-14786900
-13948744
-13086831
-12201161
-11291734
-10358550
-9401609
-8420911
-7416456
-6388244
-5336275
-4260549
-3161066
-2037826
-890829
279925
1474436
2692704
3934729
5200511
6490050
7803346
9140399
10501209
11885776
13294100
14726181
16182019
17661614
19164966
20692075
22242941
23817564
25415944
27038081
28683975
30353626
32047034
33764199
35505121
37269800
39058236
40870429
42706379
44566086
46449550
48356771
50287749
52242484
54220976
56223225
58249231
60298994
62372514
64469791
62590823
60735612
58904158
57096461
55312521
53552338
51815912
50103243
48414331
46749176
45107778
43490137
41896253
40326126
38779756
37257143
35758287
34283188
32831846
31404261
30000433
28620362
27264048
25931491
24622691
23337648
22076362
20838833
19625061
18435046
17268788
16126287
15007543
13912556
12841326
11793853
10770137
9770178
8793976
7841531
6912843
6007912
5126738
4269321
3435661
2625758
1839612
1077223
338591
-376284
-1067402
-1734763
-2378367
-2998214
-3594304
-4166637
-4715213
-5240032
-5741094
-6218399
-6671947
-7101738
-7507772
-7890049
-8248569
-8583332
-8894338
-9181587
-9445079
-9684814
-9900792
-10093013
-10261477
-10406184
-10527134
-10624327
-10697763
-10747442
-10773364
-10775529
-10753937
-10708588
-10639482
-10546619
-10429999
-10289622
-10125488
-9937597
-9725949
-9490544
-9231382
-8948463
-8641787
-8311354
-7957164
-7579217
-7177513
-6752052
-6302834
-5829859
-5333127
-4812638
-4268392
-3700389
-3108629
-2493112
-1853838
-1190807
-504019
206526
940828
1698887
2480703
3286276
4115606
4968693
5845537
6746138
7670496
8618611
9590483
10586112
11605498
12648641
13715541
14806198
11920610
9058779
6220705
3406388
615828
-2150975
-4894021
-7613310
-10308842
-12980617
-15628635
-18252896
-20853400
-23430147
-23983136
-24512368
-25017843
-25499561
-25957522
-26391726
-26802173
-27188863
-27551796
-27890972
-28206391
-28498053
-28765958
-29010106
-29230497
-29427131
-29600008
-29749128
-29874491
-29976097
-30053946
-30108038
-30138373
-30144951
-30127772
-30086836
-30022143
-29933693
-29821486
-29685522
-29525801
-29342323
-29135088
-28904096
-28649347
-28370841
-28068578
-27742558
-27392781
-27019247
-26621956
-26200908
-25756103
-25287541
-24795222
-24279146
-23739313
-23175723
-22588376
-21977272
-21342411
-20683793
-20001418
-19295286
-18565397
-17811751
-17034348
-16233188
-15408271
-14559597
-13687166
-12790978
-11871033
-10927331
-9959872
-8968656
-7953683
-6914953
-5852466
-4766222
-3656221
-2522463
-1364948
-183676
1021353
2250139
3502682
4778982
6079039
7402853
8750424
10121752
11516837
12935679
14378278
15844634
17334747
18848617
20386244
21947628
23532769
25141667
26774322
28430734
30110903
31814829
33542512
35293952
37069149
38868103
40690814
42537282
44407507
46301489
48219228
50160724
52125977
54114987
56127754
58164278
60224559
62308597
62416391
60547941
58703248
56882312
55085133
53311711
51562046
49836138
48133987
46455593
44800956
43170076
41562953
39979587
38419978
36884126
35372031
33883693
32419112
30978288
29561221
28167911
26798358
25452562
24130523
22832241
21557716
20306948
19079937
17876683
16697186
15541446
14409463
13301237
12216768
11156056
10119101
9105903
8116462
7150778
6208851
5290681
4396268
3525612
2678713
1855571
1056186
280558
-471313
-1199427
-1903784
-2584384
-3241227
-3874313
-4483642
-5069214
-5631029
-6169087
-6683388
-7173932
-7640719
-8083749
-8503022
-8898538
-9270297
-9618299
-9942544
-10243032
-10519763
-10772737
-11001954
-11207414
-11389117
-11547063
-11681252
-11791684
-11878359
-11941277
-11980438
-11995842
-11987489
-11955379
-11899512
-11819888
-11716507
-11589369
-11438474
-11263822
-11065413
-10843247
-10597324
-10327644
-10034207
-9717013
-9376062
-9011354
-8622889
-8210667
-7774688
-7314952
-6831459
-6324209
-5793202
-5238438
-4659917
-4057639
-3431604
-2781812
-2108263
-1410957
-689894
54926
823503
1615837
2431928
3271776
4135381
5022743
5933862
6868738
7827371
8809761
9815908
10845812
11899473
12976891
12078065
9202995
6351682
3524126
720327
-2059715
-4816000
-7548528
-10257299
-12942313
-15603570
-18241070
-20854813
-23444799
-24011027
-24553498
-25072212
-25567169
-26038369
-26485812
-26909498
-27309427
-27685599
-28038014
-28366672
-28671573
-28952717
-29210104
-29443734
-29653607
-29839723
-30002082
-30140684
-30255529
-30346617
-30413948
-30457522
-30477339
-30473399
-30445702
-30394248
-30319037
-30220069
-30097344
-29950862
-29780623
-29586627
-29368874
-29127364
-28862097
-28573073
-28260292
-27923754
-27563459
-27179407
-26771598
-26340032
-25884709
-25405629
-24902792
-24376198
-23825847
-23251739
-22653874
-22032252
-21386873
-20717737
-20024844
-19308194
-18567787
-17803623
-17015702
-16204024
-15368589
-14509397
-13626448
-12719742
-11789279
-10835059
-9857082
-8855348
-7829857
-6780609
-5707604
-4610842
-3490323
-2346047
-1178014
13776
1229323
2468627
3731688
5018506
6329081
7663413
9021502
10403348
11808951
13238311
14691428
16168302
17668933
19193321
20741466
22313368
23909027
25528443
27171616
28838546
30529233
32243677
33981878
35743836
37529551
39339023
41172252
43029238
44909981
46814481
48742738
50694752
52670523
54670051
56693336
58740378
60811177
62905733
61024044
59166112
57331937
55521519
53734858
51971954
50232807
48517417
46825784
45157908
43513789
41893427
40296822
38723974
37174883
35649549
34147972
32670152
31216089
29785783
28379234
26996442
25637407
24302129
22990608
21702844
20438837
19198587
17982094
16789358
15620379
14475157
13353692
12255984
11182033
10131839
9105402
8102722
7123799
6168633
5237224
4329572
3445677
2585539
1749158
936534
147667
-617443
-1358796
-2076392
-2770231
-3440313
-4086638
-4709206
-5308017
-5883071
-6434368
-6961908
-7465691
-7945717
-8401986
-8834498
-9243253
-9628251
-9989492
-10326976
-10640703
-10930673
-11196886
-11439342
-11658041
-11852983
-12024168
-12171596
-12295267
-12395181
-12471338
-12523738
-12552381
-12557267
-12538396
-12495768
-12429383
-12339241
-12225342
-12087686
-11926273
-11741103
-11532176
-11299492
-11043051
-10762853
-10458898
-10131186
-9779717
-9404491
-9005508
-8582768
-8136271
-7666017
-7172006
-6654238
-6112713
-5547431
-4958392
-4345596
-3709043
-3048733
-2364666
-1656842
-925261
-169923
609172
1412024
2238633
3088999
3963122
4861002
5782639
6728033
7697184
8690092
9706757
10747179
11811358
12899294
12010986
9146434
6305639
3488601
695320
-2074204
-4819971
-7541981
-10240234
-12914730
-15565469
-18192451
-20795676
-23375144
-23930854
-24462807
-24971003
-25455442
-25916124
-26353049
-26766217
-27155628
-27521282
-27863179
-28181319
-28475702
-28746328
-28993197
-29216309
-29415664
-29591262
-29743103
-29871187
-29975514
-30056084
-30112897
-30145953
-30155252
-30140794
-30102579
-30040607
-29954878
-29845392
-29712149
-29555149
-29374392
-29169878
-28941607
-28689579
-28413794
-28114252
-27790953
-27443897
-27073084
-26678514
-26260187
-25818103
-25352262
-24862664
-24349309
-23812197
-23251328
-22666702
-22058319
-21426179
-20770282
-20090628
-19387217
-18660049
-17909124
-17134442
-16336003
-15513807
-14667854
-13798144
-12904677
-11987453
-11046472
-10081734
-9093239
-8080987
-7044978
-5985212
-4901689
-3794409
-2663372
-1508578
-330027
872281
2098346
3348168
4621747
5919083
7240176
8585026
9953633
11345997
12762118
14201996
15665631
17153023
18664172
20199078
21757741
23340161
24946338
26576272
28229963
29907411
31608616
33333578
35082297
36854773
38651006
40470996
42314743
44182247
46073508
47988526
49927301
51889833
53876122
55886168
57919971
59977531
62058848
62163921
60292750
58445336
56621679
54821779
53045636
51293250
49564621
47859749
46178634
44521276
42887675
41277831
39691744
38129414
36590841
35076025
33584966
32117664
30674119
29254331
27858300
26486026
25137509
23812749
22511746
21234500
19981011
18751279
17545304
16363086
15204625
14069921
12958974
11871784
10808351
9768675
8752756
7760594
6792189
5847541
4926650
4029516
3156139
2306519
1480656
678550
-99799
-854391
-1585226
-2292304
-2975625
-3635189
-4270996
-4883046
-5471339
-6035875
-6576654
-7093676
-7586941
-8056449
-8502200
-8924194
-9322431
-9696911
-10047634
-10374600
-10677809
-10957261
-11212956
-11444894
-11653075
-11837499
-11998166
-12135076
-12248229
-12337625
-12403264
-12445146
-12463271
-12457639
-12428250
-12375104
-12298201
-12197541
-12073124
-11924950
-11753019
-11557331
-11337886
-11094684
-10827725
-10537009
-10222536
-9884306
-9522319
-9136575
-8727074
-8293816
-7836801
-7356029
-6851500
-6323214
-5771171
-5195371
-4595814
-3972500
-3325429
-2654601
-1960016
-1241674
-499575
266281
1055894
1869264
2706391
3567275
4451916
5360314
6292469
7248381
8228050
9231476
10258659
11309599
12384296
13482750
10604959
7750925
4920648
2114128
-668635
-3427641
-6162890
-8874382
-11562117
-14226095
-16866316
-19482780
-22075487
-22644436
-23189628
-23711063
-24208741
-24682662
-25132826
-25559233
-25961883
-26340776
-26695912
-27027291
-27334913
-27618778
-27878886
-28115237
-28327831
-28516668
-28681748
-28823071
-28940637
-29034446
-29104498
-29150793
-29173331
-29172112
-29147136
-29098403
-29025913
-28929666
-28809662
-28665901
-28498383
-28307108
-28092076
-27853287
-27590741
-27304438
-26994378
-26660561
-26302987
-25921656
-25516568
-25087723
-24635121
-24158762
-23658646
-23134773
-22587143
-22015756
-21420612
-20801711
-20159053
-19492638
-18802466
-18088537
-17350851
-16589408
-15804208
-14995251
-14162537
-13306066
-12425838
-11521853
-10594111
-9642612
-8667356
-7668343
-6645573
-5599046
-4528762
-3434721
-2316923
-1175368
-10056
1179013
2391839
3628422
4888762
6172859
7480713
8812324
10167692
11546817
12949699
14376338
15826734
17300887
18798797
20320464
21865888
23435069
25028007
26644702
28285154
29949363
31637329
33349052
35084532
36843769
38626763
40433514
42264022
44118287
45996309
47898088
49823624
51772917
53745967
55742774
57763338
59807659
61875737
63967572
62083162
60222509
58385613
56572474
54783092
53017467
51275599
49557488
47863134
46192537
44545697
42922614
41323288
39747719
38195907
36667852
35163554
33683013
32226229
30793202
29383932
27998419
26636663
25298664
23984422
22693937
21427209
20184238
18965024
17769567
16597867
15449924
14325738
13225309
12148637
11095722
10066564
9061163
8079519
7121632
6187502
5277129
4390513
3527654
2688552
1873207
1081619
313788
-430286
-1150603
-1847163
-2519966
-3169012
-3794301
-4395833
-4973608
-5527626
-6057887
-6564391
-7047138
-7506128
-7941361
-8352837
-8740556
-9104518
-9444723
-9761171
-10053862
-10322796
-10567973
-10789393
-10987056
-11160962
-11311111
-11437503
-11540138
-11619016
-11674137
-11705501
-11713108
-11696958
-11657051
-11593387
-11505966
-11394788
-11259853
-11101161
-10918712
-10712506
-10482543
-10228823
-9951346
-9650112
-9325121
-8976373
-8603868
-8207606
-7787587
-7343811
-6876278
-6384988
-5869941
-5331137
-4768576
-4182258
-3572183
-2938351
-2280762
-1599416
-894313
-165453
587164
1363538
2163669
2987557
3835202
4706604
5601763
6520679
7463352
8429782
9419969
10433913
11471614
12533072
13618287
12727258
9859985
7016469
4196710
1400708
-1371537
-4120025
-6844756
-9545730
-12222947
-14876407
-17506110
-20112056
-22694245
-23252676
-23787350
-24298267
-24785427
-25248830
-25688476
-26104365
-26496497
-26864872
-27209490
-27530351
-27827455
-28100802
-28350392
-28576225
-28778301
-28956620
-29111182
-29241987
-29349035
-29432326
-29491860
-29527637
-29539657
-29527920
-29492426
-29433175
-29350167
-29243402
-29112880
-28958601
-28780565
-28578772
-28353222
-28103915
-27830851
-27534030
-27213452
-26869117
-26501025
-26109176
-25693570
-25254207
-24791087
-24304210
-23793576
-23259185
-22701037
-22119132
-21513470
-20884051
-20230875
-19553942
-18853252
-18128805
-17380601
-16608640
-15812922
-14993447
-14150215
-13283226
-12392480
-11477977
-10539717
-9577700
-8591926
-7582395
-6549107
-5492062
-4411260
-3306701
-2178385
-1026312
149518
1349105
2572449
3819550
5090408
6385023
7703395
9045524
10411410
11801053
13214453
14651610
16112524
17597195
19105623
20637808
22193750
23773449
25376905
27004118
28655088
30329815
32028299
33750540
35496538
37266293
39059805
40877074
42718100
44582883
46471423
48383720
50319774
52279585
54263153
56270478
58301560
60356399
62434995
62537347
60663455
58813320
56986942
55184321
53405457
51650350
49919000
48211407
46527571
44867492
43231170
41618605
40029797
38464746
36923452
35405915
33912135
32442112
30995846
29573337
28174585
26799590
25448352
24120871
22817147
21537180
20280970
19048517
17839821
16654882
15493700
14356275
13242607
12152696
11086542
10044145
9025505
8030622
7059496
6112127
5188515
4288660
3412562
2560221
1731637
926810
145740
-611573
-1345129
-2054928
-2740970
-3403255
-4041783
-4656554
-5247568
-5814825
-6358325
-6878068
-7374054
-7846283
-8294755
-8719470
-9120428
-9497629
-9851073
-10180760
-10486690
-10768863
-11027279
-11261938
-11472840
-11659985
-11823373
-11963004
-12078878
-12170995
-12239355
-12283958
-12304804
-12301893
-12275225
-12224800
-12150618
-12052679
-11930983
-11785530
-11616320
-11423353
-11206629
-10966148
-10701910
-10413915
-10102163
-9766654
-9407388
-9024365
-8617585
-8187048
-7732754
-7254703
-6752895
-6227330
-5678008
-5104929
-4508093
-3887500
-3243150
-2575043
-1883179
-1167558
-428180
334955
1121847
1932496
2766902
3625065
4506985
5412662
6342096
7295287
8272235
9272940
10297402
11345621
12417597
13513330
10632818
7776063
4943065
2133824
-651660
-3413387
-6151357
-8865570
-11556026
-14222725
-16865667
-19484852
-22080280
-22651950
-23199863
-23724019
-24224418
-24701060
-25153945
-25583073
-25988444
-26370058
-26727915
-27062015
-27372358
-27658944
-27921773
-28160845
-28376160
-28567718
-28735519
-28879563
-28999850
-29096380
-29169153
-29218169
-29243428
-29244930
-29222675
-29176663
-29106894
-29013368
-28896085
-28755045
-28590248
-28401694
-28189383
-27953315
-27693490
-27409908
-27102569
-26771473
-26416620
-26038010
-25635643
-25209519
-24759638
-24286000
-23788605
-23267453
-22722544
-22153878
-21561455
-20945275
-20305338
-19641644
-18954193
-18242985
-17508020
-16749298
-15966819
-15160583
-14330590
-13476840
-12599333
-11698069
-10773048
-9824270
-8851735
-7855443
-6835394
-5791588
-4724025
-3632705
-2517628
-1378794
-216203
970145
2180250
3414112
4671731
5953107
7258240
8587130
9939777
11316181
12716342
14140260
15587935
17059367
18554556
20073502
21616205
23182665
24772882
26386856
28024587
29686075
31371320
33080322
34813081
36569597
38349870
40153900
41981687
43833231
45708532
47607590
49530405
51476977
53447306
55441392
57459235
59500835
61566192
63655306
61768175
59904801
58065184
56249324
54457221
52688875
50944286
49223454
47526379
45853061
44203500
42577696
40975649
39397359
37842826
36312050
34805031
33321769
31862264
30426516
29014525
27626291
26261814
24921094
23604131
22310925
21041476
19795784
18573849
17375671
16201250
15050586
13923679
12820529
11741136
10685500
9653621
8645499
7661134
6700526
5763675
4850581
3961244
3095664
2253841
1435775
641466
-129086
-875881
-1598919
-2298200
-2973724
-3625491
-4253501
-4857754
-5438250
-5994989
-6527971
-7037196
-7522664
-7984375
-8422329
-8836526
-9226966
-9593649
-9936575
-10255744
-10551156
-10822811
-11070709
-11294850
-11495234
-11671861
-11824731
-11953844
-12059200
-12140799
-12198641
-12232726
-12243054
-12229625
-12192439
-12131496
-12046796
-11938339
-11806125
-11650154
-11470426
-11266941
-11039699
-10788700
-10513944
-10215431
-9893161
-9547134
-9177350
-8783809
-8366511
-7925456
-7460644
-6972075
-6459749
-5923666
-5363826
-4780229
-4172875
-3541764
-2886896
-2208271
-1505889
-779750
-29854
743799
1541209
2362376
3207300
4075981
4968419
5884614
6824566
7788275
8775741
9786964
10821944
11880681
12963175
12069425
9199431
6353194
3530714
731991
-2042975
-4794184
-7521636
-10225331
-12905269
-15561450
-18193874
-20802541
-23387451
-23948603
-24485998
-24999636
-25489517
-25955641
-26398008
-26816618
-27211471
-27582567
-27929906
-28253488
-28553313
-28829381
-29081692
-29310246
-29515043
-29696083
-29853366
-29986892
-30096661
-30182673
-30244928
-30283426
-30298167
-30289151
-30256378
-30199848
-30119561
-30015517
-29887716
-29736158
-29560843
-29361771
-29138942
-28892356
-28622013
-28327913
-28010056
-27668442
-27303071
-26913943
-26501058
-26064416
-25604017
-25119861
-24611948
-24080278
-23524851
-22945667
-22342726
-21716028
-21065573
-20391361
-19693392
-18971666
-18226183
-17456943
-16663946
-15847192
-15006681
-14142413
-13254388
-12342606
-11407067
-10447771
-9464718
-8457908
-7427341
-6373017
-5294936
-4193098
-3067503
-1918151
-745042
451824
1672447
2916827
4184964
5476858
6792509
8131917
9495082
10882004
12292683
13727119
15185312
16667262
18172969
19702433
21255654
22832632
24433367
26057859
27706108
29378114
31073877
32793397
34536674
36303708
38094499
39909047
41747352
43609414
45495233
47404809
49338142
51295232
53276079
55280683
57309044
59361162
61437037
63536669
61660056
59807200
57978101
56172759
54391174
52633346
50899275
49188961
47502404
45839604
44200561
42585275
40993746
39425974
37881959
36361701
34865200
33392456
31943469
30518239
29116766
27739050
26385091
25054889
23748444
22465756
21206825
19971651
18760234
17572574
16408671
15268525
14152136
13059504
11990629
10945511
9924150
8926546
7952699
7002609
6076276
5173700
4294881
3439819
2608514
1800966
1017175
257141
-479136
-1191656
-1880419
-2545425
-3186674
-3804166
-4397901
-4967879
-5514100
-6036564
-6535271
-7010221
-7461414
-7888850
-8292529
-8672451
-9028616
-9361024
-9669675
-9954569
-10215706
-10453086
-10666709
-10856575
-11022684
-11165036
-11283631
-11378469
-11449550
-11496874
-11520441
-11520251
-11496304
-11448600
-11377139
-11281921
-11162946
-11020214
-10853725
-10663479
-10449476
-10211716
-9950199
-9664925
-9355894
-9023106
-8666561
-8286259
-7882200
-7454384
-7002811
-6527481
-6028394
-5505550
-4958949
-4388591
-3794476
-3176604
-2534975
-1869589
-1180446
-467546
269111
1029525
1813696
2621624
3453309
4308751
5187950
6090906
7017619
7968089
8942316
9940300
10962041
12007539
13076794
14169806
11286573
8427097
5591378
2779416
-8789
-2773237
-5513928
-8230862
-10924039
-13593459
-16239122
-18861028
-21459177
-22033568
-22584202
-23111079
-23614199
-24093562
-24549168
-24981017
-25389109
-25773444
-26134022
-26470843
-26783907
-27073214
-27338764
-27580557
-27798593
-27992872
-28163394
-28310159
-28433167
-28532418
-28607912
-28659649
-28687629
-28691852
-28672318
-28629027
-28561979
-28471174
-28356612
-28218293
-28056217
-27870384
-27660794
-27427447
-27170343
-26889482
-26584864
-26256489
-25904357
-25528468
-25128822
-24705419
-24258259
-23787342
-23292668
-22774237
-22232049
-21666104
-21076402
-20462943
-19825727
-19164754
-18480024
-17771537
-17039293
-16283292
-15503534
-14700019
-13872747
-13021718
-12146932
-11248389
-10326089
-9380032
-8410218
-7416647
-6399319
-5358234
-4293392
-3204793
-2092437
-956324
203546
1387173
2594557
3825698
5080596
6359251
7661663
8987832
10337758
11711441
13108881
14530078
15975032
17443743
18936211
20452436
21992418
23556157
25143653
26754906
28389916
30048683
31731207
33437488
35167526
36921321
38698873
40500182
42325248
44174071
46046651
47942988
49863082
51806933
53774541
55765906
57781028
59819907
61882543
63968936
64079085
62212990
60370652
58552071
56757247
54986180
53238870
51515317
49815521
48139482
46487200
44858675
43253907
41672896
40115642
38582145
37072405
35586422
34124196
32685727
31271015
29880060
28512862
27169421
25849737
24553810
23281640
22033227
20808571
19607672
18430530
17277145
16147517
15041646
13959532
12901175
11866575
10855732
9868646
8905317
7965745
7049930
6157872
5289571
4445027
3624240
2827210
2053937
1304421
578662
-123340
-801585
-1456073
-2086804
-2693778
-3276995
-3836455
-4372158
-4884104
-5372293
-5836725
-6277400
-6694318
-7087479
-7456883
-7802530
-8124420
-8422553
-8696929
-8947548
-9174410
-9377515
-9556863
-9712454
-9844288
-9952365
-10036685
-10097248
-10134054
-10147103
-10136395
-10101930
-10043708
-9961729
-9855993
-9726500
-9573250
-9396243
-9195479
-8970958
-8722680
-8450645
-8154853
-7835304
-7491998
-7124935
-6734115
-6319538
-5881204
-5419113
-4933265
-4423660
-3890298
-3333179
-2752303
-2147670
-1519280
-867133
-191229
508432
1231850
1979025
2749957
3544646
4363092
5205295
6071255
6960972
7874446
8811677
9772665
10757410
11765912
12798171
13854187
14933960
14037489
11164774
8315816
5490615
2689171
-88516
-2842446
-5572619
-8279035
-10961694
-13620596
-16255741
-18867129
-21454760
-22018633
-22558749
-23075108
-23567710
-24036555
-24481643
-24902974
-25300548
-25674365
-26024425
-26350728
-26653274
-26932063
-27187095
-27418370
-27625888
-27809649
-27969653
-28105900
-28218390
-28307123
-28372099
-28413318
-28430780
-28424485
-28394433
-28340624
-28263058
-28161735
-28036655
-27887818
-27715224
-27518873
-27298765
-27054900
-26787278
-26495899
-26180763
-25841870
-25479220
-25092813
-24682649
-24248728
-23791050
-23309615
-22804423
-22275474
-21722768
-21146305
-20546085
-19922108
-19274374
-18602883
-17907635
-17188630
-16445868
-15679349
-14889073
-14075040
-13237250
-12375703
-11490399
-10581338
-9648520
-8691945
-7711613
-6707524
-5679678
-4628075
-3552715
-2453598
-1330724
-184093
986295
2180440
3398342
4640001
5905417
7194590
8507520
9844207
11204651
12588852
13996810
15428525
16883997
18363226
19866212
21392955
22943455
24517712
26115726
27737497
29383025
31052310
32745352
34462151
36202707
37967020
39755090
41566917
43402501
45261842
47144940
49051795
50982407
52936776
54914902
56916785
58942425
60991822
63064976
65161887
63282553
61426976
59595156
57787093
56002787
54242238
52505446
50792411
49103133
47437612
45795848
44177841
42583591
41013098
39466362
37943383
36444161
34968696
33516988
32089037
30684843
29304406
27947726
26614803
25305637
24020228
22758576
21520681
20306543
19116162
17949538
16806671
15687561
14592208
13520612
12472773
11448691
10448366
9471798
8518987
7589933
6684636
5803096
4945313
4111287
3301018
2514506
1751751
1012753
297512
-393972
-1061699
-1705669
-2325882
-2922338
-3495037
-4043979
-4569164
-5070592
-5548263
-6002177
-6432334
-6838734
-7221377
-7580263
-7915392
-8226764
-8514379
-8778237
-9018338
-9234682
-9427269
-9596099
-9741172
-9862488
-9960047
-10033849
-10083894
-10110182
-10112713
-10091487
-10046504
-9977764
-9885267
-9769013
-9629002
-9465234
-9277709
-9066427
-8831388
-8572592
-8290039
-7983729
-7653662
-7299838
-6922257
-6520919
-6095824
-5646972
-5174363
-4677997
-4157874
-3613994
-3046357
-2454963
-1839812
-1200904
-538239
148183
858362
1592298
2349991
3131441
3936648
4765612
5618333
6494811
7395046
8319038
9266787
10238293
11233556
12252576
13295353
14361887
15452178
12566224
9704027
6865587
4050904
1259978
-1507191
-4250603
-6970258
-9666156
-12338297
-14986681
-17611308
-20212178
-22789291
-23342646
-23872244
-24378085
-24860169
-25318496
-25753066
-26163879
-26550935
-26914234
-27253776
-27569561
-27861589
-28129860
-28374374
-28595131
-28792131
-28965374
-29114860
-29240589
-29342561
-29420776
-29475234
-29505935
-29512879
-29496066
-29455496
-29391169
-29303085
-29191244
-29055646
-28896291
-28713179
-28506310
-28275684
-28021301
-27743161
-27441264
-27115610
-26766199
-26393031
-25996106
-25575424
-25130985
-24662789
-24170836
-23655126
-23115659
-22552435
-21965454
-21354716
-20720221
-20061969
-19379960
-18674194
-17944671
-17191391
-16414354
-15613560
-14789009
-13940701
-13068636
-12172814
-11253235
-10309899
-9342806
-8351956
-7337349
-6298985
-5236864
-4150986
-3041351
-1907959
-750810
430096
1634759
2863179
4115356
5391290
6690981
8014429
9361634
10732596
12127315
13545791
14988024
16454014
17943761
19457265
20994526
22555544
24140319
25748851
27381140
29037186
30716989
32420549
34147866
35898940
37673771
39472359
41294704
43140806
45010665
46904281
48821654
50762784
52727671
54716315
56728716
58764874
60824789
62908461
63015889
61147073
59302014
57480712
55683167
53909379
52159348
50433074
48730557
47051797
45396794
43765548
42158059
40574327
39014352
37478134
35965673
34476969
33012022
31570832
30153399
28759723
27389804
26043642
24721237
23422589
22147698
20896564
19669187
18465567
17285704
16129598
14997249
13888657
12803822
11742744
10705423
9691859
8702052
7736002
6793709
5875173
4980394
4109372
3262107
2438599
1638848
862854
110617
-617863
-1322586
-2003552
-2660761
-3294213
-3903908
-4489846
-5052027
-5590451
-6105118
-6596028
-7063181
-7506577
-7926216
-8322098
-8694223
-9042591
-9367202
-9668056
-9945153
-10198493
-10428076
-10633902
-10815971
-10974283
-11108838
-11219636
-11306677
-11369961
-11409488
-11425258
-11417271
-11385527
-11330026
-11250768
-11147753
-11020981
-10870452
-10696166
-10498123
-10276323
-10030766
-9761452
-9468381
-9151553
-8810968
-8446626
-8058527
-7646671
-7211058
-6751688
-6268561
-5761677
-5231036
-4676638
-4098483
-3496571
-2870902
-2221476
-1548293
-851353
-130656
613798
1382009
2173977
2989702
3829184
4692423
5579419
6490172
7424682
8382949
9364973
10370754
11400292
12453587
13530639
12631447
9756011
6904332
4076410
1272245
-1508163
-4264814
-6997708
-9706845
-12392225
-15053848
-17691714
-20305823
-22896175
-23462769
-24005606
-24524686
-25020009
-25491575
-25939384
-26363436
-26763731
-27140269
-27493050
-27822074
-28127341
-28408851
-28666604
-28900600
-29110839
-29297321
-29460046
-29599014
-29714225
-29805679
-29873376
-29917316
-29937499
-29933925
-29906594
-29855506
-29780661
-29682059
-29559700
-29413584
-29243711
-29050081
-28832694
-28591550
-28326649
-28037991
-27725576
-27389404
-27029475
-26645789
-26238346
-25807146
-25352189
-24873475
-24371004
-23844776
-23294791
-22721049
-22123550
-21502294
-20857281
-20188511
-19495984
-18779700
-18039659
-17275861
-16488306
-15676994
-14841925
-13983099
-13100516
-12194176
-11264079
-10310225
-9332614
-8331246
-7306121
-6257239
-5184600
-4088204
-2968051
-1824141
-656474
534950
1750131
2989069
4251764
5538216
6848425
8182391
9540114
10921594
12326831
13755825
15208576
16685084
18185349
19709371
21257150
22828686
24423979
26043029
27685836
29352400
31042721
32756799
34494634
36256226
38041575
39850681
41683544
43540164
45420541
47324675
49252566
51204214
53179619
55178781
57201700
59248376
61318809
63412999
61530944
59672646
57838105
56027321
54240294
52477024
50737511
49021755
47329756
45661514
44017029
42396301
40799330
39226116
37676659
36150959
34649016
33170830
31716401
30285729
28878814
27495656
26136255
24800611
23488724
22200594
20936221
19695605
18478746
17285644
16116299
14970711
13848880
12750806
11676489
10625929
9599126
8596080
7616791
6661259
5729484
4821466
3937205
3076701
2239954
1426964
637731
-127745
-869464
-1587426
-2281631
-2952079
-3598770
-4221704
-4820881
-5396301
-5947964
-6475870
-6980019
-7460411
-7917046
-8349924
-8759045
-9144409
-9506016
-9843866
-10157959
-10448295
-10714874
-10957696
-11176761
-11372069
-11543620
-11691414
-11815451
-11915731
-11992254
-12045020
-12074029
-12079281
-12060776
-12018514
-11952495
-11862719
-11749186
-11611896
-11450849
-11266045
-11057484
-10825166
-10569091
-10289259
-9985670
-9658324
-9307221
-8932361
-8533744
-8111370
-7665239
-7195351
-6701706
-6184304
-5643145
-5078229
-4489556
-3877126
-3240939
-2580995
-1897294
-1189836
-458621
296351
1075080
1877566
2703809
3553809
4427566
5325080
6246351
7191379
8160164
9152706
10169005
11209061
12272874
13360444
12471770
9606852
6765691
3948287
1154640
-1615250
-4361383
-7083759
-9782378
-12457240
-15108345
-17735693
-20339284
-22919118
-23475194
-24007513
-24516075
-25000880
-25461928
-25899219
-26312753
-26702530
-27068550
-27410813
-27729319
-28024068
-28295060
-28542295
-28765773
-28965494
-29141458
-29293665
-29422115
-29526808
-29607744
-29664923
-29698345
-29708010
-29693918
-29656069
-29594463
-29509100
-29399980
-29267103
-29110469
-28930078
-28725930
-28498025
-28246363
-27970944
-27671768
-27348835
-27002145
-26631698
-26237494
-25819533
-25377815
-24912340
-24423108
-23910119
-23373373
-22812870
-22228610
-21620593
-20988819
-20333288
-19654000
-18950955
-18224153
-17473594
-16699278
-15901205
-15079375
-14233788
-13364444
-12471343
-11554485
-10613870
-9649498
-8661369
-7649483
-6613840
-5554440
-4471283
-3364369
-2233698
-1079270
98915
1300857
2526556
3776012
5049225
6346195
7666922
9011406
10379647
11771645
13187400
14626912
16090181
17577207
19087990
20622530
22180827
23762881
25368692
26998260
28651585
30328667
32029506
33754102
35502455
37274565
39070432
40890056
42733437
44600575
46491470
48406122
50344531
52306697
54292620
56302300
58335737
60392931
62473882
62578589
60707052
58859272
57035249
55234983
53458474
51705722
49976727
48271489
46590008
44932284
43298317
41688107
40101654
38538958
37000019
35484837
33993412
32525744
31081833
29661679
28265282
26892642
25543759
24218633
22917264
21639652
20385797
19155699
17949358
16766774
15607947
14472877
13361564
12274008
11210209
10170167
9153882
8161354
7192583
6247569
5326312
4428812
3555069
2705083
1878854
1076382
297667
-457291
-1188492
-1895936
-2579623
-3239553
-3875726
-4488142
-5076801
-5641703
-6182848
-6700236
-7193867
-7663741
-8109858
-8532218
-8930821
-9305667
-9656756
-9984088
-10287663
-10567481
-10823542
-11055846
-11264393
-11449183
-11610216
-11747492
-11861011
-11950773
-12016778
-12059026
-12077517
-12072251
-12043228
-11990448
-11913911
-11813617
-11689566
-11541758
-11370193
-11174871
-10955792
-10712956
-10446363
-10156013
-9841906
-9504042
-9142421
-8757043
-8347908
-7915016
-7458367
-6977961
-6473798
-5945878
-5394201
-4818767
-4219576
-3596628
-2949923
-2279461
-1585242
-867266
-125533
639957
1429204
2242208
3078969
3939487
4823762
5731794
6663583
7619129
8598432
9601492
10628309
11678883
12753214
13851302
10973145
8118745
5288102
2481216
-301913
-3061285
-5796900
-8508758
-11196859
-13861203
-16501790
-19118620
-21711693
-22281008
-22826566
-23348367
-23846411
-24320698
-24771228
-25198001
-25601017
-25980276
-26335778
-26667523
-26975511
-27259742
-27520216
-27756933
-27969893
-28159096
-28324542
-28466231
-28584163
-28678338
-28748756
-28795417
-28818321
-28817468
-28792858
-28744491
-28672367
-28576486
-28456848
-28313453
-28146301
-27955392
-27740726
-27502303
-27240123
-26954186
-26644492
-26311041
-25953833
-25572868
-25168146
-24739667
-24287431
-23811438
-23311688
-22788181
-22240917
-21669896
-21075118
-20456583
-19814291
-19148242
-18458436
-17744873
-17007553
-16246476
-15461642
-14653051
-13820703
-12964598
-12084736
-11181117
-10253741
-9302608
-8327718
-7329071
-6306667
-5260506
-4190588
-3096913
-1979481
-838292
326654
1515357
2727817
3964034
5224008
6507739
7815227
9146472
10501474
11880233
13282749
14709022
16159052
17632839
19130383
20651684
22196742
23765557
25358129
26974458
28614544
30278387
31965987
33677344
35412458
37171329
38953957
40760342
42590484
44444383
46322039
48223452
50148622
52097549
54070233
56066674
58086872
60130827
62198539
64290008
62405232
60544213
58706951
56893446
55103698
53337707
51595473
49876996
48182276
46511313
44864107
43240658
41640966
40065031
38512853
36984432
35479768
33998861
32541711
31108318
29698682
28312803
26950681
25612316
24297708
23006857
21739763
20496426
19276846
18081023
16908957
15760648
14636096
13535301
12458263
11404982
10375458
9369691
8387681
7429428
6494932
5584193
4697211
3833986
2994518
2178807
1386853
618656
-125784
-846467
-1543393
-2216562
-2865974
-3491629
-4093527
-4671668
-5226052
-5756679
-6263549
-6746662
-7206018
-7641617
-8053459
-8441544
-8805872
-9146443
-9463257
-9756314
-10025614
-10271157
-10492943
-10690972
-10865244
-11015759
-11142517
-11245518
-11324762
-11380249
-11411979
-11419952
-11404168
-11364627
-11301329
-11214274
-11103462
-10968893
-10810567
-10628484
-10422644
-10193047
-9939693
-9662582
-9361714
-9037089
-8688707
-8316568
-7920672
-7501019
-7057609
-6590442
-6099518
-5584837
-5046399
-4484204
-3898252
-3288543
-2655077
-1997854
-1316874
-612137
116357
868608
1644616
2444381
3267903
4115182
4986218
5881011
6799561
7741868
8707932
9697753
10711331
11748666
12809758
13894607
13003212
10135573
7291691
4471566
1675198
-1097413
-3846267
-6571364
-9272704
-11950287
-14604113
-17234182
-19840494
-22423049
-22981846
-23516886
-24028169
-24515695
-24979464
-25419476
-25835731
-26228229
-26596970
-26941954
-27263181
-27560651
-27834364
-28084320
-28310519
-28512961
-28691646
-28846574
-28977745
-29085159
-29168816
-29228716
-29264859
-29277245
-29265874
-29230746
-29171861
-29089219
-28982820
-28852664
-28698751
-28521081
-28319654
-28094470
-27845529
-27572831
-27276376
-26956164
-26612195
-26244469
-25852986
-25437746
-24998749
-24535995
-24049484
-23539216
-23005191
-22447409
-21865870
-21260574
-20631521
-19978711
-19302144
-18601820
-17877739
-17129901
-16358306
-15562954
-14743845
-13900979
-13034356
-12143976
-11229839
-10291945
-9330294
-8344886
-7335721
-6302799
-5246120
-4165684
-3061491
-1933541
-781834
393630
1592851
2815829
4062564
5333056
6627305
7945311
9287074
10652594
12041871
13454905
14891696
16352244
17836549
19344611
20876430
22432006
24011339
25614429
27241276
28891880
30566241
32264359
33986234
35731866
37501255
39294401
41111304
42951964
44816381
46704555
48616486
50552174
52511619
54494821
56501780
58532496
60586969
62665199
62767185
60892927
59042426
57215682
55412695
53633465
51877992
50146276
48438317
46754115
45093670
43456982
41844051
40254877
38689460
37147800
35629897
34135751
32665362
31218730
29795855
28396737
27021376
25669772
24341925
23037835
21757502
20500926
19268107
18059045
16873740
15712192
14574401
13460367
12370090
11303570
10260807
9241801
8246552
7275060
6327325
5403347
4503126
3626662
2773955
1945005
1139812
358376
-399303
-1133225
-1843390
-2529798
-3192449
-3831343
-4446480
-5037860
-5605483
-6149349
-6669458
-7165810
-7638405
-8087243
-8512324
-8913648
-9291215
-9645025
-9975078
-10281374
-10563913
-10822695
-11057720
-11268988
-11456499
-11620253
-11760250
-11876490
-11968973
-12037699
-12082668
-12103880
-12101335
-12075033
-12024974
-11951158
-11853585
-11732255
-11587168
-11418324
-11225723
-11009365
-10769250
-10505378
-10217749
-9906363
-9571220
-9212320
-8829663
-8423249
-7993078
-7539150
-7061465
-6560023
-6034824
-5485868
-4913155
-4316685
-3696458
-3052474
-2384733
-1693235
-977980
-238968
523801
1310327
2120610
2954650
3812447
4694001
5599312
6528380
7481205
8457787
9458126
10482222
11530075
12601685
13697052
10816174
7959053
5125689
2316082
-469768
-3231861
-5970197
-8684776
-11375598
-14042663
-16685971
-19305522
-21901316
-22473352
-23021631
-23546153
-24046918
-24523926
-24977177
-25406671
-25812408
-26194388
-26552611
-26887077
-27197786
-27484738
-27747933
-27987371
-28203052
-28394976
-28563143
-28707553
-28828206
-28925102
-28998241
-29047623
-29073248
-29075116
-29053227
-29007581
-28938178
-28845018
-28728101
-28587427
-28422996
-28234808
-28022863
-27787161
-27527702
-27244486
-26937513
-26606783
-26252296
-25874052
-25472051
-25046293
-24596778
-24123506
-23626477
-23105691
-22561148
-21992848
-21400791
-20784977
-20145406
-19482078
-18794993
-18084151
-17349552
-16591196
-15809083
-15003213
-14173586
-13320202
-12443061
-11542163
-10617508
-9669096
-8696927
-7701001
-6681318
-5637878
-4570681
-3479727
-2365016
-1226548
-64323
1121659
2331398
3564894
4822147
6103157
7407924
8736448
10088729
11464767
12864562
14288114
15735423
17206489
18701312
20219892
21762229
23328323
24918174
26531782
28169147
29830269
31515148
33223784
34956177
36712327
38492234
40295898
42123319
43974497
45849432
47748124
49670573
51616779
53586742
55580462
57597939
59639173
61704164
63792912
61905415
60041675
58201692
56385466
54592997
52824285
51079330
49358132
47660691
45987007
44337080
42710910
41108497
39529841
37974942
36443800
34936415
33452787
31992916
30556802
29144445
27755845
26391002
25049916
23732587
22439015
21169200
19923142
18700841
17502297
16327510
15176480
14049207
12945691
11865932
10809930
9777685
8769197
7784466
6823492
5886275
4972815
4083112
3217166
2374977
1556545
761870
-9048
-756209
-1479613
-2179260
-2855150
-3507283
-4135659
-4740278
-5321140
-5878245
-6411593
-6921184
-7407018
-7869095
-8307415
-8721978
-9112784
-9479833
-9823125
-10142660
-10438438
-10710459
-10958723
-11183230
-11383980
-11560973
-11714209
-11843688
-11949410
-12031375
-12089583
-12124034
-12134728
-12121665
-12084845
-12024268
-11939934
-11831843
-11699995
-11544390
-11365028
-11161909
-10935033
-10684400
-10410010
-10111863
-9789959
-9444298
-9074880
-8681705
-8264773
-7824084
-7359638
-6871435
-6359475
-5823758
-5264284
-4681053
-4074065
-3443320
-2788818
-2110559
-1408543
-682770
66760
840047
1637091
2457892
3302450
4170765
5062837
5978666
6918252
7881595
8868695
9879552
10914166
11972537
13054665
12160549
9290189
6443586
3620740
821651
-1953681
-4705256
-7433074
-10137135
-12817439
-15473986
-18106776
-20715809
-23301085
-23862603
-24400364
-24914368
-25404615
-25871105
-26313838
-26732814
-27128033
-27499495
-27847200
-28171148
-28471339
-28747773
-29000450
-29229370
-29434533
-29615939
-29773588
-29907480
-30017615
-30103993
-30166614
-30205478
-30220585
-30211935
-30179528
-30123364
-30043443
-29939765
-29812330
-29661138
-29486189
-29287483
-29065020
-28818800
-28548823
-28255089
-27937598
-27596350
-27231345
-26842583
-26430064
-25993788
-25533755
-25049965
-24542418
-24011114
-23456053
-22877235
-22274660
-21648328
-20998239
-20324393
-19626790
-18905430
-18160313
-17391439
-16598808
-15782420
-14942275
-14078373
-13190714
-12279298
-11344125
-10385195
-9402508
-8396064
-7365863
-6311905
-5234190
-4132718
-3007489
-1858503
-685760
510740
1730997
2975011
4242782
5534310
6849595
8188637
9551436
10937992
12348305
13782375
15240202
16721786
18227127
19756225
21309080
22885692
24486061
26110187
27758070
29429710
31125107
32844261
34587172
36353840
38144265
39958447
41796386
43658082
45543535
47452745
49385712
51342436
53322917
55327155
57355150
59406902
61482411
63581677
61704698
59851476
58022011
56216303
54434352
52676158
50941721
49231041
47544118
45880952
44241543
42625891
41033996
39465858
37921477
36400853
34903986
33430876
31981523
30555927
29154088
27776006
26421681
25091113
23784302
22501248
21241951
20006411
18794628
17606602
16442333
15301821
14185066
13092068
12022827
10977343
9955616
8957646
7983433
7032977
6106278
5203336
4324151
3468723
2637052
1829138
1044981
284581
-452062
-1164948
-1854077
-2519449
-3161064
-3778922
-4373023
-4943367
-5489954
-6012784
-6511857
-6987173
-7438732
-7866534
-8270579
-8650867
-9007398
-9340172
-9649189
-9934449
-10195952
-10433698
-10647687
-10837919
-11004394
-11147112
-11266073
-11361277
-11432724
-11480414
-11504347
-11504523
-11480942
-11433604
-11362509
-11267657
-11149048
-11006682
-10840559
-10650679
-10437042
-10199648
-9938497
-9653589
-9344924
-9012502
-8656323
-8276387
-7872694
-7445244
-6994037
-6519073
-6020352
-5497874
-4951639
-4381647
-3787898
-3170392
-2529129
-1864109
-1175332
-462798
273493
1033541
1817346
2624908
3456227
4311303
5190136
6092726
7019073
7969177
8943038
9940656
10962031
12007163
13076052
14168698
11285099
8425257
5589172
2776844
-11727
-2776541
-5517598
-8234898
-10928441
-13598227
-16244256
-18866528
-21465043
-24039801
-24590801
-25118044
-25621530
-26101259
-26557231
-26989446
-27397904
-27782605
-28143549
-28480736
-28794166
-29083839
-29349755
-29591914
-29810316
-30004961
-30175849
-30322980
-30446354
-30545971
-30621831
-30673934
-30702280
-30706869
-30687701
-30644776
-30578094
-30487655
-30373459
-30235506
-30073796
-29888329
-29679105
-29446124
-29189386
-28908891
-28604639
-28276630
-27924864
-27549341
-27150061
-26727024
-26280230
-25809679
-25315371
-24797306
-24255484
-23689905
-23100569
-22487476
-21850626
-21190019
-20505655
-19797534
-19065656
-18310021
-17530629
-16727480
-15900574
-15049911
-14175491
-13277314
-12355380
-11409689
-10440241
-9447036
-8430074
-7389355
-6324879
-5236646
-4124656
-2988909
-1829405
-646144
560874
1791649
3046181
4324470
5626516
6952319
8301879
9675196
11072270
12493101
13937689
15406034
16898136
18413995
19953611
21516984
23104114
24715001
26349645
28008046
29690204
31396119
33125791
34879220
36656406
38457349
40282049
42130506
44002720
45898691
47818419
49761904
51729146
53720145
55734901
57773414
59835684
61921711
62031494
60165033
58322329
56503382
54708192
52936759
51189083
49465164
47765002
46088597
44435949
42807058
41201924
39620547
38062927
36529064
35018958
33532609
32070017
30631182
29216104
27824783
26457219
25113412
23793362
22497069
21224533
19975754
18750732
17549467
16371959
15218208
14088214
12981977
11899497
10840774
9805808
8794599
7807147
6843452
5903514
4987333
4094909
3226242
2381332
1560179
762783
-10856
-760738
-1486863
-2189231
-2867842
-3522696
-4153793
-4761133
-5344716
-5904542
-6440611
-6952923
-7441478
-7906276
-8347317
-8764601
-9158128
-9527898
-9873911
-10196167
-10494666
-10769408
-11020393
-11247621
-11451092
-11630806
-11786763
-11918963
-12027406
-12112092
-12173021
-12210193
-12223608
-12213266
-12179167
-12121311
-12039698
-11934328
-11805201
-11652317
-11475676
-11275278
-11051123
-10803211
-10531542
-10236116
-9916933
-9573993
-9207296
-8816842
-8402631
-7964663
-7502938
-7017456
-6508217
-5975221
-5418468
-4837958
-4233691
-3605667
-2953886
-2278348
-1579053
-856001
-109192
661374
1455697
2273777
3115614
3981208
4870559
5783667
6720532
7681154
8665533
9673669
10705562
11761212
12840619
11943782
9070701
6221377
3395810
594000
-2184053
-4938349
-7668888
-10375670
-13058695
-15717963
-18353474
-20965228
-23553225
-24117464
-24657946
-25174671
-25667639
-26136850
-26582304
-27004001
-27401941
-27776124
-28126550
-28453219
-28756131
-29035286
-29290684
-29522325
-29730209
-29914336
-30074706
-30211319
-30324175
-30413274
-30478616
-30520201
-30538029
-30532100
-30502414
-30448971
-30371771
-30270814
-30146100
-29997629
-29825401
-29629416
-29409674
-29166175
-28898919
-28607906
-28293136
-27954609
-27592325
-27206284
-26796486
-26362931
-25905619
-25424550
-24919724
-24391141
-23838801
-23262704
-22662850
-22039239
-21391871
-20720746
-20025864
-19307225
-18564829
-17798676
-17008766
-16195099
-15357675
-14496494
-13611556
-12702861
-11770409
-10814200
-9834234
-8830511
-7803031
-6751794
-5676800
-4578049
-3455541
-2309276
-1139254
54525
1272061
2513354
3778404
5067211
6379775
7716096
9076174
10460009
11867601
13298950
14754056
16232919
17735539
19261916
20812050
22385941
23983589
25604994
27250156
28919075
30611751
32328184
34068374
35832321
37620025
39431486
41266704
43125679
45008411
46914900
48845146
50799149
52776909
54778426
56803700
58852731
60925519
63022064
61142364
59286421
57454235
55645806
53861134
52100219
50363061
48649660
46960016
45294129
43651999
42033626
40439010
38868151
37321049
35797704
34298116
32822285
31370211
29941894
28537334
27156531
25799485
24466196
23156664
21870889
20608871
19370610
18156106
16965359
15798369
14655136
13535660
12439941
11367979
10319774
9295326
8294635
7317701
6364524
5435104
4529441
3647535
2789386
1954994
1144359
357481
-405640
-1145004
-1860611
-2552461
-3220554
-3864890
-4485469
-5082291
-5655356
-6204664
-6730215
-7232009
-7710046
-8164326
-8594849
-9001615
-9384624
-9743876
-10079371
-10391109
-10679090
-10943314
-11183781
-11400491
-11593444
-11762640
-11908079
-12029761
-12127686
-12201854
-12252265
-12278919
-12281816
-12260956
-12216339
-12147965
-12055834
-11939946
-11800301
-11636899
-11449740
-11238824
-11004151
-10745721
-10463534
-10157590
-9827889
-9474431
-9097216
-8696244
-8271515
-7823029
-7350786
-6854786
-6335029
-5791515
-5224244
-4633216
-4018431
-3379889
-2717590
-2031534
-1321721
-588151
169176
950260
1755101
2583699
3436054
4312166
5212035
6135661
7083044
8054184
9049081
10067735
11110146
12176314
13266239
10379919
7517356
4678550
1863501
-4611482
-8174736
-11674638
-15111188
-18484386
-21794232
-25040726
-28223868
-31343658
-34400096
-35393181
-36322914
-37189295
-37992324
-38732001
-39408326
-40021299
-40570920
-41057189
-41480106
-41839671
-42135884
-42368745
-42538254
-42644411
-42687216
-42666669
-42582770
-42435519
-42224916
-41950961
-41613654
-41212995
-40748984
-40221621
-39630906
-38976839
-38259420
-37478649
-36634526
-35727051
-34756224
-33722045
-32624514
-31463631
-30239396
-28951809
-27600870
-26186579
-24708936
-23167941
-21563594
-19895895
-18164844
-16370441
-14512686
-12591579
-10607120
-8559309
-6448146
-4273631
-2035764
265455
2630026
5057949
7549224
10103851
12721830
15403161
18147844
20955879
23827266
26762005
29760096
32821539
35946334
39134481
42385980
45700831
49079034
48520587
46025491
43593747
41225355
38920315
36678627
34500291
32385307
30333675
28345395
26420467
24558891
22760667
21025795
19354275
17746107
16201291
14719827
13301715
11946955
10655547
9427491
8262787
7161435
6123435
5148787
4237491
3389547
2604955
1883715
1225827
631291
100107
-367725
-772205
-1113333
-1391109
-1605533
-1756605
-1844325
-1868693
-1829709
-1727373
-1561685
-1332645
-1040253
-684509
-265413
217035
762835
1371987
2044491
2780347
3579555
4442115
5368027
6357291
7409907
8525875
9705195
10947867
12253891
13623267
15055995
16552075
18111507
19734291
21420427
23169915
24982755
26858947
28798491
30801387
32867635
34997235
37190187
39446491
41766147
44149155
46595515
49105227
51678291
54314707
57014475
57777594
54604063
51493884
48447057
45463582
42543459
39686688
36893269
34163202
31496487
28893124
26353113
23876454
21463147
19113192
16826589
14603338
12443439
10346892
8313697
6343854
4437363
2594224
814437
-901998
-2555081
-4144812
-5671191
-7134218
-8533893
-9870216
-11143187
-12352806
-13499073
-14581988
-15601551
-16557762
-17450621
-18280128
-19046283
-19749086
-20388537
-20964636
-21477383
-21926778
-22312821
-22635512
-22894851
-23090838
-23223473
-23292756
-23298687
-23241266
-23120493
-22936368
-22688891
-22378062
-22003881
-21566348
-21065463
-20501226
-19873637
-19182696
-18428403
-17610758
-16729761
-15785412
-14777711
-13706658
-12572253
-11374496
-10113387
-8788926
-7401113
-5949948
-4435431
-2857562
-1216341
488232
2256157
4087434
5982063
7940044
9961377
10046061
6194095
2405481
-1319781
-4981691
-8580249
-12115455
-15587309
-18995811
-22340961
-25622759
-28841205
-31996299
-35088041
-36116430
-37081467
-37983152
-38821485
-39596466
-40308095
-40956372
-41541297
-42062870
-42521091
-42915960
-43247477
-43515642
-43720455
-43861916
-43940025
-43954782
-43906187
-43794240
-43618941
-43380290
-43078287
-42712932
-42284225
-41792166
-41236755
-40617992
-39935877
-39190410
-38381591
-37509420
-36573897
-35575022
-34512795
-33387216
-32198285
-30946002
-29630367
-28251380
-26809041
-25303350
-23734307
-22101912
-20406165
-18647066
-16824615
-14938812
-12989657
-10977150
-8901291
-6762080
-4559517
-2293602
35665
2428284
4884255
7403578
9986253
12632280
15341659
18114390
20950473
23849908
26812695
29838834
32928325
36081168
39297363
42576910
45919809
49326060
46795660
44328612
41924916
39584572
37307580
35093940
32943652
30856716
28833132
26872900
24976020
23142492
21372316
19665492
18022020
16441900
14925132
13471716
12081652
10754940
9491580
8291572
7154916
6081612
5071660
4125060
3241812
2421916
1665372
972180
342340
-224148
-727284
-1167068
-1543500
-1856580
-2106308
-2292684
-2415708
-2475380
-2471700
-2404668
-2274284
-2080548
-1823460
-1503020
-1119228
-672084
-161588
412260
1049460
1750012
2513916
3341172
4231780
5185740
6203052
7283716
8427732
9635100
10905820
12239892
13637316
15098092
16622220
18209700
19860532
21574716
23352252
25193140
27097380
29064972
31095916
33190212
35347860
37568860
39853212
42200916
44611972
47086380
49624140
52225252
54889716
57617532
56408698
53263215
50181084
47162305
44206878
41314803
38486080
35720709
33018690
30380023
27804708
25292745
22844134
20458875
18136968
15878413
13683210
11551359
9482860
7477713
5535918
3657475
1842384
90645
-1597742
-3222777
-4784460
-6282791
-7717770
-9089397
-10397672
-11642595
-12824166
-13942385
-14997252
-15988767
-16916930
-17781741
-18583200
-19321307
-19996062
-20607465
-21155516
-21640215
-22061562
-22419557
-22714200
-22945491
-23113430
-23218017
-23259252
-23237135
-23151666
-23002845
-22790672
-22515147
-22176270
-21774041
-21308460
-20779527
-20187242
-19531605
-18812616
-18030275
-17184582
-16275537
-15303140
-14267391
-13168290
-12005837
-10780032
-9490875
-8138366
-6722505
-5243292
-3700727
-2094810
-425541
1307080
3103053
4962378
6885055
8871084
10920465
9033196
5209278
1448712
-2248502
-5882364
-9452874
-12960032
-16403838
-19784292
-23101394
-26355144
-29545542
-32672588
-35736282
-36736623
-37673612
-38547249
-39357534
-40104467
-40788048
-41408277
-41965154
-42458679
-42888852
-43255673
-43559142
-43799259
-43976024
-44089437
-44139498
-44126207
-44049564
-43909569
-43706222
-43439523
-43109472
-42716069
-42259314
-41739207
-41155748
-40508937
-39798774
-39025259
-38188392
-37288173
-36324602
-35297679
-34207404
-33053777
-31836798
-30556467
-29212784
-27805749
-26335362
-24801623
-23204532
-21544089
-19820294
-18033147
-16182648
-14268797
-12291594
-10251039
-8147132
-5979873
-3749262
-1455299
902016
3322683
5806702
8354073
10964796
13638871
16376298
19177077
22041208
24968691
27959526
31013713
34131252
37312143
40556386
43863981
47234928
48669226
46166874
43727874
41352226
39039930
36790986
34605394
32483154
30424266
28428730
26496546
24627714
22822234
21080106
19401330
17785906
16233834
14745114
13319746
11957730
10659066
9423754
8251794
7143186
6097930
5116026
4197474
3342274
2550426
1821930
1156786
554994
16554
-458534
-870270
-1218654
-1503686
-1725366
-1883694
-1978670
-2010294
-1978566
-1883486
-1725054
-1503270
-1218134
-869646
-457806
17386
555930
1157826
1823074
2551674
3343626
4198930
5117586
6099594
7144954
8253666
9425730
10661146
11959914
13322034
14747506
16236330
17788506
19404034
21082914
22825146
24630730
26499666
28431954
30427594
32486586
34608930
36794626
39043674
41356074
43731826
46170930
48673386
51239194
53868354
56560866
57316729
54135942
51018507
47964424
44973693
42046314
39182287
36381612
33644289
30970318
28359699
25812432
23328517
20907954
18550743
16256884
14026377
11859222
9755419
7714968
5737869
3824122
1973727
186684
-1537007
-3197346
-4794333
-6327968
-7798251
-9205182
-10548761
-11828988
-13045863
-14199386
-15289557
-16316376
-17279843
-18179958
-19016721
-19790132
-20500191
-21146898
-21730253
-22250256
-22706907
-23100206
-23430153
-23696748
-23899991
-24039882
-24116421
-24129608
-24079443
-23965926
-23789057
-23548836
-23245263
-22878338
-22448061
-21954432
-21397451
-20777118
-20093433
-19346396
-18536007
-17662266
-16725173
-15724728
-14660931
-13533782
-12343281
-11089428
-9772223
-8391666
-6947757
-5440496
-3869883
-2235918
-538601
1222068
3046089
4933462
6884187
8898264
10975693
7116471
3320601
-411917
-4081083
-7686897
-11229359
-14708469
-18124227
-21476633
-24765687
-27991389
-31153739
-34252737
-35288382
-36260675
-37169616
-38015205
-38797442
-39516327
-40171860
-40764041
-41292870
-41758347
-42160472
-42499245
-42774666
-42986735
-43135452
-43220817
-43242830
-43201491
-43096800
-42928757
-42697362
-42402615
-42044516
-41623065
-41138262
-40590107
-39978600
-39303741
-38565530
-37763967
-36899052
-35970785
-34979166
-33924195
-32805872
-31624197
-30379170
-29070791
-27699060
-26263977
-24765542
-23203755
-21578616
-19890125
-18138282
-16323087
-14444540
-12502641
-10497390
-8428787
-6296832
-4101525
-1842866
479145
2864508
5313223
7825290
10400709
13039480
15741603
18507078
21335905
24228084
27183615
30202498
33284733
36430320
39639259
42911550
46247193
49646188
47108532
44634228
42223276
39875676
37591428
35370532
33212988
31118796
29087956
27120468
25216332
23375548
21598116
19884036
18233308
16645932
15121908
13661236
12263916
10929948
9659332
8452068
7308156
6227596
5210388
4256532
3366028
2538876
1775076
1074628
437532
-136212
-646604
-1093644
-1477332
-1797668
-2054652
-2248284
-2378564
-2445492
-2449068
-2389292
-2266164
-2079684
-1829852
-1516668
-1140132
-700244
-197004
369588
999532
1692828
2449476
3269476
4152828
5099532
6109588
7182996
8319756
9519868
10783332
12110148
13500316
14953836
16470708
18050932
19694508
21401436
23171716
25005348
26902332
28862668
30886356
32973396
35123788
37337532
39614628
41955076
44358876
46826028
49356532
51950388
54607596
57328156
56112066
52959327
49869940
46843905
43881222
40981891
38145912
35373285
32664010
30018087
27435516
24916297
22460430
20067915
17738752
15472941
13270482
11131375
9055620
7043217
5094166
3208467
1386120
-372875
-2068518
-3700809
-5269748
-6775335
-8217570
-9596453
-10911984
-12164163
-13352990
-14478465
-15540588
-16539359
-17474778
-18346845
-19155560
-19900923
-20582934
-21201593
-21756900
-22248855
-22677458
-23042709
-23344608
-23583155
-23758350
-23870193
-23918684
-23903823
-23825610
-23684045
-23479128
-23210859
-22879238
-22484265
-22025940
-21504263
-20919234
-20270853
-19559120
-18784035
-17945598
-17043809
-16078668
-15050175
-13958330
-12803133
-11584584
-10302683
-8957430
-7548825
-6076868
-4541559
-2942898
-1280885
444480
2233197
4085266
6000687
7979460
10021585
10127061
6295887
2528065
-1176405
-4817523
-8395289
-11909703
-15360765
-18748475
-22072833
-25333839
-28531493
-31665795
-34736745
-35744342
-36688587
-37569480
-38387021
-39141210
-39832047
-40459532
-41023665
-41524446
-41961875
-42335952
-42646677
-42894050
-43078071
-43198740
-43256057
-43250022
-43180635
-43047896
-42851805
-42592362
-42269567
-41883420
-41433921
-40921070
-40344867
-39705312
-39002405
-38236146
-37406535
-36513572
-35557257
-34537590
-33454571
-32308200
-31098477
-29825402
-28488975
-27089196
-25626065
-24099582
-22509747
-20856560
-19140021
-17360130
-15516887
-13610292
-11640345
-9607046
-7510395
-5350392
-3127037
-840330
1509729
3923140
6399903
8940018
11543485
14210304
16940475
19733998
22590873
25511100
28494679
31541610
34651893
37825528
41062515
44362854
47726545
49153587
46643979
44197723
41814819
39495267
37239067
35046219
32916723
30850579
28847787
26908347
25032259
23219523
21470139
19784107
18161427
16602099
15106123
13673499
12304227
10998307
9755739
8576523
7460659
6408147
5418987
4493179
3630723
2831619
2095867
1423467
814419
268723
-213621
-632613
-988253
-1280541
-1509477
-1675061
-1777293
-1816173
-1791701
-1703877
-1552701
-1338173
-1060293
-719061
-314477
153459
684747
1279387
1937379
2658723
3443419
4291467
5202867
6177619
7215723
8317179
9481987
10710147
12001659
13356523
14774739
16256307
17801227
19409499
21081123
22816099
24614427
26476107
28401139
30389523
32441259
34556347
36734787
38976579
41281723
43650219
46082067
48577267
51135819
53757723
56442979
59191587
56003544
52878853
49817514
46819527
43884892
41013609
38205678
35461099
32779872
30161997
27607474
25116303
22688484
20324017
18022902
15785139
13610728
11499669
9451962
7467607
5546604
3688953
1894654
163707
-1503888
-3108131
-4649022
-6126561
-7540748
-8891583
-10179066
-11403197
-12563976
-13661403
-14695478
-15666201
-16573572
-17417591
-18198258
-18915573
-19569536
-20160147
-20687406
-21151313
-21551868
-21889071
-22162922
-22373421
-22520568
-22604363
-22624806
-22581897
-22475636
-22306023
-22073058
-21776741
-21417072
-20994051
-20507678
-19957953
-19344876
-18668447
-17928666
-17125533
-16259048
-15329211
-14336022
-13279481
-12159588
-10976343
-9729746
-8419797
-7046496
-5609843
-4109838
-2546481
-919772
770289
2523702
4340467
6220584
8164053
10170874
12241047
8374569
4571443
831669
-2844753
-6457823
-10007541
-13493907
-16916921
-20276583
-23572893
-26805851
-29975457
-33081711
-34124612
-35104161
-36020358
-36873203
-37662696
-38388837
-39051626
-39651063
-40187148
-40659881
-41069262
-41415291
-41697968
-41917293
-42073266
-42165887
-42195156
-42161073
-42063638
-41902851
-41678712
-41391221
-41040378
-40626183
-40148636
-39607737
-39003486
-38335883
-37604928
-36810621
-35952962
-35031951
-34047588
-32999873
-31888806
-30714387
-29476616
-28175493
-26811018
-25383191
-23892012
-22337481
-20719598
-19038363
-17293776
-15485837
-13614546
-11679903
-9681908
-7620561
-5495862
-3307811
-1056408
1258347
3636454
6077913
8582724
11150887
13782402
16477269
19235488
22057059
24941982
27890257
30901884
33976863
37115194
40316877
43581912
46910299
50302038
49757127
47275567
44857359
42502503
40210999
37982847
35818047
33716599
31678503
29703759
27792367
25944327
24159639
22438303
20780319
19185687
17654407
16186479
14781903
13440679
12162807
10948287
9797119
8709303
7684839
6723727
5825967
4991559
4220503
3512799
2868447
2287447
1769799
1315503
924559
596967
332727
131839
-5697
-79881
-90713
-38193
77679
256903
499479
805407
1174687
1607319
2103303
2662639
3285327
3971367
4720759
5533503
6409599
7349047
8351847
9417999
10547503
11740359
12996567
14316127
15699039
17145303
18654919
20227887
21864207
23563879
25326903
27153279
29043007
30996087
33012519
35092303
37235439
39441927
41711767
44044959
46441503
48901399
51424647
54011247
56661199
59374503
58151157
54991162
51894519
48861228
45891289
42984702
40141467
37361584
34645053
31991874
29402047
26875572
24412449
22012678
19676259
17403192
15193477
13047114
10964103
8944444
6988137
5095182
3265579
1499328
-203571
-1843118
-3419313
-4932156
-6381647
-7767786
-9090573
-10350008
-11546091
-12678822
-13748201
-14754228
-15696903
-16576226
-17392197
-18144816
-18834083
-19459998
-20022561
-20521772
-20957631
-21330138
-21639293
-21885096
-22067547
-22186646
-22242393
-22234788
-22163831
-22029522
-21831861
-21570848
-21246483
-20858766
-20407697
-19893276
-19315503
-18674378
-17969901
-17202072
-16370891
-15476358
-14518473
-13497236
-12412647
-11264706
-10053413
-8778768
-7440771
-6039422
-4574721
-3046668
-1455263
199494
1917603
3699064
5543877
7452042
9423559
11458428
11556648
7718218
3943140
231414
-3416960
-7001982
-10523652
-13981970
-17376936
-20708550
-23976812
-27181722
-30323280
-33401486
-34416339
-35367840
-36255989
-37080786
-37842231
-38540324
-39175065
-39746454
-40254491
-40699176
-41080509
-41398490
-41653119
-41844396
-41972321
-42036894
-42038115
-41975984
-41850501
-41661666
-41409479
-41093940
-40715049
-40272806
-39767211
-39198264
-38565965
-37870314
-37111311
-36288956
-35403249
-34454190
-33441779
-32366016
-31226901
-30024434
-28758615
-27429444
-26036921
-24581046
-23061819
-21479240
-19833309
-18124026
-16351391
-14515404
-12616065
-10653374
-8627331
-6537936
-4385189
-2169090
110361
2453164
4859319
7328826
9861685
12457896
15117459
17840374
20626641
23476260
26389231
29365554
32405229
35508256
38674635
41904366
45197449
48553884
49973670
47456806
45003294
42613134
40286326
38022870
35822766
33686014
31612614
29602566
27655870
25772526
23952534
22195894
20502606
18872670
17306086
15802854
14362974
12986446
11673270
10423446
9236974
8113854
7054086
6057670
5124606
4254894
3448534
2705526
2025870
1409566
856614
367014
-59234
-422130
-721674
-957866
-1130706
-1240194
-1286330
-1269114
-1188546
-1044626
-837354
-566730
-232754
164574
625254
1149286
1736670
2387406
3101494
3878934
4719726
5623870
6591366
7622214
8716414
9873966
11094870
12379126
13726734
15137694
16612006
18149670
19750686
21415054
23142774
24933846
26788270
28706046
30687174
32731654
34839486
37010670
39245206
41543094
43904334
46328926
48816870
51368166
53982814
56660814
59402166
56206867
53074920
50006325
47001082
44059191
41180652
38365465
35613630
32925147
30300016
27738237
25239810
22804735
20433012
18124641
15879622
13697955
11579640
9524677
7533066
5604807
3739900
1938345
200142
-1474709
-3086208
-4634355
-6119150
-7540593
-8898684
-10193423
-11424810
-12592845
-13697528
-14738859
-15716838
-16631465
-17482740
-18270663
-18995234
-19656453
-20254320
-20788835
-21259998
-21667809
-22012268
-22293375
-22511130
-22665533
-22756584
-22784283
-22748630
-22649625
-22487268
-22261559
-21972498
-21620085
-21204320
-20725203
-20182734
-19576913
-18907740
-18175215
-17379338
-16520109
-15597528
-14611595
-13562310
-12449673
-11273684
-10034343
-8731650
-7365605
-5936208
-4443459
-2887358
-1267905
414900
2161057
3970566
5843427
7779640
9779205
11842122
9968389
6158007
2410977
-1272701
-4893027
-8450001
-11943623
-15373893
-18740811
-22044377
-25284591
-28461453
-31574963
-34625121
-35611926
-36535379
-37395480
-38192229
-38925626
-39595671
-40202364
-40745705
-41225694
-41642331
-41995616
-42285549
-42512130
-42675359
-42775236
-42811761
-42784934
-42694755
-42541224
-42324341
-42044106
-41700519
-41293580
-40823289
-40289646
-39692651
-39032304
-38308605
-37521554
-36671151
-35757396
-34780289
-33739830
-32636019
-31468856
-30238341
-28944474
-27587255
-26166684
-24682761
-23135486
-21524859
-19850880
-18113549
-16312866
-14448831
-12521444
-10530705
-8476614
-6359171
-4178376
-1934229
373270
2744121
5178324
7675879
10236786
12861045
15548656
18299619
21113934
23991601
26932620
29936991
33004714
36135789
39330216
42587995
45909126
49293609
48741442
46252626
43827162
41465050
39166290
36930882
34758826
32650122
30604770
28622770
26704122
24848826
23056882
21328290
19663050
18061162
16522626
15047442
13635610
12287130
11002002
9780226
8621802
7526730
6495010
5526642
4621626
3779962
3001650
2286690
1635082
1046826
521922
60370
-337830
-672678
-944174
-1152318
-1297110
-1378550
-1396638
-1351374
-1242758
-1070790
-835470
-536798
-174774
250602
739330
1291410
1906842
2585626
3327762
4133250
5002090
5934282
6929826
7988722
9110970
10296570
11545522
12857826
14233482
15672490
17174850
18740562
20369626
22062042
23817810
25636930
27519402
29465226
31474402
33546930
35682810
37882042
40144626
42470562
44859850
47312490
49828482
52407826
55050522
57756570
58525969
55358718
52254819
49214272
46237077
43323234
40472743
37685604
34961817
32301382
29704299
27170568
24700189
22293162
19949487
17669164
15452193
13298574
11208307
9181392
7217829
5317618
3480759
1707252
-2903
-1649706
-3233157
-4753256
-6210003
-7603398
-8933441
-10200132
-11403471
-12543458
-13620093
-14633376
-15583307
-16469886
-17293113
-18052988
-18749511
-19382682
-19952501
-20458968
-20902083
-21281846
-21598257
-21851316
-22041023
-22167378
-22230381
-22230032
-22166331
-22039278
-21848873
-21595116
-21278007
-20897546
-20453733
-19946568
-19376051
-18742182
-18044961
-17284388
-16460463
-15573186
-14622557
-13608576
-12531243
-11390558
-10186521
-8919132
-7588391
-6194298
-4736853
-3216056
-1631907
15594
1726447
3500652
5338209
7239118
9203379
11230992
11321956
7476270
3693936
-25046
-3680676
-7272954
-10801880
-14267454
-17669676
-21008546
-24284064
-27496230
-30645044
-33730506
-34752615
-35711372
-36606777
-37438830
-38207531
-38912880
-39554877
-40133522
-40648815
-41100756
-41489345
-41814582
-42076467
-42275000
-42410181
-42482010
-42490487
-42435612
-42317385
-42135806
-41890875
-41582592
-41210957
-40775970
-40277631
-39715940
-39090897
-38402502
-37650755
-36835656
-35957205
-35015402
-34010247
-32941740
-31809881
-30614670
-29356107
-28034192
-26648925
-25200306
-23688335
-22113012
-20474337
-18772310
-17006931
-15178200
-13286117
-11330682
-9311895
-7229756
-5084265
-2875422
-603227
1732320
4131219
6593470
9119073
11708028
14360335
17075994
19855005
22697368
25603083
28572150
31604569
34700340
37859463
41081938
44367765
47716944
51129475
48605355
46144587
43747171
41413107
39142395
36935035
34791027
32710371
30693067
28739115
26848515
25021267
23257371
21556827
19919635
18345795
16835307
15388171
14004387
12683955
11426875
10233147
9102771
8035747
7032075
6091755
5214787
4401171
3650907
2963995
2340435
1780227
1283371
849867
479715
172915
-70533
-250629
-367373
-420765
-410805
-337493
-200829
-813
262555
589275
979347
1432771
1949547
2529675
3173155
3879987
4650171
5483707
6380595
7340835
8364427
9451371
10601667
11815315
13092315
14432667
15836371
17303427
18833835
20427595
22084707
23805171
25588987
27436155
29346675
31320547
33357771
35458347
37622275
39849555
42140187
44494171
46911507
49392195
51936235
54543627
57214371
59948467
56745912
53606709
50530858
47518359
44569212
41683417
38860974
36101883
33406144
30773757
28204722
25699039
23256708
20877729
18562102
16309827
14120904
11995333
9933114
7934247
5998732
4126569
2317758
572299
-1109808
-2728563
-4283966
-5776017
-7204716
-8570063
-9872058
-11110701
-12285992
-13397931
-14446518
-15431753
-16353636
-17212167
-18007346
-18739173
-19407648
-20012771
-20554542
-21032961
-21448028
-21799743
-22088106
-22313117
-22474776
-22573083
-22608038
-22579641
-22487892
-22332791
-22114338
-21832533
-21487376
-21078867
-20607006
-20071793
-19473228
-18811311
-18086042
-17297421
-16445448
-15530123
-14551446
-13509417
-12404036
-11235303
-10003218
-8707781
-7348992
-5926851
-4441358
-2892513
-1280316
395233
2134134
3936387
5801992
7730949
9723258
11778919
9897930
6080292
2326006
-1364928
-4992510
-8556740
-12057618
-15495144
-18869318
-22180140
-25427610
-28611728
-31732494
-34789908
-35783969
-36714678
-37582035
-38386040
-39126693
-39803994
-40417943
-40968540
-41455785
-41879678
-42240219
-42537408
-42771245
-42941730
-43048863
-43092644
-43073073
-42990150
-42843875
-42634248
-42361269
-42024938
-41625255
-41162220
-40635833
-40046094
-39393003
-38676560
-37896765
-37053618
-36147119
-35177268
-34144065
-33047510
-31887603
-30664344
-29377733
-28027770
-26614455
-25137788
-23597769
-21994398
-20327675
-18597600
-16804173
-14947394
-13027263
-11043780
-8996945
-6886758
-4713219
-2476328
-176085
2187510
4614457
7104756
9658407
12275410
14955765
17699472
20506531
23376942
26310705
29307820
32368287
35492106
38679277
41929800
45243675
48620902
48061479
45565407
43132687
40763319
38457303
36214639
34035327
31919367
29866759
27877503
25951599
24089047
22289847
20553999
18881503
17272359
15726567
14244127
12825039
11469303
10176919
8947887
7782207
6679879
5640903
4665279
3753007
2904087
2118519
1396303
737439
141927
-390233
-859041
-1264497
-1606601
-1885353
-2100753
-2252801
-2341497
-2366841
-2328833
-2227473
-2062761
-1834697
-1543281
-1188513
-770393
-288921
255903
864079
1535607
2270487
3068719
3930303
4855239
5843527
6895167
8010159
9188503
10430199
11735247
13103647
14535399
16030503
17588959
19210767
20895927
22644439
24456303
26331519
28270087
30272007
32337279
34465903
36657879
38913207
41231887
43613919
46059303
48568039
51140127
53775567
56474359
57236502
54061995
50950840
47903037
44918586
41997487
39139740
36345345
33614302
30946611
28342272
25801285
23323650
20909367
18558436
16270857
14046630
11885755
9788232
7754061
5783242
3875775
2031660
250897
-1466514
-3120573
-4711280
-6238635
-7702638
-9103289
-10440588
-11714535
-12925130
-14072373
-15156264
-16176803
-17133990
-18027825
-18858308
-19625439
-20329218
-20969645
-21546720
-22060443
-22510814
-22897833
-23221500
-23481815
-23678778
-23812389
-23882648
-23889555
-23833110
-23713313
-23530164
-23283663
-22973810
-22600605
-22164048
-21664139
-21100878
-20474265
-19784300
-19030983
-18214314
-17334293
-16390920
-15384195
-14314118
-13180689
-11983908
-10723775
-9400290
-8013453
-6563264
-5049723
-3472830
-1832585
-128988
1637961
3468262
5361915
7318920
9339277
11422986
7570044
3780454
54216
-3608670
-7208204
-10744386
-14217216
-17626694
-20972820
-24255594
-27475016
-30631086
-33723804
-34753169
-35719182
-36621843
-37461152
-38237109
-38949714
-39598967
-40184868
-40707417
-41166614
-41562459
-41894952
-42164093
-42369882
-42512319
-42591404
-42607137
-42559518
-42448547
-42274224
-42036549
-41735522
-41371143
-40943412
-40452329
-39897894
-39280107
-38598968
-37854477
-37046634
-36175439
-35240892
-34242993
-33181742
-32057139
-30869184
-29617877
-28303218
-26925207
-25483844
-23979129
-22411062
-20779643
-19084872
-17326749
-15505274
-13620447
-11672268
-9660737
-7585854
-5447619
-3246032
-981093
1347198
3738841
6193836
8712183
11293882
13938933
16647336
19419091
22254198
25152657
28114468
31139631
34228146
37380013
40595232
43873803
47215726
50621001
48089625
45621601
43216929
40875609
38597641
36383025
34231761
32143849
30119289
28158081
26260225
24425721
22654569
20946769
19302321
17721225
16203481
14749089
13358049
12030361
10766025
9565041
8427409
7353129
6342201
5394625
4510401
3689529
2932009
2237841
1607025
1039561
535449
94689
-282719
-596775
-847479
-1034831
-1158831
-1219479
-1216775
-1150719
-1021311
-828551
-572439
-252975
129841
576009
1085529
1658401
2294625
2994201
3757129
4583409
5473041
6426025
7442361
8522049
9665089
10871481
12141225
13474321
14870769
16330569
17853721
19440225
21090081
22803289
24579849
26419761
28323025
30289641
32319609
34412929
36569601
38789625
41073001
43419729
45829809
48303241
50840025
53440161
56103649
58830489
57620679
54474220
51391113
48371358
45414955
42521904
39692205
36925858
34222863
31583220
29006929
26493990
24044403
21658168
19335285
17075754
14879575
12746748
10677273
8671150
6728379
4848960
3032893
1280178
-409185
-2035196
-3597855
-5097162
-6533117
-7905720
-9214971
-10460870
-11643417
-12762612
-13818455
-14810946
-15740085
-16605872
-17408307
-18147390
-18823121
-19435500
-19984527
-20470202
-20892525
-21251496
-21547115
-21779382
-21948297
-22053860
-22096071
-22074930
-21990437
-21842592
-21631395
-21356846
-21018945
-20617692
-20153087
-19625130
-19033821
-18379160
-17661147
-16879782
-16035065
-15126996
-14155575
-13120802
-12022677
-10861200
-9636371
-8348190
-6996657
-5581772
-4103535
-2561946
-957005
711288
2442933
4237930
6096279
8017980
10003033
12051438
10163193
6338299
2576757
-1121433
-4756271
-8327757
-11835891
-15280673
-18662103
-21980181
-25234907
-28426281
-31554303
-34618973
-35620290
-36558255
-37432868
-38244129
-38992038
-39676595
-40297800
-40855653
-41350154
-41781303
-42149100
-42453545
-42694638
-42872379
-42986768
-43037805
-43025490
-42949823
-42810804
-42608433
-42342710
-42013635
-41621208
-41165429
-40646298
-40063815
-39417980
-38708793
-37936254
-37100363
-36201120
-35238525
-34212578
-33123279
-31970628
-30754625
-29475270
-28132563
-26726504
-25257093
-23724330
-22128215
-20468748
-18745929
-16959758
-15110235
-13197360
-11221133
-9181554
-7078623
-4912340
-2682705
-389718
1966621
4386312
6869355
9415750
12025497
14698596
17435047
20234850
23098005
26024512
29014371
32067582
35184145
38364060
41607327
44913946
48283917
49717239
47213911
44773935
42397311
40084039
37834119
35647551
33524335
31464471
29467959
27534799
25664991
23858535
22115431
20435679
18819279
17266231
15776535
14350191
12987199
11687559
10451271
9278335
8168751
7122519
6139639
5220111
4363935
3571111
2841639
2175519
1572751
1033335
557271
144559
-204801
-490809
-713465
-872769
-968721
-1001321
-970569
-876465
-719009
-498201
-214041
133471
544335
1018551
1556119
2157039
2821311
3548935
4339911
5194239
6111919
7092951
8137335
9245071
10416159
11650599
12948391
14309535
15734031
17221879
18773079
20387631
22065535
23806791
25611399
27479359
29410671
31405335
33463351
35584719
37769439
40017511
42328935
44703711
47141839
49643319
52208151
54836335
57527871
58282758
55100995
51982584
48927525
45935818
43007463
40142460
37340809
34602510
31927563
29315968
26767725
24282834
21861295
19503108
17208273
14976790
12808659
10703880
8662453
6684378
4769655
2918284
1130265
-594402
-2255717
-3853680
-5388291
-6859550
-8267457
-9612012
-10893215
-12111066
-13265565
-14356712
-15384507
-16348950
-17250041
-18087780
-18862167
-19573202
-20220885
-20805216
-21326195
-21783822
-22178097
-22509020
-22776591
-22980810
-23121677
-23199192
-23213355
-23164166
-23051625
-22875732
-22636487
-22333890
-21967941
-21538640
-21045987
-20489982
-19870625
-19187916
-18441855
-17632442
-16759677
-15823560
-14824091
-13761270
-12635097
-11445572
-10192695
-8876466
-7496885
-6053952
-4547667
-2978030
-1345041
351300
2110993
3934038
5820435
7770184
9783285
11859738
7999540
4202694
469200
-3200942
-6807732
-10351170
-13831256
-17247990
-20601372
-23891402
-27118080
-30281406
-33381380
-34418001
-35391270
-36301187
-37147752
-37930965
-38650826
-39307335
-39900492
-40430297
-40896750
-41299851
-41639600
-41915997
-42129042
-42278735
-42365076
-42388065
-42347702
-42243987
-42076920
-41846501
-41552730
-41195607
-40775132
-40291305
-39744126
-39133595
-38459712
-37722477
-36921890
-36057951
-35130660
-34140017
-33086022
-31968675
-30787976
-29543925
-28236522
-26865767
-25431660
-23934201
-22373390
-20749227
-19061712
-17310845
-15496626
-13619055
-11678132
-9673857
-7606230
-5475251
-3280920
-1023237
1297798
3682185
6129924
8641015
11215458
13853253
16554400
19318899
22146750
25037953
27992508
31010415
34091674
37236285
40444248
43715563
47050230
50448249
47909617
45434337
43022409
40673833
38388609
36166737
34008217
31913049
29881233
27912769
26007657
24165897
22387489
20672433
19020729
17432377
15907377
14445729
13047433
11712489
10440897
9232657
8087769
7006233
5988049
5033217
4141737
3313609
2548833
1847409
1209337
634617
123249
-324767
-709431
-1030743
-1288703
-1483311
-1614567
-1682471
-1687023
-1628223
-1506071
-1320567
-1071711
-759503
-383943
54969
557233
1122849
1751817
2444137
3199809
4018833
4901209
5846937
6856017
7928449
9064233
10263369
11525857
12851697
14240889
15693433
17209329
18788577
20431177
22137129
23906433
25739089
27635097
29594457
31617169
33703233
35852649
38065417
40341537
42681009
45083833
47550009
50079537
52672417
55328649
58048233
56831167
53677452
50587089
47560078
44596419
41696112
38859157
36085554
33375303
30728404
28144857
25624662
23167819
20774328
18444189
16177402
13973967
11833884
9757153
7743774
5793747
3907072
2083749
323778
-1372841
-3006108
-4576023
-6082586
-7525797
-8905656
-10222163
-11475318
-12665121
-13791572
-14854671
-15854418
-16790813
-17663856
-18473547
-19219886
-19902873
-20522508
-21078791
-21571722
-22001301
-22367528
-22670403
-22909926
-23086097
-23198916
-23248383
-23234498
-23157261
-23016672
-22812731
-22545438
-22214793
-21820796
-21363447
-20842746
-20258693
-19611288
-18900531
-18126422
-17288961
-16388148
-15423983
-14396466
-13305597
-12151376
-10933803
-9652878
-8308601
-6900972
-5429991
-3895658
-2297973
-636936
1087453
2875194
4726287
6640732
8618529
10659678
10764178
6932028
3163230
-542216
-4184310
-7763052
-11278442
-14730480
-18119166
-21444500
-24706482
-27905112
-31040390
-34112316
-35120889
-36066110
-36947979
-37766496
-38521661
-39213474
-39841935
-40407044
-40908801
-41347206
-41722259
-42033960
-42282309
-42467306
-42588951
-42647244
-42642185
-42573774
-42442011
-42246896
-41988429
-41666610
-41281439
-40832916
-40321041
-39745814
-39107235
-38405304
-37640021
-36811386
-35919399
-34964060
-33945369
-32863326
-31717931
-30509184
-29237085
-27901634
-26502831
-25040676
-23515169
-21926310
-20274099
-18558536
-16779621
-14937354
-13031735
-11062764
-9030441
-6934766
-4775739
-2553360
-267629
2081454
4493889
6969676
9508815
12111306
14777149
17506344
20298891
23154790
26074041
29056644
32102599
35211906
38384565
41620576
44919939
48282654
49708720
47198136
44750904
42367024
40046496
37789320
35595496
33465024
31397904
29394136
27453720
25576656
23762944
22012584
20325576
18701920
17141616
15644664
14211064
12840816
11533920
10290376
9110184
7993344
6939856
5949720
5022936
4159504
3359424
2622696
1949320
1339296
792624
309304
-110664
-467280
-760544
-990456
-1157016
-1260224
-1300080
-1276584
-1189736
-1039536
-825984
-549080
-208824
194784
661744
1192056
1785720
2442736
3163104
3946824
4793896
5704320
6678096
7715224
8815704
9979536
11206720
12497256
13851144
15268384
16748976
18292920
19900216
21570864
23304864
25102216
26962920
28886976
30874384
32925144
35039256
37216720
39457536
41761704
44129224
46560096
49054320
51611896
54232824
56917104
59664736
56475717
53350050
50287735
47288772
44353161
41480902
38671995
35926440
33244237
30625386
28069887
25577740
23148945
20783502
18481411
16242672
14067285
11955250
9906567
7921236
5999257
4140630
2345355
613432
-1055139
-2660358
-4202225
-5680740
-7095903
-8447714
-9736173
-10961280
-12123035
-13221438
-14256489
-15228188
-16136535
-16981530
-17763173
-18481464
-19136403
-19727990
-20256225
-20721108
-21122639
-21460818
-21735645
-21947120
-22095243
-22180014
-22201433
-22159500
-22054215
-21885578
-21653589
-21358248
-20999555
-20577510
-20092113
-19543364
-18931263
-18255810
-17517005
-16714848
-15849339
-14920478
-13928265
-12872700
-11753783
-10571514
-9325893
-8016920
-6644595
-5208918
-3709889
-2147508
-521775
1167310
2919747
4735536
6614677
8557170
10563015
12632212
8764758
4960656
1219906
-2457492
-6071538
-9622232
-13109574
-16533564
-19894202
-23191488
-26425422
-29596004
-32703234
-33747111
-34727636
-35644809
-36498630
-37289099
-38016216
-38679981
-39280394
-39817455
-40291164
-40701521
-41048526
-41332179
-41552480
-41709429
-41803026
-41833271
-41800164
-41703705
-41543894
-41320731
-41034216
-40684349
-40271130
-39794559
-39254636
-38651361
-37984734
-37254755
-36461424
-35604741
-34684706
-33701319
-32654580
-31544489
-30371046
-29134251
-27834104
-26470605
-25043754
-23553551
-21999996
-20383089
-18702830
-16959219
-15152256
-13281941
-11348274
-9351255
-7290884
-5167161
-2980086
-729659
1584120
3961251
6401734
8905569
11472756
14103295
16797186
19554429
22375024
25258971
28206270
31216921
34290924
37428279
40628986
43893045
47220456
50611219
50065332
47582796
45163612
42807780
40515300
38286172
36120396
34017972
31978900
30003180
28090812
26241796
24456132
22733820
21074860
19479252
17946996
16478092
15072540
13730340
12451492
11235996
10083852
8995060
7969620
7007532
6108796
5273412
4501380
3792700
3147372
2565396
2046772
1591500
1199580
871012
605796
403932
265420
190260
178452
229996
344892
523140
764740
1069692
1437996
1869652
2364660
2923020
3544732
4229796
4978212
5789980
6665100
7603572
8605396
9670572
10799100
11990980
13246212
14564796
15946732
17392020
18900660
20472652
22107996
23806692
25568740
27394140
29282892
31234996
33250452
35329260
37471420
39676932
41945796
44278012
46673580
49132500
51654772
54240396
56889372
59601700
58377378
55216407
52118788
49084521
46113606
43206043
40361832
37580973
34863466
32209311
29618508
27091057
24626958
22226211
19888816
17614773
15404082
13256743
11172756
9152121
7194838
5300907
3470328
1703101
-774
-1641297
-3218468
-4732287
-6182754
-7569869
-8893632
-10154043
-11351102
-12484809
-13555164
-14562167
-15505818
-16386117
-17203064
-17956659
-18646902
-19273793
-19837332
-20337519
-20774354
-21147837
-21457968
-21704747
-21888174
-22008249
-22064972
-22058343
-21988362
-21855029
-21658344
-21398307
-21074918
-20688177
-20238084
-19724639
-19147842
-18507693
-17804192
-17037339
-16207134
-15313577
-14356668
-13336407
-12252794
-11105829
-9895512
-8621843
-7284822
-5884449
-4420724
-2893647
-1303218
350563
2067696
3848181
5692018
7599207
9569748
11603641
11700885
7861479
4085425
372723
-3276627
-6862625
-10385271
-13844565
-17240507
-20573097
-23842335
-27048221
-30190755
-33269937
-34285766
-35238243
-36127368
-36953141
-37715562
-38414631
-39050348
-39622713
-40131726
-40577387
-40959696
-41278653
-41534258
-41726511
-41855412
-41920961
-41923158
-41862003
-41737496
-41549637
-41298426
-40983863
-40605948
-40164681
-39660062
-39092091
-38460768
-37766093
-37008066
-36186687
-35301956
-34353873
-33342438
-32267651
-31129512
-29928021
-28663178
-27334983
-25943436
-24488537
-22970286
-21388683
-19743728
-18035421
-16263762
-14428751
-12530388
-10568673
-8543606
-6455187
-4303416
-2088293
190182
2532009
4937188
7405719
9937602
12532837
15191424
17913363
20698654
23547297
26459292
29434639
32473338
35575389
38740792
41969547
45261654
48617113
50035923
47518083
45063595
42672459
40344675
38080243
35879163
33741435
31667059
29656035
27708363
25824043
24003075
22245459
20551195
18920283
17352723
15848515
14407659
13030155
11716003
10465203
9277755
8153659
7092915
6095523
5161483
4290795
3483459
2739475
2058843
1441563
887635
397059
-30165
-394037
-694557
-931725
-1105541
-1216005
-1263117
-1246877
-1167285
-1024341
-818045
-548397
-215397
180955
640659
1163715
1750123
2399883
3112995
3889459
4729275
5632443
6598963
7628835
8722059
9878635
11098563
12381843
13728475
15138459
16611795
18148483
19748523
21411915
23138659
24928755
26782203
28699003
30679155
32722659
34829515
36999723
39233283
41530195
43890459
46314075
48801043
51351363
53965035
56642059
59382435
56186160
53053237
49983666
46977447
44034580
41155065
38338902
35586091
32896632
30270525
27707770
25208367
22772316
20399617
18090270
15844275
13661632
11542341
9486402
7493815
5564580
3698697
1896166
156987
-1518840
-3131315
-4680438
-6166209
-7588628
-8947695
-10243410
-11475773
-12644784
-13750443
-14792750
-15771705
-16687308
-17539559
-18328458
-19054005
-19716200
-20315043
-20850534
-21322673
-21731460
-22076895
-22358978
-22577709
-22733088
-22825115
-22853790
-22819113
-22721084
-22559703
-22334970
-22046885
-21695448
-21280659
-20802518
-20261025
-19656180
-18987983
-18256434
-17461533
-16603280
-15681675
-14696718
-13648409
-12536748
-11361735
-10123370
-8821653
-7456584
-6028163
-4536390
-2981265
-1362788
319041
2064222
3872755
5744640
7679877
9678466
11740407
9865698
6054340
2306334
-1378320
-4999622
-8557572
-12052170
-15483416
-18851310
-22155852
-25397042
-28574880
-31689366
-34740500
-35728281
-36652710
-37513787
-38311512
-39045885
-39716906
-40324575
-40868892
-41349857
-41767470
-42121731
-42412640
-42640197
-42804402
-42905255
-42942756
-42916905
-42827702
-42675147
-42459240
-42179981
-41837370
-41431407
-40962092
-40429425
-39833406
-39174035
-38451312
-37665237
-36815810
-35903031
-34926900
-33887417
-32784582
-31618395
-30388856
-29095965
-27739722
-26320127
-24837180
-23290881
-21681230
-20008227
-18271872
-16472165
-14609106
-12682695
-10692932
-8639817
-6523350
-4343531
-2100360
206163
2576038
5009265
7505844
10065775
12689058
15375693
18125680
20939019
23815710
26755753
29759148
32825895
35955994
39149445
42406248
45726403
49109910
48556767
46066975
43640535
41277447
38977711
36741327
34568295
32458615
30412287
28429311
26509687
24653415
22860495
21130927
19464711
17861847
16322335
14846175
13433367
12083911
10797807
9575055
8415655
7319607
6286911
5317567
4411575
3568935
2789647
2073711
1421127
831895
306015
-156513
-555689
-891513
-1163985
-1373105
-1518873
-1601289
-1620353
-1576065
-1468425
-1297433
-1063089
-765393
-404345
20055
507807
1058911
1673367
2351175
3092335
3896847
4764711
5695927
6690495
7748415
8869687
10054311
11302287
12613615
13988295
15426327
16927711
18492447
20120535
21811975
23566767
25384911
27266407
29211255
31219455
33291007
35425911
37624167
39885775
42210735
44599047
47050711
49565727
52144095
54785815
57490887
58259310
55091083
51986208
48944685
45966514
43051695
40200228
37412113
34687350
32025939
29427880
26893173
24421818
22013815
19669164
17387865
15169918
13015323
10924080
8896189
6931650
5030463
3192628
1418145
-292986
-1940765
-3525192
-5046267
-6503990
-7898361
-9229380
-10497047
-11701362
-12842325
-13919936
-14934195
-15885102
-16772657
-17596860
-18357711
-19055210
-19689357
-20260152
-20767595
-21211686
-21592425
-21909812
-22163847
-22354530
-22481861
-22545840
-22546467
-22483742
-22357665
-22168236
-21915455
-21599322
-21219837
-20777000
-20270811
-19701270
-19068377
-18372132
-17612535
-16789586
-15903285
-14953632
-13940627
-12864270
-11724561
-10521500
-9255087
-7925322
-6532205
-5075736
-3555915
-1972742
-326217
1383660
3156889
4993470
6893403
8856688
10883325
10973313
7126651
3343341
-376617
-4033223
-7626477
-11156379
-14622929
-18026127
-21365973
-24642467
-27855609
-31005399
-34091837
-35114922
-36074655
-36971036
-37804065
-38573742
-39280067
-39923040
-40502661
-41018930
-41471847
-41861412
-42187625
-42450486
-42649995
-42786152
-42858957
-42868410
-42814511
-42697260
-42516657
-42272702
-41965395
-41594736
-41160725
-40663362
-40102647
-39478580
-38791161
-38040390
-37226267
-36348792
-35407965
-34403786
-33336255
-32205372
-31011137
-29753550
-28432611
-27048320
-25600677
-24089682
-22515335
-20877636
-19176585
-17412182
-15584427
-13693320
-11738861
-9721050
-7639887
-5495372
-3287505
-1016286
1318285
3716208
6177483
8702110
11290089
13941420
16656103
19434138
22275525
25180264
28148355
31179798
34274593
37432740
40654239
43939090
47287293
50698848
48173752
45712008
43313616
40978576
38706888
36498552
34353568
32271936
30253656
28298728
26407152
24578928
22814056
21112536
19474368
17899552
16388088
14939976
13555216
12233808
10975752
9781048
8649696
7581696
6577048
5635752
4757808
3943216
3191976
2504088
1879552
1318368
820536
386056
14928
-292848
-537272
-718344
-836064
-890432
-881448
-809112
-673424
-474384
-211992
113752
502848
955296
1471096
2050248
2692752
3398608
4167816
5000376
5896288
6855552
7878168
8964136
10113456
11326128
12602152
13941528
15344256
16810336
18339768
19932552
21588688
23308176
25091016
26937208
28846752
30819648
32855896
34955496
37118448
39344752
41634408
43987416
46403776
48883488
51426552
54032968
56702736
59435856
56232325
53092146
50015319
47001844
44051721
41164950
38341531
35581464
32884749
30251386
27681375
25174716
22731409
20351454
18034851
15781600
13591701
11465154
9401959
7402116
5465625
3592486
1782699
36264
-1646819
-3266550
-4822929
-6315956
-7745631
-9111954
-10414925
-11654544
-12830811
-13943726
-14993289
-15979500
-16902359
-17761866
-18558021
-19290824
-19960275
-20566374
-21109121
-21588516
-22004559
-22357250
-22646589
-22872576
-23035211
-23134494
-23170425
-23143004
-23052231
-22898106
-22680629
-22399800
-22055619
-21648086
-21177201
-20642964
-20045375
-19384434
-18660141
-17872496
-17021499
-16107150
-15129449
-14088396
-12983991
-11816234
-10585125
-9290664
-7932851
-6511686
-5027169
-3479300
-1868079
-193506
1544419
3345696
5210325
7138306
9129639
11184324
9302359
5483745
1728483
-1963427
-5591985
-9157191
-12659045
-16097547
-19472697
-22784495
-26032941
-29218035
-32339777
-35398167
-36393204
-37324889
-38193222
-38998203
-39739832
-40418109
-41033034
-41584607
-42072828
-42497697
-42859214
-43157379
-43392192
-43563653
-43671762
-43716519
-43697924
-43615977
-43470678
-43262027
-42990024
-42654669
-42255962
-41793903
-41268492
-40679729
-40027614
-39312147
-38533328
-37691157
-36785634
-35816759
-34784532
-33688953
-32530022
-31307739
-30022104
-28673117
-27260778
-25785087
-24246044
-22643649
-20977902
-19248803
-17456352
-15600549
-13681394
-11698887
-9653028
-7543817
-5371254
-3135339
-836072
1526547
3952518
6441841
8994516
11610543
14289922
17032653
19838736
22708171
25640958
28637097
31696588
34819431
38005626
41255173
44568072
47944323
47383924
44886876
42453180
40082836
37775844
35532204
33351916
31234980
29181396
27191164
25264284
23400756
21600580
19863756
18190284
16580164
15033396
13549980
12129916
10773204
9479844
8249836
7083180
5979876
4939924
3963324
3050076
2200180
1413636
690444
30604
-565884
-1099020
-1568804
-1975236
-2318316
-2598044
-2814420
-2967444
-3057116
-3083436
-3046404
-2946020
-2782284
-2555196
-2264756
-1910964
-1493820
-1013324
-469476
137724
808276
1542180
2339436
3200044
4124004
5111316
6161980
7275996
8453364
9694084
10998156
12365580
13796356
15290484
16847964
18468796
20152980
21900516
23711404
25585644
27523236
29524180
31588476
33716124
35907124
38161476
40479180
42860236
45304644
47812404
50383516
53017980
55715796
56476963
53301480
50189349
47140570
44155143
41233068
38374345
35578974
32846955
30178288
27572973
25031010
22552399
20137140
17785233
15496678
13271475
11109624
9011125
6975978
5004183
3095740
1250649
-531090
-2249477
-3904512
-5496195
-7024526
-8489505
-9891132
-11229407
-12504330
-13715901
-14864120
-15948987
-16970502
-17928665
-18823476
-19654935
-20423042
-21127797
-21769200
-22347251
-22861950
-23313297
-23701292
-24025935
-24287226
-24485165
-24619752
-24690987
-24698870
-24643401
-24524580
-24342407
-24096882
-23788005
-23415776
-22980195
-22481262
-21918977
-21293340
-20604351
-19852010
-19036317
-18157272
-17214875
-16209126
-15140025
-14007572
-12811767
-11552610
-10230101
-8844240
-7395027
-5882462
-4306545
-2667276
-964655
801318
2630643
4523320
6479349
8498730
10581463
6727545
2936979
-790235
-4454097
-8054607
-11591765
-15065571
-18476025
-21823127
-25106877
-28327275
-31484321
-34578015
-35608356
-36575345
-37478982
-38319267
-39096200
-39809781
-40460010
-41046887
-41570412
-42030585
-42427406
-42760875
-43030992
-43237757
-43381170
-43461231
-43477940
-43431297
-43321302
-43147955
-42911256
-42611205
-42247802
-41821047
-41330940
-40777481
-40160670
-39480507
-38736992
-37930125
-37059906
-36126335
-35129412
-34069137
-32945510
-31758531
-30508200
-29194517
-27817482
-26377095
-24873356
-23306265
-21675822
-19982027
-18224880
-16404381
-14520530
-12573327
-10562772
-8488865
-6351606
-4150995
-1887032
440283
2830950
5284969
7802340
10383063
13027138
15734565
18505344
21339475
24236958
27197793
30221980
33309519
36460410
39674653
42952248
46293195
49697494
47165142
44696142
42290494
39948198
37669254
35453662
33301422
31212534
29186998
27224814
25325982
23490502
21718374
20009598
18364174
16782102
15263382
13808014
12415998
11087334
9822022
8620062
7481454
6406198
5394294
4445742
3560542
2738694
1980198
1285054
653262
84822
-420266
-862002
-1240386
-1555418
-1807098
-1995426
-2120402
-2182026
-2180298
-2115218
-1986786
-1795002
-1539866
-1221378
-839538
-394346
114198
686094
1321342
2019942
2781894
3607198
4495854
5447862
6463222
7541934
8683998
9889414
11158182
12490302
13885774
15344598
16866774
18452302
20101182
21813414
23588998
25427934
27330222
29295862
31324854
33417198
35572894
37791942
40074342
42420094
44829198
47301654
49837462
52436622
55099134
57824998
56614212
53466777
50382694
47361963
44404584
41510557
38679882
35912559
33208588
30567969
27990702
25476787
23026224
20639013
18315154
16054647
13857492
11723689
9653238
7646139
5702392
3821997
2004954
251263
-1439076
-3066063
-4629698
-6129981
-7566912
-8940491
-10250718
-11497593
-12681116
-13801287
-14858106
-15851573
-16781688
-17648451
-18451862
-19191921
-19868628
-20481983
-21031986
-21518637
-21941936
-22301883
-22598478
-22831721
-23001612
-23108151
-23151338
-23131173
-23047656
-22900787
-22690566
-22416993
-22080068
-21679791
-21216162
-20689181
-20098848
-19445163
-18728126
-17947737
-17103996
-16196903
-15226458
-14192661
-13095512
-11935011
-10711158
-9423953
-8073396
-6659487
-5182226
-3641613
-2037648
-370331
1360338
3154359
5011732
6932457
8916534
10963963
9074742
5248872
1486354
-2212812
-5848626
-9421088
-12930198
-16375956
-19758362
-23077416
-26333118
-29525468
-32654466
-35720112
-36722405
-37661346
-38536935
-39349172
-40098057
-40783590
-41405771
-41964600
-42460077
-42892202
-43260975
-43566396
-43808465
-43987182
-44102547
-44154560
-44143221
-44068530
-43930487
-43729092
-43464345
-43136246
-42744795
-42289992
-41771837
-41190330
-40545471
-39837260
-39065697
-38230782
-37332515
-36370896
-35345925
-34257602
-33105927
-31890900
-30612521
-29270790
-27865707
-26397272
-24865485
-23270346
-21611855
-19890012
-18104817
-16256270
-14344371
-12369120
-10330517
-8228562
-6063255
-3834596
-1542585
812778
3231493
5713560
8258979
10867750
13539873
16275348
19074175
21936354
24861885
27850768
30903003
34018590
37197529
40439820
43745463
47114458
48546804
46042500
43601548
41223948
38909700
36658804
34471260
32347068
30286228
28288740
26354604
24483820
22676388
20932308
19251580
17634204
16080180
14589508
13162188
11798220
10497604
9260340
8086428
6975868
5928660
4944804
4024300
3167148
2373348
1642900
975804
372060
-168332
-645372
-1059060
-1409396
-1696380
-1920012
-2080292
-2177220
-2210796
-2181020
-2087892
-1931412
-1711580
-1428396
-1081860
-671972
-198732
337860
937804
1601100
2327748
3117748
3971100
4887804
5867860
6911268
8018028
9188140
10421604
11718420
13078588
14502108
15988980
17539204
19152780
20829708
22569988
24373620
26240604
28170940
30164628
32221668
34342060
36525804
38772900
41083348
43457148
45894300
48394804
50958660
53585868
56276428
57030339
53847600
50728213
47672178
44679495
41750164
38884185
36081558
33342283
30666360
28053789
25504570
23018703
20596188
18237025
15941214
13708755
11539648
9433893
7391490
5412439
3496740
1644393
-144602
-1870245
-3532536
-5131475
-6667062
-8139297
-9548180
-10893711
-12175890
-13394717
-14550192
-15642315
-16671086
-17636505
-18538572
-19377287
-20152650
-20864661
-21513320
-22098627
-22620582
-23079185
-23474436
-23806335
-24074882
-24280077
-24421920
-24500411
-24515550
-24467337
-24355772
-24180855
-23942586
-23640965
-23275992
-22847667
-22355990
-21800961
-21182580
-20500847
-19755762
-18947325
-18075536
-17140395
-16141902
-15080057
-13954860
-12766311
-11514410
-10199157
-8820552
-7378595
-5873286
-4304625
-2672612
-977247
781470
2603539
4488960
6437733
8449858
10525335
6664161
2866339
-868131
-4539249
-8147015
-11691429
-15172491
-18590201
-21944559
-25235565
-28463219
-31627521
-34728471
-35766068
-36740313
-37651206
-38498747
-39282936
-40003773
-40661258
-41255391
-41786172
-42253601
-42657678
-42998403
-43275776
-43489797
-43640466
-43727783
-43751748
-43712361
-43609622
-43443531
-43214088
-42921293
-42565146
-42145647
-41662796
-41116593
-40507038
-39834131
-39097872
-38298261
-37435298
-36508983
-35519316
-34466297
-33349926
-32170203
-30927128
-29620701
-28250922
-26817791
-25321308
-23761473
-22138286
-20451747
-18701856
-16888613
-15012018
-13072071
-11068772
-9002121
-6872118
-4678763
-2422056
-101997
2281414
4728177
7238292
9811759
12448578
15148749
17912272
20739147
23629374
26582953
29599884
32680167
35823802
39030789
42301128
45634819
49031862
46492254
44015998
41603094
39253542
36967342
34744494
32584998
30488854
28456062
26486622
24580534
22737798
20958414
19242382
17589702
16000374
14474398
13011774
11612502
10276582
9004014
7794798
6648934
5566422
4547262
3591454
2698998
1869894
1104142
401742
-237306
-813002
-1325346
-1774338
-2159978
-2482266
-2741202
-2936786
-3069018
-3137898
-3143426
-3085602
-2964426
-2779898
-2532018
-2220786
-1846202
-1408266
-906978
-342338
285654
976998
1731694
2549742
3431142
4375894
5383998
6455454
7590262
8788422
10049934
11374798
12763014
14214582
15729502
17307774
18949398
20654374
22422702
24254382
26149414
28107798
30129534
32214622
34363062
36574854
38849998
41188494
43590342
46055542
48584094
51175998
53831254
56549862
55331820
52177129
49085790
46057803
43093168
40191885
37353954
34579375
31868148
29220273
26635750
24114579
21656760
19262293
16931178
14663415
12459004
10317945
8240238
6225883
4274880
2387229
562930
-1198017
-2895612
-4529855
-6100746
-7608285
-9052472
-10433307
-11750790
-13004921
-14195700
-15323127
-16387202
-17387925
-18325296
-19199315
-20009982
-20757297
-21441260
-22061871
-22619130
-23113037
-23543592
-23910795
-24214646
-24455145
-24632292
-24746087
-24796530
-24783621
-24707360
-24567747
-24364782
-24098465
-23768796
-23375775
-22919402
-22399677
-21816600
-21170171
-20460390
-19687257
-18850772
-17950935
-16987746
-15961205
-14871312
-13718067
-12501470
-11221521
-9878220
-8471567
-7001562
-5468205
-3871496
-2211435
-488022
1298743
3148860
5062329
7039150
9079323
9182847
5349721
1579947
-2126475
-5769545
-9349263
-12865629
-16318643
-19708305
-23034615
-26297573
-29497179
-32633433
-35706335
-36715884
-37662081
-38544926
-39364419
-40120560
-40813349
-41442786
-42008871
-42511604
-42950985
-43327014
-43639691
-43889016
-44074989
-44197610
-44256879
-44252796
-44185361
-44054574
-43860435
-43602944
-43282101
-42897906
-42450359
-41939460
-41365209
-40727606
-40026651
-39262344
-38434685
-37543674
-36589311
-35571596
-34490529
-33346110
-32138339
-30867216
-29532741
-28134914
-26673735
-25149204
-23561321
-21910086
-20195499
-18417560
-16576269
-14671626
-12703631
-10672284
-8577585
-6419534
-4198131
-1913376
434731
2846190
5321001
7859164
10460679
13125546
15853765
18645336
21500259
24418534
27400161
30445140
33553471
36725154
39960189
43258576
46620315
48045405
45533845
43085637
40700781
38379277
36121125
33926325
31794877
29726781
27722037
25780645
23902605
22087917
20336581
18648597
17023965
15462685
13964757
12530181
11158957
9851085
8606565
7425397
6307581
5253117
4262005
3334245
2469837
1668781
931077
256725
-354275
-901923
-1386219
-1807163
-2164755
-2458995
-2689883
-2857419
-2961603
-3002435
-2979915
-2894043
-2744819
-2532243
-2256315
-1917035
-1514403
-1048419
-519083
73605
729645
1449037
2231781
3077877
3987325
4960125
5996277
7095781
8258637
9484845
10774405
12127317
13543581
15023197
16566165
18172485
19842157
21575181
23371557
25231285
27154365
29140797
31190581
33303717
35480205
37720045
40023237
42389781
44819677
47312925
49869525
52489477
55172781
57919437
54729442
51602799
48539508
45539569
42602982
39729747
36919864
34173333
31490154
28870327
26313852
23820729
21390958
19024539
16721472
14481757
12305394
10192383
8142724
6156417
4233462
2373859
577608
-1155291
-2824838
-4431033
-5973876
-7453367
-8869506
-10222293
-11511728
-12737811
-13900542
-14999921
-16035948
-17008623
-17917946
-18763917
-19546536
-20265803
-20921718
-21514281
-22043492
-22509351
-22911858
-23251013
-23526816
-23739267
-23888366
-23974113
-23996508
-23955551
-23851242
-23683581
-23452568
-23158203
-22800486
-22379417
-21894996
-21347223
-20736098
-20061621
-19323792
-18522611
-17658078
-16730193
-15738956
-14684367
-13566426
-12385133
-11140488
-9832491
-8461142
-7026441
-5528388
-3966983
-2342226
-654117
1097344
2912157
4790322
6731839
8736708
10804929
6936499
3131421
-610305
-4288679
-7903701
-11455371
-14943689
-18368655
-21730269
-25028531
-28263441
-31434999
-34543205
-35588058
-36569559
-37487708
-38342505
-39133950
-39862043
-40526784
-41128173
-41666210
-42140895
-42552228
-42900209
-43184838
-43406115
-43564040
-43658613
-43689834
-43657703
-43562220
-43403385
-43181198
-42895659
-42546768
-42134525
-41658930
-41119983
-40517684
-39852033
-39123030
-38330675
-37474968
-36555909
-35573498
-34527735
-33418620
-32246153
-31010334
-29711163
-28348640
-26922765
-25433538
-23880959
-22265028
-20585745
-18843110
-17037123
-15167784
-13235093
-11239050
-9179655
-7056908
-4870809
-2621358
-308555
2067600
4507107
7009966
9576177
12205740
14898655
17654922
20474541
23357512
26303835
29313510
32386537
35522916
38722647
41985730
45312165
48701952
48155089
45671577
43251417
40894609
38601153
36371049
34204297
32100897
30060849
28084153
26170809
24320817
22534177
20810889
19150953
17554369
16021137
14551257
13144729
11801553
10521729
9305257
8152137
7062369
6035953
5072889
4173177
3336817
2563809
1854153
1207849
624897
105297
-350951
-743847
-1073391
-1339583
-1542423
-1681911
-1758047
-1770831
-1720263
-1606343
-1429071
-1188447
-884471
-517143
-86463
407569
964953
1585689
2269777
3017217
3828009
4702153
5639649
6640497
7704697
8832249
10023153
11277409
12595017
13975977
15420289
16927953
18498969
20133337
21831057
23592129
25416553
27304329
29255457
31269937
33347769
35488953
37693489
39961377
42292617
44687209
47145153
49666449
52251097
54899097
57610449
56385151
53223204
50124609
47089366
44117475
41208936
38363749
35581914
32863431
30208300
27616521
25088094
22623019
20221296
17882925
15607906
13396239
11247924
9162961
7141350
5183091
3288184
1456629
-311574
-2016425
-3657924
-5236071
-6750866
-8202309
-9590400
-10915139
-12176526
-13374561
-14509244
-15580575
-16588554
-17533181
-18414456
-19232379
-19986950
-20678169
-21306036
-21870551
-22371714
-22809525
-23183984
-23495091
-23742846
-23927249
-24048300
-24105999
-24100346
-24031341
-23898984
-23703275
-23444214
-23121801
-22736036
-22286919
-21774450
-21198629
-20559456
-19856931
-19091054
-18261825
-17369244
-16413311
-15394026
-14311389
-13165400
-11956059
-10683366
-9347321
-7947924
-6485175
-4959074
-3369621
-1716816
-659
1778850
3621711
5527924
7497489
9530406
9626674
5786292
2009262
-1704416
-5354742
-8941716
-12465338
-15925608
-19322526
-22656092
-25926306
-29133168
-32276678
-35356836
-36373641
-37327094
-38217195
-39043944
-39807341
-40507386
-41144079
-41717420
-42227409
-42674046
-43057331
-43377264
-43633845
-43827074
-43956951
-44023476
-44026649
-43966470
-43842939
-43656056
-43405821
-43092234
-42715295
-42275004
-41771361
-41204366
-40574019
-39880320
-39123269
-38302866
-37419111
-36472004
-35461545
-34387734
-33250571
-32050056
-30786189
-29458970
-28068399
-26614476
-25097201
-23516574
-21872595
-20165264
-18394581
-16560546
-14663159
-12702420
-10678329
-8590886
-6440091
-4225944
-1948445
392406
2796609
5264164
7795071
10389330
13046941
15767904
18552219
21399886
24310905
27285276
30322999
33424074
36588501
39816280
43107411
46461894
49879729
47360913
44905449
42513337
40184577
37919169
35717113
33578409
31503057
29491057
27542409
25657113
23835169
22076577
20381337
18749449
17180913
15675729
14233897
12855417
11540289
10288513
9100089
7975017
6913297
5914929
4979913
4108249
3299937
2554977
1873369
1255113
700209
208657
-219543
-584391
-885887
-1124031
-1298823
-1410263
-1458351
-1443087
-1364471
-1222503
-1017183
-748511
-416487
-21111
437617
959697
1545129
2193913
2906049
3681537
4520377
5422569
6388113
7417009
8509257
9664857
10883809
12166113
13511769
14920777
16393137
17928849
19527913
21190329
22916097
24705217
26557689
28473513
30452689
32495217
34601097
36770329
39002913
41298849
43658137
46080777
48566769
51116113
53728809
56404857
59144257
55947006
52813107
49742560
46735365
43791522
40911031
38093892
35340105
32649670
30022587
27458856
24958477
22521450
20147775
17837452
15590481
13406862
11286595
9229680
7236117
5305906
3439047
1635540
-104615
-1781418
-3394869
-4944968
-6431715
-7855110
-9215153
-10511844
-11745183
-12915170
-14021805
-15065088
-16045019
-16961598
-17814825
-18604700
-19331223
-19994394
-20594213
-21130680
-21603795
-22013558
-22359969
-22643028
-22862735
-23019090
-23112093
-23141744
-23108043
-23010990
-22850585
-22626828
-22339719
-21989258
-21575445
-21098280
-20557763
-19953894
-19286673
-18556100
-17762175
-16904898
-15984269
-15000288
-13952955
-12842270
-11668233
-10430844
-9130103
-7766010
-6338565
-4847768
-3293619
-1676118
4735
1748940
3556497
5427406
7361667
9359280
11420245
9544560
5732226
1983244
-1702386
-5324664
-8883590
-12379164
-15811386
-19180256
-22485774
-25727940
-28906754
-32022216
-35074326
-36063083
-36988488
-37850541
-38649242
-39384591
-40056588
-40665233
-41210526
-41692467
-42111056
-42466293
-42758178
-42986711
-43151892
-43253721
-43292198
-43267323
-43179096
-43027517
-42812586
-42534303
-42192668
-41787681
-41319342
-40787651
-40192608
-39534213
-38812466
-38027367
-37178916
-36267113
-35291958
-34253451
-33151592
-31986381
-30757818
-29465903
-28110636
-26692017
-25210046
-23664723
-22056048
-20384021
-18648642
-16849911
-14987828
-13062393
-11073606
-9021467
-6905976
-4727133
-2484938
-179391
2189508
4621759
7117362
9676317
12298624
14984283
17733294
20545657
23421372
26360439
29362858
32428629
35557752
38750227
42006054
45325233
48707764
48153645
45662877
43235461
40871397
38570685
36333325
34159317
32048661
30001357
28017405
26096805
24239557
22445661
20715117
19047925
17444085
15903597
14426461
13012677
11662245
10375165
9151437
7991061
6894037
5860365
4890045
3983077
3139461
2359197
1642285
988725
398517
-128339
-591843
-991995
-1328795
-1602243
-1812339
-1959083
-2042475
-2062515
-2019203
-1912539
-1742523
-1509155
-1212435
-852363
-428939
57837
607965
1221445
1898277
2638461
3441997
4308885
5239125
6232717
7289661
8409957
9593605
10840605
12150957
13524661
14961717
16462125
18025885
19652997
21343461
23097277
24914445
26794965
28738837
30746061
32816637
34950565
37147845
39408477
41732461
44119797
46570485
49084525
51661917
54302661
57006757
57774204
54605001
51499150
48456651
45477504
42561709
39709266
36920175
34194436
31532049
28933014
26397331
23925000
21516021
19170394
16888119
14669196
12513625
10421406
8392539
6427024
4524861
2686050
910591
-801516
-2450271
-4035674
-5557725
-7016424
-8411771
-9743766
-11012409
-12217700
-13359639
-14438226
-15453461
-16405344
-17293875
-18119054
-18880881
-19579356
-20214479
-20786250
-21294669
-21739736
-22121451
-22439814
-22694825
-22886484
-23014791
-23079746
-23081349
-23019600
-22894499
-22706046
-22454241
-22139084
-21760575
-21318714
-20813501
-20244936
-19613019
-18917750
-18159129
-17337156
-16451831
-15503154
-14491125
-13415744
-12277011
-11074926
-9809489
-8480700
-7088559
-5633066
-4114221
-2532024
-886475
822426
2594679
4430284
6329241
8291550
10317211
10406223
6558585
2774299
-946635
-4604217
-8198447
-11729325
-15196851
-18601025
-21941847
-25219317
-28433435
-31584201
-34671615
-35695676
-36656385
-37553742
-38387747
-39158400
-39865701
-40509650
-41090247
-41607492
-42061385
-42451926
-42779115
-43042952
-43243437
-43380570
-43454351
-43464780
-43411857
-43295582
-43115955
-42872976
-42566645
-42196962
-41763927
-41267540
-40707801
-40084710
-39398267
-38648472
-37835325
-36958826
-36018975
-35015772
-33949217
-32819310
-31626051
-30369440
-29049477
-27666162
-26219495
-24709476
-23136105
-21499382
-19799307
-18035880
-16209101
-14318970
-12365487
-10348652
-8268465
-6124926
-3918035
-1647792
685803
3082750
5543049
8066700
10653703
13304058
16017765
18794824
21635235
24538998
27506113
30536580
33630399
36787570
40008093
43291968
46639195
50049774
47523702
45060982
42661614
40325598
38052934
35843622
33697662
31615054
29595798
27639894
25747342
23918142
22152294
20449798
18810654
17234862
15722422
14273334
12887598
11565214
10306182
9110502
7978174
6909198
5903574
4961302
4082382
3266814
2514598
1825734
1200222
638062
139254
-296202
-668306
-977058
-1222458
-1404506
-1523202
-1578546
-1570538
-1499178
-1364466
-1166402
-904986
-580218
-192098
259374
774198
1352374
1993902
2698782
3467014
4298598
5193534
6151822
7173462
8258454
9406798
10618494
11893542
13231942
14633694
16098798
17627254
19219062
20874222
22592734
24374598
26219814
28128382
30100302
32135574
34234198
36396174
38621502
40910182
43262214
45677598
48156334
50698422
53303862
55972654
58704798
55500291
52359136
49281333
46266882
43315783
40428036
37603641
34842598
32144907
29510568
26939581
24431946
21987663
19606732
17289153
15034926
12844051
10716528
8652357
6651538
4714071
2839956
1029193
-718218
-2402277
-4022984
-5580339
-7074342
-8504993
-9872292
-11176239
-12416834
-13594077
-14707968
-15758507
-16745694
-17669529
-18530012
-19327143
-20060922
-20731349
-21338424
-21882147
-22362518
-22779537
-23133204
-23423519
-23650482
-23814093
-23914352
-23951259
-23924814
-23835017
-23681868
-23465367
-23185514
-22842309
-22435752
-21965843
-21432582
-20835969
-20176004
-19452687
-18666018
-17815997
-16902624
-15925899
-14885822
-13782393
-12615612
-11385479
-10091994
-8735157
-7314968
-5831427
-4284534
-2674289
-1000692
736257
2536558
4400211
6327216
8317573
10371282
8488341
4668751
912513
-2780373
-6409907
-9976089
-13478919
-16918397
-20294523
-23607297
-26856719
-30042789
-33165507
-36224873
-37220886
-38153547
-39022856
-39828813
-40571418
-41250671
-41866572
-42419121
-42908318
-43334163
-43696656
-43995797
-44231586
-44404023
-44513108
-44558841
-44541222
-44460251
-44315928
-44108253
-43837226
-43502847
-43105116
-42644033
-42119598
-41531811
-40880672
-40166181
-39388338
-38547143
-37642596
-36674697
-35643446
-34548843
-33390888
-32169581
-30884922
-29536911
-28125548
-26650833
-25112766
-23511347
-21846576
-20118453
-18326978
-16472151
-14553972
-12572441
-10527558
-8419323
-6247736
-4012797
-1714506
647137
3072132
5560479
8112178
10727229
13405632
16147387
18952494
21820953
24752764
27747927
30806442
33928309
37113528
40362099
43674022
47049297
48487923
45989899
43555227
41183907
38875939
36631323
34450059
32332147
30277587
28286379
26358523
24494019
22692867
20955067
19280619
17669523
16121779
14637387
13216347
11858659
10564323
9333339
8165707
7061427
6020499
5042923
4128699
3277827
2490307
1766139
1105323
507859
-26253
-497013
-904421
-1248477
-1529181
-1746533
-1900533
-1991181
-2018477
-1982421
-1883013
-1720253
-1494141
-1204677
-851861
-435693
43827
586699
1192923
1862499
2595427
3391707
4251339
5174323
6160659
7210347
8323387
9499779
10739523
12042619
13409067
14838867
16332019
17888523
19508379
21191587
22938147
24748059
26621323
28557939
30557907
32621227
34747899
36937923
39191299
41508027
43888107
46331539
48838323
51408459
54041947
56738787
57498978
54322519
51209412
48159657
45173254
42250203
39390504
36594157
33861162
31191519
28585228
26042289
23562702
21146467
18793584
16504053
14277874
12115047
10015572
7979449
6006678
4097259
2251192
468477
-1250886
-2906897
-4499556
-6028863
-7494818
-8897421
-10236672
-11512571
-12725118
-13874313
-14960156
-15982647
-16941786
-17837573
-18670008
-19439091
-20144822
-20787201
-21366228
-21881903
-22334226
-22723197
-23048816
-23311083
-23509998
-23645561
-23717772
-23726631
-23672138
-23554293
-23373096
-23128547
-22820646
-22449393
-22014788
-21516831
-20955522
-20330861
-19642848
-18891483
-18076766
-17198697
-16257276
-15252503
-14184378
-13052901
-11858072
-10599891
-9278358
-7893473
-6445236
-4933647
-3358706
-1720413
-18768
1746229
3574578
5466279
7421332
9439737
11521494
7666600
3875058
146868
-3517970
-7119456
-10657590
-14132372
-17543802
-20891880
-24176606
-27397980
-30556002
-33650672
-34681989
-35649954
-36554567
-37395828
-38173737
-38888294
-39539499
-40127352
-40651853
-41113002
-41510799
-41845244
-42116337
-42324078
-42468467
-42549504
-42567189
-42521522
-42412503
-42240132
-42004409
-41705334
-41342907
-40917128
-40427997
-39875514
-39259679
-38580492
-37837953
-37032062
-36162819
-35230224
-34234277
-33174978
-32052327
-30866324
-29616969
-28304262
-26928203
-25488792
-23986029
-22419914
-20790447
-19097628
-17341457
-15521934
-13639059
-11692832
-9683253
-7610322
-5474039
-3274404
-1011417
1314922
3704613
6157656
8674051
11253798
13896897
16603348
19373151
22206306
25102813
28062672
31085883
34172446
37322361
40535628
43812247
47152218
50555541
48022213
45552237
43145613
40802341
38522421
36305853
34152637
32062773
30036261
28073101
26173293
24336837
22563733
20853981
19207581
17624533
16104837
14648493
13255501
11925861
10659573
9456637
8317053
7240821
6227941
5278413
4392237
3569413
2809941
2113821
1481053
911637
405573
-37139
-416499
-732507
-985163
-1174467
-1300419
-1363019
-1362267
-1298163
-1170707
-979899
-725739
-408227
-27363
416853
924421
1495341
2129613
2827237
3588213
4412541
5300221
6251253
7265637
8343373
9484461
10688901
11956693
13287837
14682333
16140181
17661381
19245933
20893837
22605093
24379701
26217661
28118973
30083637
32111653
34203021
36357741
38575813
40857237
43202013
45610141
48081621
50616453
53214637
55876173
58601061
57389299
54240888
51155829
48134122
45175767
42280764
39449113
36680814
33975867
31334272
28756029
26241138
23789599
21401412
19076577
16815094
14616963
12482184
10410757
8402682
6457959
4576588
2758569
1003902
-687413
-2315376
-3879987
-5381246
-6819153
-8193708
-9504911
-10752762
-11937261
-13058408
-14116203
-15110646
-16041737
-16909476
-17713863
-18454898
-19132581
-19746912
-20297891
-20785518
-21209793
-21570716
-21868287
-22102506
-22273373
-22380888
-22425051
-22405862
-22323321
-22177428
-21968183
-21695586
-21359637
-20960336
-20497683
-19971678
-19382321
-18729612
-18013551
-17234138
-16391373
-15485256
-14515787
-13482966
-12386793
-11227268
-10004391
-8718162
-7368581
-5955648
-4479363
-2939726
-1336737
329604
2059297
3852342
5708739
7628488
9611589
11658042
9767845
5940999
2177505
-1522637
-5159427
-8732865
-12242951
-15689685
-19073067
-22393097
-25649775
-28843101
-31973075
-35039697
-36042966
-36982883
-37859448
-38672661
-39422522
-40109031
-40732188
-41291993
-41788446
-42221547
-42591296
-42897693
-43140738
-43320431
-43436772
-43489761
-43479398
-43405683
-43268616
-43068197
-42804426
-42477303
-42086828
-41633001
-41115822
-40535291
-39891408
-39184173
-38413586
-37579647
-36682356
-35721713
-34697718
-33610371
-32459672
-31245621
-29968218
-28627463
-27223356
-25755897
-24225086
-22630923
-20973408
-19252541
-17468322
-15620751
-13709828
-11735553
-9697926
-7596947
-5432616
-3204933
-913898
1440489
3858228
6339319
8883762
11491557
14162704
16897203
19695054
22556257
25480812
28468719
31519978
34634589
37812552
41053867
44358534
47726553
49157923
46652643
44210715
41832139
39516915
37265043
35076523
32951355
30889539
28891075
26955963
25084203
23275795
21530739
19849035
18230683
16675683
15184035
13755739
12390795
11089203
9850963
8676075
7564539
6516355
5531523
4610043
3751915
2957139
2225715
1557643
952923
411555
-66461
-481125
-832437
-1120397
-1345005
-1506261
-1604165
-1638717
-1609917
-1517765
-1362261
-1143405
-861197
-515637
-106725
365539
901155
1500123
2162443
2888115
3677139
4529515
5445243
6424323
7466755
8572539
9741675
10974163
12270003
13629195
15051739
16537635
18086883
19699483
21375435
23114739
24917395
26783403
28712763
30705475
32761539
34880955
37063723
39309843
41619315
43992139
46428315
48927843
51490723
54116955
56806539
57559474
54375759
51255396
48198385
45204726
42274419
39407464
36603861
33863610
31186711
28573164
26022969
23536126
21112635
18752496
16455709
14222274
12052191
9945460
7902081
5922054
4005379
2152056
362085
-1364534
-3027801
-4627716
-6164279
-7637490
-9047349
-10393856
-11677011
-12896814
-14053265
-15146364
-16176111
-17142506
-18045549
-18885240
-19661579
-20374566
-21024201
-21610484
-22133415
-22592994
-22989221
-23322096
-23591619
-23797790
-23940609
-24020076
-24036191
-23988954
-23878365
-23704424
-23467131
-23166486
-22802489
-22375140
-21884439
-21330386
-20712981
-20032224
-19288115
-18480654
-17609841
-16675676
-15678159
-14617290
-13493069
-12305496
-11054571
-9740294
-8362665
-6921684
-5417351
-3849666
-2218629
-524240
1233501
3054594
4939039
6886836
8897985
10972486
7110336
3311538
-423908
-4096002
-7704744
-11250134
-14732172
-18150858
-21506192
-24798174
-28026804
-31192082
-34294008
-35332581
-36307802
-37219671
-38068188
-38853353
-39575166
-40233627
-40828736
-41360493
-41828898
-42233951
-42575652
-42854001
-43068998
-43220643
-43308936
-43333877
-43295466
-43193703
-43028588
-42800121
-42508302
-42153131
-41734608
-41252733
-40707506
-40098927
-39426996
-38691713
-37893078
-37031091
-36105752
-35117061
-34065018
-32949623
-31770876
-30528777
-29223326
-27854523
-26422368
-24926861
-23368002
-21745791
-20060228
-18311313
-16499046
-14623427
-12684456
-10682133
-8616458
-6487431
-4295052
-2039321
279762
2662197
5107984
7617123
10189614
12825457
15524652
18287199
21113098
24002349
26954952
29970907
33050214
36192873
39398884
42668247
46000962
49397029
48856446
46379214
43965334
41614806
39327630
37103806
34943334
32846214
30812446
28842030
26934966
25091254
23310894
21593886
19940230
18349926
16822974
15359374
13959126
12622230
11348686
10138494
8991654
7908166
6888030
5931246
5037814
4207734
3441006
2737630
2097606
1520934
1007614
557646
171030
-152234
-412146
-608706
-741914
-811770
-818274
-761426
-641226
-457674
-210770
99486
473094
910054
1410366
1974030
2601046
3291414
4045134
4862206
5742630
6686406
7693534
8764014
9897846
11095030
12355566
13679454
15066694
16517286
18031230
19608526
21249174
22953174
24720526
26551230
28445286
30402694
32423454
34507566
36655030
38865846
41140014
43477534
45878406
48342630
50870206
53461134
56115414
58833046
57614028
54458361
51366046
48337083
45371472
42469213
39630306
36854751
34142548
31493697
28908198
26386051
23927256
21531813
19199722
16930983
14725596
12583561
10504878
8489547
6537568
4648941
2823666
1061743
-636828
-2272047
-3843914
-5352429
-6797592
-8179403
-9497862
-10752969
-11944724
-13073127
-14138178
-15139877
-16078224
-16953219
-17764862
-18513153
-19198092
-19819679
-20377914
-20872797
-21304328
-21672507
-21977334
-22218809
-22396932
-22511703
-22563122
-22551189
-22475904
-22337267
-22135278
-21869937
-21541244
-21149199
-20693802
-20175053
-19592952
-18947499
-18238694
-17466537
-16631028
-15732167
-14769954
-13744389
-12655472
-11503203
-10287582
-9008609
-7666284
-6260607
-4791578
-3259197
-1663464
-4379
1718058
3503847
5352988
7265481
9241326
11280523
11383071
7548969
3778219
70821
-3573225
-7153919
-10671261
-14125251
-17515889
-20843175
-24107109
-27307691
-30444921
-33518799
-34529324
-35476497
-36360318
-37180787
-37937904
-38631669
-39262082
-39829143
-40332852
-40773209
-41150214
-41463867
-41714168
-41901117
-42024714
-42084959
-42081852
-42015393
-41885582
-41692419
-41435904
-41116037
-40732818
-40286247
-39776324
-39203049
-38566422
-37866443
-37103112
-36276429
-35386394
-34433007
-33416268
-32336177
-31192734
-29985939
-28715792
-27382293
-25985442
-24525239
-23001684
-21414777
-19764518
-18050907
-16273944
-14433629
-12529962
-10562943
-8532572
-6438849
-4281774
-2061347
222432
2569563
4980046
7453881
9991068
12591607
15255498
17982741
20773336
23627283
26544582
29525233
32569236
35676591
38847298
42081357
45378768
48739531
50163645
47651109
45201925
42816093
40493613
38234485
36038709
33906285
31837213
29831493
27889125
26010109
24194445
22442133
20753173
19127565
17565309
16066405
14630853
13258653
11949805
10704309
9522165
8403373
7347933
6355845
5427109
4561725
3759693
3021013
2345685
1733709
1185085
699813
277893
-80675
-375891
-607755
-776267
-881427
-923235
-901691
-816795
-668547
-456947
-181995
156309
557965
1022973
1551333
2143045
2798109
3516525
4298293
5143413
6051885
7023709
8058885
9157413
10319293
11544525
12833109
14185045
15600333
17078973
18620965
20226309
21895005
23627053
25422453
27281205
29203309
31188765
33237573
35349733
37525245
39764109
42066325
44431893
46860813
49353085
51908709
54527685
57210013
59955693
56764722
53637103
50572836
47571921
44634358
41760147
38949288
36201781
33517626
30896823
28339372
25845273
23414526
21047131
18743088
16502397
14325058
12211071
10160436
8173153
6249222
4388643
2591416
857541
-812982
-2420153
-3963972
-5444439
-6861554
-8215317
-9505728
-10732787
-11896494
-12996849
-14033852
-15007503
-15917802
-16764749
-17548344
-18268587
-18925478
-19519017
-20049204
-20516039
-20919522
-21259653
-21536432
-21749859
-21899934
-21986657
-22010028
-21970047
-21866714
-21700029
-21469992
-21176603
-20819862
-20399769
-19916324
-19369527
-18759378
-18085877
-17349024
-16548819
-15685262
-14758353
-13768092
-12714479
-11597514
-10417197
-9173528
-7866507
-6496134
-5062409
-3565332
-2004903
-381122
1306011
3056496
4870333
6747522
8688063
10691956
12759201
8889795
5083741
1341039
-2338311
-5954309
-9506955
-12996249
-16422191
-19784781
-23084019
-26319905
-29492439
-32601621
-33647450
-34629927
-35549052
-36404825
-37197246
-37926315
-38592032
-39194397
-39733410
-40209071
-40621380
-40970337
-41255942
-41478195
-41637096
-41732645
-41764842
-41733687
-41639180
-41481321
-41260110
-40975547
-40627632
-40216365
-39741746
-39203775
-38602452
-37937777
-37209750
-36418371
-35563640
-34645557
-33664122
-32619335
-31511196
-30339705
-29104862
-27806667
-26445120
-25020221
-23531970
-21980367
-20365412
-18687105
-16945446
-15140435
-13272072
-11340357
-9345290
-7286871
-5165100
-2979977
-731502
1580325
3955504
6394035
8895918
11461153
14089740
16781679
19536970
22355613
25237608
28182955
31191654
34263705
37399108
40597863
43859970
47185429
50574240
50026401
47541913
45120777
42762993
40468561
38237481
36069753
33965377
31924353
29946681
28032361
26181393
24393777
22669513
21008601
19411041
17876833
16405977
14998473
13654321
12373521
11156073
10001977
8911233
7883841
6919801
6019113
5181777
4407793
3697161
3049881
2465953
1945377
1488153
1094281
763761
496593
292777
152313
75201
61441
111033
223977
400273
639921
942921
1309273
1738977
2232033
2788441
3408201
4091313
4837777
5647593
6520761
7457281
8457153
9520377
10646953
11836881
13090161
14406793
15786777
17230113
18736801
20306841
21940233
23636977
25397073
27220521
29107321
31057473
33070977
35147833
37288041
39491601
41758513
44088777
46482393
48939361
51459681
54043353
56690377
59400753
58174479
55011556
51911985
48875766
45902899
42993384
40147221
37364410
34644951
31988844
29396089
26866686
24400635
21997936
19658589
17382594
15169951
13020660
10934721
8912134
6952899
5057016
3224485
1455306
-250521
-1892996
-3472119
-4987890
-6440309
-7829376
-9155091
-10417454
-11616465
-12752124
-13824431
-14833386
-15778989
-16661240
-17480139
-18235686
-18927881
-19556724
-20122215
-20624354
-21063141
-21438576
-21750659
-21999390
-22184769
-22306796
-22365471
-22360794
-22292765
-22161384
-21966651
-21708566
-21387129
-21002340
-20554199
-20042706
-19467861
-18829664
-18128115
-17363214
-16534961
-15643356
-14688399
-13670090
-12588429
-11443416
-10235051
-8963334
-7628265
-6229844
-4768071
-3242946
-1654469
-2640
1712541
3491074
5332959
7238196
9206785
11238726
11334018
7492660
3714654
-3136354
-7580288
-11905437
-16111801
-20199380
-24168174
-28018183
-31749407
-35361846
-38855500
-42230369
-43486452
-44623750
-45642263
-46541991
-47322934
-47985092
-48528465
-48953053
-49258856
-49445874
-49514107
-49463555
-49294218
-49006096
-48599189
-48073497
-47429020
-46665758
-45783711
-44782879
-43663262
-42424860
-41067673
-39591701
-37996944
-36283402
-34451075
-32499963
-30430066
-28241384
-25933917
-23507665
-20962628
-18298806
-15516199
-12614807
-9594630
-6455668
-3197921
178611
3673928
7288030
11020917
14872589
18843046
22932288
27140315
31467127
35912724
38477105
35160268
31962216
28882949
25922467
23080770
20357858
17753731
15268389
12901832
10654060
8525073
6514871
4623454
2850822
1196975
-338087
-1754364
-3051856
-4230563
-5290485
-6231622
-7053974
-7757541
-8342323
-8808320
-9155532
-9383959
-9493601
-9484458
-9356530
-9109817
-8744319
-8260036
-7656968
-6935115
-6094477
-5135054
-4056846
-2859853
-1544075
-109512
1443836
3115969
4906887
6816590
8845078
10992351
13258409
15643252
18146880
20769293
23510491
26370474
29349242
32446795
35663133
38998256
42452164
46024857
49716335
53526598
57455646
61503479
57670093
53955492
50359676
46882645
43524399
40284938
37164262
34162371
31279265
28514944
25869408
23342657
20934691
18645510
16475114
14423503
12490677
10676636
8981380
7404909
5947223
4608322
3388206
2286875
1304329
440568
-304408
-930599
-1438005
-1826626
-2096462
-2247513
-2279779
-2193260
-1987956
-1663867
-1220993
-659334
21110
820339
1738353
2775152
3930736
5205105
6598259
8110198
9740922
11490431
13358725
15345804
17451668
19676317
22019751
24481970
27062974
29762763
32581337
35518696
38574840
41749769
45043483
48455982
51987266
47637331
43406181
39293816
35300236
31425441
27669431
24032206
20513766
17114111
13833241
10671156
7627856
4703341
1897611
-789334
-3357494
-5806869
-8137459
-10349264
-12442284
-14416519
-16271969
-18008634
-19626514
-21125609
-22505919
-23767444
-24910184
-25934139
-26839309
-27625694
-28293294
-28842109
-29272139
-29583384
-29775844
-29849519
-29804409
-29640514
-29357834
-28956369
-28436119
-27797084
-27039264
-26162659
-25167269
-24053094
-22820134
-21468389
-19997859
-18408544
-16700444
-14873559
-12927889
-10863434
-8680194
-6378169
-3957359
-1417764
1240616
4017781
6913731
9928466
7061983
2314284
-2314630
-6824759
-11216103
-15488662
-19642436
-23677425
-27593629
-31391048
-35069682
-38629531
-42070595
-45392874
-46596367
-47681075
-48646998
-49494136
-50222489
-50832057
-51322840
-51694838
-51948051
-52082479
-52098122
-51994980
-51773053
-51432341
-50972844
-50394562
-49697495
-48881643
-47947006
-46893584
-45721377
-44430385
-43020608
-41492046
-39844699
-38078567
-36193650
-34189948
-32067461
-29826189
-27466132
-24987290
-22389663
-19673251
-16838054
-13884072
-10811305
-7619753
-4309416
-880294
2667613
6334305
10119782
14024044
18047091
22188923
26449540
30828942
35327129
35944099
32679852
29534390
26507713
23599821
20810714
18140392
15588855
13156103
10842136
8646954
6570557
4612945
2774118
1054076
-547181
-2029653
-3393340
-4638242
-5764359
-6771691
-7660238
-8430000
-9080977
-9613169
-10026576
-10321198
-10497035
-10554087
-10492354
-10311836
-10012533
-9594445
-9057572
-8401914
-7627471
-6734243
-5722230
-4591432
-3341849
-1973481
-486328
1119610
2844333
4687841
6650134
8731212
10931075
13249723
15687156
18243374
20918377
23712165
26624738
29656096
32806239
36075167
39462880
42969378
46594661
50338729
54201582
58183220
58283641
54502845
50840834
47297608
43873167
40567511
37380640
34312554
31363253
28532737
25821006
23228060
20753899
18398523
16161932
14044126
12045105
10164869
8403418
6760752
5236871
3831775
2545464
1377938
329197
-600759
-1411930
-2104316
-2677917
-3132733
-3468764
-3686010
-3784471
-3764147
-3625038
-3367144
-2990465
-2495001
-1880752
-1147718
-295899
674705
1764094
2972268
4299227
5744971
7309500
8992814
10794913
12715797
14755466
16913920
19191159
21587183
24101992
26735586
29487965
32359129
35349078
38457812
41685331
45031635
48496724
50080597
45783252
41604692
37544917
33603927
29781722
26078302
22493667
19027817
15680752
12452472
9342977
6352267
3480342
727202
-1907153
-4422723
-6819508
-9097508
-11256723
-13297153
-15218798
-17021658
-18705733
-20271023
-21717528
-23045248
-24254183
-25344333
-26315698
-27168278
-27902073
-28517083
-29013308
-29390748
-29649403
-29789273
-29810358
-29712658
-29496173
-29160903
-28706848
-28134008
-27442383
-26631973
-25702778
-24654798
-23488033
-22202483
-20798148
-19275028
-17633123
-15872433
-13992958
-11994698
-9877653
-7641823
-5287208
-2813808
-221623
2489347
5319102
8267642
9334966
4521072
-174037
-4750361
-9207900
-13546654
-17766623
-21867807
-25850206
-29713820
-33458649
-37084693
-40591952
-43980426
-45250114
-46401017
-47433135
-48346468
-49141016
-49816779
-50373757
-50811950
-51131358
-51331981
-51413819
-51376872
-51221140
-50946623
-50553321
-50041234
-49410362
-48660705
-47792263
-46805036
-45699024
-44474227
-43130645
-41668278
-40087126
-38387189
-36568467
-34630960
-32574668
-30399591
-28105729
-25693082
-23161650
-20511433
-17742431
-14854644
-11848072
-8722715
-5478573
-2115646
1366066
4966563
8685845
12523912
16480764
20556401
24750823
29064030
33496022
38046799
34716357
31504700
28411828
25437741
22582439
19845922
17228190
14729243
12349081
10087704
7945112
5921305
4016283
2230046
562594
-986073
-2415955
-3727052
-4919364
-5992891
-6947633
-7783590
-8500762
-9099149
-9578751
-9939568
-10181600
-10304847
-10309309
-10194986
-9961878
-9609985
-9139307
-8549844
-7841596
-7014563
-6068745
-5004142
-3820754
-2518581
-1097623
442120
2100648
3877961
5774059
7788942
9922610
12175063
14546301
17036324
19645132
22372725
25219103
28184266
31268214
34470947
37792465
41232768
44791856
48469729
52266387
56181830
60216058
56369067
52640861
49031440
45540804
42168953
38915887
35781606
32766110
29869399
27091473
24432332
21891976
19470405
17167619
14983618
12918402
10971971
9144325
7435464
5845388
4374097
3021591
1787870
672934
-323217
-1200583
-1959164
-2598960
-3119971
-3522197
-3805638
-3970294
-4016165
-3943251
-3751552
-3441068
-3011799
-2463745
-1796906
-1011282
-106873
916321
2058300
3319064
4698613
6196947
7814066
9549970
11404659
13378133
15470392
17681436
20011265
22459879
25027278
27713462
30518431
33442185
36484724
39646048
42926157
46325051
49842730
47479191
43234436
39108466
35101281
31212881
27443266
23792436
20260391
16847131
13552656
10376966
7320061
4381941
1562606
-1137944
-3719709
-6182689
-8526884
-10752294
-12858919
-14846759
-16715814
-18466084
-20097569
-21610269
-23004184
-24279314
-25435659
-26473219
-27391994
-28191984
-28873189
-29435609
-29879244
-30204094
-30410159
-30497439
-30465934
-30315644
-30046569
-29658709
-29152064
-28526634
-27782419
-26919419
-25937634
-24837064
-23617709
-22279569
-20822644
-19246934
-17552439
-15739159
-13807094
-11756244
-9586609
-7298189
-4890984
-2364994
279781
3043341
5925686
8926816
8046729
3285425
-1357094
-5880828
-10285777
-14571941
-18739320
-22787914
-26717723
-30528747
-34220986
-37794440
-41249109
-44584993
-45802091
-46900404
-47879932
-48740675
-49482633
-50105806
-50610194
-50995797
-51262615
-51410648
-51439896
-51350359
-51142037
-50814930
-50369038
-49804361
-49120899
-48318652
-47397620
-46357803
-45199201
-43921814
-42525642
-41010685
-39376943
-37624416
-35753104
-33763007
-31654125
-29426458
-27080006
-24614769
-22030747
-19327940
-16506348
-13565971
-10506809
-7328862
-4032130
-616613
2917689
6570776
10342648
14233305
18242747
22370974
26617986
30983783
35468365
36071730
32793878
29634811
26594529
23673032
20870320
18186393
15621251
13174894
10847322
8638535
6548533
4577316
2724884
991237
-623625
-2119702
-3496994
-4755501
-5895223
-6916160
-7818312
-8601679
-9266261
-9812058
-10239070
-10547297
-10736739
-10807396
-10759268
-10592355
-10306657
-9902174
-9378906
-8736853
-7976015
-7096392
-6097984
-4980791
-3744813
-2390050
-916502
675831
2386949
4216852
6165540
8233013
10419271
12724314
15148142
17690755
20352153
23132336
26031304
29049057
32185595
35440918
38815026
42307919
45919597
49650060
53499308
57467341
59554158
55759757
52084141
48527310
45089264
41770003
38569527
35487836
32524930
29680809
26955473
24348922
21861156
19492175
17241979
15110568
13097942
11204101
9429045
7772774
6235288
4816587
3516671
2335540
1273194
329633
-495143
-1201134
-1788340
-2256761
-2606397
-2837248
-2949314
-2942595
-2817091
-2572802
-2209728
-1727869
-1127225
-407796
430418
1387417
2463201
3657770
4971124
6403263
7954187
9623896
11412390
13319669
15345733
17490582
19754216
22136635
24637839
27257828
29996602
32854161
35830505
38925634
42139548
45472247
48923731
50493999
46183049
41990884
37917504
33962909
30127099
26410074
22811834
19332379
15971709
12729824
9606724
6602409
3716879
950134
-1697826
-4227001
-6637391
-8928996
-11101816
-13155851
-15091101
-16907566
-18605246
-20184141
-21644251
-22985576
-24208116
-25311871
-26296841
-27163026
-27910426
-28539041
-29048871
-29439916
-29712176
-29865651
-29900341
-29816246
-29613366
-29291701
-28851251
-28292016
-27613996
-26817191
-25901601
-24867226
-23714066
-22442121
-21051391
-19541876
-17913576
-16166491
-14300621
-12315966
-10212526
-7990301
-5649291
-3189496
-610916
2086449
4902599
7837534
10891254
6063755
1355041
-3234888
-7706032
-12058391
-16291965
-20406754
-24402758
-28279977
-32038411
-35678060
-39198924
-42601003
-43884296
-45048804
-46094527
-47021465
-47829618
-48518986
-49089569
-49541367
-49874380
-50088608
-50184051
-50160709
-50018582
-49757670
-49377973
-48879491
-48262224
-47526172
-46671335
-45697713
-44605306
-43394114
-42064137
-40615375
-39047828
-37361496
-35556379
-33632477
-31589790
-29428318
-27148061
-24749019
-22231192
-19594580
-16839183
-13965001
-10972034
-7860282
-4629745
-1280423
2187684
5774576
9480253
13304715
17247962
21309994
25490811
29790413
34208800
38745972
35401925
32176663
29070186
26082494
23213587
20463465
17832128
15319576
12925809
10650827
8494630
6457218
4538591
2738749
1057692
-504580
-1948067
-3272769
-4478686
-5565818
-6534165
-7383727
-8114504
-8726496
-9219703
-9594125
-9849762
-9986614
-10004681
-9903963
-9684460
-9346172
-8889099
-8313241
-7618598
-6805170
-5872957
-4821959
-3652176
-2363608
-956255
569883
2214806
3978514
5861007
7862285
9982348
12221196
14578829
17055247
19650450
22364438
25197211
28148769
31219112
34408240
37716153
41142851
44688334
48352602
52135655
56037493
60058116
58197521
54455710
50832684
47328443
43942987
40676316
37528430
34499329
31589013
28797482
26124736
23570775
21135599
18819208
16621602
14542781
12582745
10741494
9019028
7415347
5930451
4564340
3317014
2188473
1178717
287746
-484440
-1137841
-1672457
-2088288
-2385334
-2563595
-2623071
-2563762
-2385668
-2088789
-1673125
-1138676
-485442
286577
1177381
2186970
3315344
4562503
5928447
7413176
9016690
10738989
12580073
14539942
16618596
18816035
21132259
23567268
26121062
28793641
31585005
34495154
37524088
40671807
43938311
47323600
50827674
48450530
44192170
40052595
36031805
32129800
28346580
24682145
21136495
17709630
14401550
11212255
8141745
5190020
2357080
-357075
-2952445
-5429030
-7786830
-10025845
-12146075
-14147520
-16030180
-17794055
-19439145
-20965450
-22372970
-23661705
-24831655
-25882820
-26815200
-27628795
-28323605
-28899630
-29356870
-29695325
-29914995
-30015880
-29997980
-29861295
-29605825
-29231570
-28738530
-28126705
-27396095
-26546700
-25578520
-24491555
-23285805
-21961270
-20517950
-18955845
-17274955
-15475280
-13556820
-11519575
-9363545
-7088730
-4695130
-2182745
448425
3198380
6067120
9054645
8160953
3386044
-1270080
-5807419
-10225973
-14525742
-18706726
-22768925
-26712339
-30536968
-34242812
-37829871
-41298145
-44647634
-45878337
-46990255
-47983388
-48857736
-49613299
-50250077
-50768070
-51167278
-51447701
-51609339
-51652192
-51576260
-51381543
-51068041
-50635754
-50084682
-49414825
-48626183
-47718756
-46692544
-45547547
-44283765
-42901198
-41399846
-39779709
-38040787
-36183080
-34206588
-32111311
-29897249
-27564402
-25112770
-22542353
-19853151
-17045164
-14118392
-11072835
-7908493
-4625366
-1223454
2297243
5936725
9694992
13572044
17567881
21682503
25915910
30268102
34739079
37328840
34037383
30864711
27810824
24875722
22059405
19361873
16783126
14323164
11981987
9759595
7655988
5671166
3805129
2057877
429410
-1080272
-2471169
-3743281
-4896608
-5931150
-6846907
-7643879
-8322066
-8881468
-9322085
-9643917
-9846964
-9931226
-9896703
-9743395
-9471302
-9080424
-8570761
-7942313
-7195080
-6329062
-5344259
-4240671
-3018298
-1677140
-217197
1361531
3059044
4875342
6810425
8864293
11036946
13328384
15738607
18267615
20915408
23681986
26567349
29571497
32694430
35936148
39296651
42775939
46374012
50090870
53926513
57880941
59954153
56146147
52456926
48886490
45434839
42101973
38887892
35792596
32816085
29958359
27219418
24599262
22097891
19715305
17451504
15306488
13280257
11372811
9584150
7914274
6363183
4930877
3617356
2422620
1346669
389503
-448878
-1168474
-1769285
-2251311
-2614552
-2859008
-2984679
-2991565
-2879666
-2648982
-2299513
-1831259
-1244220
-538396
286213
1229607
2291786
3472750
4772499
6191033
7728352
9384456
11159345
13053019
15065478
17196722
19446751
21815565
24303164
26909548
29634717
32478671
35441410
38522934
41723243
45042337
48480216
52036880
47712325
43506555
39419570
35451370
31601955
27871325
24259480
20766420
17392145
14136655
10999950
7982030
5082895
2302545
-359020
-2901800
-5325795
-7631005
-9817430
-11885070
-13833925
-15663995
-17375280
-18967780
-20441495
-21796425
-23032570
-24149930
-25148505
-26028295
-26789300
-27431520
-27954955
-28359605
-28645470
-28812550
-28860845
-28790355
-28601080
-28293020
-27866175
-27320545
-26656130
-25872930
-24970945
-23950175
-22810620
-21552280
-20175155
-18679245
-17064550
-15331070
-13478805
-11507755
-9417920
-7209300
-4881895
-2435705
129270
2813030
5615575
8536905
11577020
6735916
2013597
-2589937
-7074686
-11440650
-15687829
-19816223
-23825832
-27716656
-31488695
-35141949
-38676418
-42092102
-43389000
-44567113
-45626441
-46566984
-47388742
-48091715
-48675903
-49141306
-49487924
-49715757
-49824805
-49815068
-49686546
-49439239
-49073147
-48588270
-47984608
-47262161
-46420929
-45460912
-44382110
-43184523
-41868151
-40432994
-38879052
-37206325
-35414813
-33504516
-31475434
-29327567
-27060915
-24675478
-22171256
-19548249
-16806457
-13945880
-10966518
-7868371
-4651439
-1315722
2138780
5712067
9404139
13214996
17144638
21193065
25360277
29646274
34051056
38574623
37216972
33978105
30858023
27856726
24974214
22210487
19565545
17039388
14632016
12343429
10173627
8122610
6190378
4376931
2682269
1106392
-350700
-1689007
-2908529
-4009266
-4991218
-5854385
-6598767
-7224364
-7731176
-8119203
-8388445
-8538902
-8570574
-8483461
-8277563
-7952880
-7509412
-6947159
-6266121
-5466298
-4547690
-3510297
-2354119
-1079156
314592
1827125
3458443
5208546
7077434
9065107
11171565
13396808
15740836
18203649
20785247
23485630
26304798
29242751
32299489
35475012
38769320
42182413
45714291
49364954
53134402
57022635
61029653
59155453
55400037
51763406
48245560
44846499
41566223
38404732
35362026
32438105
29632969
26946618
24379052
21930271
19600275
17389064
15296638
13322997
11468141
9732070
8114784
6616283
5236567
3975636
2833490
1810129
905553
119762
-547244
-1095465
-1524901
-1835552
-2027418
-2100499
-2054795
-1890306
-1607032
-1204973
-684129
-44500
713914
1591113
2587097
3701866
4935420
6287759
7758883
9348792
11057486
12884965
14831229
16896278
19080112
21382731
23804135
26344324
29003298
31781057
34677601
37692930
40827044
44079943
47451627
50942096
50551348
46279383
42126203
38091808
34176198
30379373
26701333
23142078
19701608
16379923
13177023
10092908
7127578
4281033
1553273
-1055702
-3545892
-5917297
-8169917
-10303752
-12318802
-14215067
-15992547
-17651242
-19191152
-20612277
-21914617
-23098172
-24162942
-25108927
-25936127
-26644542
-27234172
-27705017
-28057077
-28290352
-28404842
-28400547
-28277467
-28035602
-27674952
-27195517
-26597297
-25880292
-25044502
-24089927
-23016567
-21824422
-20513492
-19083777
-17535277
-15867992
-14081922
-12177067
-10153427
-8011002
-5749792
-3369797
-871017
1746548
4482898
7338033
10311953
9404656
4616142
-53587
-4604531
-9036690
-13350064
-17544653
-21620457
-25577476
-29415710
-33135159
-36735823
-40217702
-43580796
-44825104
-45950627
-46957365
-47845318
-48614486
-49264869
-49796467
-50209280
-50503308
-50678551
-50735009
-50672682
-50491570
-50191673
-49772991
-49235524
-48579272
-47804235
-46910413
-45897806
-44766414
-43516237
-42147275
-40659528
-39052996
-37327679
-35483577
-33520690
-31439018
-29238561
-26919319
-24481292
-21924480
-19248883
-16454501
-13541334
-10509382
-7358645
-4089123
-700816
2806276
6432153
10176815
14040262
18022494
22123511
26343313
30681900
35139272
37715428
34410366
31224089
28156597
25207890
22377968
19666831
17074479
14600912
12246130
10010133
7892921
5894494
4014852
2253995
611923
-911364
-2315866
-3601583
-4768515
-5816662
-6746024
-7556601
-8248393
-8821400
-9275622
-9611059
-9827711
-9925578
-9904660
-9764957
-9506469
-9129196
-8633138
-8018295
-7284667
-6432254
-5461056
-4371073
-3162305
-1834752
-388414
1176709
2860617
4663310
6584788
8625051
10784099
13061932
15458550
17973953
20608141
23361114
26232872
29223415
32332743
35560856
38907754
42373437
45957905
49661158
53483196
57424019
61483627
57662016
53959190
50375149
46909893
43563422
40335736
37226835
34236719
31365388
28612842
25979081
23464105
21067914
18790508
16631887
14592051
12671000
10868734
9185253
7620557
6174646
4847520
3639179
2549623
1578852
726866
-6335
-620751
-1116382
-1493228
-1751289
-1890565
-1911056
-1812762
-1595683
-1259819
-805170
-231736
460483
1271487
2201276
3249850
4417209
5703353
7108282
8631996
10274495
12035779
13915848
15914702
18032341
20268765
22623974
25097968
27690747
30402311
33232660
36181794
39249713
42436417
45741906
49166180
52709239
48371079
44151704
40051114
36069309
32206289
28462054
24836604
21329939
17942059
14672964
11522654
8491129
5578389
2784434
109264
-2447121
-4884721
-7203536
-9403566
-11484811
-13447271
-15290946
-17015836
-18621941
-20109261
-21477796
-22727546
-23858511
-24870691
-25764086
-26538696
-27194521
-27731561
-28149816
-28449286
-28629971
-28691871
-28634986
-28459316
-28164861
-27751621
-27219596
-26568786
-25799191
-24910811
-23903646
-22777696
-21532961
-20169441
-18687136
-17086046
-15366171
-13527511
-11570066
-9493836
-7298821
-4985021
-2552436
-1066
2669089
5458029
8365754
11392264
8537556
3801632
-815507
-5313861
-9693430
-13954214
-18096213
-22119427
-26023856
-29809500
-33476359
-37024433
-40453722
-41764225
-42955943
-44028876
-44983024
-45818387
-46534965
-47132758
-47611766
-47971989
-48213427
-48336080
-48339948
-48225031
-47991329
-47638842
-47167570
-46577513
-45868671
-45041044
-44094632
-43029435
-41845453
-40542686
-39121134
-37580797
-35921675
-34143768
-32247076
-30231599
-28097337
-25844290
-23472458
-20981841
-18372439
-15644252
-12797280
-9831523
-6746981
-3543654
-221542
3219355
6779037
10457504
14254756
18170793
22205615
26359222
30631614
35022791
39532753
38161497
34909025
31775338
28760436
25864319
23086987
20428440
17888678
15467701
13165509
10982102
8917480
6971643
5144591
3436324
1846842
376145
-975767
-2208894
-3323236
-4318793
-5195565
-5953552
-6592754
-7113171
-7514803
-7797650
-7961712
-8006989
-7933481
-7741188
-7430110
-7000247
-6451599
-5784166
-4997948
-4092945
-3069157
-1926584
-665226
714917
2213845
3831558
5568056
7423339
9397407
11490260
13701898
16032321
18481529
21049522
23736300
26541863
29466211
32509344
35671262
38951965
42351453
45869726
49506784
53262627
57137255
61130668
61242864
57473843
53823607
50292156
46879490
43585609
40410513
37354202
34416676
31597935
28897979
26316808
23854422
21510821
19286005
17179974
15192728
13324267
11574591
9943700
8431594
7038273
5763737
4607986
3571020
2652839
1853443
1172832
611006
167965
-156291
-361762
-448448
-416349
-265465
4204
392658
899897
1525921
2270730
3134324
4116703
5217867
6437816
7776550
9234069
10810373
12505462
14319336
16251995
18303439
20473668
22762682
25170481
27697065
30342434
33106588
35989527
38991251
42111760
45351054
48709133
52185997
51781644
47496074
43329289
39281289
35352074
31541644
27849999
24277139
20823064
17487774
14271269
11173549
8194614
5334464
2593099
-29481
-2533276
-4918286
-7184511
-9331951
-11360606
-13270476
-15061561
-16733861
-18287376
-19722106
-21038051
-22235211
-23313586
-24273176
-25113981
-25836001
-26439236
-26923686
-27289351
-27536231
-27664326
-27673636
-27564161
-27335901
-26988856
-26523026
-25938411
-25235011
-24412826
-23471856
-22412101
-21233561
-19936236
-18520126
-16985231
-15331551
-13559086
-11667836
-9657801
-7528981
-5281376
-2914986
-429811
2174149
4896894
7738424
10698739
11777838
6975719
2292385
-2272164
-6717928
-11044907
-15253101
-19342510
-23313134
-27164973
-30898027
-34512296
-38007780
-41384479
-42642392
-43781520
-44801863
-45703421
-46486194
-47150182
-47695385
-48121803
-48429436
-48618284
-48688347
-48639625
-48472118
-48185826
-47780749
-47256887
-46614240
-45852808
-44972591
-43973589
-42855802
-41619230
-40263873
-38789731
-37196804
-35485092
-33654595
-31705313
-29637246
-27450394
-25144757
-22720335
-20177128
-17515136
-14734359
-11834797
-8816450
-5679318
-2423401
951301
4444788
8057060
11788117
15637959
19606586
23693998
27900195
32225177
36668944
39231495
35912828
32712946
29631849
26669537
23826010
21101268
18495311
16008139
13639752
11390150
9259333
7247301
5354054
3579592
1923915
387023
-1031084
-2330406
-3510943
-4572695
-5515662
-6339844
-7045241
-7631853
-8099680
-8448722
-8678979
-8790451
-8783138
-8657040
-8412157
-8048489
-7566036
-6964798
-6244775
-5405967
-4448374
-3371996
-2176833
-862885
569848
2121366
3791669
5580757
7488630
9515288
11660731
13924959
16307972
18809770
21430353
24169721
27027874
30004812
33100535
36315043
39648336
43100414
46671277
50360925
54169358
58096576
62142579
58307363
54590932
50993286
47514425
44154349
40913058
37790552
34786831
31901895
29135744
26488378
23959797
21550001
19258990
17086764
15033323
13098667
11282796
9585710
8007409
6547893
5207162
3985216
2882055
1897679
1032088
285282
-342739
-851975
-1242426
-1514092
-1666973
-1701069
-1616380
-1412906
-1090647
-649603
-89774
588840
1386239
2302423
3337392
4491146
5763685
7155009
8665118
10294012
12041691
13908155
15893404
17997438
20220257
22561861
25022250
27601424
30299383
33116127
36051656
39105970
42279069
45570953
48981622
52511076
50159312
45926332
41812137
37816727
33940102
30182262
26543207
23022937
19621452
16338752
13174837
10129707
7203362
4395802
1707027
-862963
-3314168
-5646588
-7860223
-9955073
-11931138
-13788418
-15526913
-17146623
-18647548
-20029688
-21293043
-22437613
-23463398
-24370398
-25158613
-25828043
-26378688
-26810548
-27123623
-27317913
-27393418
-27350138
-27188073
-26907223
-26507588
-25989168
-25351963
-24595973
-23721198
-22727638
-21615293
-20384163
-19034248
-17565548
-15978063
-14271793
-12446738
-10502898
-8440273
-6258863
-3958668
-1539688
998077
3654627
6429962
9324082
12336987
9468674
4719145
88401
-4423558
-8816732
-13091121
-17246725
-21283544
-25201578
-29000827
-32681291
-36242970
-39685864
-43009973
-44215296
-45301834
-46269587
-47118555
-47848738
-48460136
-48952749
-49326577
-49581620
-49717878
-49735351
-49634039
-49413942
-49075060
-48617393
-48040941
-47345704
-46531682
-45598875
-44547283
-43376906
-42087744
-40679797
-39153065
-37507548
-35743246
-33860159
-31858287
-29737630
-27498188
-25139961
-22662949
-20067152
-17352570
-14519203
-11567051
-8496114
-5306392
-1997885
1429407
4975484
8640346
12423993
16326425
20347642
24487644
28746431
33124003
37620360
38235500
34969423
31822131
28793624
25883902
23092965
20420813
17867446
15432864
13117067
10920055
8841828
6882386
5041729
3319857
1716770
232468
-1133049
-2379781
-3507728
-4516890
-5407267
-6178859
-6831666
-7365688
-7780925
-8077377
-8255044
-8313926
-8254023
-8075335
-7777862
-7361604
-6826561
-6172733
-5400120
-4508722
-3498539
-2369571
-1121818
244720
1730043
3334151
5057044
6898722
8859185
10938433
13136466
15453284
17888887
20443275
23116448
25908406
28819149
31848677
34996990
38264088
41649971
45154639
48778092
52520330
56381353
60361161
60459752
56677126
53013285
49468229
46041958
42734472
39545771
36475855
33524724
30692378
27978817
25384041
22908050
20550844
18312423
16192787
14191936
12309870
10546589
8902093
7376382
5969456
4681315
3511959
2461388
1529602
716601
22385
-553046
-1009692
-1347553
-1566629
-1666920
-1648426
-1511147
-1255083
-880234
-386600
225819
957023
1807012
2775786
3863345
5069689
6394818
7838732
9401431
11082915
12883184
14802238
16840077
18996701
21272110
23666304
26179283
28811047
31561596
34430930
37419049
40525953
43751642
47096116
50559375
52141418
47842243
43661853
39600248
35657428
31833393
28128143
24541678
21073998
17725103
14494993
11383668
8391128
5517373
2762403
126218
-2391182
-4789797
-7069627
-9230672
-11272932
-13196407
-15001097
-16687002
-18254122
-19702457
-21032007
-22242772
-23334752
-24307947
-25162357
-25897982
-26514822
-27012877
-27392147
-27652632
-27794332
-27817247
-27721377
-27506722
-27173282
-26721057
-26150047
-25460252
-24651672
-23724307
-22678157
-21513222
-20229502
-18826997
-17305707
-15665632
-13906772
-12029127
-10032697
-7917482
-5683482
-3330697
-859127
1731228
4440368
7268293
10215003
11280497
6464773
1767834
-2810320
-7269689
-11610273
-15832072
-19935086
-23919315
-27784759
-31531418
-35159292
-38668381
-42058685
-43330203
-44482936
-45516884
-46432047
-47228425
-47906018
-48464826
-48904849
-49226087
-49428540
-49512208
-49477091
-49323189
-49050502
-48659030
-48148773
-47519731
-46771904
-45905292
-44919895
-43815713
-42592746
-41250994
-39790457
-38211135
-36513028
-34696136
-32760459
-30705997
-28532750
-26240718
-23829901
-21300299
-18651912
-15884740
-12998783
-9994041
-6870514
-3628202
-267105
3212777
6811444
10528896
14365133
18320155
22393962
26586554
30897931
35328093
39877040
36544768
33331281
30236579
27260662
24403530
21665183
19045621
16544844
14162852
11899645
9755223
7729586
5822734
4034667
2365385
814888
-616824
-1929751
-3123893
-4199250
-5155822
-5993609
-6712611
-7312828
-7794260
-8156907
-8400769
-8525846
-8532138
-8419645
-8188367
-7838304
-7369456
-6781823
-6075405
-5250202
-4306214
-3243441
-2061883
-761540
657588
2195501
3852199
5627682
7521950
9535003
11666841
13917464
16286872
18775065
21382043
24107806
26952354
29915687
32997805
36198708
39518396
42956869
46514127
50190170
53984998
57898611
61931009
58082188
54352152
50740901
47248435
43874754
40619858
37483747
34466421
31567880
28788124
26127153
23584967
21161566
18856950
16671119
14604073
12655812
10826336
9115645
7523739
6050618
4696282
3460731
2343965
1345984
466788
-293623
-935249
-1458090
-1862146
-2147417
-2313903
-2361604
-2290520
-2100651
-1791997
-1364558
-818334
-153325
630469
1533048
2554412
3694561
4953495
6331214
7827718
9443007
11177081
13029940
15001584
17092013
19301227
21629226
24076010
26641579
29325933
32129072
35050996
38091705
41251199
44529478
47926542
51442391
49077022
44830437
40702637
36693622
32803392
29031947
25379287
21845412
18430322
15134017
11956497
8897762
5957812
3136647
434267
-2149328
-4614138
-6960163
-9187403
-11295858
-13285528
-15156413
-16908513
-18541828
-20056358
-21452103
-22729063
-23887238
-24926628
-25847233
-26649053
-27332088
-27896338
-28341803
-28668483
-28876378
-28965488
-28935813
-28787353
-28520108
-28134078
-27629263
-27005663
-26263278
-25402108
-24422153
-23323413
-22105888
-20769578
-19314483
-17740603
-16047938
-14236488
-12306253
-10257233
-8089428
-5802838
-3397463
-873303
1769642
4531372
7411887
10411187
9529270
4766136
121787
-4403777
-8810556
-13098550
-17267759
-21318183
-25249822
-29062676
-32756745
-36332029
-39788528
-43126242
-44345170
-45445313
-46426671
-47289244
-48033032
-48658035
-49164253
-49551686
-49820334
-49970197
-50001275
-49913568
-49707076
-49381799
-48937737
-48374890
-47693258
-46892841
-45973639
-44935652
-43778880
-42503323
-41108981
-39595854
-37963942
-36213245
-34343763
-32355496
-30248444
-28022607
-25677985
-23214578
-20632386
-17931409
-15111647
-12173100
-9115768
-5939651
-2644749
768938
4301410
7952667
11722709
15611536
19619148
23745545
27990727
32354694
36837446
37438981
34159299
30998402
27956290
25032963
22228421
19542664
16975692
14527505
12198103
9987486
7895654
5922607
4068345
2332868
716176
-781731
-2160853
-3421190
-4562742
-5585509
-6489491
-7274688
-7941100
-8488727
-8917569
-9227626
-9418898
-9491385
-9445087
-9280004
-8996136
-8593483
-8072045
-7431822
-6672814
-5795021
-4798443
-3683080
-2448932
-1095999
375719
1966222
3675510
5503583
7450441
9516084
11700512
14003725
16425723
18966506
21626074
24404427
27301565
30317488
33452196
36705689
40077967
43569030
47178878
50907511
54754929
58721132
60806119
57009888
53332442
49773781
46333905
43012814
39810508
36726987
33762251
30916300
28189134
25580753
23091157
20720346
18468320
16335079
14320623
12424952
10648066
8989965
7450649
6030118
4728372
3545411
2481235
1535844
709238
1417
-587619
-1057870
-1409336
-1642017
-1755913
-1751024
-1627350
-1384891
-1023647
-543618
55196
772795
1609179
2564348
3638302
4831041
6142565
7572874
9121968
10789847
12576511
14481960
16506194
18649213
20911017
23291606
25790980
28409139
31146083
34001812
36976326
40069625
43281709
46612578
50062232
51630670
47317890
43123895
39048685
35092260
31254620
27535765
23935695
20454410
17091910
13848195
10723265
7717120
4829760
2061185
-588605
-3119610
-5531830
-7825265
-9999915
-12055780
-13992860
-15811155
-17510665
-19091390
-20553330
-21896485
-23120855
-24226440
-25213240
-26081255
-26830485
-27460930
-27972590
-28365465
-28639555
-28794860
-28831380
-28749115
-28548065
-28228230
-27789610
-27232205
-26556015
-25761040
-24847280
-23814735
-22663405
-21393290
-20004390
-18496705
-16870235
-15124980
-13260940
-11278115
-9176505
-6956110
-4616930
-2158965
417785
3113320
5927640
8860745
11912635
7083306
2372762
-2218997
-6691971
-11046160
-15281564
-19398183
-23396017
-27275066
-31035330
-34676809
-38199503
-41603412
-42888535
-44054873
-45102426
-46031194
-46841177
-47532375
-48104788
-48558416
-48893259
-49109317
-49206590
-49185078
-49044781
-48785699
-48407832
-47911180
-47295743
-46561521
-45708514
-44736722
-43646145
-42436783
-41108636
-39661704
-38095987
-36411485
-34608198
-32686126
-30645269
-28485627
-26207200
-23809988
-21293991
-18659209
-15905642
-13033290
-10042153
-6932231
-3703524
-356032
3110245
6695307
10399154
14221786
18163203
22223405
26402392
30700164
35116721
39652063
36306186
33079094
29970787
26981265
24110528
21358576
18725409
16211027
13815430
11538618
9380591
7341349
5420892
3619220
1936333
372231
-1073086
-2399618
-3607365
-4696327
-5666504
-6517896
-7250503
-7864325
-8359362
-8735614
-8993081
-9131763
-9151660
-9052772
-8835099
-8498641
-8043398
-7469370
-6776557
-5964959
-5034576
-3985408
-2817455
-1530717
-125194
1399114
3042207
4804085
6684748
8684196
10802429
13039447
15395250
17869838
20463211
23175369
26006312
28956040
32024553
35211851
38517934
41942802
45486455
49148893
52930116
56830124
60848917
58986492
55242851
51617995
48111924
44724638
41456137
38306421
35275490
32363344
29569983
26895407
24339616
21902610
19584389
17384953
15304302
13342436
11499355
9775059
8169548
6682822
5314881
4065725
2935354
1923768
1030967
256951
-398280
-934726
-1352387
-1651263
-1831354
-1892660
-1835181
-1658917
-1363868
-950034
-417415
233989
1004178
1893152
2900911
4027455
5272784
6636898
8119797
9721481
11441950
13281204
15239243
17316067
19511676
21826070
24259249
26811213
29481962
32271496
35179815
38206919
41352808
44617482
48000941
51503185
49124211
44864021
40722616
36699996
32796161
29011111
25344846
21797366
18368671
15058761
11867636
8795296
5841741
3006971
290986
-2306214
-4784629
-7144259
-9385104
-11507164
-13510439
-15394929
-17160634
-18807554
-20335689
-21745039
-23035604
-24207384
-25260379
-26194589
-27010014
-27706654
-28284509
-28743579
-29083864
-29305364
-29408079
-29392009
-29257154
-29003514
-28631089
-28139879
-27529884
-26801104
-25953539
-24987189
-23902054
-22698134
-21375429
-19933939
-18373664
-16694604
-14896759
-12980129
-10944714
-8790514
-6517529
-4125759
-1615204
1014136
3762261
6629171
9614866
8719344
3942605
-715349
-5254518
-9674902
-13976501
-18159315
-22223344
-26168588
-29995047
-33702721
-37291610
-40761714
-44113033
-45345566
-46459314
-47454277
-48330455
-49087848
-49726456
-50246279
-50647317
-50929570
-51093038
-51137721
-51063619
-50870732
-50559060
-50128603
-49579361
-48911334
-48124522
-47218925
-46194543
-45051376
-43789424
-42408687
-40909165
-39290858
-37553766
-35697889
-33723227
-31629780
-29417548
-27086531
-24636729
-22068142
-19380770
-16574613
-13649671
-10605944
-7443432
-4162135
-762053
2756814
6394466
10150903
14026125
18020132
22132924
26364501
30714863
35184010
37771941
34478654
31304152
28248435
25311503
22493356
19793994
17213417
14751625
12408618
10184396
8078959
6092307
4224440
2475358
845061
-666451
-2059178
-3333120
-4488277
-5524649
-6442236
-7241038
-7921055
-8482287
-8924734
-9248396
-9453273
-9539365
-9506672
-9355194
-9084931
-8695883
-8188050
-7561432
-6816029
-5951841
-4968868
-3867110
-2646567
-1307239
150874
1727772
3423455
5237923
7171176
9223214
11394037
13683645
16092038
18619216
21265179
24029927
26913460
29915778
33036881
36276769
39635442
43112900
46709143
50424171
54257984
58210582
60281964
56472128
52781077
49208811
45755330
42420634
39204723
36107597
33129256
30269700
27528929
24906943
22403742
20019326
17753695
15606849
13578788
11669512
9879021
8207315
6654394
5220258
3904907
2708341
1630560
671564
-168647
-890073
-1492714
-1976570
-2341641
-2587927
-2715428
-2724144
-2614075
-2385221
-2037582
-1571158
-985949
-281955
540824
1482388
2542737
3721871
5019790
6436494
7971983
9626257
11399316
13291160
15301789
17431203
19679402
22046386
24532155
27136709
29860048
32702172
35663081
38742775
41941254
45258518
48694567
52249401
47923016
43715416
39626601
35656571
31805326
28072866
24459191
20964301
17588196
14330876
11192341
8172591
5271626
2489446
-173949
-2718559
-5144384
-7451424
-9639679
-11709149
-13659834
-15491734
-17204849
-18799179
-20274724
-21631484
-22869459
-23988649
-24989054
-25870674
-26633509
-27277559
-27802824
-28209304
-28496999
-28665909
-28716034
-28647374
-28459929
-28153699
-27728684
-27184884
-26522299
-25740929
-24840774
-23821834
-22684109
-21427599
-20052304
-18558224
-16945359
-15213709
-13363274
-11394054
-9306049
-7099259
-4773684
-2329324
233821
2915751
5716466
8635966
11674251
6831317
2107168
-2498196
-6984775
-11352569
-15601578
-19731802
-23743241
-27635895
-31409764
-35064848
-38601147
-42018661
-43317389
-44497332
-45558490
-46500863
-47324451
-48029254
-48615272
-49082505
-49430953
-49660616
-49771494
-49763587
-49636895
-49391418
-49027156
-48544109
-47942277
-47221660
-46382258
-45424071
-44347099
-43151342
-41836800
-40403473
-38851361
-37180464
-35390782
-33482315
-31455063
-29309026
-27044204
-24660597
-22158205
-19537028
-16797066
-13938319
-10960787
-7864470
-4649368
-1315481
2137191
5708648
9398890
13207917
17135729
21182326
25347708
29631875
34034827
38556564
37197083
33956386
30834474
27831347
24947005
22181448
19534676
17006689
14597487
12307070
10135438
8082591
6148529
4333252
2636760
1059053
-399869
-1740006
-2961358
-4063925
-5047707
-5912704
-6658916
-7286343
-7794985
-8184842
-8455914
-8608201
-8641703
-8556420
-8352352
-8029499
-7587861
-7027438
-6348230
-5550237
-4633459
-3597896
-2443548
-1170415
221503
1732206
3361694
5109967
6977025
8962868
11067496
13290909
15633107
18094090
20673858
23372411
26189749
29125872
32180780
35354473
38646951
42058214
45588262
49237095
53004713
56891116
60896304
59020274
55263028
51624567
48104891
44704000
41421894
38258573
35214037
32288286
29481320
26793139
24223743
21773132
19441306
17228265
15134009
13158538
11301852
9563951
7944835
6444504
5062958
3800197
2656221
1631030
724624
-62997
-731833
-1281884
-1713150
-2025631
-2219327
-2294238
-2250364
-2087705
-1806261
-1406032
-887018
-249219
507365
1382734
2376888
3489827
4721551
6072060
7541354
9129433
10836297
12661946
14606380
16669599
18851603
21152392
23571966
26110325
28767469
31543398
34438112
37451611
40583895
43834964
47204818
50693457
50300879
46027084
41872074
37835849
33918409
30119754
26439884
22878799
19436499
16112984
12908254
9822309
6855149
4006774
1277184
-1333621
-3825641
-6198876
-8453326
-10588991
-12605871
-14503966
-16283276
-17943801
-19485541
-20908496
-22212666
-23398051
-24464651
-25412466
-26241496
-26951741
-27543201
-28015876
-28369766
-28604871
-28721191
-28718726
-28597476
-28357441
-27998621
-27521016
-26924626
-26209451
-25375491
-24422746
-23351216
-22160901
-20851801
-19423916
-17877246
-16211791
-14427551
-12524526
-10502716
-8362121
-6102741
-3724576
-1227626
1388109
4122629
6975934
9948024
9038897
4248553
-423006
-4975780
-9409769
-13724973
-17921392
-21999026
-25957875
-29797939
-33519218
-37121712
-40605421
-43970345
-45216483
-46343836
-47352404
-48242187
-49013185
-49665398
-50198826
-50613469
-50909327
-51086400
-51144688
-51084191
-50904909
-50606842
-50189990
-49654353
-48999931
-48226724
-47334732
-46323955
-45194393
-43946046
-42578914
-41092997
-39488295
-37764808
-35922536
-33961479
-31881637
-29683010
-27365598
-24929401
-22374419
-19700652
-16908100
-13996763
-10966641
-7817734
-4550042
-1163565
2341697
5965744
9708576
13570193
17550595
21649782
25867754
30204511
34660053
37234379
33927487
30739380
27670058
24719521
21887769
19174802
16580620
14105223
11748611
9510784
7391742
5391485
3510013
1747326
103424
-1421693
-2828025
-4115572
-5284334
-6334311
-7265503
-8077910
-8771532
-9346369
-9802421
-10139688
-10358170
-10457867
-10438779
-10300906
-10044248
-9668805
-9174577
-8561564
-7829766
-6979183
-6009815
-4921662
-3714724
-2389001
-944493
618800
2300878
4101741
6021389
8059822
10217040
12493043
14887831
17401404
20033762
22784905
25654833
28643546
31751044
34977327
38322395
41786248
45368886
49070309
52890517
56829510
60887288
57063847
53359191
49773320
46306234
42957933
39728417
36617686
33625740
30752579
27998203
25362612
22845806
20447785
18168549
16008098
13966432
12043551
10239455
8554144
6987618
5539877
4210921
3000750
1909364
936763
82947
-652084
-1268330
-1765791
-2144467
-2404358
-2545464
-2567785
-2471321
-2256072
-1922038
-1469219
-897615
-207226
601948
1529907
2576651
3742180
5026494
6429593
7951477
9592146
11351600
13229839
15226863
17342672
19577266
21930645
24402809
26993758
29703492
32532011
35479315
38545404
41730278
45033937
48456381
51997610
47657620
43436415
39333995
35350360
31485510
27739445
24112165
20603670
17213960
13943035
10790895
7757540
4842970
2047185
-629815
-3188030
-5627460
-7948105
-10149965
-12233040
-14197330
-16042835
-17769555
-19377490
-20866640
-22237005
-23488585
-24621380
-25635390
-26530615
-27307055
-27964710
-28503580
-28923665
-29224965
-29407480
-29471210
-29416155
-29242315
-28949690
-28538280
-28008085
-27359105
-26591340
-25704790
-24699455
-23575335
-22332430
-20970740
-19490265
-17891005
-16172960
-14336130
-12380515
-10306115
-8112930
-5800960
-3370205
-820665
1847660
4634770
7540665
10565345
7708807
2971053
-1647916
-6148100
-10529499
-14792113
-18935942
-22960986
-26867245
-30654719
-34323408
-37873312
-41304431
-42616764
-43810312
-44885075
-45841053
-46678246
-47396654
-47996277
-48477115
-48839168
-49082436
-49206919
-49212617
-49099530
-48867658
-48517001
-48047559
-47459332
-46752320
-45926523
-44981941
-43918574
-42736422
-41435485
-40015763
-38477256
-36819964
-35043887
-33149025
-31135378
-29002946
-26751729
-24381727
-21892940
-19285368
-16559011
-13713869
-10749942
-7667230
-4465733
-1145451
2293616
5851468
9528105
13323527
17237734
21270726
25422503
29693065
34082412
38590544
37217458
33963156
30827639
27810907
24912960
22133798
19473421
16931829
14509022
12205000
10019763
7953311
6005644
4176762
2466665
875353
-597174
-1950916
-3185873
-4302045
-5299432
-6178034
-6937851
-7578883
-8101130
-8504592
-8789269
-8955161
-9002268
-8930590
-8740127
-8430879
-8002846
-7456028
-6790425
-6006037
-5102864
-4080906
-2940163
-1680635
-302322
1194776
2810659
4545327
6398780
8371018
10462041
12671849
15000442
17447820
20013983
22698931
25502664
28425182
31466485
34626573
37905446
41303104
44819547
48454775
52208788
56081586
60073169
60183535
56412684
52760618
49227337
45812841
42517130
39340204
36282063
33342707
30522136
27820350
25237349
22773133
20427702
18201056
16093195
14104119
12233828
10482322
8849601
7335665
5940514
4664148
3506567
2467771
1547760
746534
64093
-499563
-944434
-1270520
-1477821
-1566337
-1536068
-1387014
-1119175
-732551
-227142
397052
1140031
2001795
2982344
4081678
5299797
6636701
8092390
9666864
11360123
13172167
15102996
17152610
19321009
21608193
24014162
26538916
29182455
31944779
34825888
37825782
40944461
44181925
47538174
51013208
50607025
46319625
42151010
38101180
34170135
30357875
26664400
23089710
19633805
16296685
13078350
9978800
6998035
4136055
1392860
-1231550
-3737175
-6124015
-8392070
-10541340
-12571825
-14483525
-16276440
-17950570
-19505915
-20942475
-22260250
-23459240
-24539445
-25500865
-26343500
-27067350
-27672415
-28158695
-28526190
-28774900
-28904825
-28915965
-28808320
-28581890
-28236675
-27772675
-27189890
-26488320
-25667965
-24728825
-23670900
-22494190
-21198695
-19784415
-18251350
-16599500
-14828865
-12939445
-10931240
-8804250
-6558475
-4193915
-1710570
891560
3612475
6452175
9410660
10487929
5683980
998816
-3567563
-8015157
-12343966
-16553990
-20645229
-24617683
-28471352
-32206236
-35822335
-39319649
-42698178
-43957921
-45098879
-46121052
-47024440
-47809043
-48474861
-49021894
-49450142
-49759605
-49950283
-50022176
-49975284
-49809607
-49525145
-49121898
-48599866
-47959049
-47199447
-46321060
-45323888
-44207931
-42973189
-41619662
-40147350
-38556253
-36846371
-35017704
-33070252
-31004015
-28818993
-26515186
-24092594
-21551217
-18891055
-16112108
-13214376
-10197859
-7062557
-3808470
-435598
3056059
6666501
10395728
14243740
18210537
22296119
26500486
30823638
35265575
39826297
36505800
33304088
30221161
27257019
24411662
21685090
19077303
16588301
14218084
11966652
9834005
7820143
5925066
4148774
2491267
952545
-467392
-1768544
-2950911
-4014493
-4959290
-5785302
-6492529
-7080971
-7550628
-7901500
-8133587
-8246889
-8241406
-8117138
-7874085
-7512247
-7031624
-6432216
-5714023
-4877045
-3921282
-2846734
-1653401
-341283
1089620
2639308
4307781
6095039
8001082
10025910
12169523
14431921
16813104
19313072
21931825
24669363
27525686
30500794
33594687
36807365
40138828
43589076
47158109
50845927
54652530
58577918
62622091
58785045
55066784
51467308
47986617
44624711
41381590
38257254
35251703
32364937
29596956
26947760
24417349
22005723
19712882
17538826
15483555
13547069
11729368
10030452
8450321
6988975
5646414
4422638
3317647
2331441
1464020
715384
85533
-425533
-817814
-1091310
-1246021
-1281947
-1199088
-997444
-677015
-237801
320198
996982
1792551
2706905
3740044
4891968
6162677
7552171
9060450
10687514
12433363
14297997
16281416
18383620
20604609
22944383
25402942
27980286
30676415
33491329
36425028
39477512
42648781
45938835
49347674
52875298
50521704
46286894
42170869
38173629
34295174
30535504
26894619
23372519
19969204
16684674
13518929
10471969
7543794
4734404
2043799
-528021
-2981056
-5315306
-7530771
-9627451
-11605346
-13464456
-15204781
-16826321
-18329076
-19713046
-20978231
-22124631
-23152246
-24061076
-24851121
-25522381
-26074856
-26508546
-26823451
-27019571
-27096906
-27055456
-26895221
-26616201
-26218396
-25701806
-25066431
-24312271
-23439326
-22447596
-21337081
-20107781
-18759696
-17292826
-15707171
-14002731
-12179506
-10237496
-8176701
-5997121
-3698756
-1281606
1254329
3909049
6682554
9574844
12585919
9715776
4964417
331843
-4181946
-8576950
-12853169
-17010603
-21049252
-24969116
-28770195
-32452489
-36015998
-39460722
-42786661
-43993814
-45082182
-46051765
-46902563
-47634576
-48247804
-48742247
-49117905
-49374778
-49512866
-49532169
-49432687
-49214420
-48877368
-48421531
-47846909
-47153502
-46341310
-45410333
-44360571
-43192024
-41904692
-40498575
-38973673
-37329986
-35567514
-33686257
-31686215
-29567388
-27329776
-24973379
-22498197
-19904230
-17191478
-14359941
-11409619
-8340512
-5152620
-1845943
1579519
5123766
8786798
12568615
16469217
20488604
24626776
28883733
33259475
37754002
38367312
35099405
31950283
28919946
26008394
23215627
20541645
17986448
15550036
13232409
11033567
8953510
6992238
5149751
3426049
1821132
335000
-1032347
-2280909
-3410686
-4421678
-5313885
-6087307
-6741944
-7277796
-7694863
-7993145
-8172642
-8233354
-8175281
-7998423
-7702780
-7288352
-6755139
-6103141
-5332358
-4442790
-3434437
-2307299
-1061376
303332
1786825
3389103
5110166
6950014
8908647
10986065
13182268
15497256
17931029
20483587
23154930
25945058
28853971
31881669
35028152
38293420
41677473
45180311
48801934
52542342
56401535
60379513
60476274
56691818
53026147
49479261
46051160
42741844
39551313
36479567
33526606
30692430
27977039
25380433
22902612
20543576
18303325
16181859
14179178
12295282
10530171
8883845
7356304
5947548
4657577
3486391
2433990
1500374
685543
-10503
-587764
-1046240
-1385931
-1606837
-1708958
-1692294
-1556845
-1302611
-929592
-437788
172801
902175
1750334
2717278
3803007
5007521
6330820
7772904
9333773
11013427
12811866
14729090
16765099
18919893
21193472
23585836
26096985
28726919
31475638
34343142
37329431
40434505
43658364
47001008
50462437
52042650
47741645
43559425
39495990
35551340
31725475
28018395
24430100
20960590
17609865
14377925
11264770
8270400
5394815
2638015
33692960
28794036
24085168
19566356
15237600
11098900
7150256
3391668
-176864
-3555340
-6743760
-9742124
-12550432
-15168684
-17596880
-19835020
-21883104
-23741132
-25409104
-26887020
-28174880
-29272684
-30180432
-30898124
-31425760
-31763340
-31910864
-31868332
-31635744
-31213100
-30600400
-29797644
-28804832
-27621964
-26249040
-24686060
-22933024
-20989932
-18856784
-16533580
-14020320
-11317004
-8423632
-5340204
-2066720
1396820
5050416
8894068
10927775
5151534
-434651
-5830780
-11036853
-16052870
-20878831
-25514736
-29960585
-34216378
-38282115
-42157796
-45843421
-49338990
-50644502
-51759958
-52685358
-53420702
-53965990
-54321222
-54486398
-54461518
-54246582
-53841590
-53246542
-52461438
-51486278
-50321062
-48965790
-47420462
-45685078
-43759638
-41644142
-39338590
-36842982
-34157318
-31281598
-28215822
-24959990
-21514102
-17878158
-14052158
-10036102
-5829990
-1433822
3152402
7928682
12895018
18051410
23397858
28934362
28660919
24577530
20684197
16980920
13467699
10144534
7011425
4068372
1315375
-1247566
-3620451
-5803280
-7796053
-9598770
-11211431
-12634036
-13866585
-14909078
-15761515
-16423896
-16896221
-17178490
-17270703
-17172860
-16884961
-16407006
-15738995
-14880928
-13832805
-12594626
-11166391
-9548100
-7739753
-5741350
-3552891
-1174376
1394195
4152822
7101505
10240244
13569039
17087890
20796797
24695760
28784779
33063854
37532985
42192172
47041415
52080714
55310068
50729474
46338936
42138454
38128028
34307658
30677344
27237086
23986884
20926738
18056648
15376614
12886636
10586714
8476848
6557038
4827284
3287586
1937944
778358
-191172
-970646
-1560064
-1959426
-2168732
-2187982
-2017176
-1656314
-1105396
-364422
566608
1687694
2998836
4500034
6191288
8072598
10143964
12405386
14856864
17498398
20329988
23351634
26563336
29965094
33556908
37338778
41310704
45472686
49824724
54366818
59098968
58021171
53133428
48435741
43928110
39610535
35483016
31545553
27798146
24240795
20873500
17696261
14709078
11911951
9304880
6887865
4660906
2624003
777156
-879635
-2346370
-3623049
-4709672
-5606239
-6312750
-6829205
-7155604
-7291947
-7238234
-6994465
-6560640
-5936759
-5122822
-4118829
-2924780
-1540675
33486
1797703
3751976
5896305
8230690
10755131
13469628
16374181
19468790
22753455
26228176
29892953
33747786
37792675
42027620
46452621
41067673
35872781
30867945
26053165
21428441
16993773
12749161
8694605
4830105
1155661
-2328727
-5623059
-8727335
-11641555
-14365719
-16899827
-19243879
-21397875
-23361815
-25135699
-26719527
-28113299
-29317015
-30330675
-31154279
-31787827
-32231319
-32484755
-32548135
-32421459
-32104727
-31597939
-30901095
-30014195
-28937239
-27670227
-26213159
-24566035
-22728855
-20701619
-18484327
-16076979
-13479575
-10692115
-7714599
-4547027
-1189399
2358285
6096025
10023821
8141670
2449573
-3052468
-8364453
-13486382
-18418255
-23160072
-27711833
-32073538
-36245187
-40226780
-44018317
-47619798
-51031223
-52252591
-53283903
-54125159
-54776359
-55237503
-55508591
-55589623
-55480599
-55181519
-54692383
-54013191
-53143943
-52084639
-50835279
-49395863
-47766391
-45946863
-43937279
-41737639
-39347943
-36768191
-33998383
-31038519
-27888599
-24548623
-21018591
-17298503
-13388359
-9288159
-4997903
-517591
4152777
9013201
14063681
19304217
24734809
30355457
26166156
22166911
18357722
14738589
11309512
8070491
5021526
2162617
-506236
-2985033
-5273774
-7372459
-9281088
-10999661
-12528178
-13866639
-15015044
-15973393
-16741686
-17319923
-17708104
-17906229
-17914298
-17732311
-17360268
-16798169
-16046014
-15103803
-13971536
-12649213
-11136834
-9434399
-7541908
-5459361
-3186758
-724099
1928616
4771387
7804214
11027097
14440036
18043031
21836082
25819189
29992352
34355571
38908846
43652177
48585564
53709007
53022503
48526053
44219659
40103321
36177039
32440813
28894643
25538529
22372471
19396469
16610523
14014633
11608799
9393021
7367299
5531633
3886023
2430469
1164971
89529
-795857
-1491187
-1996461
-2311679
-2436841
-2371947
-2116997
-1671991
-1036929
-211811
803363
2008593
3403879
4989221
6764619
8730073
10885583
13231149
15766771
18492449
21408183
24513973
27809819
31295721
34971679
38837693
42893763
47139889
51576071
56202309
61018603
56024948
51221349
46607806
42184319
37950888
33907513
30054194
26390931
22917724
19634573
16541478
13638439
10925456
8402529
6069658
3926843
1974084
211381
-1361266
-2743857
-3936392
-4938871
-5751294
-6373661
-6805972
-7048227
-7100426
-6962569
-6634656
-6116687
-5408662
-4510581
-3422444
-2144251
-676002
982303
2830664
4869081
7097554
9516083
12124668
14923309
17912006
21090759
24459568
28018433
31767354
35706331
39835364
44154453
42663595
37362791
32252043
27331351
22600715
18060135
13709611
9549143
5578731
1798375
-1791925
-5192169
-8402357
-11422489
-14252565
-16892585
-19342549
-21602457
-23672309
-25552105
-27241845
-28741529
-30051157
-31170729
-32100245
-32839705
-33389109
-33748457
-33917749
-33896985
-33686165
-33285289
-32694357
-31913369
-30942325
-29781225
-28430069
-26888857
-25157589
-23236265
-21124885
-18823449
-16331957
-13650409
-10778805
-7717145
-4465429
-1023657
2608171
6430055
10441995
4643986
-963967
-6381864
-11609705
-16647490
-21495219
-26152892
-30620509
-34898070
-38985575
-42883024
-46590417
-50107754
-51435034
-52572258
-53519426
-54276538
-54843594
-55220594
-55407538
-55404426
-55211258
-54828034
-54254754
-53491418
-52538026
-51394578
-50061074
-48537514
-46823898
-44920226
-42826498
-40542714
-38068874
-35404978
-32551026
-29507018
-26272954
-22848834
-19234658
-15430426
-11436138
-7251794
-2877394
1687062
6441574
11386142
16520766
21845446
27360182
29064972
24959815
21044714
17319669
13784680
10439747
7284870
4320049
1545284
-1039425
-3434078
-5638675
-7653216
-9477701
-11112130
-12556503
-13810820
-14875081
-15749286
-16433435
-16927528
-17231565
-17345546
-17269471
-17003340
-16547153
-15900910
-15064611
-14038256
-12821845
-11415378
-9818855
-8032276
-6055641
-3888950
-1532203
1014600
3751459
6678374
9795345
13102372
16599455
20286594
24163789
28231040
32488347
36935710
41573129
46400604
51418135
56625722
52023360
47611054
43388804
39356610
35514472
31862390
28400364
25128394
22046480
19154622
16452820
13941074
11619384
9487750
7546172
5794650
4233184
2861774
1680420
689122
-112120
-723306
-1144436
-1375510
-1416528
-1267490
-928396
-399246
319960
1229222
2328540
3617914
5097344
6766830
8626372
10675970
12915624
15345334
17965100
20774922
23774800
26964734
30344724
33914770
37674872
41625030
45765244
50095514
54615840
59326222
60226658
55317147
50597692
46068293
41728950
37579663
33620432
29851257
26272138
22883075
19684068
16675117
13856222
11227383
8788600
6539873
4481202
2612587
934028
-554475
-1852922
-2961313
-3879648
-4607927
-5146150
-5494317
-5652428
-5620483
-5398482
-4986425
-4384312
-3592143
-2609918
-1437637
-75300
1477093
3219542
5152047
7274608
9587225
12089898
14782627
17665412
20738253
24001150
27454103
31097112
34930177
38953298
43166475
47569708
42162992
36946332
31919728
27083180
22436688
17980252
13713872
9637548
5751280
2055068
-1451088
-4767188
-7893232
-10829220
-13575152
-16131028
-18496848
-20672612
-22658320
-24453972
-26059568
-27475108
-28700592
-29736020
-30581392
-31236708
-31701968
-31977172
-32062320
-31957412
-31662448
-31177428
-30502352
-29637220
-28582032
-27336788
-25901488
-24276132
-22460720
-20455252
-18259728
-15874148
-13298512
-10532820
-7577072
-4431268
-1095408
2430508
6146480
10052508
10148590
4434725
-1089084
-6422837
-11566534
-16520175
-21283760
-25857289
-30240762
-34434179
-38437540
-42250845
-45874094
-49307287
-50550423
-51603503
-52466527
-53139495
-53622407
-53915263
-54018063
-53930807
-53653495
-53186127
-52528703
-51681223
-50643687
-49416095
-47998447
-46390743
-44592983
-42605167
-40427295
-38059367
-35501383
-32753343
-29815247
-26687095
-23368887
-19860623
-16162303
-12273927
-8195495
-3927007
531537
5180137
10018793
15047505
20266273
25675097
31273977
27062908
23041895
19210938
15570037
12119192
8858403
5787670
2906993
216372
-2284193
-4594702
-6715155
-8645552
-10385893
-11936178
-13296407
-14466580
-15446697
-16236758
-16836763
-17246712
-17466605
-17496442
-17336223
-16985948
-16445617
-15715230
-14794787
-13684288
-12383733
-10893122
-9212455
-7341732
-5280953
-3030118
-589227
2041720
4862723
7873782
11074897
14466068
18047295
21818578
25779917
29931312
34272763
38804270
43525833
48437452
53539127
54830856
50312638
45984476
41846370
37898320
34140326
30572388
27194506
24006680
21008910
18201196
15583538
13155936
10918390
8870900
7013466
5346088
3868766
2581500
1484290
577136
-139962
-667004
-1003990
-1150920
-1107794
-874612
-451374
161920
965270
1958676
3142138
4515656
6079230
7832860
9776546
11910288
14234086
16747940
19451850
22345816
25429838
28703916
32168050
35822240
39666486
43700788
47925146
52339560
56944030
61738556
56723133
51897766
47262455
42817200
38562001
34496858
30621771
26936740
23441765
20136846
17021983
14097176
11362425
8817730
6463091
4298508
2323981
539510
-1054905
-2459264
-3673567
-4697814
-5532005
-6176140
-6630219
-6894242
-6968209
-6852120
-6545975
-6049774
-5363517
-4487204
-3420835
-2164410
-717929
918608
2745201
4761850
6968555
9365316
11952133
14729006
17695935
20852920
24199961
27737058
31464211
35381420
39488685
43786006
44273381
38950809
33818293
28875833
24123429
19561081
15188789
11006553
7014373
3212249
-399819
-3821831
-7053787
-10095687
-12947531
-15609319
-18081051
-20362727
-22454347
-24355911
-26067419
-27588871
-28920267
-30061607
-31012891
-31774119
-32345291
-32726407
-32917467
-32918471
-32729419
-32350311
-31781147
-31021927
-30072651
-28933319
-27603931
-26084487
-24374987
-22475431
-20385819
-18106151
-15636427
-12976647
-10126811
-7086919
-3856971
-436967
3173093
6973209
10963381
7143605
1513884
-3925781
-9175390
-14234943
-19104440
-23783881
-28273266
-32572595
-36681868
-40601085
-44330246
-47869351
-49218399
-50377391
-51346327
-52125207
-52714031
-53112799
-53321511
-53340167
-53168767
-52807311
-52255799
-51514231
-50582607
-49460927
-48149191
-46647399
-44955551
-43073647
-41001687
-38739671
-36287599
-33645471
-30813287
-27791047
-24578751
-21176399
-17583991
-13801527
-9829007
-5666431
-1313799
3228889
7961633
12884433
17997289
23300201
28793169
30476191
26349266
22412397
18665584
15108827
11742126
8565481
5578892
2782359
175882
-2240539
-4466904
-6503213
-8349466
-10005663
-11471804
-12747889
-13833918
-14729891
-15435808
-15951669
-16277474
-16413223
-16358916
-16114553
-15680134
-15055659
-14241128
-13236541
-12041898
-10657199
-9082444
-7317633
-5362766
-3217843
-882864
1642171
4357262
7262409
10357612
13642871
17118186
20783557
24638984
28684467
32920006
37345601
41961252
46766959
51762722
56948541
54324412
49890338
45646320
41592358
37728452
34054602
30570808
27277070
24173388
21259762
18536192
16002678
13659220
11505818
9542472
7769182
6185948
4792770
3589648
2576582
1753572
1120618
677720
424878
362092
489362
806688
1314070
2011508
2899002
3976552
5244158
6701820
8349538
10187312
12215142
14433028
16840970
19438968
22227022
25205132
28373298
31731520
35279798
39018132
42946522
47064968
51373470
55872028
60560642
61439310
56508031
51766808
47215641
42854530
38683475
34702476
30911533
27310646
23899815
20679040
17648321
14807658
12157051
9696500
7426005
5345566
3455183
1754856
244585
-1075630
-2205789
-3145892
-3895939
-4455930
-4825865
-5005744
-4995567
-4795334
-4405045
-3824700
-3054299
-2093842
-943329
397240
1927865
3648546
5559283
7660076
9950925
12431830
15102791
17963808
21014881
24256010
27687195
31308436
35119733
39121086
43312495
47693960
44265477
39027049
33978677
29120361
24452101
19973897
15685749
11587657
7679621
3961641
433717
-2904151
-6051963
-9009719
-11777419
-14355063
-16742651
-18940183
-20947659
-22765079
-24392443
-25829751
-27077003
-28134199
-29001339
-29678423
-30165451
-30462423
-30569339
-30486199
-30213003
-29749751
-29096443
-28253079
-27219659
-25996183
-24582651
-22979063
-21185419
-19201719
-17027963
-14664151
-12110283
-9366359
-6432379
-3308343
5749
3509897
7204101
11088361
11162675
5427042
-118535
-5474056
-10639521
-15614930
-20400283
-24995580
-29400821
-33616006
-37641135
-41476208
-45121225
-48576186
-49841090
-50915938
-51800730
-52495466
-53000146
-53314770
-53439338
-53373850
-53118306
-52672706
-52037050
-51211338
-50195570
-48989746
-47593866
-46007930
-44231938
-42265890
-40109786
-37763626
-35227410
-32501138
-29584810
-26478426
-23181986
-19695490
-16018938
-12152330
-8095666
-3848946
587830
5214662
10031550
15038494
20235494
25622550
31199662
28966826
24924045
21071320
17408651
13936038
10653481
7560980
4658535
1946146
-576187
-2908464
-5050685
-7002850
-8764959
-10337012
-11719009
-12910950
-13912835
-14724664
-15346437
-15778154
-16019815
-16071420
-15932969
-15604462
-15085899
-14377280
-13478605
-12389874
-11111087
-9642244
-7983345
-6134390
-4095379
-1866312
552811
3161990
5961225
8950516
12129863
15499266
19058725
22808240
26747811
30877438
35197121
39706860
44406655
49296506
54376413
55646374
51106388
46756458
42596584
38626766
34847004
31257298
27857648
24648054
21628516
18799034
16159608
13710238
11450924
9381666
7502464
5813318
4314228
3005194
1886216
957294
218428
-330382
-689136
-857834
-836476
-625062
-223592
367934
1149516
2121154
3282848
4634598
6176404
7908266
9830184
11942158
14244188
16736274
19418416
22290614
25352868
28605178
32047544
35679966
39502444
43514978
47717568
52110214
56692916
61465674
58428484
53581349
48924270
44457247
40180280
36093369
32196514
28489715
24972972
21646285
18509654
15563079
12806560
10240097
7863690
5677339
3681044
1874805
258622
-1167505
-2403576
-3449591
-4305550
-4971453
-5447300
-5733091
-5828826
-5734505
-5450128
-4975695
-4311206
-3456661
-2412060
-1177403
247310
1862079
3666904
5661785
7846722
10221715
12786764
15541869
18487030
21622247
24947520
28462849
32168234
36063675
40149172
44424725
46890333
41545993
36391709
31427481
26653309
22069193
17675133
13471129
9457181
5633289
1999453
-1444327
-4698051
-7761719
-10635331
-13318887
-15812387
-18115831
-20229219
-22152551
-23885827
-25429047
-26782211
-27945319
-28918371
-29701367
-30294307
-30697191
-30910019
-30932791
-30765507
-30408167
-29860771
-29123319
-28195811
-27078247
-25770627
-24272951
-22585219
-20707431
-18639587
-16381687
-13933731
-11295719
-8467651
-5449527
-2241347
1156889
4745181
8523529
12491933
8650389
2998900
-2462533
-7733910
-12815231
-17706496
-22407705
-26918858
-31239955
-35370996
-39311981
-43062910
-46623783
-47994599
-49175359
-50166063
-50966711
-51577303
-51997839
-52228319
-52268743
-52119111
-51779423
-51249679
-50529879
-49620023
-48520111
-47230143
-45750119
-44080039
-42219903
-40169711
-37929463
-35499159
-32878799
-30068383
-27067911
-23877383
-20496799
-16926159
-13165463
-9214711
-5073903
-743039
3777881
8488857
13389889
18480977
23762121
29233321
32894576
28745883
24787246
21018665
17440140
14051671
10853258
7844901
5026600
2398355
-39834
-2287967
-4346044
-6214065
-7892030
-9379939
-10677792
-11785589
-12703330
-13431015
-13968644
-14316217
-14473734
-14441195
-14218600
-13805949
-13203242
-12410479
-11427660
-10254785
-8891854
-7338867
-5595824
-3662725
-1539570
773641
3276908
5970231
8853610
11927045
15190536
18644083
22287686
26121345
30145060
34358831
38762658
43356541
48140480
53114475
58278526
55632629
51176787
46911001
42835271
38949597
35253979
31748417
28432911
25307461
22372067
19626729
17071447
14706221
12531051
10545937
8750879
7145877
5730931
4506041
3471207
2626429
1971707
1507041
1232431
1147877
1253379
1548937
2034551
2710221
3575947
4631729
5877567
7313461
8939411
10755417
12761479
14957597
17343771
19920001
22686287
25642629
28789027
32125481
35651991
39368557
43275179
47371857
51658591
56135381
60802227
63659128
58706081
53943090
49370155
44987276
40794453
36791686
32978975
29356320
25923721
22681178
19628691
16766260
14093885
11611566
9319303
7217096
5304945
3582850
2050811
708828
-443099
-1404970
-2176785
-2758544
-3150247
-3351894
-3363485
-3185020
-2816499
-2257922
-1509289
-570600
558145
1876946
3385803
5084716
6973685
9052710
11321791
13780928
16430121
19269370
22298675
25518036
28927453
32526926
36316455
40296040
44465681
48825378
45375127
40114931
35044791
30164707
25474679
20974707
16664791
12544931
8615127
4875379
1325687
-2033949
-5203529
-8183053
-10972521
-13571933
-15981289
-18200589
-20229833
-22069021
-23718153
-25177229
-26446249
-27525213
-28414121
-29112973
-29621769
-29940509
-30069193
-30007821
-29756393
-29314909
-28683369
-27861773
-26850121
-25648413
-24256649
-22674829
-20902953
-18941021
-16789033
-14446989
-11914889
-9192733
-6280521
-3178253
114071
3596451
7268887
11131379
13183926
7426525
1859180
-3518109
-8705342
-13702519
-18509640
-23126705
-27553714
-31790667
-35837564
-39694405
-43361190
-46837919
-48124591
-49221207
-50127767
-50844271
-51370719
-51707111
-51853447
-51809727
-51575951
-51152119
-50538231
-49734287
-48740287
-47556231
-46182119
-44617951
-42863727
-40919447
-38785111
-36460719
-33946271
-31241767
-28347207
-25262591
-21987919
-18523191
-14868407
-11023567
-6988671
-2763719
1651289
6256353
11051473
16036649
21211881
26577169
32132513
29877909
25813360
21938867
18254430
14760049
11455724
8341455
5417242
2683085
138984
-2215061
-4379050
-6352983
-8136860
-9730681
-11134446
-12348155
-13371808
-14205405
-14848946
-15302431
-15565860
-15639233
-15522550
-15215811
-14719016
-14032165
-13155258
-12088295
-10831276
-9384201
-7747070
-5919883
-3902640
-1695341
702014
3289425
6066892
9034415
12191994
15539629
19077320
22805067
26722870
30830729
35128644
39616615
44294642
49162725
54220864
57469058
52907304
48535606
44353964
40362378
36560848
32949374
29527956
26296594
23255288
20404038
17742844
15271706
12990624
10899598
8998628
7287714
5766856
4436054
3295308
2344618
1583984
1013406
632884
442418
442008
631654
1011356
1581114
2340928
3290798
4430724
5760706
7280744
8990838
10890988
12981194
15261456
17731774
20392148
23242578
26283064
29513606
32934204
36544858
40345568
44336334
48517156
52888034
57448968
62199958
61141001
56272098
51593251
47104460
42805725
38697046
34778423
31049856
27511345
24162890
21004491
18036148
15257861
12669630
10271455
8063336
6045273
4217266
2579315
1131420
-126419
-1194202
-2071929
-2759600
-3257215
-3564774
-3682277
-3609724
-3347115
-2894450
-2251729
-1418952
-396119
816770
2219715
3812716
5595773
7568886
9732055
12085280
14628561
17361898
20285291
23398740
26702245
30195806
33879423
37753096
41816825
46070610
48514450
43148342
37972290
32986294
28190354
23584470
19168642
14942870
10907154
7061494
3405890
-59658
-3335150
-6420586
-9315966
-12021290
-14536558
-16861770
-18996926
-20942026
-22697070
-24262058
-25636990
-26821866
-27816686
-28621450
-29236158
-29660810
-29895406
-29939946
-29794430
-29458858
-28933230
-28217546
-27311806
-26216010
-24930158
-23454250
-21788286
-19932266
-17886190
-15650058
-13223870
-10607626
-7801326
-4804970
-1618558
1757910
5324434
9081014
13027650
11164339
5491082
7881
-5285264
-10388353
-15301386
-20024363
-24557284
-28900149
-33052958
-37015711
-40788408
-44371049
-47763634
-48966162
-49978634
-50801050
-51433410
-51875714
-52127962
-52190154
-52062290
-51744370
-51236394
-50538362
-49650274
-48572130
-47303930
-45845674
-44197362
-42358994
-40330570
-38112090
-35703554
-33104962
-30316314
-27337610
-24168850
-20810034
-17261162
-13522234
-9593250
-5474210
-1165114
3334038
8023246
12902510
17971830
23231206
28680638
32320125
28149664
24169259
20378910
16778617
13368380
10148199
7118074
4278005
1627992
-831965
-3101866
-5181711
-7071500
-8771233
-10280910
-11600531
-12730096
-13669605
-14419058
-14978455
-15347796
-15527081
-15516310
-15315483
-14924600
-14343661
-13572666
-12611615
-11460508
-10119345
-8588126
-6866851
-4955520
-2854133
-562690
1918809
4590364
7451975
10503642
13745365
17177144
20798979
24610870
28612817
32804820
37186879
41758994
46521165
51473392
56615675
55948011
51470401
47182847
43085349
39177907
35460521
31933191
28595917
25448699
22491537
19724431
17147381
14760387
12563449
10556567
8739741
7112971
5676257
4429599
3372997
2506451
1829961
1343527
1047149
940827
1024561
1298351
1762197
2416099
3260057
4294071
5518141
6932267
8536449
10330687
12314981
14489331
16853737
19408199
22152717
25087291
28211921
31526607
35031349
38726147
42611001
46685911
50950877
55405899
60050977
62886110
57911295
53126536
48531833
44127186
39912595
35888060
32053581
28409158
24954791
21690480
18616225
15732026
13037883
10533796
8219765
6095790
4161871
2418008
864201
-499550
-1673245
-2656884
-3450467
-4053994
-4467465
-4690880
-4724239
-4567542
-4220789
-3683980
-2957115
-2040194
-933217
363816
1850905
3528050
5395251
7452508
9699821
12137190
14764615
17582096
20589633
23787226
27174875
30752580
34520341
38478158
42626031
46963960
45491942
40209978
35118070
30216218
25504422
20982682
16650998
12509370
8557798
4796282
1224822
-2156582
-5347930
-8349222
-11160458
-13781638
-16212762
-18453830
-20504842
-22365798
-24036698
-25517542
-26808330
-27909062
-28819738
-29540358
-30070922
-30411430
-30561882
-30522278
-30292618
-29872902
-29263130
-28463302
-27473418
-26293478
-24923482
-23363430
-21613322
-19673158
-17542938
-15222662
-12712330
-10011942
-7121498
-4040998
-770442
2690170
6340838
10181562
12212341
6433172
844059
-4554998
-9763999
-14782944
-19611833
-24250666
-28699443
-32958164
-37026829
-40905438
-44593991
-48092488
-49400928
-50519312
-51447640
-52185912
-52734128
-53092288
-53260392
-53238440
-53026432
-52624368
-52032248
-51250072
-50277840
-49115552
-47763208
-46220808
-44488352
-42565840
-40453272
-38150648
-35657968
-32975232
-30102440
-27039592
-23786688
-20343728
-16710712
-12887640
-8874512
-4671328
-278088
4305208
9078560
14041968
19195432
24538952
30072528
29796157
25709840
21813579
18107374
14591225
11265132
8129095
5183114
2427189
-138680
-2514493
-4700250
-6695951
-8501596
-10117185
-11542718
-12778195
-13823616
-14678981
-15344290
-15819543
-16104740
-16199881
-16104966
-15819995
-15344968
-14679885
-13824746
-12779551
-11544300
-10118993
-8503630
-6698211
-4702736
-2517205
-141618
2424025
5179724
8125479
11261290
14587157
18103080
21809059
25705094
29791185
34067332
38533535
43189794
48036109
53072480
58298907
53715385
49321919
45118509
41105155
37281857
33648615
30205429
26952299
23889225
21016207
18333245
15840339
13537489
11424695
9501957
7769275
6226649
4874079
3711565
2739107
1956705
1364359
962069
749835
727657
895535
1253469
1801459
2539505
3467607
4585765
5893979
7392249
9080575
10958957
13027395
15285889
17734439
20373045
23201707
26220425
29429199
32828029
36416915
40195857
44164855
48323909
52673019
57212185
61941407
60860682
55970011
51269396
46758837
42438334
38307887
34367496
30617161
27056882
23686659
20506492
17516381
14716326
12106327
9686384
7456497
5416666
3566891
1907172
437509
-842098
-1931649
-2831144
-3540583
-4059966
-4389293
-4528564
-4477779
-4236938
-3806041
-3185088
-2374079
-1373014
-181893
1199284
2770517
4531806
6483151
8624552
10956009
13477522
16189091
19090716
22182397
25464134
28935927
32597776
36449681
40491642
44723659
49145732
43757856
38560036
33552272
28734564
24106912
19669316
15421776
11364292
7496864
3819492
332176
-2965084
-6072288
-8989436
-11716528
-14253564
-16600544
-18757468
-20724336
-22501148
-24087904
-25484604
-26691248
-27707836
-28534368
-29170844
-29617264
-29873628
-29939936
-29816188
-29502384
-28998524
-28304608
-27420636
-26346608
-25082524
-23628384
-21984188
-20149936
-18125628
-15911264
-13506844
-10912368
-8127836
-5153248
-1988604
1366096
4910852
8645664
12570532
10685453
4990428
-514541
-5829454
-10954311
-15889112
-20633857
-25188546
-29553179
-33727756
-37712277
-41506742
-45111151
-48525504
-49749800
-50784040
-51628224
-52282352
-52746424
-53020440
-53104400
-52998304
-52702152
-52215944
-51539680
-50673360
-49616984
-48370552
-46934064
-45307520
-43490920
-41484264
-39287552
-36900784
-34323960
-31557080
-28600144
-25453152
-22116104
-18589000
-14871840
-10964624
-6867352
-2580024
1897360
6564800
11422296
16469848
21707456
27135120
32752840
28560611
24558438
20746321
17124260
13692255
10450306
7398413
4536576
1864795
-616930
-2908599
-5010212
-6921769
-8643270
-10174715
-11516104
-12667437
-13628714
-14399935
-14981100
-15372209
-15573262
-15584259
-15405200
-15036085
-14476914
-13727687
-12788404
-11659065
-10339670
-8830219
-7130712
-5241149
-3161530
-891855
1567876
4217663
7057506
10087405
13307360
16717371
20317438
24107561
28087740
32257975
36618266
41168613
45909016
50839475
55959990
55270558
50771180
46461858
42342592
38413382
34674228
31125130
27766088
24597102
21618172
18829298
16230480
13821718
11603012
9574362
7735768
6087230
4628748
3360322
2281952
1393638
695380
187178
-130968
-259058
-197092
54930
497008
1129142
1951332
2963578
4165880
5558238
7140652
8913122
10875648
13028230
15370868
17903562
20626312
23539118
26641980
29934898
33417872
37090902
40953988
45007130
49250328
53683582
58306892
63120258
58123675
53317148
48700677
44274262
40037903
35991600
32135353
28469162
24993027
21706948
18610925
15704958
12989047
10463192
8127393
5981650
4025963
2260332
684757
-700762
-1896225
-2901632
-3716983
-4342278
-4777517
-5022700
-5077827
-4942898
-4617913
-4102872
-3397775
-2502622
-1417413
-142148
1323173
2978550
4823983
6859472
9085017
11500618
14106275
16901988
19887757
23063582
26429463
29985400
33731393
37667442
41793547
46109708
44615922
39312190
34198514
29274894
24541330
19997822
15644370
11480974
7507634
3724350
131122
-3272050
-6485166
-9508226
-12341230
-14984178
-17437070
-19699906
-21772686
-23655410
-25348078
-26850690
-28163246
-29285746
-30218190
-30960578
-31512910
-31875186
-32047406
-32029570
-31821678
-31423730
-30835726
-30057666
-29089550
-27931378
-26583150
-25044866
-23316526
-21398130
-19289678
-16991170
-14502606
-11823986
-8955310
-5896578
-2647790
791054
4419954
8238910
12247922
6446985
836104
-4584721
-9815490
-14856203
-19706860
-24367461
-28838006
-33118495
-37208928
-41109305
-44819626
-48339891
-49670099
-50810251
-51760347
-52520387
-53090371
-53470299
-53660171
-53659987
-53469747
-53089451
-52519099
-51758691
-50808227
-49667707
-48337131
-46816499
-45105811
-43205067
-41114267
-38833411
-36362499
-33701531
-30850507
-27809427
-24578291
-21157099
-17545851
-13744547
-9753187
-5571771
-1200299
3361229
8112813
13054453
18186149
23507901
29019709
30721571
26613486
22695457
18967484
15429567
12081706
8923901
5956152
3178459
590822
-1806759
-4014284
-6031753
-7859166
-9496523
-10943824
-12201069
-13268258
-14145391
-14832468
-15329489
-15636454
-15753363
-15680216
-15417013
-14963754
-14320439
-13487068
-12463641
-11250158
-9846619
-8253024
-6469373
-4495666
-2331903
21916
2565791
5299722
8223709
11337752
14641851
18136006
21820217
25694484
29758807
34013186
38457621
43092112
47916659
52931262
58135921
53530631
49115397
44890219
40855097
37010031
33355021
29890067
26615169
23530327
20635541
17930811
15416137
13091519
10956957
9012451
7258001
5693607
4319269
3134987
2140761
1336591
722477
298419
64417
20471
166581
502747
1028969
1745247
2651581
3747971
5034417
6510919
8177477
10034091
12080761
14317487
16744269
19361107
22168001
25164951
28351957
31729019
35296137
39053311
43000541
47137827
51465169
55982567
60690021
61587529
56675090
51952707
47420380
43078109
38925894
34963735
31191632
27609585
24217594
21015659
18003780
15181957
12550190
10108479
7856824
5795225
3923682
2242195
750764
-550611
-1661930
-2583193
-3314400
-3855551
-4206646
-4367685
-4338668
-4119595
-3710466
-3111281
-2322040
-1342743
-173390
1186019
2735484
4475005
6404582
8524215
10833904
13333649
16023450
18903307
21973220
25233189
28683214
32323295
36153432
40173625
44383874
48784179
43374535
38154947
33125415
28285939
23636519
19177155
14907847
10828595
6939399
3240259
-268825
-3587853
-6716825
-9655741
-12404601
-14963405
-17332153
-19510845
-21499481
-23298061
-24906585
-26325053
-27553465
-28591821
-29440121
-30098365
-30566553
-30844685
-30932761
-30830781
-30538745
-30056653
-29384505
-28522301
-27470041
-26227725
-24795353
-23172925
-21360441
-19357901
-17165305
-14782653
-12209945
-9447181
-6494361
-3351485
-18553
3504435
7217479
11120579
11213733
5496940
-29797
-5366478
-10513103
-15469672
-20236185
-24812642
-29199043
-33395388
-37401677
-41217910
-44844087
-48280208
-49526272
-50582280
-51448232
-52124128
-52609968
-52905752
-53011480
-52927152
-52652768
-52188328
-51533832
-50689280
-49654672
-48430008
-47015288
-45410512
-43615680
-41630792
-39455848
-37090848
-34535792
-31790680
-28855512
-25730288
-22415008
-18909672
-15214280
-11328832
-7253328
-2987768
1467848
6113520
10949248
15975032
21190872
26596768
32192720
27978723
23954782
20120897
16477068
13023295
9759578
6685917
3802312
1108763
-1394730
-3708167
-5831548
-7764873
-9508142
-11061355
-12424512
-13597613
-14580658
-15373647
-15976580
-16389457
-16612278
-16645043
-16487752
-16140405
-15603002
-14875543
-13958028
-12850457
-11552830
-10065147
-8387408
-6519613
-4461762
-2213855
224108
2852127
5670202
8678333
11876520
15264763
18843062
22611417
26569828
30718295
35056818
39585397
44304032
49212723
54311470
55600271
51079125
46748035
42607001
38656023
34895101
31324235
27943425
24752671
21751973
18941331
16320745
13890215
11649741
9599323
7738961
6068655
4588405
3298211
2198073
1287991
567965
37995
-301919
-451777
-411579
-181325
238985
849351
1649773
2640251
3820785
5191375
6752021
8502723
10443481
12574295
14895165
17406091
20107073
22998111
26079205
29350355
32811561
36462823
40304141
44335515
48556945
52968431
57569973
62361571
57343220
52514925
47876686
43428503
39170376
35102305
31224290
27536331
24038428
20730581
17612790
14685055
11947376
9399753
7042186
4874675
2897220
1109821
-487522
-1894809
-3112040
-4139215
-4976334
-5623397
-6080404
-6347355
-6424250
-6311089
-6007872
-5514599
-4831270
-3957885
-2894444
-1640947
-197394
1436215
3259880
5273601
7477378
9871211
12455100
15229045
18193046
21347103
24691216
28225385
31949610
35863891
39968228
44262621
44747068
39421568
34286124
29340736
24585404
20020128
15644908
11459744
7464636
3659584
44588
-3380352
-6615236
-9660064
-12514836
-15179552
-17654212
-19938816
-22033364
-23937856
-25652292
-27176672
-28510996
-29655264
-30609476
-31373632
-31947732
-32331776
-32525764
-32529696
-32343572
-31967392
-31401156
-30644864
-29698516
-28562112
-27235652
-25719136
-24012564
-22115936
-20029252
-17752512
-15285716
-12628864
-9781956
-6744992
-3517972
-100896
3506236
7303424
11290668
7467964
1835315
-5272887
-11235779
-16921506
-22330068
-27461465
-32315697
-36892764
-41192666
-45215403
-48960975
-52429382
-53620623
-54534699
-55171610
-55531356
-55613937
-55419353
-54947604
-54198690
-53172611
-51869367
-50288958
-48431384
-46296645
-43884741
-41195672
-38229438
-34986039
-31465475
-27667746
-23592852
-19240793
-14611569
-9705180
-4521626
939093
6676977
12692026
18984240
25553619
22400158
17523861
12924729
8602762
4557960
790323
-2700149
-5913456
-8849598
-11508575
-13890387
-15995034
-17822516
-19372833
-20645985
-21641972
-22360794
-22802451
-22966943
-22854270
-22464432
-21797429
-20853261
-19631928
-18133430
-16357767
-14304939
-11974946
-9367788
-6483465
-3321977
116676
3832494
7825477
12095625
16642938
21467416
26569059
31947867
37603840
43536978
49747281
48234745
42999372
38041164
33360121
28956243
24829530
20979982
17407599
14112381
11094328
8353440
5889717
3703159
1793766
161538
-1193525
-2271423
-3072156
-3595724
-3842127
-3811365
-3503438
-2918346
-2056089
-916667
499920
2193672
4164589
6412671
8937918
11740330
14819907
18176649
21810556
25721628
29909865
34375267
39117834
44137566
49434463
55008525
60859752
58988140
53393691
48076407
43036288
38273334
33787545
29578921
25647462
21993168
18616039
15516075
12693276
10147642
7879173
5887869
4173730
2736756
1576947
694303
88824
-239490
-290639
-64623
438558
1218904
2276415
3611091
5222932
7111938
9278109
11721445
14441946
17439612
20714443
24266439
28095600
32201926
36585417
41246073
46183894
51398880
56891031
56660344
50706819
45030459
39631264
34509234
29664369
25096669
20806134
16792764
13056559
9597519
6415644
3510934
883389
-1466991
-3540206
-5336256
-6855141
-8096861
-9061416
-9748806
-10159031
-10292091
-10147986
-9726716
-9028281
-8052681
-6799916
-5269986
-3462891
-1378631
982794
3621384
6537139
9730059
13200144
16947394
20971809
25273389
29852134
34708044
39841119
41251357
34938756
28903320
23145049
17663943
12460002
7533226
2883615
-1488831
-5584112
-9402228
-12943179
-16206965
-19193586
-21903042
-24335333
-26490459
-28368420
-29969216
-31292847
-32339313
-33108614
-33600750
-33815721
-33753527
-33414168
-32797644
-31903955
-30733101
-29285082
-27559898
-25557549
-23278035
-20721356
-17887512
-14776503
-11388329
-7722990
-3780486
439183
4936017
9710016
10761178
4089501
-2305011
-8422358
-14262540
-19825557
-25111409
-30120096
-34851618
-39305975
-43483167
-47383194
-51006056
-54351753
-55420284
-56211650
-56725851
-56962887
-56922758
-56605464
-56011005
-55139381
-53990592
-52564638
-50861519
-48881235
-46623786
-44089172
-41277393
-38188449
-34822340
-31179066
-27258627
-23061023
-18586254
-13834320
-8805221
-3498957
2084472
7945066
14082825
20497749
25189837
20159085
15405498
10929076
6729819
2807727
-837200
-4204962
-7295559
-10108991
-12645258
-14904360
-16886297
-18591069
-20018676
-21169118
-22042395
-22638507
-22957454
-22999236
-22763853
-22251305
-21461592
-20394714
-19050671
-17429463
-15531090
-13355552
-10902849
-8172981
-5165948
-1881750
1679613
5518141
9633834
14026692
18696715
23643903
28868256
34369774
40148457
46204305
50537317
45147489
40034826
35199328
30640995
26359827
22355824
18628986
15179313
12006805
9111462
6493284
4152271
2088423
301740
-1207778
-2440131
-3395319
-4073342
-4474200
-4597893
-4444421
-4013784
-3305982
-2321015
-1058883
480414
2296876
4390503
6761295
9409252
12334374
15536661
19016113
22772730
26806512
31117459
35705571
40570848
45713290
51132897
56829669
62803606
57054702
51582963
46388389
41470980
36830736
32467657
28381743
24572994
21041410
17786991
14809737
12109648
9686724
7540965
5672371
4080942
2766678
1729579
969645
486876
281272
352833
701559
1327450
2230506
3410727
4868113
6602664
8614380
10903261
13469307
16312518
19432894
22830435
26505141
30457012
34686048
39192249
43975615
49036146
54373842
59988703
53880723
48049908
42496258
37219773
32220453
27498298
23053308
18885483
14994823
11381328
8044998
4985833
2203833
-301002
-2528672
-4479177
-6152517
-7548692
-8667702
-9509547
-10074227
-10361742
-10372092
-10105277
-9561297
-8740152
-7641842
-6266367
-4613727
-2683922
-476952
2007183
4768483
7806948
11122578
14715373
18585333
22732458
27156748
31858203
36836823
42092608
37625553
31435662
25522936
19887375
14528979
9447748
4643682
116781
-4132955
-8105526
-11800932
-15219173
-18360249
-21224160
-23810906
-26120487
-28152903
-29908154
-31386240
-32587161
-33510917
-34157508
-34526934
-34619195
-34434291
-33972222
-33232988
-32216589
-30923025
-29352296
-27504402
-25379343
-22977119
-20297730
-17341176
-14107457
-10596573
-6808524
-2743310
1599069
6218613
11115322
8289192
1740225
-4531577
-10526214
-16243686
-21683993
-26847135
-31733112
-36341924
-40673571
-44728053
-48505370
-52005522
-55228509
-56174330
-56842986
-57234477
-57348803
-57185964
-56745960
-56028791
-55034457
-53762958
-52214294
-50388465
-48285471
-45905312
-43247988
-40313499
-37101845
-33613026
-29847042
-25803893
-21483579
-16886100
-12011456
-6859647
-1430673
4275466
10258770
16519239
23056873
21871668
16963626
12332749
7979037
3902490
103108
-3419109
-6664161
-9632048
-12322770
-14736327
-16872719
-18731946
-20314008
-21618905
-22646637
-23397204
-23870606
-24066843
-23985915
-23627822
-22992564
-22080141
-20890553
-19423800
-17679882
-15658799
-13360551
-10785138
-7932560
-4802817
-1395909
2288164
6249402
10487805
15003373
19796106
24866004
30213067
35837295
41738688
47917246
48372966
43105848
38115895
33403107
28967484
24809026
20927733
17323605
13996642
10946844
8174211
5678743
3460440
1519302
-144671
-1531479
-2641122
-3473600
-4028913
-4307061
-4308044
-4031862
-3478515
-2648003
-1540326
-155484
1506523
3445695
5662032
8155534
10926201
13974033
17299030
20901192
24780519
28937011
33370668
38081490
43069477
48334629
53876946
59696428
59793072
54166878
48817849
43745985
38951286
34433752
30193383
26230179
22544140
19135266
16003557
13149013
10571634
8271420
6248371
4502487
3033768
1842214
927825
290601
-69458
-152352
41919
513355
1261956
2287722
3590653
5170749
7028010
9162436
11574027
14262783
17228704
20471790
23992041
27789457
31864038
36215784
40844695
45750771
50934012
56394418
58131987
52146717
46438612
41007672
35853897
30977287
26377842
22055562
18010447
14242497
10751712
7538092
4601637
1942347
-439778
-2544738
-4372533
-5923163
-7196628
-8192928
-8912063
-9354033
-9518838
-9406478
-9016953
-8350263
-7406408
-6185388
-4687203
-2911853
-859338
1470342
4077187
6961197
10122372
13560712
17276217
21268887
25538722
30085722
34909887
40011217
41389710
35045364
28978183
23188167
17675316
12439630
7481109
2799753
-1604438
-5731464
-9581325
-13154021
-16449552
-19467918
-22209119
-24673155
-26860026
-28769732
-30402273
-31757649
-32835860
-33636906
-34160787
-34407503
-34377054
-34069440
-33484661
-32622717
-31483608
-30067334
-28373895
-26403291
-24155522
-21630588
-18828489
-15749225
-12392796
-8759202
-4848443
-660519
3804570
8546824
11566242
4862820
-1563437
-7712529
-13584456
-19179218
-24496815
-29537247
-34300514
-38786616
-42995553
-46927325
-50581932
-53959374
-55059650
-55882761
-56428707
-56697488
-56689104
-56403555
-55840841
-55000962
-53883918
-52489709
-50818335
-48869796
-46644092
-44141223
-41361189
-38303990
-34969626
-31358097
-27469403
-23303544
-18860520
-14140331
-9142977
-3868458
1683226
7512075
13618089
20001268
24661611
19599114
14813782
10305615
6074613
2120776
-1555896
-4955403
-8077745
-10922922
-13490934
-15781781
-17795463
-19531980
-20991332
-22173519
-23078541
-23706398
-24057090
-24130617
-23926979
-23446176
-22688208
-21653075
-20340777
-18751314
-16884686
-14740893
-12319935
-9621812
-6646524
-3394071
135547
3942330
8026278
12387391
17025669
21941112
27133720
32603493
38350431
44374534
50675802
45254229
40109821
35242578
30652500
26339587
22303839
18545256
15063838
11859585
8932497
6282574
3909816
1814223
-4205
-1545468
-2809566
-3796499
-4506267
-4938870
-5094308
-4972581
-4573689
-3897632
-2944410
-1714023
-206471
1578246
3640128
5979175
8595387
11488764
14659306
18107013
21831885
25833922
30113124
34669491
39503023
44613720
50001582
55666609
61608801
57828153
52324669
47098350
42149196
37477207
33082383
28964724
25124230
21560901
18274737
15265738
12533904
10079235
7901731
6001392
4378218
3032209
1963365
1171686
657172
419823
459639
776620
1370766
2242077
3390553
4816194
6519000
8498971
10756107
13290408
16101874
19190505
22556301
26199262
30119388
34316679
38791135
43542756
48571542
53877493
59460609
55320885
49458325
43872930
38564700
33533635
28779735
24303000
20103430
16181025
12535785
9167710
6076800
3263055
726475
-1532940
-3515190
-5220275
-6648195
-7798950
-8672540
-9268965
-9588225
-9630320
-9395250
-8883015
-8093615
-7027050
-5683320
-4062425
-2164365
10860
2463250
5192805
8199525
11483410
15044460
18882675
22998055
27390600
32060310
37007185
42231225
39732426
33510790
27566319
21899013
16508872
11395896
6560085
2001439
-2280042
-6284358
-10011509
-13461495
-16634316
-19529972
-22148463
-24489789
-26553950
-28340946
-29850777
-31083443
-32038944
-32717280
-33118451
-33242457
-33089298
-32658974
-31951485
-30966831
-29705012
-28166028
-26349879
-24256565
-21886086
-19238442
-16313633
-13111659
-9632520
-5876216
-1842747
2467887
7055686
11920650
9062775
2482063
-3821484
-9847866
-15597083
-21069135
-26264022
-31181744
-35822301
-40185693
-44271920
-48080982
-51612879
-54867611
-55845177
-56545578
-56968814
-57114885
-56983791
-56575532
-55890108
-54927519
-53687765
-52170846
-50376762
-48305513
-45957099
-43331520
-40428776
-37248867
-33791793
-30057554
-26046150
-21757581
-17191847
-12348948
-7228884
-1831655
3842739
9794298
16023022
22528911
23311962
18372175
13709553
9324096
5215804
1384677
-2169285
-5446082
-8445714
-11168181
-13613483
-15781620
-17672592
-19286399
-20623041
-21682518
-22464830
-22969977
-23197959
-23148776
-22822428
-22218915
-21338237
-20180394
-18745386
-17033213
-15043875
-12777372
-10233704
-7412871
-4314873
-939710
2712618
6642111
10848769
15332592
20093580
25131733
30447051
36039534
41909182
48055995
48479970
43181107
38159409
33414876
28947508
24757305
20844267
17208394
13849686
10768143
7963765
5436552
3186504
1213621
-482097
-1900650
-3042038
-3906261
-4493319
-4803212
-4835940
-4591503
-4069901
-3271134
-2195202
-842105
788157
2695584
4880176
7341933
10080855
13096942
16390194
19960611
23808193
27932940
32334852
37013929
41970171
47203578
52714150
58501887
60566787
54908848
49528074
44424465
39598021
35048742
30776628
26781679
23063895
19623276
16459822
13573533
10964409
8632450
6577656
4800027
3299563
2076264
1130130
461161
69357
-45282
117244
556935
1273791
2267812
3538998
5087349
6912865
9015546
11395392
14052403
16986579
20197920
23686426
27452097
31494933
35814934
40412100
45286431
50437927
55866588
57572412
51555397
45815547
40352862
35167342
30258987
25627797
21273772
17196912
13397217
9874687
6629322
3661122
970087
-1443783
-3580488
-5440028
-7022403
-8327613
-9355658
-10106538
-10580253
-10776803
-10696188
-10338408
-9703463
-8791353
-7602078
-6135638
-4392033
-2371263
-73328
2501772
5354037
8483467
11890062
15573822
19534747
23772837
28288092
33080512
38150097
41496846
35120755
29021829
23200068
17655472
12388041
7397775
2684674
-1751262
-5910033
-9791639
-13396080
-16723356
-19773467
-22546413
-25042194
-27260810
-29202261
-30866547
-32253668
-33363624
-34196415
-34752041
-35030502
-35031798
-34755929
-34202895
-33372696
-32265332
-30880803
-29219109
-27280250
-25064226
-22571037
-19800683
-16753164
-13428480
-9826631
-5947617
-1791438
2641906
7352415
12340089
5604922
-853080
-7033917
-12937589
-18564096
-23913438
-28985615
-33780627
-38298474
-42539156
-46502673
-50189025
-53598212
-54730233
-55585089
-56162780
-56463306
-56486667
-56232863
-55701894
-54893760
-53808461
-52445997
-50806368
-48889574
-46695615
-44224491
-41476202
-38450748
-35148129
-31568345
-27711396
-23577282
-19166003
-14477559
-9511950
-4269176
1250763
7047867
13122136
19473570
26102169
21007927
16190850
11650938
7388191
3402609
-305808
-3737060
-6891147
-9768069
-12367826
-14690418
-16735845
-18504107
-19995204
-21209136
-22145903
-22805505
-23187942
-23293214
-23121321
-22672263
-21946040
-20942652
-19662099
-18104381
-16269498
-14157450
-11768237
-9101859
-6158316
-2937608
560265
4335303
8387506
12716874
17323407
22207105
27367968
32805996
38521189
44513547
50783070
47329753
42153600
37254612
32632789
28288131
24220638
20430310
16917147
13681149
10722316
8040648
5636145
3508807
1658634
85626
-1210217
-2228895
-2970408
-3434756
-3621939
-3531957
-3164810
-2520498
-1599021
-400379
1075428
2828400
4858537
7165839
9750306
12611938
15750735
19166697
22859824
26830116
31077573
35602195
40403982
45482934
50839051
56472333
62382780
58570387
53035158
47777094
42796195
38092461
33665892
29516488
25644249
22049175
18731266
15690522
12926943
10440529
8231280
6299196
4644277
3266523
2165934
1342510
796251
527157
535228
820464
1382865
2222431
3339162
4733058
6404119
8352345
10577736
13080292
15860013
18916899
22250950
25862166
29750547
33916093
38358804
43078680
48075721
53349927
58901298
56729830
50835525
45218385
39878410
34815600
30029955
25521475
21290160
17336010
13659025
10259205
7136550
4291060
1722735
-568425
-2582420
-4319250
-5778915
-6961415
-7866750
-8494920
-8845925
-8919765
-8716440
-8235950
-7478295
-6443475
-5131490
-3542340
-1676025
467455
2888100
5585910
8560885
11813025
15342330
19148800
23232435
27593235
32231200
37146330
42338625
39808081
33554700
27578484
21879433
16457547
11312826
6445270
1854879
-2458347
-6494408
-10253304
-13735035
-16939601
-19867002
-22517238
-24890309
-26986215
-28804956
-30346532
-31610943
-32598189
-33308270
-33741186
-33896937
-33775523
-33376944
-32701200
-31748291
-30518217
-29010978
-27226574
-25165005
-22826271
-20210372
-17317308
-14147079
-10699685
-6975126
-2973402
1305487
5861541
10694760
9805141
3192684
-3142608
-9200735
-14981697
-20485494
-25712126
-30661593
-35333895
-39729032
-43847004
-47687811
-51251453
-54537930
-55547241
-56279387
-56734368
-56912184
-56812835
-56436321
-55782642
-54851798
-53643789
-52158615
-50396276
-48356772
-46040103
-43446269
-40575270
-37427106
-34001777
-30299283
-26319624
-22062800
-17528811
-12717657
-7629338
-2263854
3378795
9298609
15495588
21969732
22721038
17749506
13055139
8637937
4497900
635028
-2950679
-6259221
-9290598
-12044810
-14521857
-16721739
-18644456
-20290008
-21658395
-22749617
-23563674
-24100566
-24360293
-24342855
-24048252
-23476484
-22627551
-21501453
-20098190
-18417762
-16460169
-14225411
-11713488
-8924400
-5858147
-2514729
1105854
5003602
9178515
13630593
18359836
23366244
28649817
34210555
40048458
46163526
48555757
43225149
38171706
33395428
28896315
24674367
20729584
17061966
13671513
10558225
7722102
5163144
2881351
876723
-850740
-2301038
-3474171
-4370139
-4988942
-5330580
-5395053
-5182361
-4692504
-3925482
-2881295
-1559943
38574
1914256
4067103
6497115
9204292
12188634
15450141
18988813
22804650
26897652
31267819
35915151
40839648
46041310
51520137
57276129
61309285
55619601
50207082
45071728
40213539
35632515
31328656
27301962
23552433
20080069
16884870
13966836
11325967
8962263
6875724
5066350
3534141
2279097
1301218
600504
176955
30571
161352
569298
1254409
2216685
3456126
4972732
6766503
8837439
11185540
13810806
16713237
19892833
23349594
27083520
31094611
35382867
39948288
44790874
49910625
55307541
58981621
52932861
47161266
41666836
36449571
31509471
26846536
22460766
18352161
14520721
10966446
7689336
4689391
1966611
-479004
-2647454
-4538739
-6152859
-7489814
-8549604
-9332229
-9837689
-10065984
-10017114
-9691079
-9087879
-8207514
-7049984
-5615289
-3903429
-1914404
351786
2895141
5715661
8813346
12188196
15840211
19769391
23975736
28459246
33219921
38257761
43572766
37164930
31034259
25180753
19604412
14305236
9283225
4538379
70698
-4119818
-8033169
-11669355
-15028376
-18110232
-20914923
-23442449
-25692810
-27666006
-29362037
-30780903
-31922604
-32787140
-33374511
-33684717
-33717758
-33473634
-32952345
-32153891
-31078272
-29725488
-28095539
-26188425
-24004146
-21542702
-18804093
-15788319
-12495380
-8925276
-5078007
-953573
3448026
8126790
13082719
6315807
-173940
-6386522
-12321939
-17980191
-23361278
-28465200
-33291957
-37841549
-42113976
-46109238
-49827335
-53268267
-54432033
-55318634
-55928070
-56260341
-56315447
-56093388
-55594164
-54817775
-53764221
-52433502
-50825618
-48940569
-46778355
-44338976
-41622432
-38628723
-35357849
-31809810
-27984606
-23882237
-19502703
-14846004
-9912140
-4701111
787083
6552442
12594966
18914655
25511509
22385523
17536701
12965044
8670552
4653225
913063
-2549934
-5735766
-8644433
-11275935
-13630272
-15707444
-17507451
-19030293
-20275970
-21244482
-21935829
-22350011
-22487028
-22346880
-21929567
-21235089
-20263446
-19014638
-17488665
-15685527
-13605224
-11247756
-8613123
-5701325
-2512362
953766
4697059
8717517
13015140
17589928
22441881
27570999
32977282
38660730
44621343
50859121
47374059
42166161
37235428
32581860
28205457
24106219
20284146
16739238
13471495
10480917
7767504
5331256
3172173
1290255
-314498
-1642086
-2692509
-3465767
-3961860
-4180788
-4122551
-3787149
-3174582
-2284850
-1117953
326109
2047336
4045728
6321285
8874007
11703894
14810946
18195163
21856545
25795092
30010804
34503681
39273723
44320930
49645302
55246839
61125541
59281404
53714430
48424621
43411977
38676498
34218184
30037035
26133051
22506232
19156578
16084089
13288765
10770606
8529612
6565783
4879119
3469620
2337286
1482117
904113
603274
579600
833091
1363747
2171568
3256554
4618705
6258021
8174502
10368148
12838959
15586935
18612076
21914382
25493853
29350489
33484290
37895256
42583387
47548683
52791144
58310770
56107557
50181507
44532622
39160902
34066347
29248957
24708732
20445672
16459777
12751047
9319482
6165082
3287847
687777
-1635128
-3680868
-5449443
-6940853
-8155098
-9092178
-9752093
-10134843
-10240428
-10068848
-9620103
-8894193
-7891118
-6610878
-5053473
-3218903
-1107168
1281732
3947797
6891027
10111422
13608982
17383707
21435597
25764652
30370872
35254257
40414807
39852519
33567393
27559432
21828636
16375005
11198539
6299238
1677102
-2667869
-6735675
-10526316
-14039792
-17276103
-20235249
-22917230
-25322046
-27449697
-29300183
-30873504
-32169660
-33188651
-33930477
-34395138
-34582634
-34492965
-34126131
-33482132
-32560968
-31362639
-29887145
-28134486
-26104662
-23797673
-21213519
-18352200
-15213716
-11798067
-8105253
-4135274
111870
4636179
9437653
10516290
3872088
-2494949
-8584821
-14397528
-19933070
-25191447
-30172659
-34876706
-39303588
-43453305
-47325857
-50921244
-54239466
-55280522
-56044413
-56531139
-56740700
-56673096
-56328327
-55706393
-54807294
-53631030
-52177601
-50447007
-48439248
-46154324
-43592235
-40752981
-37636562
-34242978
-30572229
-26624315
-22399236
-17896992
-13117583
-8061009
-2727270
2883634
8771703
14936937
21379336
24098898
19095621
14369509
9920562
5748780
1854163
-1763289
-5103576
-8166698
-10952655
-13461447
-15693074
-17647536
-19324833
-20724965
-21847932
-22693734
-23262371
-23553843
-23568150
-23305292
-22765269
-21948081
-20853728
-19482210
-17833527
-15907679
-13704666
-11224488
-8467145
-5432637
-2120964
1467874
5333877
9477045
13897378
18594876
23569539
28821367
34350360
40156518
46239841
50600328
45237975
40152787
35344764
30813906
26560213
22583685
18884322
15462124
12317091
9449223
6858520
4544982
2508609
749401
-732642
-1937520
-2865233
-3515781
-3889164
-3985382
-3804435
-3346323
-2611046
-1598604
-308997
1257775
3101712
5222814
7621081
10296513
13249110
16478872
19985799
23769891
27831148
32169570
36785157
41677909
46847826
52294908
58019155
62020566
56299137
50854873
45687774
40797840
36185071
31849467
27791028
24009754
20505645
17278701
14328922
11656308
9260859
7142575
5301456
3737502
2450713
1441089
708630
253336
75207
174243
550444
1203810
2134341
3342037
4826898
6588924
8628115
10944471
13537992
16408678
19556529
22981545
26683726
30663072
34919583
39453259
44264100
49352106
54717277
60359613
54279108
48475768
42949593
37700583
32728738
28034058
23616543
19476193
15613008
12026988
8718133
5686443
2931918
454558
-1745637
-3668667
-5314532
-6683232
-7774767
-8589137
-9126342
-9386382
-9369257
-9074967
-8503512
-7654892
-6529107
-5126157
-3446042
-1488762
745683
3257293
6046068
9112008
12455113
16075383
19972818
24147418
28599183
33328113
38334208
43617468
37177887
31015471
25130220
19522134
14191213
9137457
4360866
-138560
-4360821
-8305917
-11973848
-15364614
-18478215
-21314651
-23873922
-26156028
-28160969
-29888745
-31339356
-32512802
-33409083
-34028199
-34370150
-34434936
-34222557
-33733013
-32966304
-31922430
-30601391
-29003187
-27127818
-24975284
-22545585
-19838721
-16854692
-13593498
-10055139
-6239615
-2146926
2222928
6869947
11794131
6995475
473983
-5770344
-11737506
-17427503
-22840335
-27976002
-32834504
-37415841
-41720013
-45747020
-49496862
-52969539
-54165050
-55083396
-55724577
-56088593
-56175444
-55985130
-55517651
-54773007
-53751198
-52452224
-50876085
-49022781
-46892312
-44484678
-41799879
-38837915
-35598786
-32082492
-28289033
-24218409
-19870620
-15245666
-10343547
-5164263
292186
6025800
12036579
18324523
24889632
21731901
16851334
12247932
7921695
3872623
100716
-3394026
-6611603
-9552015
-12215262
-14601344
-16710261
-18542013
-20096600
-21374022
-22374279
-23097371
-23543298
-23712060
-23603657
-23218089
-22555356
-21615458
-20398395
-18904167
-17132774
-15084216
-12758493
-10155605
-7275552
-4118334
-683951
3027597
7016310
11282188
15825231
20645439
25742812
31117350
36769053
42697921
48903954
47387148
42147505
37185027
32499714
28091566
23960583
20106765
16530112
13230624
10208301
7463143
4995150
2804322
890659
-745839
-2105172
-3187340
-3992343
-4520181
-4770854
-4744362
-4440705
-3859883
-3001896
-1866744
-454427
43893957
38318873
33123901
28309041
23874293
19819657
16145133
12850721
9936421
7402233
5248157
3474193
2080341
1066601
432973
179457
306053
812761
1699581
2966513
4613557
6640713
9047981
11835361
15002853
18550457
22478173
26786001
31473941
36541993
41990157
47818433
54026821
60615321
59583929
52932646
46661475
40770416
35259469
30128634
25377911
21007300
17016801
13406414
10176139
7325976
4855925
2765986
1056159
-273556
-1223159
-1792650
-1982029
-1791296
-1220451
-269494
1061575
2772756
4864049
7335454
10186971
13418600
17030341
21022194
25394159
30146236
35278425
40790726
46683139
52955664
53608298
46641040
40053894
33846860
28019938
22573128
17506430
12819844
8513370
4587008
1040758
-2125380
-4911406
-7317320
-9343122
-10988812
-12254390
-13139856
-13645210
-13770452
-13515582
-12880600
-11865506
-10470300
-8694982
-6539552
-4004010
-1088356
2207410
5883288
9939278
14375380
19191594
24387920
29964358
35920908
36257567
28974334
22071213
15548204
9405307
3642522
-1740151
-6742712
-11365161
-15607498
-19469723
-22951836
-26053837
-28775726
-31117503
-33079168
-34660721
-35862162
-36683491
-37124708
-37185813
-36866806
-36167687
-35088456
-33629113
-31789658
-29570091
-26970412
-23990621
-20630718
-16890703
-12770576
-8270337
-3389986
1870477
7511052
9531737
1932529
-5286567
-12125551
-18584423
-24663183
-30361831
-35680367
-40618791
-45177103
-49355303
-53153391
-56571367
-59609231
-60266982
-60544621
-60442148
-59959563
-59096866
-57854057
-56231136
-54228103
-51844958
-49081701
-45938332
-42414851
-38511258
-34227553
-29563736
-24519807
-19095766
-13291613
-7107348
-542971
6401518
13726119
19430831
13515649
7980579
2825621
-1949225
-6343959
-10358581
-13993091
-17247489
-20121775
-22615949
-24730011
-26463961
-27817799
-28791525
-29385139
-29598641
-29432031
-28885309
-27958475
-26651529
-24964471
-22897301
-20450019
-17622625
-14415119
-10827501
-6859771
-2511929
2216025
7324091
12812269
18680559
24928961
31557475
38566101
43954838
37723681
31872636
26401703
21310882
16600173
12269576
8319091
4748718
1558457
-1251692
-3681729
-5731654
-7401467
-8691168
-9600757
-10130234
-10279599
-10048852
-9437993
-8447022
-7075939
-5324744
-3193437
-682018
2209513
5481156
9132911
13164778
17576757
22368848
27541051
33093366
39025793
45338332
52030983
59103746
52556614
46389594
40602686
35195890
30169206
25522634
21256174
17369826
13863590
10737466
7991454
5625554
3639766
2034090
808526
-36926
-502266
-587494
-292610
382386
1437494
2872714
4688046
6883490
9459046
12414714
15750494
19466386
23562390
28038506
32894734
38131074
43747526
49744090
56120766
62877554
56014447
49531452
43428569
37705798
32363139
27400592
22818157
18615834
14793623
11351524
8289537
5607662
3305899
1384248
-157291
-1318718
-2100033
-2501236
-2522327
-2163306
-1424173
-304928
1194429
3073898
5333479
7973172
10992977
14392894
18172923
22333064
26873317
31793682
37094159
42774748
48835449
55276262
50097181
43298211
36879353
30840607
25181973
19903451
15005041
10486743
6348557
2590483
-787479
-3785329
-6403067
-8640693
-10498207
-11975609
-13072899
-13790077
-14127143
-14084097
-13660939
-12857669
-11674287
-10110793
-8167187
-5843469
-3139639
-55697
3408357
7252523
11476801
16081191
21065693
26430307
32175033
38299871
32804815
25689870
18955037
12600316
6625707
1031210
-4183175
-9017448
-13471609
-17545658
-21239595
-24553420
-27487133
-30040734
-32214223
-34007600
-35420865
-36454018
-37107059
-37379988
-37272805
-36785510
-35918103
-34670584
-33042953
-31035210
-28647355
-25879388
-22731309
-19203118
-15294815
-11006400
-6337873
-1289234
4139517
9948380
6137350
-1293570
-8344378
-15015074
-21305658
-27216130
-32746490
-37896738
-42666874
-47056898
-51066810
-54696610
-57946298
-60815874
-61305337
-61414688
-61143927
-60493054
-59462069
-58050972
-56259763
-54088442
-51537009
-48605464
-45293807
-41602038
-37530157
-33078164
-28246059
-23033842
-17441513
-11469072
-5116519
1616146
8728923
16221812
16094809
10347915
4981133
-5537
-4612095
-8838541
-12684875
-16151097
-19237207
-21943205
-24269091
-26214865
-27780527
-28966077
-29771515
-30196841
-30242055
-29907157
-29192147
-28097025
-26621791
-24766445
-22530987
-19915417
-16919735
-13543941
-9788035
-5652017
-1135887
3760355
9036709
14693175
20729753
27146443
33943245
41120159
40677181
34614312
28931555
23628910
18706377
14163956
10001647
6219450
2817365
-204608
-2846469
-5108218
-6989855
-8491380
-9612793
-10354094
-10715283
-10696360
-10297325
-9518178
-8358919
-6819548
-4900065
-2600470
79237
3139056
6578987
10399030
14599185
19179452
24139831
29480322
35200925
41301640
47782467
54643406
55884454
49505610
43506878
37888258
32649750
27791354
23313070
19214898
15496838
12158890
9201054
6623330
4425718
2608218
1170830
113554
-563610
-860662
-777602
-314430
528854
1752250
3355758
5339378
7703110
10446954
13570910
17074978
20959158
25223450
29867854
34892370
40296998
46081738
52246590
58791554
59716627
53021808
46707101
40772506
35218023
30043652
25249393
20835246
16801211
13147288
9873477
6979778
4466191
2332716
579353
-793898
-1787037
-2400064
-2632979
-2485782
-1958473
-1051052
236481
1904126
3951883
6379752
9187733
12375826
15944031
19892348
24220777
28929318
34017971
39486736
45335613
51564602
54173701
47162907
40532225
34281655
28411197
22920851
17810617
13080495
8730485
4760587
1170801
-2038873
-4868435
-7317885
-9387223
-11076449
-12385563
-13314565
-13863455
-14032233
-13820899
-13229453
-12257895
-10906225
-9174443
-7062549
-4570543
-1698425
1553805
5186147
9198601
13591167
18363845
23516635
29049537
34962551
37255675
29928906
22982249
16415704
10229271
4422950
-1003259
-6049356
-10715341
-15001214
-18906975
-22432624
-25578161
-28343586
-30728899
-32734100
-34359189
-35604166
-36469031
-36953784
-37058425
-36782954
-36127371
-35091676
-33675869
-31879950
-29703919
-27147776
-24211521
-20895154
-17198675
-13122084
-8665381
-3828566
1388361
6985400
10962550
3319806
-3942826
-10825346
-17327754
-23450050
-29192234
-34554306
-39536266
-44138114
-48359850
-52201474
-55662986
-58744386
-59445673
-59766848
-59707911
-59268862
-58449701
-57250428
-55671043
-53711546
-51371937
-48652216
-45552383
-42072438
-38212381
-33972212
-29351931
-24351538
-18971033
-13210416
-7069687
-548846
6352107
13633172
19294348
13335630
7757024
2558530
-2259852
-6698122
-10756280
-14434326
-17732260
-20650082
-23187792
-25345390
-27122876
-28520250
-29537512
-30174662
-30431700
-30308626
-29805440
-28922142
-27658732
-26015210
-23991576
-21587830
-18803972
-15640002
-12095920
-8171726
-3867420
816998
5881528
11326170
17150924
23355790
29940768
36905858
44251060
37976367
32081786
26567317
21432960
16678715
12304582
8310561
4696652
1462855
-1390830
-3864403
-5957864
-7671213
-9004450
-9957575
-10530588
-10723489
-10536278
-9968955
-9021520
-7693973
-5986314
-3898543
-1430660
1417335
4645442
8253661
12241992
16610435
21358990
26487657
31996436
37885327
44154330
50803445
57832672
53242005
47031449
41201005
35750673
30680453
25990345
21680349
17750465
14200693
11031033
8241485
5832049
3802725
2153513
884413
-4575
-513451
-642215
-390867
240593
1252165
2643849
4415645
6567553
9099573
12011705
15303949
18976305
23028773
27461353
32274045
37466849
43039765
48992793
55325933
62039185
57132543
50606012
44459593
38693286
33307091
28301008
23675037
19429178
15563431
12077796
8972273
6246862
3901563
1936376
351301
-853662
-1678513
-2123252
-2187879
-1872394
-1176797
-101088
1354733
3190666
5406711
8002868
10979137
14335518
18072011
22188616
26685333
31562162
36819103
42456156
48473321
54870598
51647982
44805476
38343082
32260800
26558630
21236572
16294626
11732792
7551070
3749460
327962
-2713424
-5374698
-7655860
-9556910
-11077848
-12218674
-12979388
-13359990
-13360480
-12980858
-12221124
-11081278
-9561320
-7661250
-5381068
-2720774
319632
3740150
7540780
11721522
16282376
21223342
26544420
32245610
38326912
34788321
27629840
20851471
14453214
8435069
2797036
-2460885
-7338694
-11836391
-15953976
-19691449
-23048810
-26026059
-28623196
-30840221
-32677134
-34133935
-35210624
-35907201
-36223666
-36160019
-35716260
-34892389
-33688406
-32104311
-30140104
-27795785
-25071354
-21966811
-18482156
-14617389
-10372510
-5747519
-742416
4642799
10408126
8553561
1079105
-6015239
-12729471
-19063591
-25017599
-30591495
-35785279
-40598951
-45032511
-49085959
-52759295
-56052519
-58965631
-59498630
-59651517
-59424292
-58816955
-57829506
-56461945
-54714272
-52586487
-50078590
-47190581
-43922460
-40274227
-36245882
-31837425
-27048856
-21880175
-16331382
-10402477
-4093460
2595669
9664910
17114263
16943724
11153294
5742976
712770
-3937324
-8207306
-12097176
-15606934
-18736580
-21486114
-23855536
-25844846
-27454044
-28683130
-29532104
-30000966
-30089716
-29798354
-29126880
-28075294
-26643596
-24831786
-22639864
-20067830
-17115684
-13783426
-10071056
-5978574
-1505980
3346726
8579544
14192474
20185516
26558670
33311936
40445314
41958801
35852396
30126103
24779922
19813853
15227896
11022051
7196318
3750697
685188
-2000209
-4305494
-6230667
-7775728
-8940677
-9725514
-10130239
-10154852
-9799353
-9063742
-7948019
-6452184
-4576237
-2320178
315993
3332276
6728671
10505178
14661797
19198528
24115371
29412326
35089393
41146572
47583863
54401266
55598778
49176398
43134130
37471974
32189930
27287998
22766178
18624470
14862874
11481390
8480018
5858758
3617610
1756574
275650
-825162
-1545862
-1886450
-1846926
-1427290
-627542
552318
2112290
4052374
6372570
9072878
12153298
15613830
19454474
23675230
28276098
33257078
38618170
44359374
50480690
56982118
59863656
53125301
46767058
40788927
35190908
29973001
25135206
20677523
16599952
12902493
9585146
6647911
4090788
1913777
116878
-1299909
-2336584
-2993147
-3269598
-3165937
-2682164
-1818279
-574282
1049827
3054048
5438381
8202826
11347383
14872052
18776833
23061726
27726731
32771848
38197077
44002418
50187871
54753435
47699105
41024887
34730781
28816787
23282905
18129135
13355477
8961931
4948497
1315175
-1938035
-4811133
-7304119
-9416993
-11149755
-12502405
-13474943
-14067369
-14279683
-14111885
-13563975
-12635953
-11327819
-9639573
-7571215
-5122745
-2294163
914531
4503337
8472255
12821285
17550427
22659681
28149047
34018525
38268114
30897809
23907616
17297535
11067566
5217709
-252036
-5341669
-10051190
-14380599
-18329896
-21899081
-25088154
-27897115
-30325964
-32374701
-34043326
-35331839
-36240240
-36768529
-36916706
-36684771
-36072724
-35080565
-33708294
-31955911
-29823416
-27310809
-24418090
-21145259
-17492316
-13459261
-9046094
-4252815
920576
6474079
12407694
4721414
-2584754
-9510810
-16056754
-22222586
-28008306
-33413914
-38439410
-43084794
-47350066
-51235226
-54740274
-57865210
-58610033
-58974744
-58959343
-58563830
-57788205
-56632468
-55096619
-53180658
-50884585
-48208400
-45152103
-41715694
-37899173
-33702540
-29125795
-24168938
-18831969
-13114888
-7017695
-540390
6317027
13554556
21172197
15169943
9547801
4305771
-556147
-5037953
-9139647
-12861229
-16202699
-19164057
-21745303
-23946437
-25767459
-27208369
-28269167
-28949853
-29250427
-29170889
-28711239
-27871477
-26651603
-25051617
-23071519
-20711309
-17970987
-14850553
-11350007
-7469349
-3208579
1432303
6453297
11854403
17635621
23796951
30338393
37259947
44561613
40243385
34305268
28747263
23569370
18771589
14353920
10316363
6658918
3381585
484364
-2032745
-4169742
-5926627
-7303400
-8300061
-8916610
-9153047
-9009372
-8485585
-7581686
-6297675
-4633552
-2589317
-164970
2639489
5824060
9388743
13333538
17658445
22363464
27448595
32913838
38759193
44984660
51590239
58575930
53941727
47687635
41813655
36319787
31206031
26472387
22118855
18145435
14552127
11338931
8505847
6052875
3980015
2287267
974631
42107
-510305
-682605
-474793
113131
1081167
2429315
4157575
6265947
8754431
11623027
14871735
18500555
22509487
26898531
31667687
36816955
42346335
48255827
54545431
61215147
58264970
51694903
45504948
39695105
34265374
29215755
24546248
20256853
16347570
12818399
9669340
6900393
4511558
2502835
874224
-374275
-1242662
-1730937
-1839100
-1567151
-915090
117083
1529368
3321765
5494274
8046895
10979628
14292473
17985430
22058499
26511680
31344973
36558378
42151895
48125524
54479265
51213113
44327071
37821141
31695323
25949617
20584023
15598541
10993171
6767913
2922767
-542267
-3627189
-6331999
-8656697
-10601283
-12165757
-13350119
-14154369
-14578507
-14622533
-14286447
-13570249
-12473939
-10997517
-9140983
-6904337
-4287579
-1290709
2086273
5843367
9980573
14497891
19395321
24672863
30330517
36368283
34786157
27584140
20762235
14320442
8258761
2577192
-2724265
-7645610
-12186843
-16347964
-20128973
-23529870
-26550655
-29191328
-31451889
-33332338
-34832675
-35952900
-36693013
-37053014
-37032903
-36632680
-35852345
-34691898
-33151339
-31230668
-28929885
-26248990
-23187983
-19746864
-15925633
-11724290
-7142835
-2181268
3160411
8882202
8984102
1466110
-5671770
-12429538
-18807194
-24804738
-30422170
-35659490
-40516698
-44993794
-49090778
-52807650
-56144410
-59101058
-59677593
-59874016
-59690327
-59126526
-58182613
-56858588
-55154451
-53070202
-50605841
-47761368
-44536783
-40932086
-36947277
-32582356
-27837323
-22712178
-17206921
-11321552
-5056071
1589522
8615227
16021044
17806970
11973004
6519150
1445408
-3248222
-7561740
-11495146
-15048440
-18221622
-21014692
-23427650
-25460496
-27113230
-28385852
-29278362
-29790760
-29923046
-29675220
-29047282
-28039232
-26651070
-24882796
-22734410
-20205912
-17297302
-14008580
-10339746
-6290800
-1861742
2947428
8136710
13706104
19655610
25985228
32694958
39784800
43254752
37104811
31334982
25945265
20935660
16306167
12056786
8187517
4698360
1589315
-1139618
-3488439
-5457148
-7045745
-8254230
-9082603
-9530864
-9599013
-9287050
-8594975
-7522788
-6070489
-4238078
-2025555
567080
3539827
6892686
10625657
14738740
19231935
24105242
29358661
34992192
41005835
47399590
54173457
57327434
50861518
44775714
39070022
33744442
28798974
24233618
20048374
16243242
12818222
9773314
7108518
4823834
2919262
1394802
250454
-513782
-897906
-901918
-525818
230394
1366718
2883154
4779702
7056362
9713134
12750018
16167014
19964122
24141342
28698674
33636118
38953674
44651342
50729122
57187014
62025017
55243126
48841347
42819680
37178125
31916682
27035351
22534132
18413025
14672030
11311147
8330376
5729717
3509170
1668735
208412
-871799
-1571898
-1891885
-1831760
-1391523
-571174
629287
2209860
4170545
6511342
9232251
12333272
15814405
19675650
23917007
28538476
33540057
38921750
44683555
50825472
55347500
48249634
41531880
35194238
29236708
23659290
18461984
13644790
9207708
5150738
1473880
-1822866
-4739500
-7276022
-9432432
-11208730
-12604916
-13620990
-14256952
-14512802
-14388540
-13884166
-12999680
-11735082
-10090372
-8065550
-5660616
-2875570
289588
3834858
7760240
12065734
16751340
21817058
27262888
33088830
39294884
31881043
24847314
18193697
11920192
6026799
513518
-4619651
-9372708
-13745653
-17738486
-21351207
-24583816
-27436313
-29908698
-32000971
-33713132
-35045181
-35997118
-36568943
-36760656
-36572257
-36003746
-35055123
-33726388
-32017541
-29928582
-27459511
-24610328
-21381033
-17771626
-13782107
-9412476
-4662733
467122
5977089
11867168
4137352
-3212352
-10181944
-16771424
-22980792
-28810048
-34259192
-39328224
-44017144
-48325952
-52254648
-55803232
-58971704
-59760063
-60168310
-60196445
-59844468
-59112379
-58000178
-56507865
-54635440
-52382903
-49750254
-46737493
-43344620
-39571635
-35418538
-30885329
-25972008
-20678575
-15005030
-8951373
-2517604
4296277
11490270
19064375
15018586
9352908
4067342
-838112
-5363454
-9508684
-13273802
-16658808
-19663702
-22288484
-24533154
-26397712
-27882158
-28986492
-29710714
-30054824
-30018822
-29602708
-28806482
-27630144
-26073694
-24137132
-21820458
-19123672
-16046774
-12589764
-8752642
-4535408
61938
5039396
10396966
16134648
22252442
28750348
35628366
42886496
40524733
34543080
28941539
23720110
18878793
14417588
10336495
6635514
3314645
373888
-2186757
-4367290
-6167711
-7588020
-8628217
-9288302
-9568275
-9468136
-8987885
-8127522
-6887047
-5266460
-3265761
-884950
1875973
5017008
8538155
12439414
16720785
21382268
26423863
31845570
37647389
43829320
50391363
57333518
54655780
48358152
42440636
36903232
31745940
26968760
22571692
18554736
14917892
11661160
8784540
6288032
4171636
2435352
1079180
103120
-492828
-708664
-544388
49997513
43173603
36848590
31022474
25695255
20866933
16537508
12706980
9375349
6542615
4208778
2373838
1037795
200649
-137600
23048
682593
1841035
3498374
5654610
8309743
11463773
15116700
19268524
23919245
29068863
34717378
40864790
47511099
54656305
60300407
52443399
45085288
38226074
31865757
26004337
20641814
15778188
11413459
7547627
4180692
1312654
-1056487
-2926731
-4298078
-5170528
-5544081
-5418737
-4794496
-3671358
-2049323
71609
2691438
5810164
9427787
13544307
18159724
23274038
28887249
34999357
41610362
48720264
48329059
40436747
33043332
26148814
19753193
13856469
8458642
3559712
-840321
-4741457
-8143696
-11047038
-13451483
-15357031
-16763682
-17671436
-18080293
-17990253
-17401316
-16313482
-14726751
-12641123
-10056598
-6973176
-3390857
690359
5270472
10349482
15927389
22004193
28579894
35654492
27227979
19300363
11871644
4941822
-1489103
-7421131
-12854262
-17788496
-22223833
-26160273
-29597816
-32536462
-34976211
-36917063
-38359018
-39302076
-39746237
-39691501
-39137868
-38085338
-36533911
-34483587
-31934366
-28886248
-25339233
-21293321
-16748512
-11704806
-6162203
-120703
6419694
7458985
-1002832
-8965752
-16429775
-23394901
-29861130
-35828462
-41296897
-46266435
-50737076
-54708820
-58181667
-61155617
-63630670
-63606825
-63084083
-62062444
-60541908
-58522475
-56004145
-52986918
-49470794
-45455773
-40941855
-35929040
-30417328
-24406719
-17897213
-10888810
-3381510
4624687
13129781
10133766
3636646
-2361577
-7860903
-12861332
-17362864
-21365499
-24869237
-27874078
-30380022
-32387069
-33895219
-34904472
-35414828
-35426287
-34938849
-33952514
-32467282
-30483153
-28000127
-25018204
-21537384
-17557667
-13079053
-8101542
-2625134
3350171
9824373
16797472
24269468
32240361
36710149
29678828
23146404
17112877
11578247
6542514
2005678
-2032261
-5571303
-8611448
-11152696
-13195047
-14738501
-15783058
-16328718
-16375481
-15923347
-14972316
-13522388
-11573563
-9125841
-6179222
-2733706
1210707
5654017
10596224
16037328
21977329
28416227
35354022
42790714
50726303
49160784
42094159
35526431
29457600
23887666
18816629
14244489
10171246
6596900
3521451
944899
-1132756
-2711514
-3791375
-4372339
-4454406
-4037576
-3121849
-1707225
206296
2618714
5530029
8940241
12849350
17257356
22164259
27570059
33474756
39878350
46780841
54182229
60082513
52481687
45379758
38776726
32672591
27067353
21961012
17353568
13245021
9635371
6524618
3912762
1799803
185741
-929424
-1545692
-1663063
-1281537
-401114
978206
2856423
5233537
8109548
11484456
15358261
19730963
24602562
29973058
35842451
42210741
49077928
56444012
56308989
48672859
41535626
34897290
28757851
23117309
17975664
13332916
9189065
5544111
2398054
-249106
-2397369
-4046735
-5197204
-5848776
-6001451
-5655229
-4810110
-3466094
-1623181
718629
3559336
6898940
10737441
15074839
19911134
25246326
31080415
37413401
44245284
51576064
43405733
35734299
28561762
21888122
15713379
10037533
4860584
182532
-3996623
-7676881
-10858242
-13540706
-15724273
-17408943
-18594716
-19281592
-19469571
-19158653
-18348838
-17040126
-15232517
-12926011
-10120608
-6816308
-3013111
1288983
6089974
11389862
17188647
23486329
30282908
31578381
23372746
15666008
8458167
1749223
-4460824
-10171974
-15384227
-20097583
-24312042
-28027604
-31244269
-33962037
-36180908
-37900882
-39121959
-39844139
-40067422
-39791808
-39017297
-37743889
-35971584
-33700382
-30930283
-27661287
-23893394
-19626604
-14860917
-9596333
-3832852
2429526
9190801
4450967
-3789972
-11532014
-18775159
-25519407
-31764758
-37511212
-42758769
-47507429
-51757192
-55508058
-58760027
-61513099
-61767273
-61522550
-60778930
-59536413
-57794999
-55554688
-52815480
-49577375
-45840373
-41604474
-36869678
-31635985
-25903395
-19671908
-12941524
-5712243
2015935
10243010
14968980
8193841
1917599
-3859746
-9138194
-13917745
-18198399
-21980156
-25263016
-28046979
-30332045
-32118214
-33405486
-34193861
-34483339
-34273920
-33565604
-32358391
-30652281
-28447274
-25743370
-22540569
-18838871
-14638276
-9938784
-4740395
956891
7153074
13848154
21042131
28735005
36926776
35617439
28806996
22495450
16682801
11369049
6554194
2238236
-1578825
-4896989
-7716256
-10036626
-11858099
-13180675
-14004354
-14329136
-14155021
-13482009
-12310100
-10639294
-8469591
-5800991
-2633494
1032900
5198191
9862379
15025464
20687446
26848325
33508101
40666774
48324344
54480810
47136166
40290419
33943569
28095616
22746560
17896401
13545139
9692774
6339306
3484735
1129061
-727716
-2085596
-2944579
-3304665
-3165854
-2528146
-1391541
243961
2378360
5011656
8143849
11774939
15904926
20533810
25661591
31288269
37413844
44038316
51161685
58783951
58905110
51525162
44644111
38261957
32378700
26994340
22108877
17722311
13834642
10445870
7555995
5165017
3272936
1879752
985465
590075
693582
1295986
2397287
3997485
6096580
8694572
11791461
15387247
19481930
24075510
29167987
34759361
40849632
47438800
54526865
62113827
54199678
46784426
39868071
33450613
27532052
22112388
17191621
12769751
8846778
5422702
2497523
71241
-1856144
-3284632
-4214223
-4644917
-4576714
-4009614
-2943617
-1378723
685068
3247756
6309341
9869823
13929202
18487478
23544651
29100721
35155688
41709552
48762313
50313968
42364515
34913959
27962300
21509538
15555673
10100705
5144634
687460
-3270817
-6730197
-9690680
-12152266
-14114955
-15578747
-16543642
-17009640
-16976741
-16444945
-15414252
-13884662
-11856175
-9328791
-6302510
-2777332
1246743
5769715
10791584
16312350
22332013
28850573
35868030
29384377
21399620
13913760
6926797
438731
-5550438
-11040710
-16032085
-20524563
-24518144
-28012828
-31008615
-33505505
-35503498
-37002594
-38002793
-38504095
-38506500
-38010008
-37014619
-35520333
-33527150
-31035070
-28044093
-24554219
-20565448
-16077780
-11091215
-5605753
378606
6861862
9844013
1325055
-6695006
-14216170
-21238437
-27761807
-33786280
-39311856
-44338535
-48866317
-52895202
-56425190
-59456281
-61988475
-62021771
-61556170
-60591672
-59128277
-57165985
-54704796
-51744710
-48285727
-44327847
-39871070
-34915396
-29460825
-23507357
-17054992
-10103730
-2653571
5295485
13743438
12690283
6136022
80658
-5475809
-10533379
-15092052
-19151828
-22712707
-25774689
-28337774
-30401962
-31967253
-33033647
-33601144
-33669744
-33239447
-32310253
-30882162
-28955174
-26529289
-23604507
-20180828
-16258252
-11836779
-6916409
-1497142
4421022
10838083
17754041
25168896
33082648
39495296
32406834
25817269
19726601
14134830
9041956
4447979
352899
-3243284
-6340570
-8938959
-11038451
-12639046
-13740744
-14343545
-14447449
-14052456
-13158566
-11765779
-9874095
-7483514
-4594036
-1205661
2681611
7067780
11952846
17336809
23219669
29601426
36482080
43861631
51740079
52117420
44993654
38368785
32242813
26615738
21487560
16858279
12727895
9096408
5963818
3330125
1195329
-440570
-1577572
-2215677
-2354885
-1995196
-1136610
220873
2077253
4432530
7286704
10639775
14491743
18842608
23692370
29041029
34888585
41235038
48080388
55424635
63267779
55609812
48450742
41790569
35629293
29966914
24803432
20138847
15973159
12306368
9138474
6469477
4299377
2628174
1455868
782459
607947
932332
1755614
3077793
4898869
7218842
10037712
13355479
17172143
21487704
26302162
31615517
37427769
43738918
50548964
57857907
59665744
51972473
44778099
38082622
31886042
26188359
20989573
16289684
12088692
8386597
5183399
2479098
273694
-1432813
-2640423
-3349136
-3558952
-3269871
-2481893
-1195018
590754
2875423
5658989
8941452
12722812
17003069
21782223
27060274
32837222
39113067
45887809
53161448
46933977
39205402
31975724
25244943
19013059
13280072
8045982
3310789
-925507
-4662906
-7901408
-10641013
-12881721
-14623532
-15866446
-16610463
-16855583
-16601806
-15849132
-14597561
-12847093
-10597728
-7849466
-4602307
-856251
3388702
8132552
13375299
19116943
25357484
32096922
35335255
27072479
19308600
12043618
5277533
-989655
-6757946
-12027340
-16797837
-21069437
-24842140
-28115946
-30890855
-33166867
-34943982
-36222200
-37001521
-37281945
-37063472
-36346102
-35129835
-33414671
-31200610
-28487652
-25275797
-21565045
-17355396
-12646850
-7439407
-1733067
4472170
11176304
6379329
-1918751
-9717934
-17018220
-23819609
-30122101
-35925696
-41230394
-46036195
-50343099
-54151106
-57460216
-60270429
-62581745
-62394163
-61707684
-60522308
-58838035
-56654865
-53972798
-50791834
-47111973
-42933215
-38255560
-33079008
-27403559
-21229213
-14555970
-7383830
287207
8457141
15125971
8293691
1960308
-3874178
-9209767
-14046459
-18384254
-22223152
-25563153
-28404257
-30746464
-32589774
-33934187
-34779703
-35126322
-34974044
-34322869
-33172797
-31523828
-29375962
-26729199
-23583539
-19938982
-15795528
-11153177
-6011929
-371784
5767258
12405197
19542033
27177766
35312396
35945919
29078335
22709648
16839858
11468965
6596969
2223870
-1650332
-5025637
-7902045
-10279556
-12158170
-13537887
-14418707
-14800630
-14683656
-14067785
-12953017
-11339352
-9226790
-6615331
-3504975
104278
4212428
8819475
13925419
19530260
25633998
32236633
39338165
46938594
55037920
47636135
40733247
34329256
28424162
23017965
18110665
13702262
9792756
6382147
3470435
1057620
-856298
-2271319
-3187443
-3604670
-3523000
-2942433
-1862969
-284608
1792650
4368805
7443857
11017806
15090652
19662395
24733035
30302572
36371006
42938337
50004565
57569690
59633709
52196620
45258428
38819133
32878735
27437234
22494630
18050923
14106113
10660200
7713184
5265065
3315843
1865518
914090
461559
507925
1053188
2097348
3640405
5682359
8223210
11262958
14801603
18839145
23375584
28410920
33945153
39978283
46510310
53541234
61071055
55099766
47627373
40653877
34179278
28203576
22726771
17748863
13269852
9289738
5808521
2826201
342778
-1641748
-3127377
-4114109
-4601944
-4590882
-4080923
-3072067
-1564314
442336
2947883
5952327
9455668
13457906
17959041
22959073
28458002
34455828
40952551
47948171
51442686
43436092
35928395
28919595
22409692
16398686
10886577
5873365
1359050
-2656368
-6172889
-9190513
-11709240
-13729070
-15250003
-16272039
-16795178
-16819420
-16344765
-15371213
-13898764
-11927418
-9457175
-6488035
-3019998
946936
5412767
10377495
15841120
21803642
28265061
35225377
30684584
22642686
15099685
8055581
1510374
-4535936
-10083349
-15131865
-19681484
-23732206
-27284031
-30336959
-32890990
-34946124
-36502361
-37559701
-38118144
-38177690
-37738339
-36800091
-35362946
-33426904
-30991965
-28058129
-24625396
-20693766
-16263239
-11333815
-5905494
21724
6447839
11372850
2796751
-5280451
-12858756
-19938164
-26518675
-32600289
-38183006
-43266826
-47851749
-51937775
-55524904
-58613136
-61202471
-61292908
-60884448
-59977091
-58570837
-56665686
-54261638
-51358693
-47956851
-44056112
-39656476
-34757943
-29360513
-23464186
-17068962
-10174841
-2781823
5110092
13500904
12390608
5779206
-333299
-5946907
-11061618
-15677432
-19794349
-23412369
-26531492
-29151718
-31273047
-32895479
-34019014
-34643652
-34769393
-34396237
-33524184
-32153234
-30283387
-27914643
-25047002
-21680464
-17815029
-13450697
-8587468
-3225342
2635681
8995601
15854418
23212132
31068743
39424251
32278648
25631942
19484133
13835221
8685206
4034088
-118133
-3771457
-6925884
-9581414
-11738047
-13395783
-14554622
-15214564
-15375609
-15037757
-14201008
-12865362
-11030819
-8697379
-5865042
-2533808
1296323
5625351
10453276
15780098
21605817
27930433
34753946
42076356
49897663
52217864
45036957
38354947
32171834
26487618
21302299
16615877
12428352
8739724
5549993
2859159
667222
-1025818
-2219961
-2915207
-3111556
-2809008
-2007563
-707221
1092018
3390154
6187187
9483117
13277944
17571668
22364289
27655807
33446222
39735534
46523743
53810849
61596852
55881745
48665534
41948220
35729803
30010283
24789660
20067934
15845105
12121173
8896138
6170000
3942759
2214415
984968
254418
22765
290009
1056150
2321188
4085123
6347955
9109684
12370310
16129833
20388253
25145570
30401784
36156895
42410903
49163808
56415610
60166307
52415895
45164380
38411762
32158041
26403217
21147290
16390260
12132127
8372891
5112552
2351110
88565
-1675083
-2939834
-3705688
-3972645
-3740705
-3009868
-1780134
-51503
2176025
4902450
8127772
11851991
16075107
20797120
26018030
31737837
37956541
44674142
51890640
47606029
39820313
32533494
25745572
19456547
13666419
8375188
3582854
-710583
-4505123
-7800766
-10597512
-12895361
-14694313
-15994368
-16795526
-17097787
-16901151
-16205618
-15011188
-13317861
-11125637
-8434516
-5244498
-1555583
2632229
7318938
12504544
18189047
24372447
31054744
36235937
27916020
20095000
12772877
5949651
-374678
-6200110
-11526645
-16354283
-20683024
-24512868
-27843815
-30675865
-33009018
-34843274
-36178633
-37015095
-37352660
-37191328
-36531099
-35371973
-33713950
-31557030
-28901213
-25746499
-22092888
-17940380
-13288975
-8138673
-2489474
3658622
10305615
7451500
-2519103
-11099562
-19046501
-26359920
-33039819
-39086198
-44499057
-49278396
-53424215
-56936514
-59815293
-62060552
-63672291
-62650509
-60995207
-58706385
-55784043
-52228181
-48038799
-43215897
-37759475
-31669533
-24946071
-17589089
-9598587
-974565
8282977
8174034
698607
-6143300
-12351687
-17926554
-22867901
-27175728
-30850035
-33890822
-36298089
-38071836
-39212063
-39718770
-39591957
-38831624
-37437771
-35410398
-32749505
-29455092
-25527159
-20965706
-15770733
-9942240
-3480227
3615306
11344359
19706932
28703025
30332634
22595758
15492402
9022566
3186250
-2016546
-6585822
-10521578
-13823814
-16492530
-18527726
-19929402
-20697558
-20832194
-20333310
-19200906
-17434982
-15035538
-12002574
-8336090
-4036086
897438
6464482
12665046
19499130
26966734
35067858
43802502
45170662
37172337
29807532
23076247
16978482
11514237
6683512
2486307
-1077378
-4007543
-6304188
-7967313
-8996918
-9393003
-9155568
-8284613
-6780138
-4642143
-1870628
1534407
5572962
10245037
15550632
21489747
28062382
35268537
43108212
51581407
54688119
46428345
38802091
31809357
25450143
19724449
14632275
10173621
6348487
3156873
598779
-1325795
-2616849
-3274383
-3298397
-2688891
-1445865
430681
2940747
6084333
9861439
14272065
19316211
24993877
31305063
38249769
45827995
54039741
58885005
50363782
42476079
35221896
28601233
22614090
17260467
12540364
8453781
5000718
2181175
-4848
-1557351
-2476334
-2761797
-2413740
-1432163
182934
2431551
5313688
8829345
12978522
17761219
23177436
29227173
35910430
43227207
51177504
55761319
46978647
38829495
31313863
24431751
18183159
12568087
7586535
3238503
-476009
-3557001
-6004473
-7818425
-8998857
-9545769
-9459161
-8739033
-7385385
-5398217
-2777529
476679
4364407
8885655
14040423
19828711
26250519
33305847
40994695
47317062
38272941
29862340
22085259
14941698
8431657
2555136
-2687865
-7297346
-11273307
-14615748
-17324669
-19400070
-20841951
-21650312
-21825153
-21366474
-20274275
-18548556
-16189317
-13196558
-9570279
-5310480
-417161
5109678
11270037
18063916
25491315
31552233
22246663
13574613
5536083
-1868927
-8640417
-14778387
-20282837
-25153767
-29391177
-32995067
-35965437
-38302287
-40005617
-41075427
-41511717
-41314487
-40483737
-39019467
-36921677
-34190367
-30825537
-26827187
-22195317
-16929927
-11031017
-4498587
2667363
10466833
899814
-8033685
-16333664
-24000123
-31033062
-37432481
-43198380
-48330759
-52829618
-56694957
-59926776
-62525075
-64489854
-63821112
-62518850
-60583068
-58013766
-54810944
-50974602
-46504740
-41401358
-35664456
-29294034
-22290092
-14652630
-6381648
2522854
12060876
4232409
-2962538
-9523965
-15451872
-20746259
-25407126
-29434473
-32828300
-35588607
-37715394
-39208661
-40068408
-40294635
-39887342
-38846529
-37172196
-34864343
-31922970
-28348077
-24139664
-19297731
-13822278
-7713305
-970812
6405201
14414734
23057787
32334360
26244445
18788049
11965173
5775817
219981
-4702335
-8991131
-12646407
-15668163
-18056399
-19811115
-20932311
-21419987
-21274143
-20494779
-19081895
-17035491
-14355567
-11042123
-7095159
-2514675
2699329
8546853
15027897
22142461
29890545
38272149
47287273
42935910
35218065
28133740
21682935
15865650
10681885
6131640
2214915
-1068290
-3717975
-5734140
-7116785
-7865910
-7981515
-7463600
-6312165
-4527210
-2108735
943260
4628775
8947810
13900365
19486440
25706035
32559150
40045785
48165940
56919615
52306803
44327509
36981735
30269481
24190747
18745533
13933839
9755665
6211011
3299877
1022263
-621831
-1632405
-2009459
-1752993
-863007
660499
2817525
5608071
9032137
13089723
17780829
23105455
29063601
35655267
42880453
50739159
59231385
56357125
48116382
40509159
33535456
27195273
21488610
16415467
11975844
8169741
4997158
2458095
552552
-719471
-1357974
-1362957
-734420
527637
2423214
4952311
8114928
11911065
16340722
21403899
27100596
33430813
40394550
47991807
56222584
53086875
44584683
36716011
29480859
22879227
16911115
11576523
6875451
2807899
-626133
-3426645
-5593637
-7127109
-8027061
-8293493
-7926405
-6925797
-5291669
-3024021
-122853
3411835
7580043
12381771
17817019
23885787
30588075
37923883
45893211
44496054
35732413
27602292
20105691
13242610
7013049
1417008
-3545513
-7874514
-11569995
-14631956
-17060397
-18855318
-20016719
-20544600
-20438961
-19699802
-18327123
-16320924
-13681205
-10407966
-6501207
-1960928
3212871
9020190
15461029
22535388
30243267
28584661
19559571
11168001
3409951
-3714579
-10205589
-16063079
-21287049
-25877499
-29834429
-33157839
-35847729
-37904099
-39326949
-40116279
-40272089
-39794379
-38683149
-36938399
-34560129
-31548339
-27903029
-23624199
-18711849
-13165979
-6986589
-173679
7272751
7352697
-1933842
-10586861
-18606360
-25992339
-32744798
-38863737
-44349156
-49201055
-53419434
-57004293
-59955632
-62273451
-63957750
-63008528
-61425786
-59209524
-56359742
-52876440
-48759618
-44009276
-38625414
-32608032
-25957130
-18672708
-10754766
-2203304
6981678
8800176
1252189
-5662278
-11943225
-17590652
-22604559
-26984946
-30731813
-33845160
-36324987
-38171294
-39384081
-39963348
-39909095
-39221322
-37900029
-35945216
-33356883
-30135030
-26279657
-21790764
-16668351
-10912418
-4522965
2500008
10156501
18446514
27370047
30927097
23117661
15941745
9399349
3490473
-1784883
-6426719
-10435035
-13809831
-16551107
-18658863
-20133099
-20973815
-21181011
-20754687
-19694843
-18001479
-15674595
-12714191
-9120267
-4892823
-31859
5462625
11590629
18352153
25747197
33775761
42437845
47733447
39662562
32225197
25421352
19251027
13714222
8810937
4541172
904927
-2097798
-4467003
-6202688
-7304853
-7773498
-7608623
-6810228
-5378313
-3312878
-613923
2718552
6684547
11284062
16517097
22383652
28883727
36017322
43784437
52185072
57219225
48886891
41188077
34122783
27691009
21892755
16728021
12196807
8299113
5034939
2404285
407151
-956463
-1686557
-1783131
-1246185
-75719
1728267
4165773
7236799
10941345
15279411
20250997
25856103
32094729
38966875
46472541
54611727
61384432
52790649
44830386
37503643
30810420
24750717
19324534
14531871
10372728
6847105
3955002
1696419
71356
-920187
-1278210
-1002713
-93696
1448841
3624898
6434475
9877572
13954189
18664326
24007983
29985160
36595857
43840074
51717811
58229067
49373835
41152123
33563931
26609259
20288107
14600475
9546363
5125771
1338699
-1814853
-4334885
-6221397
-7474389
-8093861
-8079813
-7432245
-6151157
-4236549
-1688421
1493227
5308395
9757083
14839291
20555019
26904267
33887035
41503323
49753131
40636450
32153289
24303648
17087527
10504926
4555845
-759716
-5441757
-9490278
-12905279
-15686760
-17834721
-19349162
-20230083
-20477484
-20091365
-19071726
-17418567
-15131888
-12211689
-8657970
-4470731
350028
5804307
11892106
18613425
25968264
33956623
24578493
15833883
7722793
245223
-6598827
-12809357
-18386367
-23329857
-27639827
-31316277
-34359207
-36768617
-38544507
-39686877
-40195727
-40071057
-39312867
-37921157
-35895927
-33237177
-29944907
-26019117
-21459807
-16266977
-10440627
-3980757
3112633
10839543
3199965
-5806094
-14178633
-21917652
-29023151
-35495130
-41333589
-46538528
-51109947
-55047846
-58352225
-61023084
-63060423
-62464241
-61234539
-59371317
-56874575
-53744313
-49980531
-45583229
-40552407
-34888065
-28590203
-21658821
-14093919
-5895497
2936445
12401907
6500881
-766626
-7400613
-13401080
-18768027
-23501454
-27601361
-31067748
-33900615
-36099962
-37665789
-38598096
-38896883
-38562150
-37593897
-35992124
-33756831
-30888018
-27385685
-23249832
-18480459
-13077566
-7041153
-371220
6932233
14869206
23439699
32643712
28481238
20952282
14056846
7794930
2166534
-2828342
-7189698
-10917534
-14011850
-16472646
-18299922
-19493678
-20053914
-19980630
-19273826
-17933502
-15959658
-13352294
-10111410
-6237006
-1729082
3412362
9187326
15595810
22637814
30313338
38622382
47564946
45141024
37350619
30193734
23670369
17780524
12524199
7901394
3912109
556344
-2165901
-4254626
-5709831
-6531516
-6719681
-6274326
-5195451
-3483056
-1137141
1842294
5455249
9701724
14581719
20095234
26242269
33022824
40436899
48484494
57165609
54480238
46428384
39010050
32225236
26073942
20556168
15671914
11421180
7803966
4820272
2470098
753444
-329690
-779304
-595398
222028
1672974
3757440
6475426
9826932
13811958
18430504
23682570
29568156
36087262
43239888
51026034
59445700
58498881
50185578
42505795
35459532
29046789
23267566
18121863
13609680
9731017
6485874
3874251
1896148
551565
-159498
-237041
318936
1508433
3331450
5787987
8878044
12601621
16958718
21949335
27573472
33831129
40722306
48247003
56405220
55196952
46622200
38680968
31373256
24699064
18658392
13251240
8477608
4337496
830904
-2042168
-4281720
-5887752
-6860264
-7199256
-6904728
-5976680
-4415112
-2220024
608584
4070712
8166360
12895528
18258216
24254424
30884152
38147400
46044168
46574452
37738251
29535570
21966409
15030768
8728647
3060046
-1975035
-6376596
-10144637
-13279158
-15780159
-17647640
-18881601
-19482042
-19448963
-18782364
-17482245
-15548606
-12981447
-9780768
-5946569
-1478850
3622389
9357148
15725427
22727226
30362545
30631380
21533730
13069600
5238990
-1958100
-8521670
-14451720
-19748250
-24411260
-28440750
-31836720
-34599170
-36728100
-38223510
-39085400
-39313770
-38908620
-37869950
-36197760
-33892050
-30952820
-27380070
-23173800
-18334010
-12860700
-6753870
-13520
7360350
9367737
8638
-8716941
-16809000
-24267539
-31092558
-37284057
-42842036
-47766495
-52057434
-55714853
-58738752
-61129131
-62885990
-62009328
-60499146
-58355444
-55578222
-52167480
-48123218
-43445436
-38134134
-32189312
-25610970
-18399108
-10553726
-2074824
7037598
10783537
3162990
-3824037
-10177544
-15897531
-20983998
-25436945
-29256372
-32442279
-34994666
-36913533
-38198880
-38850707
-38869014
-38253801
-37005068
-35122815
-32607042
-29457749
-25674936
-21258603
-16208750
-10525377
-4208484
2741929
10325862
18543315
27394288
32878779
24996783
17748307
11133351
5151915
-196001
-4910397
-8991273
-12438629
-15252465
-17432781
-18979577
-19892853
-20172609
-19818845
-18831561
-17210757
-14956433
-12068589
-8547225
-4392341
396063
5817987
11873431
18562395
25884879
33840883
42430407
49653450
41510005
34000080
27123675
20880790
15271425
10295580
5953255
2244450
-830835
-3272600
-5080845
-6255570
-6796775
-6704460
-5978625
-4619270
-2626395
44648519
36378370
28892202
22190015
16271809
11137584
6787340
3221077
438795
-1559506
-2773826
-3204165
-2850523
-1712900
208704
2914289
6403855
10677402
15734930
21576439
28201929
35611400
43804852
52782285
60543698
51089083
42418449
34531796
27429124
21110433
15575723
10824994
6858246
3675479
1276693
-338112
-1168936
-1215779
-478641
1042478
3347578
6436659
10309721
14966764
20407788
26632793
33641779
41434746
50011694
59372623
53517525
44446406
36159268
28656111
21936935
16001740
10850526
6483293
2900041
100770
-1914520
-3145829
-3593157
-3256504
-2135870
-231255
2457341
5929918
10186476
15227015
21051535
27660036
35052518
43228981
52189425
49933844
40462240
31774617
23870975
16751314
10415634
4863935
96217
-3887520
-7087276
-9503051
-11134845
-11982658
-12046490
-11326341
-9822211
-7534100
-4462008
-605935
4034119
9458154
15666170
22658167
30434145
38994104
42338041
32465952
23377844
15073717
7553571
817406
-5134778
-10302981
-14687203
-18287444
-21103704
-23135983
-24384281
-24848598
-24528934
-23425289
-21537663
-18866056
-15410468
-11170899
-6147349
-339818
6251694
13627187
21786661
30730116
20457542
10968949
2264337
-5656294
-12792944
-19145613
-24714301
-29499008
-33499734
-36716479
-39149243
-40798026
-41662828
-41743649
-41040489
-39553348
-37282226
-34227123
-30388039
-25764974
-20357928
-14166901
-7191893
567096
9110066
2437009
-7452069
-16557166
-24878282
-32415417
-39168571
-45137744
-50322936
-54724147
-58341377
-61174626
-63223894
-64489181
-62970486
-60667810
-57581153
-53710515
-49055896
-43617296
-37394715
-30388153
-22597610
-14023086
-4664581
5477905
6404367
-1885195
-9390776
-16112376
-22049995
-27203633
-31573290
-35158966
-37960661
-39978375
-41212108
-41661860
-41327631
-40209421
-38307230
-35621058
-32150905
-27896771
-22858656
-17036560
-10430483
-3040425
5133614
14091634
23833635
28359614
19669567
11763501
4641416
-1696688
-7250811
-12020953
-16007114
-19209294
-21627493
-23261711
-24111948
-24178204
-23460479
-21958773
-19673086
-16603418
-12749769
-8112139
-2690528
3515064
10504637
18278191
26835726
36177242
46302739
37212207
28905656
21383086
14644497
8689889
3519262
-867384
-4470049
-7288733
-9323436
-10574158
-11040899
-10723659
-9622438
-7737236
-5068053
-1614889
2622256
7643382
13448489
20037577
27410646
35567696
44508727
54233739
48742724
40035688
32112633
24973559
18618466
13047354
8260223
4257073
1037904
-1397284
-3048491
-3915717
-3998962
-3298226
-1813509
455189
3507868
7344528
11965169
17369791
23558394
30530978
38287543
46828089
56152616
56261119
47153598
38830058
31290499
24534921
18563324
13375708
8972073
5352419
2516746
465054
-802657
-1286387
-986136
98096
1966309
4618503
8054678
12274834
17278971
23067089
29639188
36995268
45135329
54059371
59767392
50259386
41535361
33595317
26439254
20067172
14479071
9674951
5654812
2418654
-33523
-1701719
-2585934
-2686168
-2002421
-534693
1717016
4752706
8572377
13176029
18563662
24735276
31690871
39430447
47954004
57261542
47353051
38228541
29888012
22331464
15558897
9570311
4365706
-54918
-3691561
-6544223
-8612904
-9897604
-10398323
-10115061
-9047818
-7196594
-4561389
-1142203
3060964
8048112
13819241
20374351
27713442
35836514
44743567
40434594
30909599
22168585
14211552
7038500
649429
-4955661
-9776770
-13813898
-17067045
-19536211
-21221396
-22122600
-22239823
-21573065
-20122326
-17887606
-14868905
-11066223
-6479560
-1108916
5045709
11984315
19706902
28213470
27504014
17578534
8437035
79517
-7494020
-14283576
-20289151
-25510745
-29948358
-33601990
-36471641
-38557311
-39859000
-40376708
-40110435
-39060181
-37225946
-34607730
-31205533
-27019355
-22049196
-16295056
-9756935
-2434833
5671250
10561312
235347
-9306637
-18064640
-26038662
-33228703
-39634763
-45256842
-50094940
-54149057
-57419193
-59905348
-61607522
-62525715
-60659926
-58010156
-54576405
-50358673
-45356960
-39571266
-33001591
-25647935
-17510298
-8588680
1116919
11606499
2880050
-5062418
-12220905
-18595411
-24185936
-28992480
-33015043
-36253625
-38708226
-40378846
-41265485
-41368143
-40686820
-39221516
-36972231
-33938965
-30121718
-25520490
-20135281
-13966091
-7012920
724232
9245365
18550479
28639574
25512643
17169690
9610718
2835727
-3155283
-8362312
-12785360
-16424427
-19279513
-21350618
-22637742
-23140885
-22860047
-21795228
-19946428
-17313647
-13896885
-9696142
-4711418
1057287
7609973
14946640
23067288
31971917
41660527
42133113
33389675
25430218
18254742
11863247
6255733
1432200
-2607352
-5862923
-8334513
-10022122
-10925750
-11045397
-10381063
-8932748
-6700452
-3684175
116083
4700322
10068542
16220743
23156925
30877088
39381232
48669357
54741461
45597538
37237596
29661635
22869655
16861656
11637638
7197601
3541545
669470
-1418624
-2722737
-3242869
-2979020
-1931190
-99379
2516413
5916186
10099940
15067675
20819391
27355088
34674766
42778425
51666065
61337686
53793279
45032852
37056406
29863941
23455457
17830954
12990432
8933891
5661331
3172752
1468154
547537
410901
1058246
2489572
4704879
7704167
11487436
16054686
21405917
27541129
34460322
42163496
50650651
59921787
55976897
46815985
38439054
30846104
24037135
18012147
12771140
8314114
4641069
1752005
-353078
-1674180
-2211301
-1964441
-933600
881222
3480025
6862809
11029574
15980320
21715047
28233755
35536444
43623114
52493765
54148393
44586996
35809580
27816145
20606691
14181218
8539726
3682215
-391315
-3680864
-6186432
-7908019
-8845625
-8999250
-8368894
-6954557
-4756239
-1773940
1992340
6542601
11876843
17995066
24897270
32583455
41053621
46307766
36345884
27167983
18774063
11164124
4338166
-1703811
-6961807
-11435822
-15125856
-18031909
-20153981
-21492072
-22046182
-21816311
-20802459
-19004626
-16422812
-13057017
-8907241
-3973484
1744254
8245973
15531673
23601354
32455016
24092650
14514264
5719859
-2290565
-9517008
-15959470
-21617951
-26492451
-30582970
-33889508
-36412065
-38150641
-39105236
-39275850
-38662483
-37265135
-35083806
-32118496
-28369205
-23835933
-18518680
-12417446
-5532231
2136965
10590142
5827293
-4151578
-13346468
-21757377
-29384305
-36227252
-42286218
-47561203
-52052207
-55759230
-58682272
-60821333
-62176413
-62747512
-60534629
-57537765
-53756920
-49192094
-43843287
-37710499
-30793730
-23092980
-14608249
-5339537
4713156
7549826
-829529
-8424903
-15236296
-21263708
-26507139
-30966589
-34642058
-37533546
-39641053
-40964579
-41504124
-41259688
-40231271
-38418873
-35822494
-32442134
-28277793
-23329471
-17597168
-11080884
-3780619
4303627
13171854
22824062
29260249
20480409
12484550
5272672
-1155225
-6799141
-11659076
-15735030
-19027003
-21534995
-23259006
-24199036
-24355085
-23727153
-22315240
-20119346
-17139471
-13375615
-8827778
-3495960
2619839
9519619
17203380
25671122
34922845
44958549
37778225
29381881
21769518
14941136
8896735
3636315
-840124
-4532582
-7441059
-9565555
-10906070
-11462604
-11235157
-10223729
-8428320
-5848930
-2485559
1661793
6593126
12308440
18807735
26091011
34158268
43009506
52644725
51063919
42267090
34254242
27025375
20580489
14919584
10042660
5949717
2640755
115774
-1625226
-2582245
-2755283
-2144340
-749416
1429489
4392375
8139242
12670090
17984919
24083729
30966520
38633292
47084045
56318779
58337490
49140176
40726843
33097491
26252120
20190730
14913321
10419893
6710446
3784980
1643495
285991
-287532
-77074
917365
2695785
5258186
8604568
12734931
17649275
23347600
29829906
37096193
45146461
53980710
61598939
52001140
43187322
35157485
27911629
21449754
15771860
10877947
6768015
3442064
900094
-857895
-1831903
-2021930
-1427976
-50041
2111875
5057772
8787650
13301509
18599349
24681170
31546972
39196755
47630519
56848264
48849981
39635678
31205356
23559015
16696655
10618276
5323878
813461
-2912975
-5855430
-8013904
-9388397
-9978909
-9785440
-8807990
-7046559
-4501147
-1171754
2941620
7838975
13520311
19985628
27234926
35268205
44085465
41686700
32071912
23241105
15194279
7931434
1452570
-4242313
-9153215
-13280136
-16623076
-19182035
-20957013
-21948010
-22155026
-21578061
-20217115
-18072188
-15143280
-11430391
-6933521
-1652670
4412162
11260975
18893769
27310544
28511296
18496023
9264731
817420
-6845910
-13725259
-19820627
-25132014
-29659420
-33402845
-36362289
-38537752
-39929234
-40536735
-40360255
-39399794
-37655352
-35126929
-31814525
-27718140
-22837774
-17173427
-10725099
-3492790
4523500
11323770
908012
-10945349
-20363191
-28830753
-36348035
-42915037
-48531759
-53198201
-56914363
-59680245
-61495847
-62361169
-62276211
-59240972
-55255453
-50319654
-44433575
-37597216
-29810577
-21073658
-11386459
-748980
6838777
-2623195
-11134887
-18696299
-25307431
-30968283
-35678855
-39439147
-42249159
-44108891
-45018343
-44977515
-43986407
-42045019
-39153351
-35311403
-30519175
-24776667
-18083879
-10440811
-1847463
7696165
18190073
25634259
16028716
7373453
-331530
-7086233
-12890656
-17744799
-21648662
-24602245
-26605548
-27658571
-27761314
-26913777
-25115960
-22367863
-18669486
-14020829
-8421892
-1872675
5626822
14076599
23476656
33826993
39127607
29378493
20579659
12731105
5832831
-115163
-5112877
-9160311
-12257465
-14404339
-15600933
-15847247
-15143281
-13489035
-10884509
-7329703
-2824617
2630749
9036395
16392321
24698527
33955013
44161779
49318822
39426137
30483732
22491607
15449762
9358197
4216912
25907
-3214818
-5505263
-6845428
-7235313
-6674918
-5164243
-2703288
707947
5069462
10381257
16643332
23855687
32018322
41131237
51194432
56207904
46171648
37085672
28949976
21764560
15529424
10244568
5909992
2525696
91680
-1392056
-1925512
-1508688
-141584
2175800
5443464
9661408
14829632
20948136
28016920
36035984
45005328
54924952
57794852
47615025
38385478
30106211
22777224
16398517
10970090
6491943
2964076
386489
-1240818
-1917845
-1644592
-421059
1752754
4876847
8951220
13975873
19950806
26876019
34751512
43577285
53353338
56079667
45756269
36383151
27960313
20487755
13965477
8393479
3771761
100323
-2620835
-4391713
-5212311
-5082629
-4002667
-1972425
1008097
4938899
9819981
15651343
22432985
30164907
38847109
48479591
49062348
38595379
29078690
20512281
12896152
6230303
514734
-4250555
-8065564
-10930293
-12844742
-13808911
-13822800
-12886409
-10999738
-8162787
-4375556
361955
6049746
12687817
20276168
28814799
38303710
38742896
28132356
18472096
9762116
2002416
-4807004
-10666144
-15575004
-19533584
-22541884
-24599904
-25707644
-25865104
-25072284
-23329184
-20635804
-16992144
-12398204
-6853984
-359484
7085296
15480356
24825696
23121310
12367199
2563368
-6290183
-14193454
-21146445
-27149156
-32201587
-36303738
-39455609
-41657200
-42908511
-43209542
-42560293
-40960764
-38410955
-34910866
-30460497
-25059848
-18708919
-11407710
-3156221
6045548
4197591
-6700091
-16647493
-25644615
-33691457
-40788019
-46934301
-52130303
-56376025
-59671467
-62016629
-63411511
-63856113
-63350435
-59894476
-55488237
-50131718
-43824919
-36567840
-28360481
-19202842
-9094923
1963276
1971749
-7069503
-15160475
-22301167
-28491579
-33731711
-38021563
-41361135
-43750427
-45189439
-45678171
-45216623
-43804795
-41442687
-38130299
-33867631
-28654683
-22491455
-15377947
-7314159
1699909
11664257
22578885
20443786
11258963
3024420
-4259843
-10593826
-15977529
-20410952
-23894095
-26426958
-28009541
-28641844
-28323867
-27055610
-24837073
-21668256
-17549159
-12479782
-6460125
509812
8430029
17300526
27121303
37892360
35613690
26285296
17907182
10479348
4001794
-1525480
-6102474
-9729188
-12405622
-14131776
-14907650
-14733244
-13608558
-11533592
-8508346
-4532820
392986
6269072
13095438
20872084
29599010
39276216
49903702
45481460
36009495
27487810
19916405
13295280
7624435
2903870
-866415
-3686420
-5556145
-6475590
-6444755
-5463640
-3532245
-650570
3181385
7963620
13696135
20378930
28012005
36595360
46128995
56612910
52047097
42431561
33766305
26051329
19286633
13472217
8608081
4694225
1730649
-282647
-1345663
-1458399
-620855
1166969
3905073
7593457
12232121
17821065
24360289
31849793
40289577
49679641
60019985
53310600
43551493
34742666
26884119
19975852
14017865
9010158
4952731
1845584
-311283
-1517870
-1774177
-1080204
564049
3158582
6703395
11198488
16643861
23039514
30385447
38681660
47928153
58124926
51271970
41369292
32416894
24414776
17362938
11261380
6110102
1909104
-1341614
-3642052
-4992210
-5392088
-4841686
-3341004
-890042
2511200
6862722
12164524
18416606
25618968
33771610
42874532
52927734
43931206
33884957
24788988
16643299
9447890
3202761
-2092088
-6436657
-9830946
-12274955
-13768684
-14312133
-13905302
-12548191
-10240800
-6983129
-2775178
2383053
8491564
15550355
23559426
32518777
42428408
33288309
23098489
13858949
5569689
-1769291
-8157991
-13596411
-18084551
-21622411
-24209991
-25847291
-26534311
-26271051
-25057511
-22893691
-19779591
-15715211
-10700551
-4735611
2179609
10045109
18860889
28626949
19343279
9009888
-373223
-8806054
-16288605
-22820876
-28402867
-33034578
-36716009
-39447160
-41228031
-42058622
-41938933
-40868964
-38848715
-35878186
-31957377
-27086288
-21264919
-14493270
-6771341
1900868
11523357
96115
-10380847
-19907529
-28483931
-36110053
-42785895
-48511457
-53286739
-57111741
-59986463
-61910905
-62885067
-62908949
-59982550
-56105871
-51278912
-45501673
-38774154
-31096355
-22468276
-12889917
-2361278
9117641
-453171
-9073703
-16743955
-23463927
-29233619
-34053031
-37922163
-40841015
-42809587
-43827879
-43895891
-43013623
-41181075
-38398247
-34665139
-29981751
-24348083
-17764135
-10229907
-1745399
7689389
18074457
27409804
17695421
8931318
1117495
-5746048
-11659311
-16622294
-20634997
-23697420
-25809563
-26971426
-27183009
-26444312
-24755335
-22116078
-18526541
-13986724
-8496627
-2056250
5334407
13675344
22966561
33208058
42399834
32541880
23634206
15676812
8669698
2612864
-2493690
-6649964
-9855958
-12111672
-13417106
-13772260
-13177134
-11631728
-9136042
-5690076
-1293830
4052696
10349502
17596588
25793954
34941600
45039526
52087730
42086205
33034960
24933995
17783310
11582905
6332780
2032935
-1316630
-3715915
-5164920
-5663645
-5212090
-3810255
-1458140
1844255
6096930
11299885
17453120
24556635
32610430
41614505
51568860
58473493
48328397
39133581
30889045
23594789
17250813
11857117
7413701
3920565
1377709
-214867
-857163
-549179
709085
2917629
6076453
10185557
15244941
21254605
28214549
36124773
44985277
54796061
59557122
49268455
39930068
31541961
24104134
17616587
12079320
7492333
3855626
1169199
-566948
-1352815
-1188402
-73709
1991264
5006517
8972050
13887863
19753956
26570329
34336982
43053915
52721128
57338618
46906380
37424422
28892744
21311346
14680228
8999390
4268832
488554
-2341444
-4221162
-5150600
-5129758
-4158636
-2237234
634448
4456410
9228652
14951174
21623976
29247058
37820420
47344062
51817981
41242172
31616643
22941394
15216425
8441736
2617327
-2256802
-6180651
-9154220
-11177509
-12250518
-12373247
-11545696
-9767865
-7039754
-3361363
1267308
6846259
13375490
20855001
29284792
38664863
40995210
30275830
20506730
11687910
3819370
-3098890
-9066870
-14084570
-18151990
-21269130
-23435990
-24652570
-24918870
-24234890
-22600630
-20016090
-16481270
-11996170
-6560790
-175130
7160810
15447030
24683530
26870306
16007355
6094684
-2867707
-10879818
-17941649
-24053200
-29214471
-33425462
-36686173
-38996604
-40356755
-40766626
-40226217
-38735528
-36294559
-32903310
-28561781
-23269972
-17027883
-9835514
-1692865
7400064
7443268
-5252535
-15960612
-25536272
-33979515
-41290341
-47468750
-52514742
-56428317
-59209475
-60858216
-61374540
-60758447
-59009937
-54129009
-48115664
-40969902
-32691723
-23281127
-12738114
-1062684
1745158
-8314590
-17241921
-25036835
-31699332
-37229412
-41627075
-44892321
-47025150
-48025562
-47893557
-46629135
-44232296
-40703040
-36041367
-30247277
-23320770
-15261846
-6070505
4253253
15709428
20298016
10019013
872427
-7141742
-14023494
-19772829
-24389747
-27874248
-30226332
-31445999
-31533249
-30488082
-28310498
-25000497
-20558079
-14983244
-8275992
-436323
8535763
18640266
29877186
34246519
23748261
14382420
6148996
-952011
-6920601
-11756774
-15460530
-18031869
-19470791
-19777296
-18951384
-16993055
-13902309
-9679146
-4323566
2164431
9784845
18537676
28422924
39440589
45590668
34873155
25288059
16835380
9515118
3327273
-1728155
-5651166
-8441760
-10099937
-10625697
-10019040
-8279966
-5408475
-1404567
3731758
10000500
17401659
25935235
35601228
46399638
54330463
43393695
33589344
24917410
17377893
10970793
5696110
1553844
-1456005
-3333437
-4078452
-3691050
-2171231
481005
4265658
9182728
15232215
22414119
30728440
40175178
50754333
58465903
47309880
37286274
28395085
20636313
14009958
8516020
4154499
925395
-1171292
-2135562
-1967415
-666851
1766130
5331528
10029343
15859575
22822224
30917290
40144773
50504673
59996989
48621711
38378850
29268406
21290379
14444769
8731576
4150800
702441
-1613501
-2797026
-2848134
-1766825
446901
3793044
8271604
13882581
20625975
28501786
37510014
47650659
56923720
45329187
34867071
25537372
17340090
10275225
4342777
-457254
-4124868
-6660065
-8062845
-8333208
-7471154
-5476683
-2349795
1909510
7301232
13825371
21481927
30270900
40192290
51246097
39432309
28750938
19201984
10785447
3501327
-2650376
-7669662
-11556531
-14310983
-15933018
-16422636
-15779837
-14004621
-11096988
-7056938
-1884471
4420413
11857714
20427432
30129567
40964119
28931076
18030450
8262241
-373551
-7876926
-14247884
-19486425
-23592549
-26566256
-28407546
-29116419
-28692875
-27136914
-24448536
-20627741
-15674529
-9588900
-2370854
5979609
15462489
26077786
15825489
4705608
-5281856
-14136903
-21859533
-28449746
-33907542
-38232921
-41425883
-43486428
-44414556
-44210267
-42873561
-40404438
-36802898
-32068941
-26202567
-19203776
-11072568
-1808943
8587099
115548
-11223588
-21430307
-30504609
-38446494
-45255962
-50933013
-55477647
-58889864
-61169664
-62317047
-62332013
-61214562
-56964693
-51582407
-45067704
-37420584
-28641047
-18729093
-7684722
4492066
-2198739
-11757129
-20183102
-27476658
-33637797
-38666519
-42562824
-45326712
-46958183
-47457237
-46823874
-45058094
-42159897
-38129283
-32966252
-26670804
-19242939
-10682657
-989958
9835158
21792691
16882632
7104987
-1540241
-9053052
-15433446
-20681423
-24796983
-27780126
-29630852
-30349161
-29935053
-28388528
-25709586
-21898227
-16954451
-10878258
-3669648
4671379
14144823
24750684
36488962
31359648
21362748
12498265
4766199
-1833450
-7300682
-11635497
-14837895
-16907876
-17845440
-17650587
-16323317
-13863630
-10271526
-5547005
309933
7299288
15421060
24675249
35061855
46580878
43232310
33016155
23932417
15981096
9162192
3475705
-1078365
-4500018
-6789254
-7946073
-7970475
-6862460
-4622028
-1249179
3256087
8893770
15663870
23566387
32601321
42768672
54068440
50500617
40065207
30762214
22591638
15553479
9647737
4874412
1233504
-1274987
-2651061
-2894718
-2005958
15219
3168813
7454824
12873252
19424097
27107359
35923038
45871134
56951647
55164570
44509905
34987657
26597826
19340412
13215415
8222835
4362672
1634926
39597
-423315
246190
2048112
4982451
9049207
14248380
20579970
28043977
36640401
46369242
57230500
55224168
44350248
34608745
25999659
18522990
12178738
6966903
2887485
-59516
-1874100
-2556267
-2106017
-523350
2191734
6039235
11019153
17131488
24376240
32753409
42262995
52904998
52679412
41586237
31625479
22797138
15101214
8537707
3106617
-1192056
-4358312
-6392151
-7293573
-7062578
-5699166
-3203337
424909
5185572
11078652
18104149
26262063
35552394
45975142
47530302
36217872
26037859
16990263
9075084
2292322
-3358023
-7875951
-11261462
-13514556
-14635233
-14623493
-13479336
-11202762
-7793771
-3252363
2421462
9227704
17166363
26237439
36440932
37776837
26245152
15845884
6579033
-1555401
-8557418
-14427018
-19164201
-22768967
-25241316
-26581248
-26788763
-25863861
-23806542
-20616806
-16294653
-10840083
-4253096
3466308
12318129
22302367
25419018
13668078
3049555
-6436551
-14790240
-22011512
-28100367
-33056805
-36880826
-39572430
-41131617
-41558387
-40852740
-39014676
-36044195
-31941297
-26705982
-20338250
-12838101
-4205535
5559448
8456844
-3513351
-14351129
-24056490
-32629434
-40069961
-46378071
-51553764
-55597040
-58507899
-60286341
-60932366
-60445974
-58827165
-54075938
-48192294
-41176233
-33027755
-23746860
-13333548
-1787819
4890324
-5299125
-14356157
-22280772
-29072970
-34732751
-39260115
-42655062
-44917592
-46047705
-46045401
-44910680
-42643542
-39243987
-34712015
-29047626
-22250820
-14321597
-5259957
4934100
16260574
22719462
12310758
3034471
-5109399
-12120852
-17999888
-22746507
-26360709
-28842494
-30191862
-30408813
-29493347
-27445464
-24265164
-19952447
-14507313
-7929762
-219794
8622591
18597393
29704612
37944246
27316287
17820745
9457620
2226912
-3871379
-8837253
-12670710
-15371750
-16940373
-17376579
-16680368
-14851740
-11890695
-7797233
-2571354
3786942
11277655
19900785
29656332
40544296
48564675
37717461
28002664
19420284
11970321
5652775
467646
-3585066
-6505361
-8293239
-8948700
-8471744
-6862371
-4120581
-246374
4760250
10899291
18170749
26574624
36110916
46779625
56580750
45514281
35580229
26778594
19109376
12572575
7168191
2896224
-243326
-2250459
-3125175
-2867474
-1477356
1045179
4700131
9487500
15407286
22459489
30644109
39961146
50410600
61992471
50706747
40553440
31532550
23644077
16888021
11264382
6773160
3414355
1187967
93996
46701664
36152529
26933786
19045435
12487476
7259909
3362734
795951
-440440
-346439
1077954
3832739
7917916
13333485
20079446
28155799
37562544
48299681
60367210
49765119
38493419
28552111
19941195
12660671
6710539
2090799
-1198549
-3157505
-3786069
-3084241
-1052021
2310591
7003595
13026991
20380779
29064959
39079531
50424495
51099845
39105580
28441707
19108226
11105137
4432440
-909865
-4921778
-7603299
-8954428
-8975165
-7665510
-5025463
-1055024
4245807
10877030
18838645
28130652
38753051
48705841
35989011
24602573
14546527
5820873
-1574389
-7639259
-12373737
-15777823
-17851517
-18594819
-18007729
-16090247
-12842373
-8264107
-2355449
4883601
13453043
23352877
34583103
31143713
19034710
8256099
-1192120
-9309947
-16097382
-21554425
-25681076
-28477335
-29943202
-30078677
-28883760
-26358451
-22502750
-17316657
-10800172
-2953295
6223974
16731635
24569686
11738118
236942
-9933842
-18774234
-26284234
-32463842
-37313058
-40831882
-43020314
-43878354
-43406002
-41603258
-38470122
-34006594
-28212674
-21088362
-12633658
-2848562
8266926
712796
-11510945
-22404294
-31967251
-40199816
-47101989
-52673770
-56915159
-59826156
-61406761
-61656974
-60576795
-58166224
-52425260
-45353904
-36952156
-27220016
-16157484
-3764560
1958752
-8987553
-18603466
-26888987
-33844116
-39468853
-43763198
-46727151
-48360712
-48663881
-47636658
-45279043
-41591036
-36572637
-30223846
-22544663
-13535088
-3195121
8475238
21475989
11807120
1468642
-7539444
-15217138
-21564440
-26581350
-30267868
-32623994
-33649728
-33345070
-31710020
-28744578
-24448744
-18822518
-11865900
-3578890
6038512
16986306
29264492
30873064
19812021
10081370
1681111
-5388756
-11128231
-15537314
-18616005
-20364304
-20782211
-19869726
-17626849
-14053580
-9149919
-2915866
4648579
13543416
23768645
35324266
46210278
34426670
23973454
14850630
7058198
596158
-4535490
-8336746
-10807610
-11948082
-11758162
-10237850
-7387146
-3206050
2305438
9147318
17319590
26822254
37655310
49818758
47312590
36136809
26291420
17776423
10591818
4737605
213784
-2979645
-4842682
-5375327
-4577580
-2449441
1009090
5798013
11917328
19367035
28147134
38257625
49698508
58469781
46571435
36003481
26765919
18858749
12281971
7035585
3119591
533989
-721221
-646039
759535
3495501
7561859
12958609
19685751
27743285
37131211
47849529
59898239
53277331
41986812
32026685
23396950
16097607
10128656
5490097
2181930
204155
-443228
239781
2253182
5596975
10271160
16275737
23610706
32276067
42271820
53597965
58254498
46241414
35558722
26206422
18184514
11492998
6131874
2101142
-599198
-1969146
-2008702
-717866
1903362
5854982
11136994
17749398
25692194
34965382
45568962
57502934
46767286
35362029
25287164
16542691
9128610
3044921
-1708376
-5131281
-7223794
-7985915
-7417644
-5518981
-2289926
2269521
8159360
15379591
23930214
33811229
45022636
45564429
33436607
22639177
13172139
5035493
-1770761
-7246623
-11392093
-14207171
-15691857
-15846151
-14670053
-12163563
-8326681
-3159407
3338259
11166317
20324767
30813609
40632842
27782455
16262460
6072857
-2786354
-10315173
-16513600
-21381635
-24919278
-27126529
-28003388
-27549855
-25765930
-22651613
-18206904
-12431803
-5326310
3109575
12875852
23972521
20399574
8157014
-2755154
-12336930
-20588314
-27509306
-33099906
-37360114
-40289930
-41889354
-42158386
-41097026
-38705274
-34983130
-29930594
-23547666
-15834346
-6790634
3583470
9287963
-3677162
-15311895
-25616236
-34590185
-42233742
-48546907
-53529680
-57182061
-59504050
-60495647
-60156852
-58487665
-55488086
-49158114
-41497750
-32506994
-22185846
-10534306
2447626
-3240060
-13597357
-22624262
-30320775
-36686896
-41722625
-45427962
-47802907
-48847460
-48561621
-46945390
-43998767
-39721752
-34114345
-27176546
-18908355
-9309772
1619203
13878570
19468325
8388463
-1361007
-9780085
-16868771
-22627065
-27054967
-30152477
-31919595
-32356321
-31462655
-29238597
-25684147
-20799305
-14584071
-7038445
1837573
12043983
23580785
36447979
26645553
16173518
7031875
-779376
-7260235
-12410702
-16230777
-18720460
-19879751
-19708650
-18207157
-15375272
-11212995
-5720326
1102735
9256188
18740033
29554270
41698899
43173914
31979314
22115106
13581290
6377866
504834
-4037806
-7250054
-9131910
-9683374
-8904446
-6795126
-3355414
1414690
7515186
14946074
23707354
33799026
45221090
55973545
44056380
33469607
24213226
16287237
9691640
4426435
491622
-2112799
-3386828
-3330465
-1943710
773437
4820976
10198907
16907230
24945945
34315052
45014551
57044442
54404717
43095379
33116433
24467879
17149717
11161947
6504569
3177583
1180989
514787
1178977
3173559
6498533
11153899
17139657
24455807
33102349
43079283
54386609
61024324
48992421
38290910
28919791
20879064
14168729
8788786
4739235
2020076
631309
572934
1844951
4447360
8380161
13643354
20236939
28160916
37415285
48000046
59915199
53160734
41736658
31642974
22879682
15446782
9344274
4572158
1130434
-980898
-1761838
-1212386
667458
3877694
8418322
14289342
21490754
30022558
39884754
51077342
53600317
41453676
30637427
21151570
12996105
6171032
676351
33795032
23020314
13789801
6103493
-38610
-4636508
-7690201
-9199689
-9164972
-7586050
-4462923
204409
6415946
14171688
23471635
34315787
46704144
38636695
26113448
15134406
5699569
-2191063
-8537490
-13339712
-16597729
-18311541
-18481148
-17106550
-14187747
-9724739
-3717526
3833892
12929515
23569343
35753376
29481604
16754033
5570667
-4068494
-12163450
-18714201
-23720747
-27183088
-29101224
-29475155
-28304881
-25590402
-21331718
-15528829
-8181735
709564
11145068
23124777
16648681
3716786
-7670904
-17514389
-25813669
-32568744
-37779614
-41446279
-43568739
-44146994
-43181044
-40670889
-36616529
-31017964
-23875194
-15188219
-4957039
6818346
2137927
-10998292
-22590306
-32638115
-41141719
-48101118
-53516312
-57387301
-59714085
-60496664
-59735038
-57429207
-53579171
-48184930
-39246483
-28763831
-16736974
-3165912
-4050653
-15391195
-25187532
-33439664
-40147591
-45311313
-48930830
-51006142
-51537249
-50524151
-47966848
-43865340
-38219627
-31029709
-22295586
-12017258
-194725
13172013
12082948
538082
-9462579
-17919035
-24831286
-30199332
-34023173
-36302809
-37038240
-36229466
-33876487
-29979303
-24537914
-17552320
-9022521
1051483
12669692
25832106
26538718
14789528
4584543
-4076237
-11192812
-16765182
-20793347
-23277307
-24217062
-23612612
-21463957
-17771097
-12534032
-5752762
2572713
12442393
23856278
36814368
37316656
25363142
14953833
6088729
-1232170
-7008864
-11241353
-13929637
-15073716
-14673590
-12729259
-9240723
-4207982
2368964
10490115
20155471
31365032
44118798
46416763
34258925
23645292
14575864
7050641
1069623
-3367190
-6259798
-7608201
-7412399
-5672392
-2388180
2440237
8812859
16729686
26190718
37195955
49745397
51839038
39476876
28658919
19385167
11655620
5470278
829141
-2267791
-3820518
-3829040
-2293357
786531
5410624
11578922
19291425
28548133
39349046
51694164
55583482
43016996
31994715
22516639
14582768
8193102
3347641
46385
-1710666
-1923512
-592153
2283411
6703180
12667154
20175333
29227717
39824306
51965100
57650095
44879285
33652680
23970280
15832085
9238095
4188310
682730
-1278645
-1695815
-568780
2102460
6317905
12077555
19381410
28229470
38621735
50558205
56038876
43063742
31632813
21746089
13403570
6605256
1351147
-2358757
-4524456
-5145950
-4223239
-1756323
2254798
7810124
14909655
23553391
33741332
45473478
52749826
39570368
27935115
17844067
9297224
2294586
-3163847
-7078075
-9448098
-10273916
-9555529
-7292937
-3486140
1864862
8760069
17199481
27183098
38710920
45782944
32399162
20559585
10264213
1513046
-5693916
-11356673
-15475225
-18049572
-19079714
-18565651
-16507383
-12904910
-7758232
-1067349
7167739
16947032
28270530
37138231
23550125
11506224
1006528
-7948963
-15360249
-21227330
-25550206
-28328877
-29563343
-29253604
-27399660
-24001511
-19059157
-12572598
-4541834
5033135
16152309
24815686
11023256
-1224969
-11928989
-21088804
-28704414
-34775819
-39303019
-42286014
-43724804
-43619389
-41969769
-38775944
-34037914
-27755679
-19929239
-10558594
356256
10815310
-3181444
-15633993
-26542337
-35906476
-43726410
-50002139
-54733663
-57920982
-59564096
-59663005
-58217709
-55228208
-50694502
-42616590
-32994473
-21828151
-9117624
3137107
-9063970
-19720842
-28833509
-36401971
-42426228
-46906280
-49842127
-51233769
-51081206
-49384438
-46143465
-41358287
-35028904
-27155316
-17737523
-6775525
5730678
19781086
7375685
-3485511
-12802502
-20575288
-26803869
-31488245
-34628416
-36224382
-36276143
-34783699
-31747050
-27166196
-21041137
-13371873
-4158404
6599270
18901149
32747233
22137509
11071989
1550674
-6426436
-12859341
-17748041
-21092536
-22892826
-23148911
-21860791
-19028466
-14651936
-8731201
-1266261
7742884
18296234
30393789
44035549
33221501
21951657
12226018
4044584
-2592645
-7685669
-11234488
-13239102
-13699511
-12615715
-9987714
-5815508
-99097
7161519
15966340
26315366
38208597
51646033
42627662
31153494
21223531
12837773
5996220
698872
-3054271
-5263209
-5927942
-5048470
-2624793
1343089
6855176
13911468
22511965
32656667
44345574
57578686
48355991
36677499
26543212
17953130
10907253
5405581
1448114
-965148
-1834205
-1159057
1060296
4823854
10131617
16983585
25379758
35320136
46804719
59833507
52406489
40523673
30185062
21390656
14140455
8434459
4272668
1655082
581701
1052525
3067554
6626788
11730227
18377871
26569720
36305774
47586033
60410497
52779155
40692015
30149080
21150350
13695825
7785505
3419390
597480
41313427
29845905
20152239
12232429
6086475
1714377
-883865
-1708251
-758781
1964545
6461727
12732765
20777659
30596409
42189015
55555477
48695784
35609943
24297958
14759829
6995556
1005139
-3211422
-5654127
-6322976
-5217969
-2339106
2313613
8740188
16940619
26914906
38663049
52185048
41480890
28550586
17394138
8011546
402810
-5432070
-9493094
-11780262
-12293574
-11033030
-7998630
-3190374
3391738
11747706
21877530
33781210
45458745
30910122
18135355
7134444
-2092611
-9545810
-15225153
-19130640
-21262271
-21620046
-20203965
-17014028
-12050235
-5312586
3198919
13484280
25543497
33376567
18983481
6364251
-4481123
-13552641
-20850303
-26374109
-30124059
-32100153
-32302391
-30730773
-27385299
-22265969
-15372783
-6705741
3735157
15949911
19938516
5700967
-6762726
-17452563
-26368544
-33510669
-38878938
-42473351
-44293908
-44340609
-42613454
-39112443
-33837576
-26788853
-17966274
-7369839
5000452
3144591
-10937421
-23245577
-33779877
-42540321
-49526909
-54739641
-58178517
-59843537
-59734701
-57852009
-54195461
-48765057
-41560797
-30582680
-17830707
-3304878
-7005203
-18931677
-29084295
-37463057
-44067963
-48899013
-51956207
-53239545
-52749027
-50484653
-46446423
-40634337
-33048395
-23688597
-12554943
352567
15033933
5489142
-6281795
-16278876
-24502101
-30951470
-35626983
-38528640
-39656441
-39010386
-36590475
-32396708
-26429085
-18687606
-9172271
2116920
15179967
30016870
16627614
5012214
-4829330
-12897018
-19190850
-23710826
-26456946
-27429210
-26627618
-24052170
-19702866
-13579706
-5682690
3988182
15432910
28651494
37643931
24410212
12950349
3264342
-4647809
-10786104
-15150543
-17741126
-18557853
-17600724
-14869739
-10364898
-4086201
3966352
13792761
25393026
38767147
43915119
30836937
19532611
10002141
2245527
-3737231
-7946133
-10381179
-11042369
-9929703
-7043181
-2382803
4051431
12259521
22241467
33997269
47526927
48830434
35907789
24759000
15384067
7782990
1955769
-2097596
-4377105
-4882758
-3614555
-572496
4243419
10833190
19196817
29334300
41245639
54930834
50389875
37622767
26629515
17410119
9964579
4292895
395067
-1728905
-2079021
-655281
2542315
7513767
14259075
22778239
33071259
45138135
58978867
50593443
37981872
27144157
18080298
10790295
5274148
1531857
-436578
-631157
948120
4301253
9428242
16329087
25003788
35452345
47674758
61671027
47441137
34985103
24302925
15394603
8260137
2899527
-687227
-2500125
-2539167
-804353
2704317
7986843
15043225
23873463
34477557
46855507
57007311
42932958
30632461
20105820
11353035
4374106
-830967
-4262184
-5919545
-5803050
-3912699
-248492
5189571
12401490
21387265
32146896
44680383
48987721
35068905
22923945
12552841
3955593
-2867799
-7917335
-11193015
-12694839
-12422807
-10376919
-6557175
-963575
6403881
15545193
26460361
39149385
39612258
25848979
13859556
3643989
-4797722
-11465577
-16359576
-19479719
-20826006
-20398437
-18197012
-14221731
-8472594
-949601
8347248
19417953
32262514
26880921
13273179
1439293
-8620737
-16906911
-23419229
-28157691
-31122297
-32313047
-31729941
-29372979
-25242161
-19337487
-11658957
-2206571
9019671
22019769
12793711
-658494
-12336843
-22241336
-30371973
-36728754
-41311679
-44120748
-45155961
-44417318
-41904819
-37618464
-31558253
-23724186
-14116263
-2734484
10421151
-2649372
-15946040
-27468852
-37217808
-45192908
-51394152
-55821540
-58475072
-59354748
-58460568
-55792532
-51350640
-45134892
-35145287
-23381826
-9844509
1466662
-11448324
-22589454
-31956728
-39550146
-45369708
-49415414
-51687264
-52185258
-50909396
-47859678
-43036104
-36438674
-28067388
-17922246
-6003248
7689606
15156312
2396863
-8588730
-17800467
-25238348
-30902373
-34792542
-36908855
-37251312
-35819913
-32614658
-27635547
-20882580
-12355757
-2055078
10019457
23867848
25490088
12886176
2056120
-7000080
-14282424
-19790912
-23525544
-25486320
-25673240
-24086304
-20725512
-15590864
-8682360
27890174
15167599
4464369
-4219516
-10884056
-15529251
-18155101
-18761606
-17348766
-13916581
-8465051
-994176
8496044
20005609
33534519
47082773
32650357
20237286
9843560
1469179
-4885857
-9221548
-11537894
-11834895
-10112551
-6370862
-609828
7170551
16970275
28789344
42627758
50485513
36362601
24259034
14174812
6109935
64403
-3961784
-5968626
-5956123
-3924275
126918
6197456
14287339
24396567
36525140
50673058
50840313
37026905
25232842
15458124
7702751
1966723
-1749960
-3447298
-3125291
-783939
3576758
9956800
18356187
28774919
41212996
55670418
50147174
36643270
25158711
15693497
8247628
2821104
-586075
-1973909
-1342398
1308458
5978659
12668205
21377096
32105332
44852913
59619839
48406096
35211696
24036641
14880931
7744566
2627546
-470129
-1548459
-607444
2352916
7332621
14331671
23350066
34387806
47444891
58521319
43617078
30732182
19866631
11020425
4193564
-613952
-3402123
-4170949
-2920430
349434
5638643
12947197
22275096
33622340
46988929
52374858
37780121
25204729
14648682
6111980
-405377
-4903389
-7382056
-7841378
-6281355
-2701987
2896726
10514784
20152187
31808935
45485028
43180457
28895224
16629336
6382793
-1844405
-8052258
-12240766
-14409929
-14559747
-12690220
-8801348
-2893131
5034431
14981338
26947590
40933187
32938117
18962388
7006004
-2931035
-10848729
-16747078
-20626082
-22485741
-22326055
-20147024
-15948648
-9730927
-1493861
8762550
21038306
35333407
19647837
5981612
-5665268
-15292803
-22900993
-28489838
-32059338
-33609493
-33140303
-30651768
-26143888
-19616663
-11070093
-504178
12081082
20685684
5309618
-8047103
-19384479
-28702510
-36001196
-41280537
-44540533
-45781184
-45002490
-42204451
-37387067
-30550338
-21694264
-10818845
2075919
4990022
-10076540
-23123757
-34151629
-43160156
-50149338
-55119175
-58069667
-59000814
-57912616
-54805073
-49678185
-42531952
-33366374
-20181450
-4977181
-7753577
-20510634
-31248346
-39966713
-46665735
-51345412
-54005744
-54646731
-53268373
-49870670
-44453622
-37017229
-27561491
-16086408
-2591980
12921793
4454898
-7992655
-18420863
-26829726
-33219244
-37589417
-39940245
-40271728
-38583866
-34876659
-29150107
-21404210
-11638968
145619
13949551
27772827
13615433
1477384
-8641320
-16740679
-22820693
-26881362
-28922686
-28944665
-26947299
-22930588
-16894532
-8839131
1235615
13329706
27443142
35575919
21728029
9899484
90284
-7699571
-13470081
-17221246
-18953066
-18665541
-16358671
-12032456
-5686896
2678009
13062259
25465854
39888794
40331071
26792685
15273644
5773948
-1706403
-7167409
-10609070
-12031386
-11434357
-8817983
-4182264
2472800
11147209
21840963
34554062
49286506
44038284
30809402
19599865
10409673
3238826
-1912676
-5044833
-6157645
-5251112
-2325234
2619989
9584557
18568470
29571728
42594331
57636279
44697557
31778179
20878146
11997458
5136115
294117
-2528536
-3331844
-2115807
1119575
6374302
13648374
22941791
34254553
47586660
58938110
44308891
31699017
21108488
12537304
5985465
1452971
-1060178
-1553982
-28441
3516445
9080676
16664252
26267173
37889439
51531050
57192001
42872286
30571916
20290891
12029211
5786876
1563886
-639759
-824059
1010986
4865376
10739111
18632191
28544616
40476386
54427501
52397952
38387741
26396875
16425354
8473178
2540347
-1373139
-3267280
-3142076
-997527
3166367
9349606
17552190
27774119
40015393
54276012
46555964
32855257
21173895
11511878
3869206
38541305
24947295
13633957
4601291
-2150703
-6622025
-8812675
-8722653
-6351959
-1700593
5231445
14444155
25937537
39711591
45766312
30101693
16717746
5614471
-3208132
-9750063
-14011322
-15991909
-15691824
-13111067
-8249638
-1107537
8315236
20018681
34002798
36267580
20813024
7639140
-3254072
-11866612
-18198480
-22249676
-24020200
-23510052
-20719232
-15647740
-8295576
1337260
13250768
27444948
23919790
8675297
-4288524
-14971673
-23374150
-29495955
-33337088
-34897549
-34177338
-31176455
-25894900
-18332673
-8489774
3633797
18038040
10722943
-4311487
-17065245
-27538331
-35730745
-41642487
-45273557
-46623955
-45693681
-42482735
-36991117
-29218827
-19165865
-6832231
7782075
-3322961
-18147328
-30691023
-40954046
-48936397
-54638076
-58059083
-59199418
-58059081
-54638072
-48936391
-40954038
-30691013
-16147315
677055
-14217920
-26832223
-37165854
-45218813
-50991100
-54482715
-55693658
-54623929
-51273528
-45642455
-37730710
-27538293
-15065204
-311443
12722988
-1961924
-14366164
-24489732
-32332628
-37894852
-41176404
-42177284
-40897492
-37337028
-31495892
-23374084
-12971604
-288452
14675372
21919863
7445014
-4749163
-14662668
-22295501
-27647662
-30719151
-31509968
-30020113
-26249586
-20198387
-11866516
-1253973
11639242
26813129
30267681
16002895
4018781
-5684661
-13107431
-18249529
-21110955
-21691709
-19991791
-16011201
-9749939
-1208005
9614601
22717879
38101829
35766441
21711718
9937667
444288
-6768419
-11700454
-14351817
-14722508
-12812527
-8621874
-2150549
6601448
17634117
30947458
46541471
40416144
26571484
15007496
5724180
-1278464
-6000436
-8441736
-8602364
-6482320
-2081604
4599784
13561844
24804576
38327980
54132056
44216790
30582193
19228268
10155015
3362434
-1149475
-3380712
-3331277
-1001170
3609609
10501060
19673183
31125978
44859445
60873584
45168378
31743844
20599982
11736792
5154274
852428
-1168746
-909248
1630922
6451764
13553278
22935464
34598322
48541852
60766052
45270909
32056438
21122639
12469512
6097057
2005274
194163
663724
3413957
8444862
15756439
25348688
37221609
51375202
57809462
42524382
29519974
18796238
10353174
4190782
309062
-1291986
-612362
2347934
7588902
15110542
24912854
36995838
51359494
54003815
38928798
26134453
15620780
7387779
1435450
-2236207
-3627192
-2737505
432854
5883885
13615588
23627963
35921010
50494729
47349110
32484156
19899874
9596264
1573326
-4168940
-7630534
-8811456
-7711706
-4331284
1329810
9271576
19494014
31997124
46780906
39845348
25190457
12816238
2722691
-5090184
-10622387
-13873918
-14844777
-13534964
-9944479
-4073322
4078507
14511008
27224181
42218026
29492528
15047700
2883544
-6999940
-14602752
-19924892
-22966360
-23727156
-22207280
-18406732
-12325512
-3963620
6678944
19602180
34806088
18290651
4055886
-7898207
-17571628
-24964377
-30076454
-32907859
-33458592
-31728653
-27718042
-21426759
-12854804
-2002177
11131122
22545091
6239717
-7784985
-19529015
-28992373
-36175059
-41077073
-43698415
-44039085
-42099083
-37878409
-31377063
-22595045
-11532355
1811007
7435036
-9541137
-23864040
-35629106
-44836335
-51485727
-55577282
-57111000
-56086881
-52504925
-46365132
-37667502
-26412035
-12598731
-4227594
-19298633
-31811835
-41767200
-49164728
-54004419
-56286273
-56010290
-53176470
-47784813
-39835319
-29327988
-16262820
-639815
9541023
-5720316
-18423818
-28569483
-36157311
-41187302
-43659456
-43573773
-40930253
-35728896
-27969702
-17652671
-4777803
10654902
20645440
5193801
-7700001
-18035966
-25814094
-31034385
-33696839
-33801456
-31348236
-26337179
-18768285
-8641554
4043014
19285419
31085658
15443719
2359617
-8166648
-16135076
-21545667
-24398421
-24693338
-22430418
-17609661
-10231067
-294636
12199632
27251737
40861677
25029438
11755036
1038471
-7120257
-12721148
-15764202
-16249419
-14176799
-9546342
-2358048
7388083
19692051
34553856
47973496
31950957
18486255
7579390
-769638
-6560829
-9794183
-10469700
-8587380
-4147223
2850771
12406602
24520270
39191775
54421116
38208277
24553275
13456110
4916782
-1064709
-4488363
-5354180
-3662160
587697
7395391
16760922
28684290
43165495
58204536
41801397
27956095
16668630
7939002
1767211
-1846743
-2902860
-1401140
2658417
9275811
18451042
30184110
44475015
61323757
44730318
30694716
19216951
10297023
3934932
130678
-1115739
195681
4064938
10492032
19476963
31019731
45120336
61778778
44995039
30769137
19101072
9990844
3438453
-556101
-1992818
-871698
2807259
9044053
17838684
29191152
43101457
59569599
44595561
30179359
18320994
9020466
2277775
-1907079
-3534096
-2603276
885381
6931875
15536206
26698374
40418379
56696221
43531884
28925382
16876717
7385889
452898
-3922256
-5739573
-4999053
-1700696
4155498
12569529
23541397
37071102
53158644
39804007
25007205
12768240
3087112
-4036179
-8601633
-10609250
-10059030
-6950973
-1285079
6938652
17720220
31059625
46956867
35411931
20424829
7995564
-1875864
-9189455
-13945209
-16143126
-15783206
-12865449
-7389855
643576
11234844
24383949
40090891
28355655
13178253
558688
-9503040
-17006931
-21952985
-24341202
-24171582
-21444125
-16158831
-8315700
2085268
15044073
30560715
20635180
5267478
-7542387
-17794415
-25488606
-30624960
-33203477
-33224157
-30687000
-25592006
-17939175
-7728507
5039998
20366340
10250505
-5307497
-18307662
-28749990
-36634481
-41961135
-44729952
-44940932
-42594075
-37689381
-30226850
-20206482
-7628277
7507765
-798369
-16546671
-29737136
-40369764
-48444555
-53961509
-56920626
-57321906
-55165349
-50450955
-43178724
-33348656
-20960751
-4015008
-10511441
-24450042
-35830806
-44653733
-50918823
-54626076
-55775492
-54367071
-50400813
-43876718
-34794786
-23155017
-8957411
7798032
3111300
-11017601
-22588665
-31601892
-38057282
-41954835
-43294551
-42076430
-38300472
-31966677
-23075045
-11625576
10323797
-4034633
-15542223
-24198973
-30004883
-32959953
-33064183
-30317573
-24720123
-16271833
-4972703
9177267
26178077
24029716
8732187
-3714502
-13310351
-20055360
-23949529
-24992858
-23185347
-18526996
-11017805
-657774
12553097
28614808
37527354
21290726
7904938
-2630010
-10314118
-15147386
-17129814
-16261402
-12542150
-5972058
3448874
15720646
30843258
48816710
31640983
17316096
5842049
-2781158
-8553525
-11475052
-11545739
-8765586
-3134593
5347240
16679913
30863426
47897779
41782959
26518973
14105827
4543521
-2167945
-6028571
-7038357
-5197303
-505409
7037325
17430899
30675313
46770567
51716654
35513569
22161324
11659919
4009354
-790371
-2739256
-1837301
1915494
8519129
17973604
30278919
45435074
59442067
42299883
28008539
16568035
7978371
2239547
-648437
-685581
2128115
7792651
16308027
27674243
41891299
58959195
48877916
33647473
21267870
11739107
5061184
1234101
257858
2132455
6857892
14434169
24861286
38139243
54268040
53247667
37078125
23759423
13291561
5674539
908357
-1006985
-71487
3714851
10352029
19840047
32178905
47368603
57409137
40300496
26042695
14635734
6079613
374332
-2480109
-2483710
363529
6061608
14610527
26010286
40260885
57362324
41314585
26117685
13771625
4276405
-2367975
-6161515
-7104215
-5196075
-437095
7172725
17633385
30944885
47107225
42120393
25984394
12699235
2264916
-5318563
-10051202
-11933001
-10963960
-7144079
-473358
9048203
21420604
36643845
42717920
25642822
11418564
45146
-8477432
-14149170
-16970068
-16940126
-14059344
-8327722
254740
11688042
25972184
41107165
23092968
7929611
-4382906
-13844583
-20455420
-24215417
-25124574
-23182891
-18390368
-10747005
-252802
13092241
29288124
20334833
4232377
-9019239
-19420015
-26969951
-31669047
-33517303
-32514719
-28661295
-21957031
-12401927
4017
15260801
15368416
-1673139
-15863854
-27203729
-35692764
-41330959
-44118314
-44054829
-41140504
-35375339
-26759334
-15292489
-974804
10193718
-7786936
-22916750
-35195724
-44623858
-51201152
-54927606
-55803220
-53827994
-49001928
-41325022
-30797276
-17418690
-1189264
-14109014
-28177926
-39395998
-47763230
-53279622
-55945174
-55759886
-52723758
-46836790
-38098982
-26510334
-12070846
5219482
3360639
-11647372
-23804543
-33110874
-39566365
-43171016
-43924827
-41827798
-36879929
-29081220
-18431671
-4931282
11419947
18622010
2674900
-10421370
-20666800
-28061390
-32605140
-34298050
-33140120
-29131350
-22271740
-12561290
20774765
5141031
-7333022
-16647394
-22802085
-25797095
-25632424
-22308072
-15824039
-6180325
6623070
22586146
39708902
21991320
7433419
-3964801
-12203340
-17282198
-19201375
-17960871
-13560686
-6000820
4718727
18597955
35636864
39835446
23193697
9711629
-610758
-7773464
-11776489
-12619833
-10303496
-4827478
3808221
15603601
30558662
48673404
37947811
22381895
9975660
729106
-5357767
-8284959
-8052470
-4660300
1891551
11603083
24474296
40505190
53695762
36045998
21555915
10225513
2054792
-2956248
-4807607
-3499285
968718
8596402
19383767
33330813
50437540
50703938
34130007
20715757
10461188
3366300
-568907
-1344433
1039722
6583558
15287075
27150273
42173152
60355712
45697935
30199837
17861420
8682684
2663629
-195745
104562
3564550
10184219
19963569
32902600
49001312
58259700
40677754
26255489
14992905
6890002
1946780
163239
1539379
6075200
13770702
24625885
38640749
55815294
50149507
33643394
20296962
10110211
3083141
-784248
-1491956
960017
6571671
15343006
27274022
42364719
60615097
42025136
26594856
14324257
5213339
-737898
-3529454
-3161329
366477
7053964
16901132
29907981
46074511
49400714
31886586
17532139
6337373
-1697712
-6573116
-8288839
-6844881
-2241242
5522078
16445079
30527761
47770124
38172153
21733858
8455244
-1663689
-8622941
-12422512
-13062402
-10542611
-4863139
3976014
15974848
31133363
45451557
26929414
11566952
-635829
-9678929
-15562348
-18286086
-17850143
-14254519
-7499214
2415772
15490439
31724787
31118806
13672496
-614133
-11741081
-19708348
-24515934
-26163839
-24652063
-19980606
-12149468
-1158649
12991851
30302032
16771877
401400
-12809396
-22860511
-29751945
-33483698
-34055770
-31468161
-25720871
-16813900
-4747248
10479085
18865094
410769
-14883875
-27018838
-35994120
-41809721
-44465641
-43961880
-40298438
-33475315
-23492511
-10350026
5952140
1413975
-15964517
-30183328
-41242458
-49141907
-53881675
-55461762
-53882168
-49142893
-41243937
-30185300
-15966982
1411017
-18051323
-32353981
-43496958
-51480254
-56303869
-57967803
-56472056
-51816628
-44001519
-33026729
-18892258
-1598106
4855720
-11530786
-24757611
-34824755
-41732218
-45480000
-46068101
-43496521
-37765260
-28874318
-16823695
-1613391
-5842511
-18942510
-28558149
-34689428
-37336347
-36498906
-32177105
-24370944
-13080423
1694458
19953699
19697289
2925229
-10362471
-20165811
-26484791
-29319411
-28669671
-24535571
-16917111
-5814291
8772889
26844429
28400319
11440558
-2034843
-12025884
-18532565
-21554886
-21092847
-17146448
-9715689
1199430
15598909
33482748
34850937
17703475
4040373
-6138369
-12832751
-16042773
-15768435
-12009737
-4766679
5960739
20172517
37868655
41049144
23713981
9863178
-503265
-7385348
-10783071
-10696434
-7125437
-70080
10469637
24493714
42002151
46994940
29472076
15433572
4879428
-2190356
-5775780
-5876844
-2493548
4374108
14726124
28562500
45883236
50688324
32977759
18751554
8009709
752224
-3020901
-3309666
-114071
6565884
16730199
30378874
47511909
54129297
36231031
21817125
10887579
3442393
-518433
-994899
2012995
8505249
18481863
31942837
48888171
55317858
37231891
22630284
11513037
3880150
-268377
-932544
1887649
8192202
17981115
31254388
48012021
56254008
37980340
23191032
11886084
4065496
-270732
-1122600
1509892
7626744
17227956
30313528
46883460
54937746
36476377
21499368
10006719
1998430
-2525499
-3565068
-1120277
4808874
14222385
27120256
43502487
53369073
34720003
19555293
7874943
-321047
-5032677
-6259947
-4002857
1738593
10964403
23674573
39869103
51547989
32711218
17358807
5490756
-2892935
-7792266
-9207237
-7137848
-1584099
7454010
19976479
35983308
47474493
28450021
12909909
854157
-7717235
-12804267
-14406939
-12525251
-7159203
1691205
14025973
29845101
43148586
23936413
8208600
-4034853
-12793946
-18068679
-19859052
-18165065
-12986718
-4324011
7823056
23454483
36570267
17170393
1254879
-11176275
-20123069
-25585503
-27563577
-26057291
-21066645
-12591639
-632273
14811453
29739537
10151962
-5951253
-18570108
-27704603
-33354738
-35520513
-34201928
-29398983
-21111678
-9340013
5916012
20656395
881119
-15409797
-28216353
-37538549
-43376385
-45729861
-44598977
-39983733
-31884129
-20300165
-5231841
11320842
-9303335
-26256726
-39385240
-48688877
-54167637
-55821520
-53650526
-47654655
-37833907
-24188282
-6717780
-11422414
-30302180
-43357068
-52587079
-57992213
-59572470
-57327850
-51258353
-41363979
-27644728
-10100600
7268403
-11537737
-26519000
-37675386
-45006895
-48513527
-48195282
-44052160
-36084161
-24291285
-8673532
10769098
6036591
-10871047
-23953808
-33211692
-38644699
-40252829
-38036082
-31994458
-22127957
-8436579
9079676
24420805
5586792
-9422344
-20606603
-27965985
-31500490
-31210118
-27094869
-19154743
-7389740
8200140
27614897
22854517
5919006
-7191628
-16477385
-21938265
-23574268
-21385394
-15371643
-5533015
8130490
25618872
38932127
20070241
5033232
-6178900
-13566155
-17128533
-16866034
-12778658
-4866405
6870725
22432732
41819616
35031362
18067978
4929471
-4384159
-9872912
-11536788
-9375787
-3389909
6420846
20056478
37516987
48802368
29912609
14847727
3607722
-3807406
-7397657
-7163031
-3103528
4780852
16490109
32024243
51383254
42567126
25575869
12409489
3067986
-2448640
-4140389
-2007261
3950744
13733626
27341385
44774021
54031528
35113896
20021141
8753263
1310262
-2307862
-2101109
1930521
9787028
21468412
36974673
56305811
45461809
28442679
15248426
5879050
334551
-1385071
720184
6650316
16405325
29985211
47389974
56619608
37674103
22553475
11257724
3786850
140853
319733
4323490
12152124
23805635
39284023
58587288
45715412
28668409
15446283
6049034
476662
-1270833
806549
6708808
16435944
29987957
47364847
54566607
35593229
20444728
9121104
1622357
-2051513
-1900506
2075378
9876139
21501777
36952292
56227684
41327934
24253058
11003059
1577937
-4022308
-5797676
-3748167
2126219
11825482
25349622
42698639
47872525
28871274
13694900
2343403
-5183217
-8884960
-8761826
-4813815
2959073
14556838
29979480
49226999
32299375
15196626
1918754
21487150
5966753
-5372412
-12530345
-15507046
-14302515
-8916752
650243
14398470
32327929
34438610
14730510
-796358
-12141994
-19306398
-22289570
-21091510
-15712218
-6151694
7590062
25513050
27617260
7902689
-7630650
-18982757
-26153632
-29143275
-27951686
-22578865
-13024812
710473
18626990
18724728
-996314
-16536124
-27894702
-35072048
-38068162
-36883044
-31516694
-21969112
-8240298
9669748
9761015
-9966498
-25512779
-36877828
-44061645
-47064230
-45885583
-40525704
-30984593
-17262250
641325
726121
-19007863
-34560615
-45932135
-53122423
-56131479
-54959303
-49605895
-40071255
-26355383
-8458279
-10379955
-30120410
-45679633
-55057623
-60254381
-61269907
-58104201
-50757263
-39229093
-23519691
-3629057
-3557203
-21304128
-34869821
-44254282
-49457511
-50479508
-47320273
-39979806
-28458107
-12755176
7128987
5194369
-12559027
-26131191
-35522123
-40731823
-41760291
-38607527
-31273531
-19758303
-4061843
15815849
13874760
-3885107
-17463742
-26861145
-32077316
-33112255
-29965962
-22638437
-11129680
4560309
24431530
20483969
2717631
-10867475
-20271349
-25493991
-26535401
-23395579
-16074525
-4572239
11111279
30976029
27021997
9249188
-4342389
-13752734
-18981847
-20029728
-16896377
-9581794
1914021
17591068
37449347
33488844
15709564
2111516
-7305300
-12540884
-13595236
-10468356
-3160244
8329100
23999676
43851484
37884509
20098758
6494239
-2929048
-8171103
-9231926
-6111517
1190124
12672997
28337102
48182439
42208993
24416771
10805781
1376023
-3872503
-4939797
-1825859
5469311
16945713
32603347
52442213
44462295
26663602
13046141
3609912
-1645085
-2718850
388617
7677316
19147247
34798410
54630805
46644416
28839252
15215320
5772620
511152
-569084
36650994
20568003
9038437
2062296
-360420
1770289
8454423
19691982
35482966
55827375
46725192
28176427
14181087
4739172
-149318
-484383
3733977
12505762
25830972
43709607
58141663
37127124
20666010
8758321
1404057
-1396782
355804
6661815
17521251
32934112
52900398
45420093
26493205
12119742
2299704
-2966909
-3680097
160140
8553802
21500889
39001401
55055335
33662673
16823436
4537624
-3194763
-6373725
-4999262
928626
11409939
26444677
46032840
42174414
22869403
8117817
-2080344
-7725080
-8816391
-5354277
2661262
15230226
32352615
50028427
28257642
11040282
-1623653
-9734163
-13291248
-12294908
-6745143
3358047
18014662
37224702
34988154
15305020
175311
-10400973
-16423832
-17893266
-14809275
-7171859
5018982
21763248
41060938
18912030
1316547
-11725511
-20214144
-24149352
-23531135
-18359493
-8634426
5644066
24475983
23861313
3800056
-11707776
-22662183
-29063165
-30910722
-28204854
-20945561
-9132843
7233300
28152868
5625837
-12347769
-25767950
-34634706
-38948037
-38707943
-33914424
-24567480
-10667111
7786683
8793891
-11645489
-27531444
-38863974
-45643079
-47868759
-45541014
-38659844
-27225249
-11237229
9304216
-9600936
-27952665
-41750969
-50995848
-55687302
-55825331
-51409935
-42441114
-28918868
-10843197
-8214111
-29031614
-45295692
-55006344
-60163571
-60767373
-56817750
-48314702
-35258229
-17648331
4514992
-10768281
-27498132
-39674558
-47297559
-50367135
-48883286
-42846012
-32255313
-17111189
2586360
8837325
-10358300
-25000500
-35089275
-40624625
-41606550
-38035050
-29910125
-17231775
12611891
-6528179
-20726793
-29983951
-34299653
-33673899
-28106689
-17598023
-2147901
18243677
21576700
1851165
-12932914
-22775537
-27676704
-27636415
-22654670
-12731469
2133188
21939301
30686862
10375862
-4993682
-15421770
-20908402
-21453578
-17057298
-7719562
6559630
25780278
37942376
17045911
1090902
-9922651
-15994748
-17125389
-13314574
-4562303
9131424
27766607
45343243
23861313
7320839
-4278179
-10935741
-12651847
-9426497
-1259691
11848571
29898289
52889463
30822068
13696129
1511646
-5731381
-8032952
-5393067
2188274
14711071
32175324
54581033
35928175
18216771
5446823
-2381669
-5268705
-3214285
3781591
15718923
32597711
54417955
41179635
22882766
9527353
1113396
-2359105
-890150
5520261
16872128
33165451
54400230
44576447
25694113
11753235
2753813
-1304153
-420663
5404283
16170685
31878543
52527857
48118612
28650813
14124470
4539583
-103848
194177
5433658
15614595
30736988
50800837
49806129
29752865
14641057
4470705
-758191
-1045631
3608385
13203857
27740785
47219169
51638999
31000270
15302997
4547180
-1267181
-2140086
1928465
10938472
24889935
43782854
53617222
32393028
16110290
4769008
-1630818
-3089188
393898
8818440
22184438
40491892
53740797
31931138
15062935
3136188
-3849103
-5892938
-2995317
4843760
17624293
35346282
54009725
31614601
14160933
1648721
-5922035
-8551335
-6239179
1014433
13209501
30346025
52424005
29443416
11404283
35361442
15131711
247305
-9291776
-13485532
-12333963
-5837069
6005150
23192694
45725563
23603732
4827225
-8603957
-16689814
-19430346
-16825553
-8875435
4420008
23060776
35046863
12378255
-4945028
-16922986
-23555619
-24842927
-20784910
-11381568
3367099
23461091
20900394
-314990
-16185049
-26709783
-31889192
-31723276
-26212035
-15355469
846422
22393638
7286158
-12476002
-26892837
-35964347
-39690532
-38071392
-31106927
-18797137
-1142022
17858416
-5795845
-24104781
-37068392
-44686678
-46959639
-43887275
-35469586
-21706572
-2598233
1855421
-20345616
-37201328
-48711715
-54876777
-55696514
-51170926
-41300013
-26083775
-5522212
-13615341
-34363154
-49765642
-59822805
-62534642
-59901154
-51922341
-38598203
-19928740
4086048
-16553864
-33848452
-45797715
-52401653
-53660266
-49573554
-40141517
-25364155
-5241468
8226538
-12960151
-28801515
-39297554
-44448268
-44253657
-38713721
-27828460
-11597874
9978037
8899259
-10834206
-25222346
-34265161
-37962651
-36314816
-29321656
-16983171
700639
23729774
10104213
-8176028
-21110944
-28700535
-30944801
-27843742
-19397358
-5605649
13531385
34013742
11841400
-4985617
-16467309
-22603676
-23394718
-18840435
-8940827
6304106
26894364
32829937
12110819
-3262974
-13291442
-17974585
-17312403
-11304896
47936
16746093
38789575
32178365
12912471
-1008098
-9583342
-12813261
-10697855
-3237124
23521374
6712306
-4331730
-9610734
-9124706
-2873646
9142446
26923570
50469726
33780891
14857084
1698309
-5695434
-7324145
-3187824
6713529
22379914
43811331
45007767
23969221
8695707
-812775
-4556225
-2534643
5251971
18803617
38120295
55202001
32048716
14660463
3037242
-2820947
-2914104
2757771
14194678
31396617
54363588
41095570
21592578
7854618
-118310
-2326206
1230930
10553098
25640298
46492530
51109783
29492052
13639353
3551686
-770949
671448
7878877
20851338
39588831
60091354
36358884
18391446
6189040
-248334
-920676
4172014
15029736
31652490
54040276
44193075
24110898
9793753
1241640
-1545441
1432510
10175493
24683508
44956555
50994624
28797708
12365824
1698972
-3202848
-2339636
4288608
16681884
34840192
58763532
34451877
15905254
3123663
-3892896
-5144423
-630918
9647619
25691188
47499789
39073404
18412042
3515712
-5615586
-8981852
-6583086
1580712
15509542
35203404
44662290
21886189
4875120
-6370917
-11851922
-11567895
-5518836
6295255
23874378
47218533
26327695
7201887
-6158889
-13754633
-15585345
-11651025
-1951673
13512711
34742127
29736559
8496012
-6979503
-16689986
-20635437
-18815856
-11231243
2118402
21233079
34112782
10757496
16489823
-3444089
-17177424
-24710182
-26042363
-21173967
-10104994
7164556
30634683
10305362
-9823385
-23751555
-31479148
-33006164
-28332603
-17458465
-383750
22891542
4367387
-15956195
-30079200
-38001628
-39723479
-35244753
-24565450
-7685570
15394887
-3324103
-23842520
-38160360
-46277623
-48194309
-43910418
-33425950
-16740905
6144717
-10769107
-31482359
-45995034
-54307132
-56418653
-52329597
-42039964
-25549754
-2858967
-17967625
-38875712
-53583222
-62090155
-62396510
-56502288
-44407489
-26112113
-1616160
-14919652
-34022573
-46924917
-53626684
-54127874
-48428487
-36528523
-18427982
5873136
-5625190
-24922946
-38020125
-44916727
-45612752
-40108200
-28403071
-10497365
13608918
1915757
-17576834
-30868848
-37960285
-38851145
-33541428
-22031134
-4320263
19591185
9703190
-9984236
-23471085
-30757357
-31843052
-26728170
-15412711
2103325
25819938
15737108
-4145153
-17826837
-25307944
-26588474
-21668427
-10547803
6773398
30295176
22017512
1940416
-11936103
-19612045
-21087410
-16362198
-5436409
11689957
35016900
28544402
8272471
-5798883
-13669660
-15339860
-10809483
-78529
16853002
39985110
33317777
12851011
-1415178
-9480790
-11345825
-7010283
33972453
13570975
-178543
-7276101
-7721699
-1515337
11342985
30853267
55015508
29829681
11295814
-586093
-5816040
-4394027
3679946
18405879
39783772
49813616
26495400
9829144
-185152
-3547488
-257864
9683720
26277264
49522768
43420214
21969609
7170964
-975721
-2470446
2686789
14495984
32957139
58070254
37835303
18252309
5321275
-957799
-584913
6439933
20116739
40445505
57426226
33058883
15343500
4280077
-131386
2109111
11001568
26545985
48742362
49590685
27090953
11243181
2047369
-496483
3611625
14371693
31783721
55847709
42563635
21931514
7951353
623152
-53089
5922630
18550309
37829948
59761545
34345075
15580565
3468015
-1992575
-801205
7042125
21537415
42684665
50483865
26935006
10038107
-206832
-3799811
-740830
8970111
25333012
48347873
40014675
18333427
3304139
-5073189
-6798557
-1871965
9706587
27937099
52819571
30353976
10540339
-2621338
-9131055
-8988812
-2194609
11251554
31349677
46099754
21501768
3555742
-7738324
-12380430
-10370576
-1708762
13605012
35570746
34188425
11458050
27000469
5564763
-8751762
-15949106
-16027269
-8986251
5173948
26453328
32851878
8369590
-8993517
-19237443
-22362188
-18367752
-7254135
10978663
36330642
12801774
-7607915
-20898423
-27069750
-26121896
-18054861
-2868645
19436752
16861314
-6594957
-22932047
-32149956
-34248684
-29228231
-17088597
2170218
22548211
-3954642
-23338314
-35602805
-40748115
-38774244
-29681192
-13468959
9862455
313030
-22117224
-37428297
-45620189
-46692900
-40646430
-27480779
-7195947
4208058
-21268778
-39626433
-50864907
-54984200
-51984312
-41865243
-24626993
-269562
-18792975
-40197212
-54482268
-61648143
-61694837
-52622349
-36430680
-13119830
-8689812
-31140630
-46472267
-54684723
-55777998
-49752092
-36607005
-16342737
11040712
-14456688
-32834907
-44093945
-48233802
-45254478
-35155973
-17938287
6398580
1854610
-19570191
-33875811
-41062250
-41129508
-34077585
-19906481
1383804
19793265
-4678118
-22030320
-32263341
-35377181
-31371840
-20247318
-2003615
23359269
11841312
-8557472
-21837075
-27997497
-27038738
-18960798
-3763677
5284759
-11898789
-21480097
-23459165
-17835993
-4610581
16217071
38646960
12679061
-5686598
-16450017
-19611196
-15170135
-3126834
16518707
43766488
20616480
1068710
-10876820
-15220110
-11961160
-1099970
17363460
43429130
27097015
6367134
-6760507
-12285908
-10209069
-529990
16751329
41634888
34120667
12208675
-2101077
-8808589
-7913861
583107
16682315
40383763
41687436
18593333
3101470
-4788153
-5075536
2239321
17156418
39675755
47797321
23521107
6847133
-2224601
-3694095
2438651
16173637
37510863
54450323
28991998
11135913
882068
-1769537
3181098
15733973
35889088
59646441
33006005
13967809
2531853
-1301863
2466661
13837425
32810429
59385673
37563129
17342822
4724755
-291072
2295341
12483994
30274887
55668020
40663369
19260951
5460773
-737165
667137
9673679
26282461
50493483
44306726
21722197
6739908
-640141
-417950
7406481
22833152
45862063
48493200
24726560
8562160
49917959
25159089
8501356
-55240
-510699
7134979
22881794
46729746
44678818
20729012
4880343
-2867189
-2513584
5941158
22497037
47154053
39912186
16771444
1731839
-5206629
-4043960
5219846
22584789
48050869
33618062
11286384
-2944157
-9073561
-7101828
2971042
21145049
47420193
27796447
6273833
-7147644
-12467984
-9687187
1194747
20177818
47262026
22447341
1733791
-10878622
-15389898
-11800037
-109039
19683096
43576366
15570743
-4333743
-16137092
-19839304
-15440379
-2940317
17660882
36363213
9166654
-9928768
-20923053
-23816201
-18608212
-5299086
16111177
27622568
1235073
-17051285
-27236506
-29320590
-23303537
-9185347
13033980
19354432
-6223999
-23701293
-33077450
-34352470
-27526353
-12599099
10429292
9558804
-15210563
-31878793
-40445886
-40911842
-33276661
-17540343
6297112
235685
-23724618
-39583784
-47341813
-46998705
-38554460
-22009078
2637441
-8511371
-32047554
-46967865
-53272304
-50960871
-40033566
-20490389
3668658
-25556454
-46165694
-58159062
-61536558
-56298182
-40443933
-15973812
-8887832
-33186000
-48868296
-55934720
-54385272
-44219952
-25438760
1958304
-12028785
-33400010
-46155363
-50294844
-45818453
-32726190
-11018055
13305949
-13754205
-32198487
-42026897
-43239435
-35836101
-19816895
4818183
10069119
-14064092
-29581431
-36482898
-34768493
-24438216
-5492067
22069954
6247821
-14958447
-27548843
-31523367
-26882019
-13624799
8248293
30737253
3842056
-14437269
-24100722
-25148303
-17580012
-1395849
23404186
24820077
851823
-14500559
-21237069
-19357707
-8862473
10248633
37975611
20318434
-722877
-13148316
-16957883
-12151578
1270599
23308648
41962563
15232323
-2882045
-12380541
-13263165
-5529917
10819203
35784195
35365042
11561745
-3625680
-10197233
-8152914
37257893
13388767
-1333914
-6910150
-3339941
9376713
31239812
52249351
24405306
5707706
-3843449
-4248159
4493576
22381756
49416381
37597427
14924908
1398834
-2980795
1786021
15699282
38758988
50965129
24317691
6816698
-1537850
-745953
9192389
28277176
56508408
35886056
14410144
2080677
-1102345
4861078
19970946
44227259
49630003
24179172
7874786
716845
2705349
13840298
34121692
63549531
34123781
13844476
2711616
725201
7885231
24191706
49644626
46243972
21989748
6881969
920635
4105746
16437302
37915303
58539744
30310601
11227903
1291650
501842
8858479
26361561
53011088
40807036
17749419
3838247
-926480
3455238
16983401
39658009
51479052
24446516
6560425
-2179221
-1772422
7780822
26480511
54326645
33319195
11458185
43278042
17891629
2198072
-3802629
-110474
13274537
36352404
47123116
19586660
1743060
-6407684
-4865572
6369396
27297220
51917897
22231398
2237755
-8063032
-8670963
413962
19191743
47662380
23825842
1682156
-10768674
-13526648
-6591766
10035972
36356566
26369993
2076264
-12524609
-17432626
-12647787
1829908
26000459
29863851
3420079
-13330837
-20388897
-17754101
-5426449
16594059
32307415
3713600
-15187359
-24395462
-23910709
-13733100
6137365
35700686
4956828
-16094174
-27452320
-29117610
-21090044
-3369622
24043656
5149762
-18051283
-31559472
-35374805
-29497282
-13926903
11336332
6292403
-19058685
-34716917
-40682293
-36954813
-23534477
-421285
6384750
-21116381
-38924656
-47040075
-45462638
-34192345
-13229196
7426804
-21343224
-41381151
-51163973
-50691690
-39964302
-18981809
2255784
-28251549
-48503777
-58500900
-58242918
-47729831
-26961639
-1938345
-30659978
-49126506
-57337929
-55294247
-42995460
-20441568
4367425
-24568509
-43249338
-51675062
-49845681
-37761195
-15421604
11173089
-17977146
-36872276
-45512301
-43897221
-32027036
-9901746
18478647
-10885889
-29995320
-38849646
-37448867
-25792983
-3881994
24284098
-5294739
-24618471
-33687098
-32500620
-21059037
637651
30589443
796305
-18741728
-28024656
-27052479
-15825197
5657190
35394681
5387242
-14365092
-23862321
-23104445
-12091464
9176622
40699813
10478073
-9488562
-19200092
-18656517
-7857837
13195948
44504838
14068797
-6112139
-16037970
-15708696
-5124317
15903804
-3698923
-12468458
-10404801
2492048
26222089
42785313
14181701
-3588719
-10525947
-6629983
8099173
33661521
40057046
13285741
-2652372
-7757293
-2029022
14532441
41927096
36154921
11215923
-2889883
-6162497
1398081
19791851
49018813
33078939
9972248
-2301251
-3741558
5651327
25877404
56936673
30829100
9554716
-886476
-494476
10730716
32789100
57680672
27405403
7963326
-645559
1578748
14636247
38526938
53250811
24807849
7198079
421501
4478115
19367921
45090919
47647092
21036437
5258974
314703
6203624
22925737
50481042
42869516
18091168
4146012
1034048
8755276
27309696
56697308
36918082
13972041
1859192
34371580
12610127
2275791
3368572
15888470
39835485
53209606
24010817
6239145
-105410
4977152
21486831
49423627
40787516
15578508
1796617
-558157
8514186
29013646
60940223
28293879
7074652
-2717458
-1082451
11979673
36468914
46385259
17728696
499250
-5303079
321709
17373614
45852636
33758749
9091967
-4147698
-5960246
3654323
24696009
53164810
21060692
383691
-8866193
-6688960
6915390
31946857
38405426
10291089
-6396131
-11656234
-5489220
12104911
41126159
23574495
-550061
-13247500
-14517822
-4361027
17222885
42233910
10672018
-9462757
-18170415
-15450956
-1304380
24269313
25270105
26794602
-1473108
-17703938
-21897888
-14054958
5824852
37741542
5695074
-16314515
-26287224
-24223053
-10122002
16015929
16190721
-11597627
-27349095
-31063683
-22741391
-2382219
28013832
-5553275
-27083502
-36576849
-34033316
-19452903
7164390
3818542
-23490444
-38762550
-41997776
-33196122
-12357588
16517824
-16569921
-37620786
-46634771
-43611876
-28552101
-1455446
-8321934
-35151558
-49944302
-52700166
-43419150
-22101254
3253518
-29354865
-49926368
-58460991
-54958734
-39419597
-11843580
-22230708
-46580969
-58894350
-59170851
-47410472
-23613213
220920
-29908100
-48000240
-54055500
-48073880
-30055380
250004
-28342730
-44272983
-47540755
-38146046
-16088856
16630814
-15987074
-35942481
-43235407
-37865852
-19833816
10860701
-1782329
-25762890
-37080970
-35736569
-21729687
4939676
12271504
-15734211
-31077445
-33758198
-23776470
-1132261
28174426
-3856443
-23224831
-29930738
-23974164
-5355109
25926427
9870414
-13523128
-24254189
-22322769
-7728868
19527514
23446359
-3972337
-18728552
-20822286
-10253539
12977689
38871393
7427543
-11353826
-17472714
-10929121
8276953
40145508
18676511
-4130012
-14274054
-11755615
3425305
31268706
31774568
4942891
-9226305
-10733020
39637594
10311554
-5710566
-8428766
2156954
26046594
47240146
15737585
-2461056
-7355777
1053422
22766541
55783579
22104497
1729335
-5341907
890771
20427369
53267887
27412289
4860606
-4387157
-331000
17029077
47693074
33660962
8932758
-2491526
-611890
14571666
43059142
40850516
13945791
344986
48101
13055136
39366091
46980950
17899704
2122378
-351028
10479486
34613920
54052265
22794498
4840651
190724
8844717
30802630
60064460
26630172
6499804
-326644
6150828
25932220
59017532
31406727
9099838
96869
21964044
4583017
1163187
11704554
36207118
52670868
21095784
3481897
-170793
10137714
34407418
52638309
20830365
2983618
-901932
9173715
33210559
51208590
19167786
1088179
-3030231
6812556
30616540
50381712
18108048
-204419
-4555689
5054238
28625362
50157675
17651151
-894176
-5478306
3898761
27237025
48536478
15797094
-2981093
-7798083
1346124
24451528
47518122
14545878
-4465169
-9515019
-603672
22268872
45102606
11897502
-7346405
-12629115
-3950628
18689056
43289931
9851967
16896829
-6269826
-14802169
-8700200
12036081
45406673
9411535
-11949291
-18675805
-10768007
11774103
36950519
2761210
-16793787
-21714472
-12000845
12347094
27329333
-5054147
-22803315
-25918171
-14398715
11755053
18543116
-12034535
-27977874
-29286901
-15961616
11997981
10591868
-18179954
-32317464
-31820662
-16689548
13075878
1475588
-25490405
-37822086
-35519455
-18582512
12988743
-6805723
-31965887
-42491739
-38383279
-19640507
13736577
-16252066
-39606401
-48326424
-42412135
-21863534
11319378
-24565998
-46066502
-52243741
-43097715
-18628424
-4835881
-37720104
-55281062
-57518755
-44433183
-16024346
-20292268
-49236945
-60858356
-57156502
-38131383
-3782999
-26111386
-49116516
-56798381
-49156981
-26192316
6095611
-28293238
-47358822
-51101141
-39520195
-12615984
1611478
-28837825
-43963863
-43766636
-28246144
2597613
-3235391
-29745148
-40931640
-36794867
-17334829
17448474
-6444995
-29015206
-36262152
-28185833
-4786249
23936595
-10017335
-28648000
-31955400
-19939535
12396588
-15629517
-27627566
-23597559
-3539496
32546623
2660757
-19197057
-25026815
-14828517
11397837
27652234
-4065345
-19754868
-19416335
-3049746
29344899
15767569
-9781719
-19302951
-12796127
9738753
42301686
6892633
-12488364
-15841305
-3166190
25536981
30268188
1027426
-12185280
-9369930
9473476
44344938
19244418
-3828053
-10872468
-1888827
23122870
44162613
11230377
-5673803
-6549927
8602005
39781993
30990009
4226064
-6509825
-1217658
15135641
-2077868
-2542692
13741169
46773715
30554913
5084783
-3636662
4390578
29166503
50691103
16964352
-13714
-243095
16276209
49544198
31560838
6326151
-2159851
6102832
31114200
50874242
17382934
640311
646373
17401120
50904552
33156635
8157391
-93168
8404958
33651769
51647253
18391388
1884208
2125713
19115903
52854778
33342303
8578502
563386
9296955
34779209
51010135
17989713
1717976
27797302
5930582
1549014
14652598
45241334
39315195
10874188
-81667
6447630
30462079
53961671
18946377
1416235
1371245
18811407
53736721
28147148
4042719
-2576558
8289317
36640344
40476502
9797786
-3395778
895810
22672550
55934439
18681436
-1086415
-3369114
11833339
44520944
28693668
2351530
-6505456
2122710
28236028
41834483
8918058
-6513215
-4459336
15079695
52103878
16613168
28489563
298723
-9654660
-1370586
25150945
35909916
2906313
-11859833
-8388522
13320246
45266467
7450101
-12128808
-13470260
3425745
38559207
11930086
-12461586
-18615801
-6532559
23788140
18346269
-10858166
-21825144
-14554665
10953271
26698650
-7318548
-23098289
-20640573
54600
34987228
-3842733
-24435237
-26790284
-10907874
23211993
1569280
-23835987
-31003797
-19934150
9372954
6917490
-12221666
-31825149
-32423032
-14015315
23398002
-12183127
-34758659
-38328591
-22892923
11548345
-11004825
-36552406
-43094387
-30630768
838451
-10686761
-39206391
-48720421
-39228851
-10731681
-9228934
-40720613
-53206692
-46687171
-21162050
-6631344
-41095072
-56553200
-53005728
-30452656
-4893992
-42329769
-60759946
-60184523
-38603499
1983125
-36424700
-55826925
-56223550
-37614575
-4701979
-38647116
-52802672
-47168647
-21745041
1468135
-33529147
-48736848
-44154968
-19783507
8377527
-27671900
-43931746
-40402011
-17082695
14026196
-23075376
-40387367
-37909777
-15642606
20414143
-17739574
-36103710
-34678265
-13463239
27541368
-11664494
-31080775
-30707475
-10544594
29407868
-6850137
-27318563
-27997408
-8886672
30013645
-1296502
-22817073
-24548063
-6489472
-2833899
-21436772
-19450245
3125682
36291004
-1954320
-19610244
-16676768
6846108
36958377
-339998
-17048973
-13168548
11301277
36360492
9066
-15752960
-10925586
14491188
36497350
1092873
-13722204
-7947881
18415842
37368951
2911423
-10956705
-4235433
23075239
36975294
3464715
-9456464
-1788243
26469378
37316380
4752750
-7221480
40863673
6972372
-5513872
3404941
33728811
35457713
4591645
-4869366
7074680
40423783
31177911
3337076
-3098702
11870577
48244913
26024266
1208664
-2201881
15792631
55192200
21996779
206410
-178902
20840843
59265643
19095450
330314
2970235
27015213
52465238
15320278
-419625
5245529
32315740
46790991
12671264
-43406
20635421
1951761
5504653
31294097
49320078
13582573
81620
8817219
39789370
38998046
8443248
125002
14043308
50198166
28589536
3217445
81906
19182919
60520484
20094549
-94835
1952333
26236053
50756314
13513085
-1493592
5736283
35202710
38905665
6845143
-2978827
9433755
44082889
28968539
2090724
14981548
-2408154
3286029
32064097
37926027
4871811
-5098520
8015034
44212473
23493757
-2141088
-4692048
15840877
51457683
10158324
-8057150
-3188739
24763557
33799717
-80271
-10876374
1411408
36783075
19238589
-7222028
-10598760
9108393
47899429
5774298
-13266948
-9224309
17902215
30112605
27090283
-6340152
-15823531
-1359854
37050879
7408622
-16286588
-16034742
8164160
30310105
-7596936
-21556921
-11569850
22364277
8245424
-19926392
-24151152
-4428856
33240493
-9143154
-27579745
-22069280
7388241
10792793
-21855629
-30556995
-15311305
23881441
-8978805
-31892002
-30858143
-5877228
13050728
-14615774
-35380567
-31319295
-2431958
1281419
-32179170
-40813694
-24622153
16395453
-21760928
-43091248
-39595503
-11273693
-6125842
-40151958
-49352009
-33725995
6726084
-29995823
-51891670
-48961452
-21205169
-12622843
-47214486
-56980064
-41919577
-2033025
-37320458
-59781832
-57417141
-30226385
-28285398
-55552035
-57097760
-32922573
-5026485
-43409531
-56071665
-43012887
-4233197
-25732638
-49511181
-47568812
-19905531
-4521357
-39416309
-48590349
-32043477
10224307
-23787048
-44077497
-38647034
-7495659
-2623398
-34030256
-39716202
-19681236
22074640
-20448627
-37250982
-28332425
8855334
-25345186
-32914109
-13851435
29842835
-13831355
-30873948
-21284944
14935657
1787817
-24728446
-24613112
2133819
19512329
-16477604
-25835940
-8562679
35342179
-4121421
-22953427
-15153836
19277352
12340103
-15965573
-17639652
7317866
30906967
-6872379
-18020128
-2536280
-1914280
-15229236
-986072
40815212
8174565
-12907970
-6432385
27601320
21193111
-7657003
-8948997
17317129
35141357
-1476336
-10535909
7962638
52019304
7634032
-9193120
1537848
39826936
19674101
-4920630
-1957241
28564268
32643870
281560
-4522630
16845573
-3339914
4975080
41790555
25106470
-1077153
1239705
32057044
35374836
3193077
-488201
24331002
45650670
7470775
-2208639
16612428
57933973
13755942
-1921608
10901323
52224735
22048578
372892
7197687
42522963
30348682
2674860
34417169
4739962
4521435
33761588
40460395
6617847
2233979
27308791
47842266
9834377
1285168
22194639
54562781
12389551
-324999
16419131
62621941
16283370
-596521
11982268
54019737
21515834
470602
8884050
46756178
26086942
876369
13110870
161752
17645351
59561664
13910635
-1307677
13906728
59553850
15633629
-1853877
11091334
54469262
16279851
-3476849
7199168
48307902
17849302
-4176592
4230231
43069771
20341982
-3953106
2184523
38754869
21757890
29531866
-2031660
-2172594
29109064
27813282
-4059939
-4510568
26461395
26855919
-5326997
-6087321
24574947
24659776
-7832835
-8902854
21449719
23224854
-9577452
-10957166
19085712
22551153
-10560848
-12250257
17482926
20638672
9833973
-15581248
-8568164
30873225
4742870
-18959195
-10232955
30921590
504388
-21484521
-11045125
31822576
-4881474
-25157227
-13004675
31576182
-9414715
-27977312
-14111604
32182409
-13095335
-29944776
-14365912
29641255
-3774550
-30540759
-23857112
16276391
-12140301
-35107151
-24624145
19308717
-19308623
-38476114
-24193749
21538471
-27279517
-42647649
-24565925
10965647
-34052982
-45621755
-23740672
1590252
-39629018
-47398432
-21717990
-7597094
-45137901
-48191463
-16757780
-20836887
-52428780
-49533428
-12150831
-32281035
-57924014
-49079748
-5748237
-43929539
-63623604
-46830423
-1550000
-47782395
-59527545
-36785450
-7556124
-47839605
-53635841
-24944832
-28905310
-51123197
-37800612
11062445
-34534091
-48590157
-27105751
3919114
-37515603
-43409848
-13763621
-6576951
-39849847
-37582271
225777
-14425747
-39536822
-29107425
16862444
-19627274
-36576528
-17985310
-12971657
-33285823
-16990452
25914451
-20571172
-30447258
-3713807
11629157
-24418386
-23856392
13315139
-903837
-26513300
-15513226
32096385
-9684530
-24855913
-3417759
26629918
-14712922
-19446225
14835808
-17155722
-11452812
31944538
1036272
-18177567
303034
36478065
-7652523
-14088671
17169621
18122319
-13230578
-6889035
37146948
4877314
-13697892
5421342
40235005
-3256950
-9054465
11345524
-9366189
8717279
43595917
-730323
-6261382
27002740
23062005
-6083581
3566014
52010790
7250681
-6714251
18115998
35741405
-1838054
-622332
39388571
18194605
-4204200
22899846
-2488835
12034244
54469077
6815605
-926107
31243941
29325712
-680791
9224466
59041483
10770191
-1589343
25962883
35426840
802515
6089950
51289145
16400040
-577316
9905004
2527290
36193753
28904352
659097
13458019
59301114
10188318
2119699
35095257
29114952
178792
12286809
59439000
9635299
875775
33160428
30489220
862155
10690922
2769958
37041426
27505283
161542
15010233
54051347
7284829
2710743
40329089
22139818
-1857045
16338524
46726510
3306870
2079662
43044886
18202488
28526583
-1033847
12762248
51914859
4423930
289526
39511647
18090241
-3974662
17316960
37965085
-2030317
1330806
48048454
8122562
-6446814
22340335
26483975
24389949
-6006734
8133039
44809257
-1978133
-4229067
38056455
8878375
-9763266
16131549
24562789
-10469559
-965451
47075110
-4347945
-11234544
26415313
8601576
-2574232
-12148703
24009051
7898981
-16478891
4875462
23962016
-15219257
-8668305
43614872
-10369802
-18622251
18857525
69475
-22986375
-310000
16098574
-9249766
-22432140
11329318
34562
-26316393
-5723516
13813169
-25706367
-18282071
30086054
-22602063
-28346348
12853199
-15003480
-33916346
-5885380
13167711
-30879764
-26755962
25539117
-27994604
-35357049
5451783
-21568166
-40416858
-11094273
-13600451
-43935390
-26099052
-2091458
-43912644
-37562553
12958813
-38584797
-44847562
-1695767
-35129475
-51148639
-17753243
-28943334
-54718897
-31079900
-22026375
-57558337
-43675739
-12378597
-57666958
-53540759
-11159347
-56471046
-51109064
2926598
-50364138
-52981193
-4924567
-42194328
-52790420
-12712831
-33961617
-52536746
-20438194
-23666004
-50220170
-26100655
-28944762
-45135137
-9376872
-21670017
-44014553
-14410449
-12857745
-41356442
-17906499
-4507947
-39160805
-21865023
5379378
-35427641
-24286020
-14500864
-33293429
1153443
-9160297
-32234633
-2069532
-2665036
-30021143
-4137813
2984918
-28652960
-7051401
9789566
-26130083
-8810295
-15990192
-17722070
35092124
-13547688
-17641433
32810894
-10190781
-16646393
31444067
-7919472
-16736951
28991642
-4733760
-15913106
5281863
-14882286
20822110
6394998
-14163600
21146347
8324787
-12628260
22287238
9071229
-12276267
22244782
10634325
-11107620
11897248
-8287497
28734614
10963525
-7600737
31041857
10891249
-6052530
34210547
9680419
-5642877
36240683
9331036
-4371777
3855963
2727493
58160027
2153481
4707940
53823398
1499781
7737169
48535550
-105138
9815179
44296484
-661275
22044616
-216504
37453368
17054173
585942
44048703
13442389
2767047
52022697
9209263
4326810
59375349
6354796
27130320
1372163
36930823
19806243
1998449
45507472
14333244
4475813
55935199
8711322
6804254
60214000
4940478
16024665
5022766
56739347
9174327
8327779
58199705
4790028
14098831
44126093
871767
20335921
32518520
43209618
1698973
24324309
29085585
-17207
35015982
18185094
1490155
48931197
8508144
4221058
58069950
2054736
3012388
13184298
38925503
-1764038
23115741
23564795
-2416877
37170771
10327673
-946130
53349387
1214138
-1300013
13626458
29571393
-5465234
26516636
13516947
-4464281
44572988
628674
-297155
43795502
23207103
-7817222
29641965
5584599
-5989283
50920347
-5686602
2189959
28550007
-12606501
14720503
8530968
-7810060
565801
24906000
-14789503
15479359
3712530
-14089972
38071891
-11801967
-7711468
24343375
-7258216
-12040572
32638117
-19222222
378495
5440225
-22037041
21946749
-14608481
-17702674
24664176
-15569462
-17062272
20418486
-27127250
-1699401
-7298019
-27923096
24425412
-26252583
-19957001
5312139
-30653182
-11886029
-8616969
-34846009
13426903
-29798316
-26521597
1257049
-40462425
-7679947
-19394402
-38920372
17599815
-39833936
-27221533
-14563011
-45858392
-1107616
-40310763
-39467771
-7042932
-49966386
-15283640
-38994762
-47099715
-3598481
-54491133
-27777585
-39457895
-55532046
-7852972
-58803131
-30571209
-45157267
-56561282
-4783224
-57823177
-31681049
-38356896
-53850706
-12575915
-53706859
-14064003
-41647421
-42457066
-8492934
-49755080
-10243426
-37958046
-38898893
-24460365
-41451036
13939645
-42288414
-16135116
-23600519
-36684609
12612648
-39708830
-9648951
-35252125
-11306324
-17355828
-31400626
18559318
-33476079
-1506724
-19532684
-25553928
-17703822
-21194195
10959392
-29243115
16198363
-20716258
-11986914
2386375
-25596415
-3345411
-19835621
28973214
-22918989
12487864
-10806300
-10801440
14502445
-20894688
981092
-13644992
30698874
-17987386
22296319
-8450091
-2226562
12966892
-14869755
-3869061
-1339430
17846876
-12310176
48189484
-10654249
17158728
1628350
-3245356
-9343350
26061211
-175008
3948039
20430343
-6728124
50472702
-7967279
10459401
808013
33234319
-6261738
48319925
-3020792
21716202
8530850
37922887
-3678505
50532084
-1445447
24388994
10035348
7493641
28763879
-2153976
-1082375
36414366
5473104
16093894
20276712
4021551
41328448
-1802664
994163
35659063
7651899
16972721
21621508
5598252
40902989
-464345
1030661
47125839
4330714
26645363
14069736
12603856
28247726
34328181
3588463
53756139
831117
50813500
3703188
31500267
10204675
10769022
19310705
20573188
8556468
35260571
2685448
52831170
45053058
1712614
62922314
682044
44991919
3851843
29261892
9222010
4336389
29585565
9229936
17269539
17704356
8534386
27759648
13212914
12926476
20896224
5122142
31604263
342537
43337030
19029445
5964902
27033360
234778
37569212
-2963409
48637000
17129610
4377069
23650168
-1051131
32273223
-4376834
40998774
7513409
8495575
11411844
2262209
17046688
-2234748
22417940
-5162786
23309390
-4360044
15828964
-2123629
9782211
38162314
-11586231
42463848
-13687556
47959671
-14594592
42649777
-2081682
2212190
-1739378
-1936380
-378817
-5066693
32437325
-18215583
32857954
-20342167
34184160
-21563174
34415942
-18499083
12709873
-20367141
10269939
-21378950
8686254
-10896922
-10157117
-13699746
-11524804
-15632297
-12022218
-4246704
-22295525
-8607418
-23182413
-12020483
-23121652
-3965025
-28836863
-9936585
-29264232
-14819768
-28603224
-12047473
-31491635
-19112667
-30910597
-24885404
-29037102
-27068628
-28549337
-34140076
-25840836
-39651635
-21572446
-44182062
-14878457
-49602216
-8353269
-53131697
62592
-55120339
-3926486
-56661483
-17325232
-55917818
-36484522
-48195015
-47719928
-41059264
-52213035
-29181215
-57413331
1703367
-56864210
-5115948
-53051952
-32211326
-36783984
-40894810
-24543794
-45730965
-8456275
-47198546
-6930124
-42038022
-20522174
-32382625
-41181249
7626475
-42764409
11646201
-39141800
-27997323
-10252675
-35513045
10221624
-37048750
-14536298
-17219509
-26698320
1027291
-32042725
-5312004
-17550287
-20358924
262092
-27687275
-2462571
-13145569
-18157847
6500607
-25170250
-5750429
-3530215
-19382379
20693116
-23303800
-12562308
14146615
-20944110
38165595
-18524375
-17909238
43111460
-17378930
12619698
-4892725
-14426549
10966520
-847029
-7867175
6676149
7626129
-10310234
38867103
-12841944
-11455406
42364857
-8365162
10354624
23187086
2833359
-1718648
31531076
-9417525
-7729028
44172333
-3756864
10483462
15373785
16193867
-4432952
55493379
-4027240
-3247415
18099452
16398873
-2349149
-2224470
53957436
-492854
14424750
10710182
32778505
-3354210
38312105
28524469
15720677
1162845
58851010
45706767
7462389
7926799
43099995
-1018080
4202521
13326588
35638076
-863051
3660401
15271596
34564693
-460339
5075805
13191655
39499734
51099269
9208957
8037045
51583535
35662942
18340529
2278494
53476870
18454290
36271641
-92822
29360961
4604825
58323856
6434721
8937500
766507
23339156
28893195
42130207
15111744
1680036
49835107
7645260
57333392
3229408
9333390
743721
14644693
39390632
19656924
33969286
-2220552
19087464
-2053244
19386048
30991862
18176011
33951791
-3421389
14056525
-1926699
8586945
44652046
3202521
56611298
2287681
39646595
11101296
-6444284
27009875
-6638058
9903631
36192930
-2446573
43634158
4226181
16691193
25905250
-9589813
2206050
2730169
-11099274
21157614
-9022586
-5291172
43337816
-13629275
3700775
32755464
-14510906
12598101
18274650
-14233235
18977592
9614708
-14506766
21271286
5350218
-16186751
18766473
4911012
-19273190
11605695
8582174
-22910831
786746
17504040
-25389170
-11837328
33672198
-24142451
-23558229
11937464
-15749666
-30812407
4178472
4065445
-29181060
-21873298
18434383
-13390134
-35116917
-18656114
22689677
-28852911
-38363999
-9094365
4473446
-32992004
-39436801
-16727913
6012391
-35328459
-45191739
-24577076
13208601
-30797530
-48095030
-40992508
-8030736
-15361199
-46243272
-52356727
-37974491
-4051981
-25741188
-52678475
-57141210
-44215068
-17392211
-21732486
-52953979
-61973339
-56288818
-39300024
-1633415
-32417820
-46875169
-57267518
-53521219
-36239538
-18698660
-2365965
-34720152
-42298799
-50843550
-48309831
-35462255
-26290797
5627025
-11235371
-16992348
-37677664
-38356823
-42981235
-41122761
-31707428
-29566422
-8037475
-7583954
24227504
-5913396
-333530
-22514907
-16761439
-30608501
-25717006
-32759934
-29480903
-31154850
-29953690
-27598781
-28655815
-23517147
-26727614
-19955256
-24929311
-17578304
-23641018
-16671375
-22862735
-17139441
-22214350
-18507362
-20935639
-19919886
-17886266
-20141649
-11545783
-17557175
-13630
-10170876
18990865
27590967
46128485
4330129
16440092
-10310112
-4653275
-12623664
-13350496
1475677
-5470339
36454227
10224871
19158375
-9185901
-7185320
-566607
-4970190
41974489
5714855
10709178
-6616430
-7710540
26036930
14818705
18992045
-5214672
-6053810
33666117
8147709
9823471
1500537
46738361
48563719
-2894773
-3255054
32772367
6511071
5812670
14475919
19169961
17225232
7121866
27954797
24425700
5578696
29159487
24278150
8135905
22498947
17067666
16503997
11109101
6500340
35814484
1546881
-296728
52619875
3790227
24082904
14893666
31238087
1363866
50472154
34710384
16416795
4588345
448065
40908050
15901810
3200640
48670847
28925320
29122964
621759
21620626
7884882
57194115
13956742
704304
26063313
8913100
51994650
20702129
-5315
8926461
44646617
18078325
60663044
20349342
619030
1048895
19310751
1154515
19635864
51561171
32934817
9856266
-1480005
-2784500
4327305
18334962
37813051
5658360
18263780
34200595
52375983
43792136
29546299
18830739
10932746
5234638
1213761
-1557511
-3411776
-4586604
-5224537
-5373089
-4984746
-3916966
-1932179
1302213
6213836
13325344
23254419
36713771
44511133
25549260
8825960
27302410
7045755
-7740468
-15630839
-15104910
-4547205
17752780
35600568
2896695
1585870
-17446633
-18647145
312520
39855575
22908869
-13574015
-23268519
-3323803
27205990
399807
-25714011
-13216382
29266182
-7134639
-28880396
-1126081
17634065
-28575113
-16612914
7654355
-29405573
-18308175
15038637
-34792784
-5641696
-13465831
-34473722
13640712
-38061639
-4501331
-29804395
-25108875
-19679930
-34734429
-14245176
-38509505
-16636057
-38144607
-26567489
-31929231
-40333380
-14731865
-50806630
-1557364
-47439131
-41144151
-16261767
-55463072
-35726454
-25128415
-58046858
-45956899
-10301613
-53052359
-61857546
-40608909
-12960143
-46069152
-58275195
-54044588
-37463535
-12238128
-19379225
-36387475
-45899626
-50196350
-51178207
-50365645
-48899000
-47538496
-46664245
-46276247
-45994390
-45058450
-42328091
-36282865
-25022212
-6265460
-10380555
-29970828
-39111215
-33905568
-10077627
-16019015
-35511231
-26949624
150118
-32058514
-22774780
-11557490
-31529769
10796448
-30188165
20749100
-28727908
13549066
-27624138
-6052254
-17849195
-23800660
4762005
-15939152
-23879982
-12249835
12251815
-8476392
-18316350
-20946890
-19789020
-17408496
-15515822
-14966250
-15759780
-17041160
-17099886
-13370202
-2431100
10378008
-9422950
-14214275
31211465
-5681988
-11197235
8339565
-12125256
9224896
-9773412
-3025995
31423615
-9787620
-5778745
8360062
25976841
41940080
-3519131
-4201729
-2808018
39843076
23781615
7206950
-4369295
-3915048
16644900
-4711475
28483904
-4142904
16608433
-2209335
-2731725
5765560
15917850
22736175
23607265
18293550
8933160
39925
-1496625
19082256
-1219295
21807989
-1507672
4035892
16031778
26212550
29731780
25164048
14504942
3171058
50088500
12439614
49369435
3516300
13583111
20970040
21020715
13735136
3769675
43704090
9146775
32858122
102980
1153112
662101
42050550
17233737
576556
10192050
19816928
20898670
12582024
1709006
20670583
41508831
49969550
41301340
20255601
1086533
8388016
9867305
3433784
29132866
731742
1895868
39975640
12002274
23548308
20233375
5145885
18031860
17805370
4466415
16186700
13747615
46310840
4556685
42251521
8669873
5714456
24984775
23985384
3571535
2857228
19024863
13803015
27360475
13104546
15122327
33304516
18182255
16497072
25122526
2570547
22838660
9993910
2241110
31715925
20399575
8248536
28722510
3997564
5714423
32347848
5888641
34883525
4889250
20551600
9388872
2188838
23725555
7136682
11275191
1141933
29173860
29490620
25388545
10529208
7108167
5137900
22117965
20643434
16683901
24606128
4043481
14745310
15732024
11796248
5708068
17090931
19916450
5898124
2917386
9227298
1474531
16329110
12936584
6278236
8850347
13316696
3983290
1585397
7455006
6658348
812496
8560505
6848404
6911756
1696263
1712101
4379240
3519230
1759615
1775453
891686
